,Cov_0,Cov_1,Cov_2,Cov_3,Cov_4,Cov_6,Cov_31,Cov_32,Cov_33,Cov_34,Cov_35,Cov_36,Cov_37,Cov_38,Cov_40,Cov_41,Cov_42,Cov_43,Cov_44,Cov_45,Cov_46,Cov_47,Cov_48,Cov_49,Cov_50,Cov_52,Cov_53,Cov_54,Cov_55,Cov_56,Cov_57,Cov_58,Cov_59,Cov_60,Cov_62,Cov_63,Cov_64,Cov_65,Cov_66,Cov_67,Cov_68,Cov_69,Cov_70,Cov_71,C_0,C_1,C_2,C_3,C_4,C_6,C_31,C_32,C_33,C_34,C_35,C_36,C_37,C_38,C_40,C_41,C_42,C_43,C_44,C_45,C_46,C_47,C_48,C_49,C_50,C_52,C_53,C_54,C_55,C_56,C_57,C_58,C_59,C_60,C_62,C_63,C_64,C_65,C_66,C_67,C_68,C_69,C_70,C_71,Mean,Std
0,834.617065710891,943.202789216024,1042.64407208511,-10.0594169076078,20.2074827233785,12.2529457664512,3.44856149442808,17.6351125461877,10.7124332894805,-0.272324191015275,-3.29857127359197,-5.14717198327572,-7.34460688468883,-11.301295154721,-14.5206530257557,-16.9296319064655,11.2463243810833,5.60078304411162,-0.668776168789664,-7.90403116931006,-14.1825019822283,-10.1603561398581,-5.80708108815793,-22.0606532332729,-13.0623067470583,-5.59632812604163,2.30060748739677,10.2320793399941,17.1025971233572,21.3787998385998,-17.2039823419004,-33.508779391308,-46.3043285306976,-59.1253399992458,-49.588547330076,-32.1851217720848,9.52816252258035,-52.7029069516422,-51.7586057556368,-40.3977968003048,-35.6647978507536,-37.81752348967,-44.0970218070455,-55.3084317131817,1.3175370579659036,-0.6042295205935092,-0.4988913290772314,0.5103391234891138,0.025523592988162994,0.2258879272832737,-0.6958557956627012,0.19683062074867222,0.24110009874768837,0.08554621148326062,-0.06295044094826406,-0.2226459136094742,-0.12968144733422948,-0.039877180645360395,-0.020927349184436398,-0.12987815281477497,-0.09054468712515293,-0.07326261723705103,-0.10575323758051869,0.020984157796527663,0.15651908766191303,0.027252379470926427,-0.033055052432484466,-0.03128766688739275,0.1071777038901331,0.2060269403013528,0.12069335800700952,0.07574573151183604,0.1198056132480616,-0.24563564149355807,0.02743127835229187,-0.13053878963620255,0.007004037557069549,0.08599627809962403,-0.060838943531908975,-0.000257498402748192,-0.00957332084358412,-0.14836706243122091,0.153817997361891,0.15436925536132953,0.06609808785718221,0.1606788665779465,-0.2782965239182818,0.044749173410396116,6.015756373256372,28.889566727642194
1,943.202789216024,1075.85877902799,1183.31431712284,-5.76807456900081,23.313168726014,13.6728943851361,1.03846444546216,17.964727013724,11.1604322562442,-1.9289171999049,-9.31591974873126,-10.9909505349002,-11.8114312435697,-15.3246429744381,-17.9094832189583,-19.5325110434672,10.5977179124097,5.39544686885178,-0.478957109531383,-7.49510235375882,-13.2978064566725,-9.56579467657465,-5.48555327267922,-26.5549145912433,-16.2544903358234,-7.29065490099527,2.0841497013156,11.8503852861911,20.2039656134447,25.6747564892054,-18.0000612810762,-37.3287864333514,-51.2804447370779,-65.2971390950097,-57.0151988018437,-40.1670535637529,8.69603257143927,-54.9178275357634,-54.5845086080924,-41.0090621171556,-35.7548827697187,-39.5603649900931,-45.6093193052118,-55.321265176584,-0.6023742544177001,1.100913242154757,-0.4935991074435916,-0.6690829916022485,0.3124862907191142,0.024098405333666067,0.6379229742483497,-0.36758767363080824,0.07294072792732241,-0.0780174000913817,0.03019843253542723,0.05918976523046305,0.09715028095159287,0.03216452918054619,0.008543912345464068,0.022447991036531896,0.09364037537594966,0.03858211455074463,-0.0006074179616519623,-0.02090828451916802,-0.05132688393455737,0.0010288354567496915,0.023808089758596513,0.211093091428082,0.11933160589593589,-0.08000571635433354,-0.0814036394656653,-0.05000263344095299,-0.13543531940838058,-0.020420257257700473,0.1467643363311445,0.12929458220226056,-0.09742208807755977,-0.044980676277399725,0.019614379533223453,0.04946117461747566,-0.005965235310488134,-0.008176042123904532,-0.011630465024211976,0.04865226304555766,-0.10754457683915777,0.055862356006778885,-0.0031240443758918397,-0.004531455073111133,6.8077633477633475,32.8001338263732
2,1042.64407208511,1183.31431712284,1311.5564432571,-9.95304638628813,29.4623710683131,20.1692695280582,4.65959307145485,22.4367670550421,15.3553146482734,0.296081287257079,-8.34755795476269,-8.8218886931933,-9.38509921498118,-14.1159763148514,-17.8911088562583,-20.6614529292907,13.0350459059026,6.6011939377097,-0.518341038974896,-8.83229440819889,-15.8572034520202,-12.353942203791,-8.53493637546917,-27.0906578623533,-16.1752357134353,-6.5407981551893,3.38112561489527,13.4020118829264,21.8084759106784,27.5216473435535,-18.8673362706733,-39.7197058402564,-55.0026492092162,-69.046483639328,-60.2584464319241,-39.9340714478598,14.1132084425133,-44.4701476251166,-44.5109513009634,-30.7690160955495,-25.9530814388813,-28.350920574949,-32.3013043961893,-42.9132047886576,-0.4911596174621728,-0.4964361025922655,0.8632483708287084,0.20711944783599082,-0.3254610235414499,-0.20233489110818462,-0.0007022217495011164,0.17065330289368688,-0.27611910999225414,0.016967059122053426,0.020638058533496432,0.13211382888535061,0.01655045980634963,0.0025440396785480243,0.005329311743178641,0.07101260622872002,-0.015068692427720921,0.02118341241663332,0.07754566864575568,0.003053403050150334,-0.07125173085054631,-0.020166300522310852,0.012694211213459575,-0.14920611670327086,-0.1892116510954311,-0.0964760986247655,-0.02347653354474651,-0.01989688348222221,0.03329524814724705,0.1848228245842732,-0.14435199460109277,-0.01686409309443372,0.09668500386388117,-0.03304194473089455,0.04772770255306776,-0.0428765814040074,-0.00414311128827115,0.12991348281663193,-0.11337274169340963,-0.1658522841488407,0.044538801824643814,-0.18938595472455552,0.23396525154441708,-0.02922921374672389,6.491436988936988,36.21527914095239
3,-10.0594169076078,-5.76807456900081,-9.95304638628813,11.9260703610337,7.693721812797,4.69328330110149,1.23443531905343,0.150009257438147,0.233419910302924,3.65115889709237,4.99285443570497,1.8288270173491,-0.72395649194116,-0.493881489167625,-0.0021175602436632,0.506877351025037,-3.53315804965881,-2.17693944067512,-0.761135762362384,0.632204926679351,2.38329255677339,1.49629509289579,0.529215840622854,-0.0599881006997132,0.297070530577973,0.78293305119664,0.924075596243968,1.15259730697015,0.44478908756582,0.775410938056277,5.60200510455354,5.80868574390808,3.14261503129531,4.15842095050494,1.19659552823585,0.989881448647593,2.60772384229813,-9.12628593225076,-7.58168287537958,-1.76118920504523,1.66403136951127,9.18453021842189,14.2453978716194,-9.67970282812962,0.5098548377309426,-0.6733742861976594,0.21006269193603663,1.2193617383180726,-0.47892548291748516,0.0144598954484931,-0.27148767319714884,0.4059513632660942,0.020499747038971415,-0.01749697517288553,-0.0348853819306816,-0.10632388528055906,0.18779531729333795,0.02737660275547052,-0.10821060005468064,-0.21200669466262823,0.23094462414527875,-0.16928190784974195,-0.014579130117434296,-0.019348357776056917,-0.023002119621425732,-0.030935293711950626,-0.0355530978797218,0.22143734876632676,-0.1341683378263809,-0.0682794548139463,-0.08471522982073217,-0.07184732964688094,0.1275511196875364,0.09172433485508882,-0.09256030911123216,-0.1728553211577561,0.21179698278887674,-0.010940819510124149,-0.0013491995656835923,-0.00315255408628959,-0.05524609315961735,-0.06966590825748568,0.007958825633716237,0.14593019429639928,0.12648128320482663,0.060107985767208945,-0.2142663382140109,0.035761519251371596,-1.4798893698893698,3.451966158732403
4,20.2074827233785,23.313168726014,29.4623710683131,7.693721812797,13.8049601233396,10.3581918208447,4.49909785508051,4.22345900865566,2.91023216606862,6.12400533821894,7.83766001688431,5.52420201962371,3.04585025691834,2.22649724015638,1.58970491359001,0.854786578318076,-1.82971611850036,-1.65319552344488,-1.38391679973419,-1.01137899393269,-0.340841258749239,-0.839273068273333,-1.47003861201455,0.0355788456825034,-0.23950281278951,-0.136889534019445,0.832361377505962,1.61871461754022,1.38487705869398,1.30314319951556,4.75363157160634,-2.58729658483533,1.54269516176146,5.90776604293782,3.23841219636995,6.7633208398919,8.86331086600377,6.01049880223516,8.25804054793397,12.9937919520241,15.6735816309115,25.5495967376844,34.858532516454,6.11904188187992,0.025567711164864504,0.31548681160244624,-0.3276924000806552,-0.478398207276518,1.131655011109597,-0.3070963674056831,-0.016773596704700286,-0.274070993022136,0.3308770826453155,-0.07721710767950103,-0.04446368753988953,-0.025156210419135693,-0.31393147746262795,-0.04246621416448788,0.029132586496015724,0.28328817089864655,-0.1021767434336396,0.0017693881373392162,0.09066956738509763,0.0392179082660625,-0.029596526017006873,-0.09362087786918077,-0.037413233604405544,-0.053473342518074125,0.15528597283894954,0.15338459757409087,0.14421522271441692,0.01026813983566485,0.04140007954792755,-0.14380250608444958,-0.02682419183171144,0.06383298590055012,-0.11246586523104542,-0.00034195584201096704,-0.09750639401172066,0.09038137801111971,0.05086829211077916,-0.11672981586326324,0.17129041053252184,-0.1856679256734226,0.18364511660985197,0.20131878304455678,-0.265844326924475,0.020032486383223514,-2.7762157287157283,3.7141567176600905
6,12.2529457664512,13.6728943851361,20.1692695280582,4.69328330110149,10.3581918208447,12.1698538763345,6.90232464181311,5.96021645968091,4.04840268247208,6.69632801997165,4.46755328994037,3.62716110699321,1.14732274083368,1.03933266593647,0.87553214815301,0.496158095783703,-1.29066696238506,-1.2874843667396,-1.57147854924956,-1.62511114439544,-1.65072275139345,-2.14031079797002,-2.73067465347411,0.607794538830709,0.530484627775055,0.970256986107144,1.81856579607726,2.05008337476109,1.52017724012294,1.20768914999937,1.5449447360698,-3.75616939593579,0.297482108884613,6.17153295046554,3.26073483436668,5.91868742677336,9.2629008837335,6.03690545143169,8.81097427565042,11.5138008520756,14.1195476734049,23.0441005266027,30.3904333368947,9.02557119269061,0.23445148610210156,0.020590388873412944,-0.20690580498891886,0.01751538567900805,-0.3113927648887086,1.1861062434247793,-0.1729567801805814,-0.3006807424779457,-0.04511103614659631,-0.15596050819695112,0.10748421664196159,-0.09030766352180242,0.03924807309768521,0.0487375398222515,0.11958912282658221,0.009680570011433496,0.12079600142439932,-0.04954047223978202,-0.16074026027507107,-0.04368845352126085,-0.029206825528016636,0.08756338365229925,0.19259484857247217,-0.2863212396248532,0.14980952196967345,0.06341051556570079,-0.02125868201632841,-0.04788714442351825,0.06561804334862918,0.04168101918904547,0.04758390810370078,-0.04610047281056565,0.35164307364093156,-0.30358778067977654,0.14568746492672457,0.06224714206290309,-0.05676245166576465,-0.2305233997529519,0.11451090684624775,0.1549497105461179,0.23336588939430156,-0.2310812237461359,-0.0669035988657356,0.023587951059841468,-1.8969865319865318,3.4870982028521156
31,3.44856149442808,1.03846444546216,4.65959307145485,1.23443531905343,4.49909785508051,6.90232464181311,7.50699505365099,5.00488469611591,3.43711689500308,5.08249668755251,3.60280244210021,2.35454422276286,-0.682415745024447,-0.442107409795478,-0.307314192844426,-0.313178688666348,0.0404696237577944,-0.473162783789453,-1.51100345305887,-2.37861293364481,-3.36808873450243,-2.3156420028427,-1.25877651155311,0.922435491266995,1.58969257421844,2.77503229454179,3.9910841882049,4.55599909730076,4.49533675731464,4.17631385966655,1.09027654848441,-3.82289701088263,-1.27551665793038,3.31708065446353,1.34288988294114,1.38411315920788,3.67512916693828,-5.04551111385413,-0.554555162273565,2.82886348642047,7.00489041086022,14.6482830325853,19.8646444026401,8.84550391693047,-0.6895146076598638,0.6415906725834721,-0.0014578762604631785,-0.2683068144587276,-0.017558391559515437,-0.17243618822387066,1.6711771222506233,-0.3115633509741405,-0.2021544554750005,-0.06979298342019279,0.21696994384360327,-0.20984078605065887,0.26645322552659606,0.06725493301277612,-0.005190409141893932,-0.15997637758744296,0.21152532371708546,0.009011674301978084,-0.032209189328913895,-0.0323184083365466,-0.005204337100743901,0.049670387166594276,0.1682035651707343,0.22904403766593218,0.013577373414256026,-0.09127986561843247,-0.3758663021962984,-0.18972938061723515,-0.016079388715392537,-0.0208513577995243,0.11955613722519463,-0.0013383748447699086,0.43753306713783646,-0.3888189728867329,0.1624331544657265,0.1232511024592092,-0.1797991798881814,0.007902731859311285,-0.05042861793030377,0.07660203014071176,0.0022261645666219443,-0.02718624445323752,-0.010196085169624693,-0.006460599409695416,0.11660774410774413,2.7380641069286495
32,17.6351125461877,17.964727013724,22.4367670550421,0.150009257438147,4.22345900865566,5.96021645968091,5.00488469611591,8.93637043369959,6.68192122959393,8.68783469122517,13.9676678623701,9.27721047717774,3.0044133458591,2.16071327999586,0.912244390399138,-0.661868766712489,-0.677063532320013,-1.41404126124734,-2.73408716638209,-3.66945952741794,-5.09695838169532,-3.4167506152308,-1.78773811017089,0.353212534622331,1.4663857923583,1.91846292462973,2.46523031178697,2.37762262131066,1.9857817987626,1.34366899552855,-2.20720314214771,-9.15822087098775,-10.6051522860523,-11.6091617416665,-2.18503928594932,2.39271342400296,2.87194098135573,-3.14986156078118,3.98613698212058,5.16640266518587,9.74002236080378,16.6719891341126,22.159753717012,12.2094512398466,0.1988701503265727,-0.37165797429170533,0.17116390408698745,0.40109958952874253,-0.2714250540980264,-0.30055312898044195,-0.3125115984055999,1.4572798262849027,-0.3631464071826545,-0.03840982905759171,-0.021053401858170014,-0.12521442375958158,0.07820229830207064,0.007804219392841089,0.01313385159565432,-0.09500896729609008,0.05109965372609068,-0.027554454521590072,-0.041037501407061604,0.016254638144677164,0.11013865310683942,0.10301716615502396,-0.005876510295999858,0.02522865095426075,0.037586681427120947,-0.10200679448818104,-0.1680851996945043,-0.0521318384662803,-0.09037641303393808,0.28135398350932195,0.06513922599178694,-0.037012489669859025,0.03287790655730005,0.11719203785547962,-0.04031516225035184,-0.12455307464364403,0.003768945023744321,0.21726941543599976,-0.18084934511202005,0.00887367188209515,-0.15858076736507146,0.29743291425796264,-0.12171762849610494,-0.0003650537754795762,0.39686868686868687,2.9877032037502627
33,10.7124332894805,11.1604322562442,15.3553146482734,0.233419910302924,2.91023216606862,4.04840268247208,3.43711689500308,6.68192122959393,12.9482643678161,11.2984679542857,21.2382757177545,12.0922289773405,1.5875564723251,1.70488973862291,1.86735050437859,1.57444430128662,1.24611154301442,1.00085422396227,0.171465097708642,-0.0818620303867164,-0.286670120942759,1.07760310674259,2.36411697421394,0.388489348760012,0.350629409503365,0.83799893889337,1.03087247463922,0.841795884658921,0.710583989915842,1.0770086783675,1.22227211290963,-2.20991291044747,-4.97397117659147,-6.46893268687742,-9.4644159046748,-13.8998843819737,-9.15457337910216,-0.111094037474738,0.988615307354647,2.6120648082569,3.78740689591032,2.15403413291964,5.81473570118687,17.436444459877,0.23455911351196782,0.08061378894584839,-0.2776134407184794,0.022042250541065032,0.33097320224433896,-0.04391555112790155,-0.20342796766617946,-0.3620094447309308,1.17905932862508,-0.2111520356496925,-0.09149555487971071,-0.22304947520567808,0.04055512068934994,-0.026482776806245764,-0.21457877079883167,0.18332452690393708,-0.027517603795393003,-0.161131995251123,0.36630659496258067,0.06694541080137295,-0.12135618945888717,-0.17826393840886168,-0.23763660507377732,0.21963604665276706,0.03055680307874557,-0.11455293719689616,-0.00411963090222301,0.12046959225407482,0.13601269913095432,-0.07873880466148783,-0.0194431913788868,-0.041088415884833834,0.09108309301852456,-0.09288000929073262,-0.10698649274648077,0.1437087915839381,-0.04041426888636122,-0.1026426274611627,0.17361033131875137,-0.06647164793179779,-0.1573671125098381,0.3902551337633401,-0.22641225784253075,-0.024307682240419563,0.49666666666666665,3.5969798953866974
34,-0.272324191015275,-1.9289171999049,0.296081287257079,3.65115889709237,6.12400533821894,6.69632801997165,5.08249668755251,8.68783469122517,11.2984679542857,27.4236653895275,31.2810601717885,18.608358731639,5.89035603854606,4.39632915720315,2.32827704892765,-0.23006371059465,1.36974834605577,1.60219874148836,1.34222609804508,1.6724915360776,1.31382961946087,0.385732258499604,-0.671225036845746,2.45719423733016,3.65206939326757,4.56523068493423,5.15958030473675,5.57730321103922,5.86603093733394,6.92602183456808,7.14860466212863,0.442411866182053,0.334891858588224,0.311703915948897,3.0150527785398,7.88358310954597,9.85787875479279,-19.6386249684509,-17.2390806255497,-23.1512058013904,-24.5014741862382,-21.514463327204,-24.5436244581361,-14.7772036318714,0.08264597604644394,-0.07635654431418688,0.015317582438154457,-0.018738764483765786,-0.07546208914172185,-0.15585220767991587,-0.0701217980582909,-0.03904166376811756,-0.21100235703342354,0.6153222348049503,-0.12748642705658034,0.05817734747651583,0.06232525945840881,-0.08564175081286729,-0.2628264600907144,-0.19194086048319944,-0.1202103718008941,-0.0017383586622493512,0.09043909378055683,0.008680990583784142,-0.016395128838971405,-0.0020771370108635663,0.09964863059965356,-0.0805552265251125,-0.10059108866390543,0.0963234186136357,0.1367992754353036,0.10595053800260835,-0.009849699215872304,-0.453752866398275,0.03249688229101882,-0.028594680732869665,-0.17895552963279018,0.156373879156372,0.1391125419336084,-0.06802720048353009,-0.10550602957016755,0.11488310320101298,-0.10712124846008128,0.03201292098933964,-0.0030093206377877256,-0.10927027572925571,0.13298535242679305,-0.009455162418920648,2.1222222222222222,5.235806087846212
35,-3.29857127359197,-9.31591974873126,-8.34755795476269,4.99285443570497,7.83766001688431,4.46755328994037,3.60280244210021,13.9676678623701,21.2382757177545,31.2810601717885,81.1435931956861,46.1259860210317,10.383839278582,7.18042819853116,3.42957596938462,0.330067035553091,-1.79063249516571,-1.12299403118711,-0.30620321951665,-0.301066967476735,-0.90786184799903,0.848925829910632,2.54414184743154,0.728603942286233,2.09517926330974,2.65540326039035,3.19318942203704,3.33360752505623,3.35658891725053,3.28465322638227,9.86435033753904,-5.65136985324535,2.62960484668895,10.4183754662211,27.860309260643,45.2330436984886,36.4700104393972,4.94274965408961,1.20977545265841,-10.8344526650281,-18.6058475764878,-13.2737862906834,-18.1585724415997,-11.8106989205974,-0.06059469154326724,0.028185436576994675,0.0230458781807823,-0.03393009198870684,-0.0491340074753616,0.10563348400388954,0.21788073425446824,-0.020461039810550277,-0.09408174839888758,-0.12694921238544923,0.7283815761906999,-1.0888241742124902,0.3140732418940963,0.1122484388457118,0.1645710716103286,0.017748329763449804,-0.01293407015390728,0.14809702860975996,0.024352760670668872,0.006664087503234381,-0.028913314095043587,0.011759622013303939,-0.0016385137743269726,-0.032735091089543145,-0.0703381419286497,0.03430458638781644,0.04885844082883706,-0.1401181566184571,-0.09347614518442376,0.14691753875117594,-0.03449649852246186,0.025297806290868603,-0.0022551732766468765,-0.02180849462891496,-0.0695132490726996,0.058657290184369215,0.011379065251256421,-0.03527281980054243,0.012617067055344312,0.021106914743146632,0.03683027044055904,0.013355552020272703,-0.04215193735372369,0.005232144675761432,2.19537037037037,9.007418786516263
36,-5.14717198327572,-10.9909505349002,-8.8218886931933,1.8288270173491,5.52420201962371,3.62716110699321,2.35454422276286,9.27721047717774,12.0922289773405,18.608358731639,46.1259860210317,28.8906903646942,10.5046610676031,7.77377678520789,4.34259164310517,1.11948520163605,-0.392505103517111,-0.229889199043936,0.114975049789289,0.177002364245278,-0.591675104900242,-0.29528079612604,-0.0401875756274109,0.958689408377034,1.71880929995415,1.420191786737,1.16507079608148,0.417236474786985,-0.278015528722199,-1.12768290998933,3.61785999529046,-4.15875990886303,-0.774274305557749,1.77759020785231,14.1444365714015,26.1365311619268,20.1937801252451,7.91727726837644,8.61421464998679,-1.5641838206832,-5.94211722979989,-2.19846617063367,-3.74783010122975,-4.52805502598907,-0.22181950514791937,0.05350735956299154,0.13381581931127534,-0.1045152575023355,-0.02407537928053038,-0.0876417296136985,-0.2109901657313687,-0.12337602117481763,-0.2203479419767684,0.05924990287085059,-1.0896318380290737,2.415471147300887,-0.8023111541921949,-0.2231092085210081,-0.05403845062106367,-0.0639054507367874,0.07815221284798317,-0.1212986582178606,-0.32726137045028325,-0.04087259950174648,0.1683374906116988,0.03779636596251662,-0.010364041640089496,0.04903468627294147,0.1299543820987857,-0.11130889018418018,-0.14604091635347655,0.20146676175997422,0.1462265371143084,-0.046044348784898236,-0.04165396603826129,0.0073875807434669325,0.06720700525382362,-0.016516140470139856,0.11622064953925687,-0.1417020844063754,0.03393806113477263,0.06750166373474459,-0.029530072285539798,-0.0643762522346965,-0.04240276190310489,-0.24811728421613663,0.25586689209167496,-0.0079146208512123,0.36851851851851847,5.3740757684176925
37,-7.34460688468883,-11.8114312435697,-9.38509921498118,-0.72395649194116,3.04585025691834,1.14732274083368,-0.682415745024447,3.0044133458591,1.5875564723251,5.89035603854606,10.383839278582,10.5046610676031,11.0293247126437,8.53296393013841,5.21161217479127,1.74119789553751,0.998263717099467,0.667515357365787,0.867449863013175,1.24079000031427,0.595511737980468,-0.704799274134486,-2.03035166248518,1.97191955241139,2.14702161609699,0.996962804146348,-0.099127566057252,-1.36670193092938,-2.60251616231904,-4.08517536514613,-0.831737402804214,-0.630559137640169,-2.51273970092547,-6.47125210622267,0.162723032712929,5.73886726956198,2.3768407605296,8.31588800620023,13.4755452343126,5.50024764071673,4.62981302960242,6.59304847491229,8.16525541052769,0.816904281885722,-0.13031329543120618,0.09235457025499627,0.02204385724889257,0.18303913403784175,-0.30881890176471993,0.0374292748404216,0.26904978726856493,0.07602368279842543,0.039739806077020295,0.05802476936881041,0.3196546682196822,-0.8106743020863519,2.642762005174146,-2.0080095669877376,-0.36840340677596706,0.45623445322058037,0.09356228336459879,0.017790698946135008,0.04415856197644192,-0.0594355828367963,-0.21238022415540778,-0.038673230256738626,0.024155689398254684,-0.04972847437988128,-0.1511776245464601,-0.03782586188423327,-0.03735478802573239,-0.13918532173178266,-0.0690559799100905,0.041134631149603716,0.05713076770076933,0.031029051577853295,-0.23107859821385532,0.1757630984752593,0.21015598301963187,-0.16026956067633555,-0.0367625368341619,0.028286043809999835,-0.07562209908032608,0.06348887030799505,0.02936616147092626,-0.009914286356999303,-0.027550188237280105,-0.019820896411692566,-1.2583333333333333,3.319536822004491
38,-11.301295154721,-15.3246429744381,-14.1159763148514,-0.493881489167625,2.22649724015638,1.03933266593647,-0.442107409795478,2.16071327999586,1.70488973862291,4.39632915720315,7.18042819853116,7.77377678520789,8.53296393013841,7.43841993933589,5.53400506980002,3.30782485415909,1.58553338629276,1.03648918399191,0.712875125719762,0.783226059399328,-0.0596761223397396,-0.652983824036807,-1.26580684797017,2.0280441492677,1.66621801461148,0.614985154275884,-0.379132509060622,-1.57500952066725,-2.71693334154339,-4.15958298344978,-1.20389449644822,-0.952301241132218,-2.50357743433464,-5.87978853531163,-3.45360898632729,-2.63146679274585,-4.22656070659673,12.8680718243509,16.0966429372138,7.58339676653717,5.4030421515687,3.93197612531894,5.67900241898776,-5.28387082796452,-0.03828594365567925,0.02954204360646207,0.004773389992649419,0.0243002925282376,-0.030292212727595063,0.04656227385126758,0.06919195668649644,0.007845450358629411,-0.026324385311110362,-0.09002610660395723,0.11462440993814138,-0.2267406321762932,-2.0219969880417294,4.371755455782611,-1.5536325401740243,-0.16397644702344663,-0.02001242535934792,-0.029697126948710392,0.0632351565368313,-0.030703537834762734,-0.0662112684960996,-0.00226955983671483,0.06535025523095009,-0.024713209977104328,-0.05430872346150461,-0.014247519287940835,-0.016169269325271005,-0.03698182114413017,-0.01162540656258506,0.15927995252790234,-0.0021466913132111194,0.03835119771773641,-0.07349190539118534,0.039747031045513484,-0.05574135267333938,0.028746321931644343,0.044699610215926174,0.10175719685904344,-0.3206405075884555,0.20092418604321227,0.0936170137760462,-0.018295314792090116,-0.06567481211951268,0.012554383991876385,-0.7402777777777777,2.7255127846583087
40,-14.5206530257557,-17.9094832189583,-17.8911088562583,-0.0021175602436632,1.58970491359001,0.87553214815301,-0.307314192844426,0.912244390399138,1.86735050437859,2.32827704892765,3.42957596938462,4.34259164310517,5.21161217479127,5.53400506980002,5.54992496807152,4.97970051439528,2.10867483896785,1.30938423158841,0.437169865065626,0.198746317738584,-0.43692018709423,-0.281022008261276,-0.143309738014671,2.18486959229072,1.23718101034708,0.255812995129416,-0.671446673605523,-1.72104959328003,-2.6854159163869,-3.94277723647098,-1.41644244846354,-1.23436608849151,-2.21238507450071,-4.73691247356113,-6.60267647642086,-10.4430373352802,-10.7033155279356,16.2828809608595,15.871991873128,9.92455211283536,6.67386203828114,2.11590792331296,4.34495747179705,-10.5860660076631,-0.018910964215762726,0.0068372541438843455,0.0067189716726033235,-0.1164769406683979,0.031562366500539535,0.11552316790210455,-0.0021599172769715797,0.012867733788913671,-0.21395484536721113,-0.26197678365583743,0.1673251084481058,-0.05508630379054416,-0.3753705979016801,-1.5654492967033589,4.057092992873229,-1.3751601831517686,-0.1565714232613223,-0.19838292726279688,0.3920506548997598,0.05648706303453587,-0.078202932520166,0.00928516371109848,0.081693571881089,0.04584416780026725,-0.0037563232378404598,0.035045966493591124,0.0040347621618967,-0.06200741087714152,-0.06565705816997416,0.44322911911771135,-0.06992830325183787,0.09736499527874679,-0.025559269292323494,-0.015170852983140798,-0.3424427871302665,0.13426010363654303,0.19862876497067639,-0.08812675295706801,0.07310482659861955,-0.03675993163053523,0.10009694124031214,-0.03129952592277801,-0.0503870485005244,0.03506241717310352,-0.3194444444444445,2.353704520128115
41,-16.9296319064655,-19.5325110434672,-20.6614529292907,0.506877351025037,0.854786578318076,0.496158095783703,-0.313178688666348,-0.661868766712489,1.57444430128662,-0.23006371059465,0.330067035553091,1.11948520163605,1.74119789553751,3.30782485415909,4.97970051439528,6.37861470306513,2.37810834303321,1.48234590080877,0.511349397058482,-0.078429831098141,-0.553964825622581,0.386435565650396,1.32595533772911,2.49706442390615,1.00632129124351,0.122172560491286,-0.650059068948078,-1.43473532360023,-2.11686024667498,-3.06429041307732,-1.09056791565593,-1.23897262163531,-1.51244983651329,-3.03336973299441,-9.47895215875679,-17.1838278200383,-16.4333936354382,21.1181170972068,16.9971463010501,13.4858742691546,9.09171637111792,1.4520032660797,4.15457777674195,-15.0524637229811,-0.13088848390819868,0.022386740468299214,0.07353114461769689,-0.21174353208905347,0.28706196203400214,0.009158038368980166,-0.15010256525105173,-0.09654325624150763,0.18007174310854962,-0.19007630136838904,0.017911807365098755,-0.0614061990403606,0.4576002968115411,-0.16630514043165925,-1.3841838037060559,2.519214868008286,-0.019518990960222894,-0.07787834615759143,-0.18094075201838666,0.014765307905722858,-0.00649593398786392,-0.03822718580666102,-0.15787999153979188,-0.26541477593685764,-0.05486884951273295,-0.001737713805005469,0.021586288478709047,0.09038204196117078,0.0421110601100413,0.22774986109198994,-0.10561961753637221,0.1277091580799807,-0.04350133951470042,-0.07544143660822696,-0.11153059950803176,0.058842123754465535,0.23710605234520954,-0.18144055427520472,0.23463280907044154,-0.45070427612452413,0.39684453502169814,-0.125295345745333,-0.04919482284745866,0.04918968497999296,-0.020833333333333363,2.5236114405877017
42,11.2463243810833,10.5977179124097,13.0350459059026,-3.53315804965881,-1.82971611850036,-1.29066696238506,0.0404696237577944,-0.677063532320013,1.24611154301442,1.36974834605577,-1.79063249516571,-0.392505103517111,0.998263717099467,1.58553338629276,2.10867483896785,2.37810834303321,8.49920178799489,6.50499469331727,4.6342155198162,3.11121179162281,1.52005601374588,1.17864023625116,1.2519826944456,1.27008009579569,1.20577163388837,1.93828107962823,2.1113013450793,2.31859905228893,2.88160003269051,1.19716248136394,-0.75499202550486,3.16980120777855,3.03878329354507,2.29328690420472,-5.32685330812069,-12.2555624908127,-7.59244764530084,6.01183402807597,1.54816421095062,-4.0791218889745,-9.14516068868476,-17.0585391795305,-19.5810995895392,-5.80090133488344,-0.09255353551746,0.10120760294621337,-0.01973935602753007,0.22848721497454855,-0.09926134056085405,0.12202466419094268,0.21231933700321792,0.047465220603746534,-0.024003536126667346,-0.1201062152902176,-0.01264255795804423,0.0763144724059747,0.09941887373179739,-0.01980040942290589,-0.16115220808454453,-0.020644069507626855,1.8495855775320997,-1.5435628644898731,-0.30049145079150663,-0.030324626638459886,0.22399865768108101,0.1521745019463519,-0.011420306558757472,0.218806898149689,0.00840955763035556,-0.16389631318091746,-0.15131798913768632,-0.0931497605855099,-0.22238126680948467,0.30592048797801624,0.10412243563360413,0.027514122271563933,-0.014756359908055558,-0.025493225479529775,0.0022495540449998168,0.08514387410873266,-0.03841486364946908,-0.1555601893035349,0.13169362722259156,-0.008705523336155735,0.19249266203914786,0.019774880353341188,-0.16637395691885354,0.008291596692674614,-1.5944444444444446,2.913623480821585
43,5.60078304411162,5.39544686885178,6.6011939377097,-2.17693944067512,-1.65319552344488,-1.2874843667396,-0.473162783789453,-1.41404126124734,1.00085422396227,1.60219874148836,-1.12299403118711,-0.229889199043936,0.667515357365787,1.03648918399191,1.30938423158841,1.48234590080877,6.50499469331727,5.84132399751088,5.30125605333662,4.91481290064901,4.42691167843663,3.01646575734636,1.91412453647468,0.980082869844258,0.422145837101255,0.970665379195195,1.0167256335412,1.10401572033312,1.62493901550854,0.73477966790081,0.290300379786117,4.34214271293468,5.07006829357973,5.68842048777505,-2.29881294439549,-8.91489656349308,-4.28822968806339,-1.10149081395281,-4.95907279362291,-10.3748760571724,-14.9502650576253,-22.0990161550534,-26.491326457373,-8.41838745701074,-0.05830706964068451,0.025360194488813586,0.01911655843427204,-0.14938800122909598,0.0072791226747421795,-0.05420918103255513,0.0112963721650529,-0.029599417366463432,-0.1482752234341283,-0.005334544656447047,0.15173826251177389,-0.13932392771087854,0.01579252388794537,-0.03275640409106083,-0.2072403582700377,-0.07748497812991456,-1.541540725134964,3.4158300709245153,-1.3385337035108167,-0.2128532029701305,0.28545311342165847,0.12830529243616795,-0.023566333502646423,0.0010416547688316578,0.05105191850650068,0.08199518668174635,-0.00465584212635649,0.04612047802060575,-0.15246699109745407,0.019708477749827782,-0.020041292072397063,-0.0415739455513674,0.04950794458096257,-0.018016585041553974,-0.14571309644159644,0.053522436475111006,-0.024272902612969844,0.1468945467611654,-0.008214180768321328,-0.07706972779665276,-0.30631428688027257,0.16953471565022943,0.11790146010812087,-0.028686948255632935,-1.870436507936508,2.4148134498364224
44,-0.668776168789664,-0.478957109531383,-0.518341038974896,-0.761135762362384,-1.38391679973419,-1.57147854924956,-1.51100345305887,-2.73408716638209,0.171465097708642,1.34222609804508,-0.30620321951665,0.114975049789289,0.867449863013175,0.712875125719762,0.437169865065626,0.511349397058482,4.6342155198162,5.30125605333662,6.80345873406834,7.81462061938847,8.71777669016959,5.82095718027402,3.14494862657735,1.06984983086132,-0.146858297206011,0.0420435685009503,-0.147650098852225,-0.212579412798952,0.239782411962696,0.0508810204254304,1.24629962227072,5.62471297552338,7.07677880929975,8.63062120288781,0.247905462606737,-5.90525719846539,-1.03825671102175,-8.67937386008661,-12.0423073120802,-17.1868093546945,-21.3468053869793,-27.7873825614052,-34.2169748217512,-11.5507497702916,-0.08505778259944434,-0.004800900632753926,0.07177393203063898,-0.01305642402337677,0.09758619894041644,-0.14966726202977823,-0.037894291381724676,-0.03178938618966743,0.37720788797157107,0.08577950954687365,0.021632677307138398,-0.33394814248673726,0.037366439313733096,0.06374692145203519,0.39367905130588077,-0.1799384155656223,-0.30176907921501933,-1.3416175976239277,3.8403856236226517,-1.56873444563782,-0.34661412406195946,-0.17540337566358177,-0.13433297597055938,-0.2592601629731093,-0.03095593219173046,-0.03518680624171475,-0.004002114875191116,0.1443515356561766,-0.00249122965958883,-0.18952653835873956,-0.008059184460565926,-0.043769555298258454,0.004116778834714309,-0.04266808909103053,0.186974804003137,-0.04098782365104278,-0.078577597727022,0.07346246656759142,-0.12983833402216508,0.0006618864544256432,-0.07831095946783492,0.08095662053232369,0.03153836987997364,-0.023763144813945054,-2.0464285714285713,2.606426429820788
45,-7.90403116931006,-7.49510235375882,-8.83229440819889,0.632204926679351,-1.01137899393269,-1.62511114439544,-2.37861293364481,-3.66945952741794,-0.0818620303867164,1.6724915360776,-0.301066967476735,0.177002364245278,1.24079000031427,0.783226059399328,0.198746317738584,-0.078429831098141,3.11121179162281,4.91481290064901,7.81462061938847,10.3538689580238,12.7048716490926,8.27455759234855,3.96383988526831,0.938269524098005,-0.961697229307814,-1.15943557760201,-1.68155759672001,-2.02831633906721,-1.75716345390324,-1.40810424069854,1.56937714223087,6.57216032171994,8.61380740899406,10.9141433440391,2.43118748886589,-4.14889278073955,1.31780906801834,-17.9220755622973,-20.7599829965273,-25.4304001148475,-29.1221342605381,-34.8731938554432,-43.3039352264852,-15.6725860706893,0.027915160300033156,-0.02350726416578227,-0.00353271149919324,-0.02101261831838476,0.05398630549973327,-0.03867637478989439,-0.04843442354690721,0.018125019285458822,0.08121058837223588,0.006237594789594907,0.006809010714274468,-0.044702309818293526,-0.05988322289781416,-0.02076189671706556,0.06587736999445948,0.025187975704753097,-0.033148910462465264,-0.21335329492965202,-1.563346768295291,4.112369185878919,-1.7775017191040634,-0.5046479459682408,0.15416995040881792,-0.03042888251314883,0.01346017495475305,-0.017502111732622328,0.0005857365559223748,0.03208530897484252,0.007696875054093412,-0.017745949567946305,-0.008183286598407509,-0.0307758212113251,0.018024210221278456,-0.01456809571935039,-0.004263948201618148,0.04281591577626868,-0.05071450097261543,0.1842531605393271,-0.3256204911395509,0.12181257103436698,-0.02677419837880105,0.04290692074068142,0.012811591903080864,-0.007197448241033113,-2.0748015873015873,3.216188576253548
46,-14.1825019822283,-13.2978064566725,-15.8572034520202,2.38329255677339,-0.340841258749239,-1.65072275139345,-3.36808873450243,-5.09695838169532,-0.286670120942759,1.31382961946087,-0.90786184799903,-0.591675104900242,0.595511737980468,-0.0596761223397396,-0.43692018709423,-0.553964825622581,1.52005601374588,4.42691167843663,8.71777669016959,12.7048716490926,17.1094578674382,11.1025552865866,5.12342154487471,0.916567658427645,-1.73958264629819,-2.36440271215392,-3.27132611383684,-3.81922877029124,-3.63214896196905,-2.57904675123385,2.10238656902953,7.61080445238755,10.5203677751187,13.8844234135993,5.15401245945632,-1.7501687729664,3.91076103460995,-28.4519340319682,-32.9288334748509,-33.3001178925388,-36.250067682584,-40.9037145599412,-50.9593584055597,-18.8336631726415,0.17218301942016914,-0.05443679166807798,-0.0797762534205718,-0.02914980045985486,-0.0241254345004461,-0.024045028347638407,-0.020304772708393388,0.1070717797298036,-0.11649463574490321,-0.02582971867730263,-0.030426216457456745,0.16005863204522353,-0.22194229533158027,-0.059697827394844506,-0.04896697284789183,0.0038308613975864673,0.21667113507041683,0.2753387309500199,-0.34448343189616415,-1.7816358578778435,2.556458614519454,-1.4454264455767094,0.7016383300735782,0.12782751447852922,0.08660363616258375,0.007348870002899777,0.024116930859216325,0.002715399777706674,-0.021722858595275694,0.08525047380035558,-0.01880848168312538,-0.007926448011766759,0.026837978916736484,0.009030391013238182,-0.1414861091615216,0.056303552332113614,-0.0068109503453133,-0.08354682517503058,0.30540008251861755,-0.18391564438236435,-0.052744228381036554,0.05086215933876699,0.014179019118517468,-0.00020037936697524236,-2.2365079365079366,4.135149074391172
47,-10.1603561398581,-9.56579467657465,-12.353942203791,1.49629509289579,-0.839273068273333,-2.14031079797002,-2.3156420028427,-3.4167506152308,1.07760310674259,0.385732258499604,0.848925829910632,-0.29528079612604,-0.704799274134486,-0.652983824036807,-0.281022008261276,0.386435565650396,1.17864023625116,3.01646575734636,5.82095718027402,8.27455759234855,11.1025552865866,9.40197748064743,7.59489216974967,1.749384428425,-0.794322964174741,-1.4866709180476,-1.89702493989486,-1.99089938840493,-1.70372797757788,-0.838815634416768,0.294526182889595,0.898831007927774,3.67541715670271,5.7936703105959,-1.47284827643925,-10.083894418342,-5.07226091102129,-27.1923037811808,-28.8565689873861,-26.6092948119657,-26.9102955319169,-30.2917265794967,-36.0725415312607,-15.8409498736475,0.014127890378524344,-0.0015796407792120061,-0.01782251175450975,-0.03227541452315302,-0.08741974445452623,0.10187106454361414,0.04356068080800096,0.10727003806634625,-0.17971377783151132,-0.014834955127633512,0.03031155537204002,0.021157716672272397,-0.041859719081996066,-0.0014082070823559923,0.013326679567838487,-0.035098096326980736,0.15598805648247271,0.1397427692776768,-0.1572029034820062,-0.49815381285844224,-1.4566131983946249,4.053193738356386,-1.7509742431748923,-0.12836333743304923,0.0234243715207428,0.04506934974498843,0.028593314331355202,0.012010244026732774,0.06439164515594709,-0.07918102142247989,0.05174971013744207,0.0172580647156504,0.03736492212190357,-0.04187206674715888,-0.04396197259640193,0.012025621707502331,0.02348552444086624,-0.02006788854314988,0.06284312601839015,-0.018824828850833066,0.02234081877121976,0.0074296429805659255,-0.013163331472743857,-0.004273575373733459,-1.2857142857142856,3.0646333354330384
48,-5.80708108815793,-5.48555327267922,-8.53493637546917,0.529215840622854,-1.47003861201455,-2.73067465347411,-1.25877651155311,-1.78773811017089,2.36411697421394,-0.671225036845746,2.54414184743154,-0.0401875756274109,-2.03035166248518,-1.26580684797017,-0.143309738014671,1.32595533772911,1.2519826944456,1.91412453647468,3.14494862657735,3.96383988526831,5.12342154487471,7.59489216974967,10.0605936090911,2.48261856017045,0.121116488799113,-0.545396032205134,-0.379020055019974,0.0617387267329124,0.546880496153685,1.00520816080117,-1.32600814276875,-5.54308486671976,-2.84973093072978,-1.94311182703212,-7.90473791450783,-18.2682089330046,-13.5801775399554,-25.2347708615824,-24.1835873903355,-19.4473715316318,-17.1959377017934,-19.3514048384846,-20.8648176985974,-12.543907644396,-0.031509132314654346,0.022108803684466643,0.016991336100714783,-0.03600449165075396,-0.04369341145097115,0.18345577629193024,0.1741678654644254,-0.009159111769333095,-0.23892398571499424,0.10493011410335444,-0.004021145456842168,-0.016707136446452713,0.030001606972139785,0.06590995109603348,0.08027135500252663,-0.15753699489757236,-0.01701110060072808,-0.023218278147047272,-0.14293219270140434,0.15143411283742003,0.7043511295485645,-1.7518203990097065,1.4854205365553164,-0.2428555838653635,0.032679963825104026,0.18775340743959845,0.027807279296850822,-0.08701070179102005,-0.10692087813750185,-0.06039018073558717,0.08572872453144476,-0.022596960389766666,0.15800449193104338,-0.12259057726550332,0.09326957502366266,0.016890915102688055,-0.046786611860841265,-0.01833615284852239,-0.04144855236610392,0.06315424658172616,0.16396329591272374,-0.09642646676189101,-0.04373013078577203,0.009997360827707634,-0.38492063492063494,3.1702671195170837
49,-22.0606532332729,-26.5549145912433,-27.0906578623533,-0.0599881006997132,0.0355788456825034,0.607794538830709,0.922435491266995,0.353212534622331,0.388489348760012,2.45719423733016,0.728603942286233,0.958689408377034,1.97191955241139,2.0280441492677,2.18486959229072,2.49706442390615,1.27008009579569,0.980082869844258,1.06984983086132,0.938269524098005,0.916567658427645,1.749384428425,2.48261856017045,6.8836550942216,5.62926371750128,5.15996701259917,3.94860908998629,2.97343284677292,1.91917486987976,1.86248711864653,-0.309117622371238,1.05484244032816,-1.69622185179097,-4.15245942603897,-5.65842410152496,-13.4482323072895,-12.5880345209278,-14.919076454037,-9.41888360798263,-2.87138866175711,3.0075549474271,6.41425500018306,9.22328250163428,-8.31798698280153,-0.03298153022402873,0.21080167560181975,-0.14785250240167588,0.22592717551009805,-0.05830046023589368,-0.2846439721769889,0.22422824543733738,0.03118680256734322,0.22037551437714326,-0.08070323451055361,-0.03348564240297793,0.050598538040095564,-0.04799595203864089,-0.024568223657089442,0.04446686076476077,-0.266996858781231,0.20634863376195497,0.00047411960608519544,-0.2468915799730379,-0.024449824431213425,0.14290692251155498,-0.12695954830137543,-0.24507968529542026,2.23288494601134,-1.4442204214614383,-0.3113821838409732,-0.07255430059382008,0.0721242733482951,0.2573966908782876,-0.044392996333051285,-0.08647376440869942,0.1633132284241061,-0.12467970762522301,0.08432322128740846,-0.3290926682907569,0.2579294958553962,-0.04976976671112077,0.004482815783824357,0.06495840397427748,0.05169182341787435,-0.21926509931803448,0.14682302499581187,-0.04364664403354668,0.028409386220242857,-1.3119047619047621,2.6217656444124815
50,-13.0623067470583,-16.2544903358234,-16.1752357134353,0.297070530577973,-0.23950281278951,0.530484627775055,1.58969257421844,1.4663857923583,0.350629409503365,3.65206939326757,2.09517926330974,1.71880929995415,2.14702161609699,1.66621801461148,1.23718101034708,1.00632129124351,1.20577163388837,0.422145837101255,-0.146858297206011,-0.961697229307814,-1.73958264629819,-0.794322964174741,0.121116488799113,5.62926371750128,6.55316550681575,7.00377109335191,6.04739254742783,5.29020012757111,4.17261310195088,3.97363017567353,0.511050010764159,5.00396829666478,0.215659133484813,-2.31881178862367,-1.08658807935389,-2.87633092027322,-5.521450396066,-9.19898485322948,-4.88255539738866,0.118650610613195,4.90427071056809,10.0267343204015,13.023917844353,-1.35196573918206,0.12568037354494957,0.11842484977230527,-0.20161829466083012,-0.13369149000588568,0.16371980336630043,0.1541313910790608,0.00884801679720032,0.03206501431308306,0.027728281888412244,-0.09616426775477277,-0.07083556919142099,0.1297577579381761,-0.15376511930410472,-0.04288767922838932,-0.002604501826559411,-0.05442589607800572,0.008643092599005309,0.051524898147274775,-0.031096719288082785,0.011140578571108043,0.05985961509889363,0.023681366241053808,0.04033969300231452,-1.4552497219465026,3.4084547443712196,-1.229290913714458,-0.37725025032167137,-0.18091685372942826,0.052713815605040765,0.08020836748561384,0.2251030046751459,-0.04920660729474561,-0.08316593645197394,0.04201381055382809,0.2906399646676905,-0.25233156900927334,0.03167375713960896,-0.05755442571288113,0.08512903960640952,0.00991023382818379,-0.014037760686542524,0.0960835663553542,-0.10931365975579925,0.00872323333604348,-0.7765079365079366,2.5579612011943715
52,-5.59632812604163,-7.29065490099527,-6.5407981551893,0.78293305119664,-0.136889534019445,0.970256986107144,2.77503229454179,1.91846292462973,0.83799893889337,4.56523068493423,2.65540326039035,1.420191786737,0.996962804146348,0.614985154275884,0.255812995129416,0.122172560491286,1.93828107962823,0.970665379195195,0.0420435685009503,-1.15943557760201,-2.36440271215392,-1.4866709180476,-0.545396032205134,5.15996701259917,7.00377109335191,8.8377190293742,8.5412801547827,8.41404253976378,7.68635983522357,7.67307488820422,2.58582458551252,7.91193911917624,3.88560140003125,3.93441669653902,5.66633437826132,4.45045420906184,1.12610428659118,-4.4942538564259,-1.42133602898316,2.20464641150765,5.90746950023039,12.2307637688825,15.0746263458965,4.53094510611856,0.20977007522423044,-0.08586093825056541,-0.0978803711042221,-0.06693592524331023,0.15432134784038484,0.08326454963875557,-0.09266688001348929,-0.10879310253659964,-0.11387646352494178,0.09399590294559616,0.03619740882274331,-0.11784049319099447,-0.03905722899637584,-0.013840451065199403,0.027417644713729174,-0.002427931643145705,-0.16560541947130722,0.06360519673908381,-0.04212967820462663,-0.0069560252290461555,0.006842544680304016,0.04772233968557917,0.19682004241013612,-0.3146994465571119,-1.234590482753077,3.4189256837255315,-1.7197040882591508,-0.2950911124224744,0.27813462865334226,-0.1358834996493906,0.05542497739038802,-0.19318072766062433,0.039516473630649564,0.032026199199166695,-0.10561781037860699,-0.00960455985425215,0.0788527730499427,-0.06471159367152822,0.06829682348294967,0.04943818208152473,0.024378403470129383,-0.044162732747511556,-0.014641358960406555,0.015331442178574939,-0.0822222222222223,2.971147762965383
53,2.30060748739677,2.0841497013156,3.38112561489527,0.924075596243968,0.832361377505962,1.81856579607726,3.9910841882049,2.46523031178697,1.03087247463922,5.15958030473675,3.19318942203704,1.16507079608148,-0.099127566057252,-0.379132509060622,-0.671446673605523,-0.650059068948078,2.1113013450793,1.0167256335412,-0.147650098852225,-1.68155759672001,-3.27132611383684,-1.89702493989486,-0.379020055019974,3.94860908998629,6.04739254742783,8.5412801547827,9.58960536398467,10.6822982592152,10.9651077878905,10.9288400276796,4.33364493985647,3.65668326383519,4.37793645470138,7.96618799024904,11.0279101933892,11.5144214387796,8.08837847296383,1.14584948397561,3.19533832333718,5.05177358292502,7.30919612829815,14.5759202023522,17.8214144177332,9.90466180023997,0.1274308494543399,-0.07870354976134376,-0.025460168930860786,-0.07657504681051215,0.13106408823212332,-0.016633539814142083,-0.3737895085113858,-0.16879712111794565,-0.009068723158358561,0.13669693022398222,0.049549502548234085,-0.14311017513246801,-0.0386589584775756,-0.015890927730411543,0.004318233526705982,0.026192964137798314,-0.14443664186118987,-0.00591215125500247,-0.00774862408708334,0.002047738352473474,0.023952968858185094,0.02863450935654235,0.027266179257613325,-0.07956119042204225,-0.37758977869146687,-1.7185862695791,4.524126808259491,-1.4269370444835807,-0.35589964782445527,-0.28548902551305744,-0.02263693282102088,-0.10471738011276055,0.12814743713427462,-0.0477850720563107,-0.020723875174378938,-0.0062737407734849305,0.058403916652800716,-0.06785910354648848,-0.034298148724848786,0.1606728999671301,0.11292577619470948,-0.176206201858309,0.02722253159224894,0.0031732010416243403,0.5533333333333333,3.0950937568973047
54,10.2320793399941,11.8503852861911,13.4020118829264,1.15259730697015,1.61871461754022,2.05008337476109,4.55599909730076,2.37762262131066,0.841795884658921,5.57730321103922,3.33360752505623,0.417236474786985,-1.36670193092938,-1.57500952066725,-1.72104959328003,-1.43473532360023,2.31859905228893,1.10401572033312,-0.212579412798952,-2.02831633906721,-3.81922877029124,-1.99089938840493,0.0617387267329124,2.97343284677292,5.29020012757111,8.41404253976378,10.6822982592152,13.1782247765006,14.5741239177695,14.6070144850925,6.59419374391827,0.0452939392207586,5.55650457337582,12.3693248583603,16.4713450627272,18.4413059926238,14.7205694139548,5.73733210223972,6.26621088333594,7.39909535923723,8.31718625052422,16.404359047076,19.8963252244013,14.7066766818794,0.06688512790417589,-0.04876642581703592,-0.024181823952368564,-0.07285196988478468,0.015055178873913173,-0.04169183887314139,-0.18656409741738653,-0.056814217533663336,0.12331283603073316,0.10292363201669763,-0.14008634371745604,0.20605329320191546,-0.1422353846789564,-0.035835829093704114,-0.05522695614371106,0.09283341276937312,-0.08719180796432865,0.04607677890539059,0.12154601403054108,0.0279238727679965,-0.0025141782844163804,0.01118733831732549,-0.08445034267567557,0.07710019898169808,-0.1824442666736948,-0.29551465047654946,-1.4287531396603959,4.048205817035147,-1.8875003357575628,-0.2654675564146321,-0.051552643126692534,-0.014829984204286774,0.026570666838487033,-0.020612976371615948,-0.01675822511234608,0.04470379853728044,0.02508289663636701,-0.09316117755656608,0.0036110653609684935,0.057780529936849755,0.21443822568326323,-0.10957038924566767,-0.04638041865308088,-0.01643578392362248,1.2222222222222219,3.628804868892876
55,17.1025971233572,20.2039656134447,21.8084759106784,0.44478908756582,1.38487705869398,1.52017724012294,4.49533675731464,1.9857817987626,0.710583989915842,5.86603093733394,3.35658891725053,-0.278015528722199,-2.60251616231904,-2.71693334154339,-2.6854159163869,-2.11686024667498,2.88160003269051,1.62493901550854,0.239782411962696,-1.75716345390324,-3.63214896196905,-1.70372797757788,0.546880496153685,1.91917486987976,4.17261310195088,7.68635983522357,10.9651077878905,14.5741239177695,17.2833473818646,17.4204899101435,8.19558210459494,-3.54545542406017,7.01013286997745,16.7588213320392,22.0161546963445,25.2368015447507,21.5352133641433,9.97613717044442,9.0020056049954,9.55462297712441,9.18318599740503,17.1229798204598,19.8987447542832,17.8693472124063,0.11333808902156978,-0.12543260395881076,0.031862783695402165,0.12010490005753109,0.04042212157671653,0.06734109063229327,-0.010624180473375286,-0.09201378780423866,0.13073338742521787,-0.012277081941249126,-0.09418012151154653,0.15286174750703427,-0.06809979239205115,-0.0134498857056932,-0.07648682276436335,0.04078635221123395,-0.21905729058462267,-0.13808447634342164,-0.004060802606394957,0.009021183631019732,-0.00870745336785708,0.06795595937899558,-0.10637021327623718,0.25911285635251285,0.051925726284563704,0.2770726896966217,-0.35684142741359043,-1.8878765132418278,2.6610806164473564,-0.6840822329124547,-0.15924824997415865,0.14712489071288848,-0.05237812560078099,-0.012274357975372198,0.08750965166715484,0.05513803566170664,-0.14836083444275386,0.04111795819108861,0.0694714906553367,-0.1916576183544127,0.017792796629173983,-0.03267388021371078,0.050005358690339834,0.015485173718541974,2.0022222222222217,4.156121675536536
56,21.3787998385998,25.6747564892054,27.5216473435535,0.775410938056277,1.30314319951556,1.20768914999937,4.17631385966655,1.34366899552855,1.0770086783675,6.92602183456808,3.28465322638227,-1.12768290998933,-4.08517536514613,-4.15958298344978,-3.94277723647098,-3.06429041307732,1.19716248136394,0.73477966790081,0.0508810204254304,-1.40810424069854,-2.57904675123385,-0.838815634416768,1.00520816080117,1.86248711864653,3.97363017567353,7.67307488820422,10.9288400276796,14.6070144850925,17.4204899101435,19.6950574712644,8.95091897253974,-1.86164580860749,9.23065243500842,20.5196172147932,27.1530664148551,30.8601534304483,25.332802185811,8.71050594100148,6.3267724272863,7.64597642583428,6.86020770796979,14.9420782355559,16.4741187940639,19.3627803827597,-0.24356629435764793,-0.019393800885254834,0.1852815738539407,0.08796379458666416,-0.14607059568848166,0.046053981054958365,-0.016214003476990996,0.27947600592157723,-0.0801402733183571,-0.4531960312554289,0.1480420657478361,-0.047271607338396714,0.038558875636515416,0.1563219120186537,0.44849857273640403,0.2283766187291051,0.3066748165791876,0.019490809395180365,-0.19374928756421558,-0.030388754582631797,0.07039442770004671,-0.08401508971962206,-0.05977969037074571,-0.03977502527704915,0.08581948051073347,-0.1344169696041011,-0.2863393679686075,-0.2644537331795211,-0.6865554831987875,1.6096875559343566,-0.13101853625104706,0.09699324381156711,-0.06572862401651743,0.04462404036618843,-0.30555651950236007,-0.020030445917113743,0.2555558759679715,0.019757091172349327,-0.012483605447861269,-0.07444497338373039,-0.1026868083338841,0.18288297681548213,-0.06855142555713303,-0.005711074432751242,3.2333333333333334,4.436784586980122
57,-17.2039823419004,-18.0000612810762,-18.8673362706733,5.60200510455354,4.75363157160634,1.5449447360698,1.09027654848441,-2.20720314214771,1.22227211290963,7.14860466212863,9.86435033753904,3.61785999529046,-0.831737402804214,-1.20389449644822,-1.41644244846354,-1.09056791565593,-0.75499202550486,0.290300379786117,1.24629962227072,1.56937714223087,2.10238656902953,0.294526182889595,-1.32600814276875,-0.309117622371238,0.511050010764159,2.58582458551252,4.33364493985647,6.59419374391827,8.19558210459494,8.95091897253974,21.9420833333333,15.5379744501318,18.6772785277501,22.807918512489,4.94147095821744,5.42561379683223,5.30690003743943,-4.27161116808191,-3.54872824276623,-0.387046336436524,1.31299127477191,5.44098246924684,7.82885778425681,9.73308273043946,0.025606665848972202,0.1486431765838688,-0.14504714228189527,-0.09400391255282126,-0.02657528337141984,0.04519620211075589,0.1166299925898573,0.06425883348001164,-0.018978429054838142,0.03313991664617643,-0.03441976862246681,-0.04320481124579445,0.05912078732605518,-0.0022422022636313242,-0.06890643118144678,-0.1049978056153534,0.10195346370809191,-0.02224682527231732,-0.009219949807476566,-0.008624310436250884,-0.016479143370797263,0.053525514608871706,0.08550107234552838,-0.08755205235072097,0.22493016520146478,0.05466031322219919,-0.02402864056116378,-0.052430597356402306,-0.16005639397132937,-0.12972580355729335,0.43541519077305574,-0.041319699697751136,-0.04569271561346637,-0.009840283141764253,0.10280751323346365,-0.019725054193241564,-0.05275675242216534,0.008978231368800712,-0.0147343828457254,0.050912827064369656,-0.03338418111225675,0.06832331726312592,-0.049948203933117434,-0.00302886915103522,3.5083333333333333,4.683170222545122
58,-33.508779391308,-37.3287864333514,-39.7197058402564,5.80868574390808,-2.58729658483533,-3.75616939593579,-3.82289701088263,-9.15822087098775,-2.20991291044747,0.442411866182053,-5.65136985324535,-4.15875990886303,-0.630559137640169,-0.952301241132218,-1.23436608849151,-1.23897262163531,3.16980120777855,4.34214271293468,5.62471297552338,6.57216032171994,7.61080445238755,0.898831007927774,-5.54308486671976,1.05484244032816,5.00396829666478,7.91193911917624,3.65668326383519,0.0452939392207586,-3.54545542406017,-1.86164580860749,15.5379744501318,82.402190293742,55.2497026299988,49.6632392507353,1.79283078894091,-7.15767125080568,-6.60283194900222,-12.3828458573012,-10.3060953134547,-3.30816425061828,3.05993063976507,5.47177350987842,3.46622227060279,11.5396389772878,-0.13369647755806296,0.13035214710488027,-0.01631957148576413,-0.17395891753509024,0.06330715179209584,-0.04483037818339939,0.0008693723077746915,-0.036970199225081456,-0.04332625580455326,-0.02939854412146835,0.024733311979256753,0.011593726403326178,0.03358702306748933,0.04034778809375487,0.09561675243646592,0.1284481058312607,0.03106677626025401,-0.035885788773962535,-0.038690441274499936,-0.030448459280016063,-0.008444346622756872,0.016468506665712174,-0.022485235229137902,0.16520117773912812,-0.04511693729307139,-0.1922988254457446,-0.1045636281373931,-0.015660491729806374,0.1457624920187819,0.09659430381989106,-0.042143010735011685,0.39077548605261514,-0.5933975164653416,0.2823748153750384,-0.08731400174756147,0.01608645879934828,0.09868544990731505,-0.048165678836924845,0.008974548769574776,0.04133837087307104,0.014182347789609799,-0.12037091717291284,0.06802577640365154,0.00011667522667510955,2.9944444444444445,9.077014393165959
59,-46.3043285306976,-51.2804447370779,-55.0026492092162,3.14261503129531,1.54269516176146,0.297482108884613,-1.27551665793038,-10.6051522860523,-4.97397117659147,0.334891858588224,2.62960484668895,-0.774274305557749,-2.51273970092547,-2.50357743433464,-2.21238507450071,-1.51244983651329,3.03878329354507,5.07006829357973,7.07677880929975,8.61380740899406,10.5203677751187,3.67541715670271,-2.84973093072978,-1.69622185179097,0.215659133484813,3.88560140003125,4.37793645470138,5.55650457337582,7.01013286997745,9.23065243500842,18.6772785277501,55.2497026299988,102.323553320562,155.700847276272,126.352458803447,150.427454684322,123.946478009434,78.0076564027456,48.2063524052207,23.9732907638577,-2.84690153001437,6.66237815373622,-10.1307149561992,1.21047337451473,0.006495619076446899,-0.09445353344858821,0.0995065588352293,0.2102867793385135,-0.10991011720027367,0.34790190493267403,0.43929372949198364,0.02959232258485746,0.09519586119422606,-0.18062075550127954,-0.00215907920713257,0.06367116018985106,-0.2472127820042527,-0.07697228791453735,-0.023001800912342458,-0.040560945588696946,-0.022599188794264917,0.030196168515862733,0.00046281622844408093,0.009910962821903914,0.018311540647419976,0.03526447106400528,0.15722922108155132,-0.129640201516794,-0.09808586968538335,0.030572871709457033,0.1256008004663326,0.027856899995299736,-0.054886760189791724,-0.06141542210013868,-0.04560223372466225,-0.5923517086213896,2.1127274520506782,-1.2678351230126066,0.25307665543153,0.12007960560078351,-0.2820723688424892,0.0021892322565739745,0.09053090910704198,-0.10422542567335095,-0.04019645923456702,0.2082369356356186,-0.13942553373518773,0.0010026821032187863,5.432777777777777,10.115016229377092
60,-59.1253399992458,-65.2971390950097,-69.046483639328,4.15842095050494,5.90776604293782,6.17153295046554,3.31708065446353,-11.6091617416665,-6.46893268687742,0.311703915948897,10.4183754662211,1.77759020785231,-6.47125210622267,-5.87978853531163,-4.73691247356113,-3.03336973299441,2.29328690420472,5.68842048777505,8.63062120288781,10.9141433440391,13.8844234135993,5.7936703105959,-1.94311182703212,-4.15245942603897,-2.31881178862367,3.93441669653902,7.96618799024904,12.3693248583603,16.7588213320392,20.5196172147932,22.807918512489,49.6632392507353,155.700847276272,265.853117496807,253.16553520903,308.147009380672,254.407623498161,166.268823962409,103.3885695157,49.0657512258068,-10.016974288433,8.86972997874322,-22.9761121885554,-4.76695927329101,0.08645744616987233,-0.0501315869916243,-0.03251670232514951,-0.007962288139483836,-0.003121356531119319,-0.30274720027356405,-0.3922261719904066,0.12057649745822813,-0.09364855270972466,0.1587085616270992,-0.023359969735972635,-0.014145174589629888,0.18806501887379065,0.0432681643032842,-0.015831659594642326,-0.07805706116889592,-0.016276082439425923,-0.017893762338980764,-0.031874972529800004,-0.010930659442434387,0.011749126121012646,-0.036185231802443374,-0.12475230060929716,0.0910534896799292,0.04300893248626186,0.04076353598319357,-0.04588682397747905,-0.018786041000962254,-0.009179324903778185,0.04117929388930136,-0.010575131149143364,0.2815465659772326,-1.2664006477108178,0.9441869397825658,-0.22072949239603099,-0.12922369268662498,0.1801238412868565,0.05396320690070947,-0.0992347677403097,0.06947959039094802,-0.014246526756898286,-0.0830643942484713,0.0821532393642263,0.000523144825481191,8.007777777777779,16.30469617922417
62,-49.588547330076,-57.0151988018437,-60.2584464319241,1.19659552823585,3.23841219636995,3.26073483436668,1.34288988294114,-2.18503928594932,-9.4644159046748,3.0150527785398,27.860309260643,14.1444365714015,0.162723032712929,-3.45360898632729,-6.60267647642086,-9.47895215875679,-5.32685330812069,-2.29881294439549,0.247905462606737,2.43118748886589,5.15401245945632,-1.47284827643925,-7.90473791450783,-5.65842410152496,-1.08658807935389,5.66633437826132,11.0279101933892,16.4713450627272,22.0161546963445,27.1530664148551,4.94147095821744,1.79283078894091,126.352458803447,253.16553520903,376.639262132822,485.198035020021,397.758697626822,284.571444497955,188.564869186636,99.5346227345136,6.90305340508201,37.8310669212583,-7.12462813486039,8.8736831571655,-0.061624186418329154,0.02050167354202088,0.048892228266294545,-0.000701836138306883,-0.09706428540707264,0.14297561537557613,0.1616170526432266,-0.03939024905303441,-0.10824042274475057,0.139252806603739,-0.07008091626542462,0.11660861291427359,0.2144806750700857,-0.053183751494445486,-0.3451330461288465,-0.11275329196653082,-0.0007572056281148851,-0.14347221713155436,0.19346935290612494,-0.0017475798504438646,-0.13455213254188292,-0.04292751303540438,0.093600816221744,-0.3325120048264579,0.28766211112412643,-0.111886423542741,-0.021790383071403994,-0.019369661635810154,0.08831581562224583,-0.3036324182140507,0.10250523299452234,-0.08771240649466372,0.25405327319460475,-0.22102789827683994,0.602878797210259,-0.19084527261961376,-0.21978747156033945,0.009040985468869424,-0.07880195070787223,0.09388787241453148,0.04293060982218509,-0.18517458943007498,0.09982675572724928,-0.010326279357436557,7.132777777777777,19.406938504896193
63,-32.1851217720848,-40.1670535637529,-39.9340714478598,0.989881448647593,6.7633208398919,5.91868742677336,1.38411315920788,2.39271342400296,-13.8998843819737,7.88358310954597,45.2330436984886,26.1365311619268,5.73886726956198,-2.63146679274585,-10.4430373352802,-17.1838278200383,-12.2555624908127,-8.91489656349308,-5.90525719846539,-4.14889278073955,-1.7501687729664,-10.083894418342,-18.2682089330046,-13.4482323072895,-2.87633092027322,4.45045420906184,11.5144214387796,18.4413059926238,25.2368015447507,30.8601534304483,5.42561379683223,-7.15767125080568,150.427454684322,308.147009380672,485.198035020021,660.565933588761,533.940431767791,381.050005486936,249.724328718177,126.640846082008,-0.928986905605838,38.5825598447395,-21.9788768000014,3.04007054144627,-0.0017625147464895865,0.05018869450588344,-0.04185561128667693,-0.002545267340872575,0.08963642442957838,0.0627775348187114,0.12359369685244484,-0.12563491583329162,0.14388616198351714,-0.06868278104647858,0.05973970106202281,-0.1417631046690206,-0.16437633948916705,0.027505848424046277,0.13480945052247947,0.059893094630854744,0.08302002512696904,0.051861085220284986,-0.04407284996521723,0.04273713542560637,0.058156314734202096,0.011719974816217896,0.015786528640149834,0.2579289929154125,-0.2516614684927185,-0.008925619751489066,-0.007116080111943424,0.044794215275101225,0.05352507343755113,-0.019871465564735707,-0.019547518375024768,0.016548632080132374,0.11926306287816177,-0.12905954616440818,-0.19050162814109095,0.3646857884868906,-0.1584434500624547,-0.07115026885275026,0.10540593443267432,-0.12976034467842215,0.13420300371916039,0.037650518547577526,-0.07814211765920971,0.00521047758103125,8.46888888888889,25.701282722633927
64,9.52816252258035,8.69603257143927,14.1132084425133,2.60772384229813,8.86331086600377,9.2629008837335,3.67512916693828,2.87194098135573,-9.15457337910216,9.85787875479279,36.4700104393972,20.1937801252451,2.3768407605296,-4.22656070659673,-10.7033155279356,-16.4333936354382,-7.59244764530084,-4.28822968806339,-1.03825671102175,1.31780906801834,3.91076103460995,-5.07226091102129,-13.5801775399554,-12.5880345209278,-5.521450396066,1.12610428659118,8.08837847296383,14.7205694139548,21.5352133641433,25.332802185811,5.30690003743943,-6.60283194900222,123.946478009434,254.407623498161,397.758697626822,533.940431767791,450.017362707535,298.893949190774,193.804848091107,92.9926275540026,-9.30158592926499,25.3176787360455,-26.4486856481246,-1.28706756273085,-0.008012411262922915,-0.008750244411587702,-0.004083721949040402,-0.0563078375165391,0.05098522887921501,-0.05434714975736876,-0.17824399660311566,0.003790117643920859,-0.04074998021473433,-0.10602251703151477,0.012260296540466103,0.03400640065108057,-0.039414780925954025,0.04311030531894123,0.20047496662197348,0.23859940098502241,-0.033825866156021005,-0.024808354853360894,-0.07949892573807046,-0.056035747128486184,-0.018152058622868308,0.02169449546069065,-0.04528462959660847,-0.0485072605155265,0.02906833671572837,0.07919072815611716,0.05775890687828023,0.025351297133646738,-0.14864965073182812,0.25588049897942783,-0.053289927651588756,0.09763655107829261,-0.2812817751718934,0.18061003299526243,-0.22053841318445888,-0.15849377095515788,0.4501299996017865,-0.118750885063814,0.0258268106606992,0.10999966651240287,0.07206063302373683,-0.16908673344710903,0.03194730744306493,0.01698417291378665,5.572222222222222,21.213376975567446
65,-52.7029069516422,-54.9178275357634,-44.4701476251166,-9.12628593225076,6.01049880223516,6.03690545143169,-5.04551111385413,-3.14986156078118,-0.111094037474738,-19.6386249684509,4.94274965408961,7.91727726837644,8.31588800620023,12.8680718243509,16.2828809608595,21.1181170972068,6.01183402807597,-1.10149081395281,-8.67937386008661,-17.9220755622973,-28.4519340319682,-27.1923037811808,-25.2347708615824,-14.919076454037,-9.19898485322948,-4.4942538564259,1.14584948397561,5.73733210223972,9.97613717044442,8.71050594100148,-4.27161116808191,-12.3828458573012,78.0076564027456,166.268823962409,284.571444497955,381.050005486936,298.893949190774,683.285715647562,522.910421593807,347.528115918496,180.734196650607,111.813609551285,95.8405913983133,70.3348040057119,-0.15106492644223704,-0.007049091179319121,0.13184996961900222,-0.06792544771728548,-0.11999961303525973,-0.2300977989149693,0.009587502227946463,0.21904479655636144,-0.10069905207857302,0.1157206125924591,-0.03690428949963324,0.06541686615724078,0.030123208833335396,0.10137419774818521,-0.09189358050975183,-0.18501156827506748,-0.14430171884868406,0.142912301602082,0.07368086797049406,0.19190544207745744,-0.08000498522551659,-0.01828050669276023,-0.02080221954011756,0.004812839504895768,-0.04051553434339706,-0.055272576261850045,-0.05908654808778242,-0.09085460593557852,0.044342088897654786,0.016993684811571545,0.009477560791208968,-0.04750300090823552,0.0041917631165781875,0.05036717911715636,0.009626318493412372,-0.07111962322841835,-0.1197612830826894,0.8286651600487204,-0.4287502536677797,-1.0296248509513386,0.2288767609645508,0.3606069985401183,0.09182331119638505,-0.02990615166382598,10.409444444444444,26.13954314152337
66,-51.7586057556368,-54.5845086080924,-44.5109513009634,-7.58168287537958,8.25804054793397,8.81097427565042,-0.554555162273565,3.98613698212058,0.988615307354647,-17.2390806255497,1.20977545265841,8.61421464998679,13.4755452343126,16.0966429372138,15.871991873128,16.9971463010501,1.54816421095062,-4.95907279362291,-12.0423073120802,-20.7599829965273,-32.9288334748509,-28.8565689873861,-24.1835873903355,-9.41888360798263,-4.88255539738866,-1.42133602898316,3.19533832333718,6.26621088333594,9.0020056049954,6.3267724272863,-3.54872824276623,-10.3060953134547,48.2063524052207,103.3885695157,188.564869186636,249.724328718177,193.804848091107,522.910421593807,452.422846854067,340.488772697412,252.254971640146,229.307022155438,250.17921807557,155.868075203915,0.15441705639862674,-0.01117921273270197,-0.11454166477393812,0.007181978905435124,0.17272833521591244,0.11293800271020857,-0.05018494086055841,-0.18264421938975717,0.1727763154928937,-0.10759293360017416,0.01317772067659642,-0.028742630630722583,-0.07997098118932855,-0.32323384355530027,0.07368822518538591,0.23484948268885975,0.12467754066124527,-0.00838351945606888,-0.13294809857045273,-0.33008563135065716,0.3049082711208917,0.06296789296899231,-0.04024891423258753,0.06602477413487275,0.08146051325243649,0.06524065595523262,-0.03830491737583695,0.001757081858557929,0.06535900768147188,-0.011874268539673697,-0.013501334634163023,0.007852471047658119,0.09274971520847886,-0.09989221096506362,-0.07801127602311254,0.10550229439433646,0.025335188785818256,-0.4267449730651661,0.5116165345733312,0.1388730341537786,-0.07679795667251547,-0.06688261426956037,-0.06805455865779815,0.017272017571318955,9.833888888888888,21.269998750683254
67,-40.3977968003048,-41.0090621171556,-30.7690160955495,-1.76118920504523,12.9937919520241,11.5138008520756,2.82886348642047,5.16640266518587,2.6120648082569,-23.1512058013904,-10.8344526650281,-1.5641838206832,5.50024764071673,7.58339676653717,9.92455211283536,13.4858742691546,-4.0791218889745,-10.3748760571724,-17.1868093546945,-25.4304001148475,-33.3001178925388,-26.6092948119657,-19.4473715316318,-2.87138866175711,0.118650610613195,2.20464641150765,5.05177358292502,7.39909535923723,9.55462297712441,7.64597642583428,-0.387046336436524,-3.30816425061828,23.9732907638577,49.0657512258068,99.5346227345136,126.640846082008,92.9926275540026,347.528115918496,340.488772697412,336.503863606745,329.676181333469,357.140278773111,418.490749780264,251.840064579038,0.1451210047643718,0.05436864497150722,-0.16579365200303053,0.13444409547936723,-0.17945064435415978,0.15540990299939691,0.07246897248927105,0.007563440840420973,-0.07612187809664991,0.030852346827768884,0.015945944081299915,-0.04489470072220887,0.07242210748197668,0.2078753112211088,-0.0354235619748074,-0.4376206651028206,-0.011051539528615834,-0.07960593906163214,-0.0023665995956700537,0.12036190666337908,-0.179716810996504,-0.017263646524708593,0.06577902481424126,0.03295899945123087,0.00533016902013302,0.0394143392900653,0.12609362440911875,0.05912863654793689,-0.1940922754865838,-0.0652754231293722,0.05164723126999142,0.042798540394787074,-0.11744941282381961,0.08062227775404607,0.09771935295129369,-0.13434587136652046,0.11332662323962474,-1.0264374806394225,0.14104284449372104,2.6962503308243013,-1.4502834697858842,-0.2906865984385005,-0.001388016326201153,0.0027545905041467546,7.9944444444444445,18.34376906763562
68,-35.6647978507536,-35.7548827697187,-25.9530814388813,1.66403136951127,15.6735816309115,14.1195476734049,7.00489041086022,9.74002236080378,3.78740689591032,-24.5014741862382,-18.6058475764878,-5.94211722979989,4.62981302960242,5.4030421515687,6.67386203828114,9.09171637111792,-9.14516068868476,-14.9502650576253,-21.3468053869793,-29.1221342605381,-36.250067682584,-26.9102955319169,-17.1959377017934,3.0075549474271,4.90427071056809,5.90746950023039,7.30919612829815,8.31718625052422,9.18318599740503,6.86020770796979,1.31299127477191,3.05993063976507,-2.84690153001437,-10.016974288433,6.90305340508201,-0.928986905605838,-9.30158592926499,180.734196650607,252.254971640146,329.676181333469,402.657774526286,477.760700409054,576.979792822047,341.150423087778,0.06526871132426496,-0.10678793772082058,0.04325473146478819,0.11971631617406413,0.18539689152315247,0.2314471074421064,0.0067359940257453324,-0.16189498946956346,-0.15995503468598718,-0.004513048831577515,0.04047695008677865,-0.03903555380654704,0.02540542688691737,0.07594175780549399,0.09928385104258379,0.39126735738730606,0.1863690570066566,-0.2844344035975065,-0.0924209074220274,-0.030311869761809343,-0.05400910795334818,0.021953688094897686,0.1640599017557578,-0.2140830376105406,-0.01264122600728049,0.025461057240809104,0.11492845829266093,0.2128956992008024,0.015582379739419698,-0.10003534488291017,-0.03294029986891202,0.01587713619061098,-0.04707359991901282,-0.009080188593193428,0.037591619903764736,0.13250211066066192,0.07483342568300556,0.2319345818057086,-0.0788016644691707,-1.457971066223512,2.11133236803225,-0.6548350772430657,-0.17324405901333212,0.046882544930158136,7.066111111111111,20.06608518187555
69,-37.81752348967,-39.5603649900931,-28.350920574949,9.18453021842189,25.5495967376844,23.0441005266027,14.6482830325853,16.6719891341126,2.15403413291964,-21.514463327204,-13.2737862906834,-2.19846617063367,6.59304847491229,3.93197612531894,2.11590792331296,1.4520032660797,-17.0585391795305,-22.0990161550534,-27.7873825614052,-34.8731938554432,-40.9037145599412,-30.2917265794967,-19.3514048384846,6.41425500018306,10.0267343204015,12.2307637688825,14.5759202023522,16.404359047076,17.1229798204598,14.9420782355559,5.44098246924684,5.47177350987842,6.66237815373622,8.86972997874322,37.8310669212583,38.5825598447395,25.3176787360455,111.813609551285,229.307022155438,357.140278773111,477.760700409054,616.311054708473,742.361009253554,437.670687767794,0.155334955755036,0.06468201854408863,-0.1911369351770788,0.05900363150734589,0.19948734270821059,-0.23559408591689424,-0.02710708381051815,0.2983594072959004,0.39529645710327976,-0.10719882866353432,0.014722622123023818,-0.25732206521513157,-0.009907471187583769,-0.01970492557231065,-0.03065266246062197,-0.12546162588705534,0.014210182236834887,0.16563346866613685,0.066264499462588,0.03207389047948143,0.04338448583811602,0.0075593353907012694,-0.09587767404807482,0.15001335670447882,0.09964451623088519,-0.03610843935073728,-0.16552578436791818,-0.10039096502859235,-0.029349767195321542,0.18051927398839598,0.06776788475955887,-0.11874793328004596,0.2109353431884015,-0.08707110738032349,-0.186153803307643,0.04052721921910295,-0.17166965392805317,0.3631645236949043,-0.06851093231274535,-0.28735788910589594,-0.6615619922143232,1.5596403619195314,-0.7115908908703372,-0.029538098886114056,7.317777777777778,24.825411471080866
70,-44.0970218070455,-45.6093193052118,-32.3013043961893,14.2453978716194,34.858532516454,30.3904333368947,19.8646444026401,22.159753717012,5.81473570118687,-24.5436244581361,-18.1585724415997,-3.74783010122975,8.16525541052769,5.67900241898776,4.34495747179705,4.15457777674195,-19.5810995895392,-26.491326457373,-34.2169748217512,-43.3039352264852,-50.9593584055597,-36.0725415312607,-20.8648176985974,9.22328250163428,13.023917844353,15.0746263458965,17.8214144177332,19.8963252244013,19.8987447542832,16.4741187940639,7.82885778425681,3.46622227060279,-10.1307149561992,-22.9761121885554,-7.12462813486039,-21.9788768000014,-26.4486856481246,95.8405913983133,250.17921807557,418.490749780264,576.979792822047,742.361009253554,906.442039901069,531.268906865088,-0.2799482308140269,-0.006428873753502169,0.23811131492337448,-0.2128774302691377,-0.2663635388875692,-0.06553935464107231,-0.0073844076854954616,-0.12177076071317493,-0.22838527588927687,0.13222205270463605,-0.044187920800301324,0.25910932797879127,-0.024764950456229822,-0.061469846749785534,-0.0517319722932104,-0.04873619138757224,-0.1583927755776724,0.11973211205162392,0.044987727120595976,0.026021610488325377,0.024740315722032898,-0.010719585428685867,-0.04689043864934772,-0.04104808141216064,-0.1081415029720234,-0.014574415827175665,0.026254885843272978,-0.05241012265741025,0.04998706220794932,-0.06877963647290851,-0.05043029076005061,0.06845457320633085,-0.1394062785958102,0.08157759474516013,0.10068188036054611,-0.07864330789833497,0.032297486806111754,0.0912478657708884,-0.06791217174886797,-0.006861182187241174,-0.1719046693677515,-0.7137049852891912,0.7735029548677806,-0.04124772344319025,7.378686868686869,30.107009813348593
71,-55.3084317131817,-55.321265176584,-42.9132047886576,-9.67970282812962,6.11904188187992,9.02557119269061,8.84550391693047,12.2094512398466,17.436444459877,-14.7772036318714,-11.8106989205974,-4.52805502598907,0.816904281885722,-5.28387082796452,-10.5860660076631,-15.0524637229811,-5.80090133488344,-8.41838745701074,-11.5507497702916,-15.6725860706893,-18.8336631726415,-15.8409498736475,-12.543907644396,-8.31798698280153,-1.35196573918206,4.53094510611856,9.90466180023997,14.7066766818794,17.8693472124063,19.3627803827597,9.73308273043946,11.5396389772878,1.21047337451473,-4.76695927329101,8.8736831571655,3.04007054144627,-1.28706756273085,70.3348040057119,155.868075203915,251.840064579038,341.150423087778,437.670687767794,531.268906865088,638.712832713175,0.04493986902792808,-0.0048012892727838825,-0.029333521168457558,0.03503703712834858,0.02043701501635903,0.023671981944327614,-0.0068798188863164016,-0.0005513106015483224,-0.024311708885476287,-0.009555124063179545,0.005274800459816354,-0.007460130701221621,-0.01996488254875756,0.012348703597477188,0.03528610712343174,0.04897100007575034,0.007912890307367419,-0.028470015264356118,-0.024617785354485815,-0.008209964988768468,-0.0008668938750614728,-0.004267721365252418,0.010324031534885609,0.02781543580906104,0.008267483863125211,0.014770848313591581,0.002536220463837993,-0.016340245160457127,0.015168238655387434,-0.005442017539800466,-0.0029322420669711906,6.886272094225296e-05,0.0010176831263043206,0.0006488745344853215,-0.010639071060547553,0.005222210069103242,0.017182298713413074,-0.029929577105855924,0.017404948169431483,0.003042243179501022,0.04715914614103051,-0.029061788646974746,-0.04133310049354844,0.06563357428732602,5.110416065416065,25.272570757902233
