,Cov_0,Cov_1,Cov_2,Cov_3,Cov_4,Cov_5,Cov_6,Cov_7,Cov_8,Cov_9,Cov_10,Cov_11,Cov_12,Cov_13,Cov_14,Cov_15,Cov_16,Cov_18,Cov_40,Cov_41,Cov_42,Cov_43,Cov_44,Cov_45,Cov_47,Cov_48,Cov_49,Cov_50,Cov_51,Cov_53,Cov_54,Cov_55,Cov_58,Cov_59,Cov_60,Cov_61,Cov_62,Cov_63,Cov_64,Cov_65,Cov_66,Cov_67,Cov_68,Cov_70,Cov_71,C_0,C_1,C_2,C_3,C_4,C_5,C_6,C_7,C_8,C_9,C_10,C_11,C_12,C_13,C_14,C_15,C_16,C_18,C_40,C_41,C_42,C_43,C_44,C_45,C_47,C_48,C_49,C_50,C_51,C_53,C_54,C_55,C_58,C_59,C_60,C_61,C_62,C_63,C_64,C_65,C_66,C_67,C_68,C_70,C_71,Mean,Std
0,72.3818719684234,66.1606476953731,53.5799469943121,39.4597568168505,25.7574311005139,14.6599263226691,15.1200873926611,15.5940771289797,16.7714075315025,15.9811014056799,13.4418173689509,22.4181541570761,22.3771058951926,20.7050837705295,17.0480125651459,13.9588429198182,10.6725534905731,8.27008168361284,6.04801987976529,5.9016451354965,5.34566113686165,4.84649749867479,1.25903091346836,-2.03926509417397,-3.84645589244719,-5.33395767079131,-4.28046472866166,-1.54572558009025,4.27560660118731,9.63565591266319,11.0219272105656,11.3110898524057,-2.06573230344722,-15.4929069203927,-9.14814330109299,-1.99601410732137,5.23303526868299,5.17189309794718,4.94244729511407,5.00585252902938,4.5213384550838,3.4443390077913,2.34894201416665,1.93361340509693,0.419945598023925,1.5666085153822962,-1.3793510159689792,-0.21548297767417635,-0.213793457988138,0.07447972079288598,0.1799531973083028,0.13928709675691547,0.15098294753272237,-0.07154775525852125,-0.02279898091281364,0.040082310905286,0.25266331782469237,-0.11644464878606381,-0.14917300878827836,-0.15340531352307638,-0.1298495234690185,0.06301391459500473,0.09750084472858218,0.08856001871578734,0.019673814327097514,-0.0035036760636630846,-0.13931232347648848,-0.05644874229810826,-0.005980967481722657,0.18892476064431035,0.14130694293377366,0.07456371018245961,-0.06262641470889325,-0.019187793168552823,0.060769484184759526,0.3013254598081142,-0.3241448345878506,0.2470004268961091,0.0891637097689457,-0.13271061395768272,-0.20897913213110475,0.027555238279299097,0.04012966122105515,0.004774724937736519,-0.061379313415956045,0.033150905329028375,0.004757609617536406,-0.0969750997277597,0.06315867787024637,0.022450610089956205,0.800753968253968,8.507165918707791
1,66.1606476953731,62.7665157247765,52.6781366091711,40.4607916440187,28.794189869899,19.2582156630442,20.4393472602989,21.6350264686775,22.6180711223151,21.395361212146,16.5618342976226,23.319216618673,23.5545491407264,21.4772890662154,17.9008580693315,14.7573021282993,11.4276135580912,9.04036659160506,6.37763353463478,5.95075060691254,5.17189237224372,4.09747808243875,1.51625883394126,-0.838839289618526,-1.56164845505157,-2.06819943620523,-0.952581094948441,1.43175677363897,7.11411301944238,12.8836222454868,12.4276426493198,10.6741816540212,-3.47210066536788,-16.4374302872396,-10.2682364190033,-2.80841738901114,4.96390521582153,5.91124821069504,6.77145297153973,7.14745104475088,6.71552059178179,5.77379847409151,4.95985540947122,5.45613791880883,4.48432486051228,-1.3813049493474854,2.6213131866073613,-1.0711076952993424,-0.311547788030733,-0.027310423555443927,0.37697928441301753,0.03382216263061604,-0.26154457965291894,-0.05015052428575894,2.3677385902523855e-05,0.08679138741474221,-0.27107973444231737,0.057656559595026885,0.11632790077045775,0.14630165404579626,0.020659215389062232,-0.06356334839836215,-0.01977098008902462,-0.11572436315257391,-0.03716814633208603,0.00902562519792863,0.1907767187350897,0.016404489427899974,-0.0905477591945845,-0.007993879981445958,0.03534096715139792,0.010816633976132566,-0.014660333957547986,-0.12394129618908599,0.12320945333534719,-0.17012922472342923,0.0949113832650752,-0.08871743185026902,-0.06413307446266574,0.12657245953108232,0.005652394667191675,-0.057132191813116455,-0.012429216886364294,0.10172345124233852,0.04132566222919677,-0.13767470090372028,-0.022811187799212616,0.05797719097201704,-0.06998875419710397,0.004469824434751545,0.7974999999999999,7.921901017102933
2,53.5799469943121,52.6781366091711,46.4601699420509,37.4713318873142,29.1445937819826,22.4652609158305,23.9479744164483,25.4507934398,26.3341599791173,24.6563013579581,18.3810824539147,22.4833719224429,23.0414556789989,20.6917238735364,17.3107195188198,14.1630962751264,10.8073345523391,8.27281181712949,4.85634336814327,4.92387329285036,4.70278278913128,3.94919311200504,2.23839334543465,0.631880800698131,0.765808174586442,0.983590634464184,1.9090204916111,3.51306106405412,8.55134535646556,14.3925056170271,12.0227408382453,8.57507025780447,-4.93633325613369,-15.2910367670268,-9.77213349795745,-2.95542665485219,4.23882920213914,6.22731648439204,8.22905955908375,8.70783463400354,8.36736004223832,7.58518166268563,7.09889362260137,8.45843198516354,8.27544208586578,-0.21272884875648077,-1.0702696593009446,2.577889222939338,-1.0021102462521618,-0.32438197630628557,-0.13357324877123272,-0.03404339130342773,0.11377125154035318,0.04384742564879664,0.07111874656775348,-0.12469739121649602,-0.14638284905299082,0.1871450794667783,-0.16934568247061568,0.06932141607398337,0.05956118301541121,-0.007601997620406588,-0.07307728930360875,-0.02612234464997214,0.005140068809790697,0.0723561739843834,0.05909741993620075,0.014885942105321029,-0.1434679040524196,-0.23261256438561548,-0.01794833077970756,0.08935606078469177,0.04217124337668998,-0.00961444115257305,-0.1190030282975995,-0.059571299799583366,0.11776947900007456,-0.10408553862919045,-0.007688770242765821,-0.03179148287482373,0.2132417405667094,0.08610426046004989,-0.05513546352837672,-0.10419294673502028,0.08791608710938323,0.026562533508629613,0.015497043178510299,0.07145378464774282,-0.01931192988051102,-0.004393742292340752,0.49595238095238087,6.815436152004573
3,39.4597568168505,40.4607916440187,37.4713318873142,32.2209413211006,27.2771708216716,23.5083820467308,25.258148880753,27.0241255454873,27.7823346872692,25.6030431704077,17.5539064773756,18.9768146351301,19.928004306304,17.5049933343701,14.4941138310639,11.5826284043008,8.46874628450363,6.20726725360296,2.56349136888751,3.21220641484999,3.62714771849288,3.21335499217796,2.17592243623285,1.19131166058153,1.90327616676988,2.55828508902977,3.12094183133668,3.92612881997144,7.78164572932693,13.0476126883971,9.79161891469252,5.75991171910091,-5.61766453370136,-13.5638859870381,-9.09544905204155,-3.20426198074358,3.19466931661007,6.14827889730771,9.19872387692046,9.87801583505937,9.57198289195054,8.9625865180305,8.74638155396179,10.2475089905562,10.2733140873617,-0.21170817929114208,-0.3136446586457803,-1.0086351689225144,3.377081205236965,-1.3046296717919013,-0.5562513033663588,-0.1600800295263739,0.12120687232517445,0.09047826357842766,-0.07413587774420057,0.005813378700000166,0.013911006305143721,-0.028949295121829303,0.06341466261552654,0.059301183622191264,0.22626851613397148,-0.10308409324743922,-0.14192917410990843,0.0026355078616897044,-0.0036518400530302555,0.008616342005215117,-0.029319052778818244,0.03237531730762206,0.11521977067552533,-0.016507018563928822,-0.055631149202233006,-0.13829761593837117,0.06457232384501584,0.12380823330109045,-0.10073660047330978,0.014164058688677997,-0.03466936101420159,-0.1332129552009702,0.1245677080664197,-0.0010436907885303366,0.036749637999309054,-0.052321933141219204,-0.029409431682064915,-0.032456631176469464,0.028785940686078256,0.01896511994584496,0.014420777530047717,0.009696707264859996,-0.038981332870676115,0.0454368826866614,0.41285714285714287,5.675468379006319
4,25.7574311005139,28.794189869899,29.1445937819826,27.2771708216716,25.9743903911927,25.3053137418403,27.5922898124641,29.8870772035938,30.8066791545761,27.9894998557118,18.6714747887181,17.5232047736857,18.8573489689644,16.2909903164913,13.5275923546614,10.6851169363457,7.39015094834794,4.85229739284596,0.306267238068832,1.60499514986787,2.72796115310036,2.7908290137628,2.39174680188938,1.95354719319472,3.23470865203521,4.43702174142854,4.86683536148322,4.99779075630483,8.02013106192337,12.9005457739184,8.16228974854881,2.64562420150663,-7.10293662505339,-11.962019761768,-8.45615357335382,-3.60388544316826,1.82944523569419,5.93983297355826,10.2740120871478,11.155490594362,11.0467098180216,10.6728077209658,10.8244930419575,13.0049136104259,13.7089611092837,0.0673351077555905,-0.02828982145987386,-0.32279924412781863,-1.3033094746000509,3.377409508070693,-1.2383843396709422,-0.4386910856847822,0.011105263345461745,0.006107590449538134,-0.028286946496104224,0.06991805013627997,-0.00198797111565272,-0.2293761773815541,0.5020193257886297,0.06453364669580221,-0.08478583679406235,-0.09983052915603781,-0.022409146994106698,0.021598833405190535,0.010480083785814965,0.0425661678736954,-0.24580591000976632,0.045440876164866355,0.35248356477958337,0.018444139394862107,-0.1305585362457051,-0.16196137701096222,-0.008312316143700114,0.03280821009042673,-0.025633312488362318,-0.15998186851179275,0.12486127610101418,-0.05838977113258755,-0.04922917748272319,-0.005248109590977421,0.1298104526016281,-0.03326810621890342,-0.10321427136710465,-0.0293344612609449,0.022365797239344242,0.14225721932557805,0.02229757081590407,-0.05872871512701615,-0.016627542174453513,-0.06209288686257943,0.12216931216931239,5.095526507750957
5,14.6599263226691,19.2582156630442,22.4652609158305,23.5083820467308,25.3053137418403,28.0462799490592,31.0856304999193,34.1454051577343,35.3507895864291,31.864846262888,21.5843265241749,18.2826556932371,20.1795349920016,17.6494575152549,14.6409148537853,11.3908469391843,7.42636443196417,4.13923281195294,-1.76779922256259,0.0298824398848849,1.70900791869466,2.12647552325829,2.17608554640796,2.09772371143958,3.79452386827843,5.42448229637178,5.61494405231501,4.99365360268654,7.54947076200775,12.3799616330232,5.84666778753614,-1.4618449916814,-9.7086468168544,-11.6223316116485,-8.70111593505472,-4.24916056317502,0.751110968425085,6.22511682197392,11.9996062617287,13.27468021956,13.3277741370322,12.7945563274436,12.9068676617416,15.3569225231189,16.4061691357557,0.18250948117396232,0.3808934554921206,-0.13417129322383795,-0.5564341700830192,-1.2388311532045468,3.00474910366546,-1.598390422844596,0.09102446561806422,0.12679295655408318,0.06655128626887964,-0.024592414036814798,0.14793431911827104,0.06980612450807575,-0.32509348240594527,-0.1722969981179157,-0.06825835679892583,0.15775947198644702,0.21875656238369587,0.07052834887618442,-0.011973751308692928,-0.11762863669233219,-0.03507778188697452,0.10522806494743682,-0.004841537190230569,-0.054947176640498564,-0.0946494740026986,0.13061201049652496,0.044999207532310806,0.0816282711505512,-0.07436286435945129,0.04100224907660142,0.020496738432225152,0.17757566914267506,-0.027324661437067042,-0.13442491363804904,-0.0018793215993070536,-0.11936297695194427,0.1164574714185563,0.07303800613464854,-0.120643991218822,-0.08697697602868709,0.00853586257510152,-0.0004866951987924765,0.01739344030052721,-0.0016073932319758042,-0.11648148148148148,5.294929645336114
6,15.1200873926611,20.4393472602989,23.9479744164483,25.258148880753,27.5922898124641,31.0856304999193,35.597714973516,40.0313260820653,42.0750922076458,38.6445066840932,25.189597314733,21.2250627187805,23.201486580486,20.6700508934991,17.3833419709029,13.7193814404845,9.159481206461,5.30934282736761,-1.57454248750758,0.402812288763123,2.29853204915217,2.58600528159946,2.64251516203348,2.56633595215259,4.32569353129082,6.04720197382473,6.24679880427795,5.33787847828848,7.94777787377415,13.078328156078,5.43335456293093,-2.38365117940118,-10.9579861937206,-13.1885648931672,-10.3639203584175,-5.60182256261485,-0.269569879738296,5.98869351849895,12.6788346679377,14.1653873474962,14.233214744622,13.528698223948,13.4973265703721,16.1696777536609,17.6356982182805,0.13686174306548388,0.03255096420878485,-0.034742562222810934,-0.16365830375560345,-0.44722901292732337,-1.5932498041507241,4.383655755903973,-1.688588638546029,-0.4823225448501119,0.02276215790856402,0.0031727604511712646,0.0014538020608960828,0.0036189233080159903,-0.05596332618486125,-0.03780621032305659,-0.03154041888417474,0.029786290249150946,0.04967311491440112,0.02164649529268941,-0.0020848472403988687,-0.017575781462075373,0.06595406570724317,0.016214056744794886,-0.0033304259969614697,-0.019741227892426296,-0.07275210181967579,0.045682472445217136,0.07115309567500432,0.02114307419086153,-0.04999888154885956,0.01857160677228275,-0.01215458099219187,0.03298902107048082,-0.017844777584351747,0.028793669386311536,-0.02701758637359862,-0.025335522646222776,0.0183857723691695,0.03647879125612388,-0.036757941114291585,-0.08387231782690498,-0.016098216671743003,0.0025200539189399315,0.02243586682408375,0.003131962677809034,-0.07457671957671937,5.965543979681653
7,15.5940771289797,21.6350264686775,25.4507934398,27.0241255454873,29.8870772035938,34.1454051577343,40.0313260820653,45.9230803091777,48.7932392147776,45.3995005732463,28.7852733682003,24.148354646235,26.0284295664247,23.4800132423903,19.8845891815448,15.7729759545301,10.57679721262,6.13229353311037,-1.33609071055017,0.798911329096635,2.89008526273682,3.02584205957743,3.06440554174203,2.9598574595562,4.74558267993743,6.51790157430983,6.69247268605071,5.60100735362124,8.37182945647803,13.9232560476816,5.07682763938501,-3.35631018909178,-12.4246912917782,-14.9062364810684,-12.0780232589168,-6.89117565723735,-1.12254005901766,5.21864350684652,12.124918456304,13.8470940701194,13.9782075094545,13.1539081239244,13.0468609316944,16.0154847181248,17.9729927074283,0.1556538436710955,-0.26588717368556575,0.11452872330173434,0.11934482008590208,0.010190730674921874,0.08675480203730349,-1.6930168107491308,2.678418535433505,-1.1726726168880528,-0.029031821385542597,0.06959992402102412,-0.11115893126175799,0.022485496212050787,0.05912463972110317,0.013776204514871302,-0.011302491078733636,0.002748907842496147,-0.008818564398108172,-0.07688673433673514,-0.02047349135677253,-0.0038406822261507195,0.2012122374788689,-0.0094109199611301,-0.056444862232716726,-0.005453733048256847,-0.019377705769083486,0.027896392661474846,0.1459824367832824,-0.10396006254273599,-0.06538234847325534,0.07032086257263538,-0.08581821582230663,-0.02104370441156565,-0.04138982257417057,0.210762854213644,-0.16486292374964107,-0.010268977927776849,0.013999723417231111,0.09412038833318176,-0.016172889459299355,-0.1500445718089798,-0.028482721289010374,0.023457962060274718,0.04729031242308544,-0.004180967658767319,-0.046560846560846456,6.775919148660035
8,16.7714075315025,22.6180711223151,26.3341599791173,27.7823346872692,30.8066791545761,35.3507895864291,42.0750922076458,48.7932392147776,53.2262462501433,50.6291512349323,31.2945929835317,26.5967359871834,27.6952523157212,24.9601817106648,20.9735051989143,16.3558056349601,10.5738213784441,5.61949041074181,-2.14809015459147,1.14318643147456,4.41390003534277,5.29305527061898,4.63744096273965,3.86386645719246,5.06767554389367,6.31092748451924,6.39681341084171,5.20198176180769,7.88632439751939,13.350229955954,3.93466778580807,-3.91256253143809,-11.9317613653183,-13.7581964674553,-10.9038586818326,-6.67343999745539,-1.86371707539652,3.6256266324953,9.82942235546601,11.1948075874684,11.5987803627186,10.9674630028985,11.0939244832938,14.7863651462109,17.7945650892913,-0.06833417358469293,-0.05060200531727773,0.04441042659222959,0.09253559120683477,0.012321937000640718,0.1248344444234038,-0.4829114258191191,-1.1745474588092362,1.6917956464047212,-0.21947070582143213,-0.18345295445791715,0.16072560295113827,-0.05488095304382336,-0.07081083627353904,0.04686461515436476,-0.01936139775005396,0.01821372414989736,-0.0872492375923798,0.08841279642844713,0.004545575358756051,-0.0598973863377777,-0.046559264455754056,-0.22211083382540403,-0.037687731877669405,0.12489084073882387,0.12744383216028463,-0.013325369456344991,-0.25182232830850115,0.1789649872538241,0.016887054796246224,0.05061626772125633,0.06637067074290359,-0.009109884556740604,-0.026460390133909852,0.018518501568330296,-0.025367713524489032,0.14341381718010615,0.06786293567317604,-0.14096065712331685,0.11116332890457419,0.20941920978293574,-0.04045555703033879,-0.07231503388356336,-0.00985356120103317,-0.013638488832610405,0.24458633958633957,7.294946624214825
9,15.9811014056799,21.395361212146,24.6563013579581,25.6030431704077,27.9894998557118,31.864846262888,38.6445066840932,45.3995005732463,50.6291512349323,63.7907765346487,38.9066254191498,32.5991890129557,33.3106974587785,30.1095076198117,25.2840438419477,19.7488687905146,12.7251479984607,6.57474453094459,-2.54614328115999,2.32572136323402,7.25105689480382,9.69586786771947,9.31996077961433,9.40494224577959,11.6873223665026,14.0528490970831,15.2842243623534,14.7861286066754,17.9205406888732,19.6840167480368,11.3696656899967,4.87760780580755,-5.25518421131903,-10.174848289867,-4.65072974056369,-0.165333326287593,4.52041887007422,9.93288544881933,15.7884014857643,16.5593092768823,16.4009399219322,14.6258657912917,13.6176286949246,16.5383644279311,21.2293834553348,-0.02232693149960883,0.000985974504881266,0.07320931723879406,-0.07318070524461624,-0.02816106865413807,0.06699083805618096,0.023589801985832628,-0.02951750949061367,-0.21944188155618435,0.42089862898101954,-0.22519945619457535,0.0499231485058018,-0.016047781262168326,0.004651597938181142,-0.10551753476010219,0.022841599839036063,0.02844460456942858,0.08148774395895055,0.04123147868168349,-0.01746274203353802,-0.04594738284791219,-0.04621353345200538,0.1385137896443447,-0.05058115496371954,-0.16735963002276727,-0.02436235589160112,-0.01910330379927486,-0.0009191939978370969,-0.036188160374320405,0.08632486498722064,-0.05673455634663348,0.043804085838629644,-0.1173874422252699,0.07125060995684708,-0.03709350225577004,0.1370614163149244,-0.0026867396157643996,-0.02961485979641259,0.004364913883492296,-0.1462264143068881,0.031226879149577984,0.1505035873179288,0.0003594605677740133,0.020710990533734343,-0.007224871825468833,0.0825589225589224,7.986286780140611
10,13.4418173689509,16.5618342976226,18.3810824539147,17.5539064773756,18.6714747887181,21.5843265241749,25.189597314733,28.7852733682003,31.2945929835317,38.9066254191498,40.0761391768038,32.3463827847457,31.589440731455,29.3213866886553,25.4401527692121,20.7976398639542,14.891039421008,9.69166271196414,2.21605392521516,1.86942417983332,1.53666310867596,1.56589153757231,0.65728741549545,-0.187965648823836,2.19454097645851,5.65952933424711,8.50602336326583,10.1675099148232,15.7046156212773,19.81831387335,14.315728779615,2.07140273631151,-10.4874375154667,-7.89312850973152,-0.993398552437154,3.73419398215644,7.69425301166418,11.2285219590375,14.9574015934591,14.7945778742116,14.3084823094237,11.9188256066826,10.0456271714727,12.9700643308416,17.7320087307347,0.03535555202739368,0.08335590961534083,-0.12906004189050954,0.005420967388311698,0.07025673433807227,-0.02307776143860534,0.002014137739614863,0.06888589336986845,-0.18481754793704927,-0.22443179474497083,0.8367280141368616,-0.41792423841710324,0.12776507885949526,-0.04465368761434576,0.04655773952326201,-0.059237915821403794,0.06775241923680242,-0.0822956972006397,-0.16271214349673152,0.08488050557901496,0.24255499148082346,-0.057770364666478724,0.016733574428474993,0.052439164049945745,0.14953832200703157,0.0728548886215064,-0.04612841690824132,0.059622742476682124,-0.11089030981196588,-0.03000484026927864,-0.048667826545149916,-0.08526997968525286,0.26248220906584646,0.04606857201205684,-0.29912292878158453,-0.07952306295790137,-0.03548725403673961,0.0012408390510299538,-0.0152474499248578,0.158157851663589,-0.17436968032172034,-0.17857994448985334,0.14434831246445487,0.026700166741014265,-0.03855251342442683,1.1729521404521401,6.32978192174136
11,22.4181541570761,23.319216618673,22.4833719224429,18.9768146351301,17.5232047736857,18.2826556932371,21.2250627187805,24.148354646235,26.5967359871834,32.5991890129557,32.3463827847457,39.6912017869646,40.3340800725559,37.610235700374,33.0634021418935,27.6178332597183,20.9235735742913,14.7780948802303,6.77766452639777,8.15202632435489,9.67941962979029,10.0352959176459,7.17338733991456,4.05988740227656,5.04291640862718,7.12740695110995,8.62622208408647,9.14901613326136,13.6927890402223,16.9040714864436,12.359506631053,3.08021113555386,-5.66332608771175,-9.81693297701618,-3.83255472224933,3.90947984093685,10.5114405826644,12.3293820808051,14.1739751838841,12.8349499613181,12.5357494039662,10.9844773190117,9.70509357056681,12.918073614219,16.3572996997112,0.2595745078962222,-0.26958849233989157,-0.1450160786020172,0.016866303415688382,-0.002527110942176969,0.14727141008682268,0.001850479487033557,-0.11135753176987047,0.16035176201993145,0.04966820421930158,-0.41595819456900845,1.0092056576357165,-0.43496733985708047,-0.02485277280421613,-0.05901955233481818,-0.19509834974837761,0.01584593662032915,0.15949445498961384,0.27799206738924315,-0.05967328027943733,-0.5541912595327447,0.0014162533270234432,0.07817530850273552,0.24731886232993297,0.02605927656678354,-0.1751701252193877,-0.005980432864129802,0.1865193820279407,-0.16081613025060063,-0.031425654919568176,0.22797902681329718,-0.015043308952347763,-0.02465969111584278,0.016379717193412226,0.045794625415606124,0.01030800760493335,0.0013383830881505074,-0.0610503790772357,-0.024467389144682133,-0.11343557310942826,0.13532076850830527,0.04699008674192204,0.1262009888994201,-0.040411898558882074,-0.03789387345675611,1.9229683742183743,6.299301690422884
12,22.3771058951926,23.5545491407264,23.0414556789989,19.928004306304,18.8573489689644,20.1795349920016,23.201486580486,26.0284295664247,27.6952523157212,33.3106974587785,31.589440731455,40.3340800725559,54.7081997167562,50.2058521026168,43.7153671515174,36.0851866718248,29.1095304213818,22.3691869397729,10.3718216644752,9.82575077203017,9.38560880359822,10.3201175730246,8.74592497565541,6.55700059321225,8.58216137338275,11.6658804292781,14.6036766426501,15.9150765726332,21.2451698837543,25.65362448291,24.2372966299023,11.6789427523202,2.55898658787115,-6.60498539584933,-2.99325321031457,3.75931361679401,8.95734908226631,17.8029512237007,26.817001476319,26.8628280267044,27.6772599143494,26.5732283549368,25.5332188011276,27.3082348160836,27.4493703727885,-0.12195495020501014,0.0565854024392384,0.1840759545467741,-0.02813929481940932,-0.2304622728885838,0.0707329906104503,0.004719405175004091,0.02242132294668511,-0.05830638888307341,-0.01740538339243903,0.13095092972460184,-0.43546390157613607,1.3484063936212582,-1.077327433061824,-0.21110415440690086,0.465586094241028,0.04322878749759322,-0.10582515829354626,-0.09435323144605104,0.05973924250701102,0.2816345484071618,-0.16049473681784973,-0.07217032489555511,0.032242332512830596,0.027329289730059353,-0.037453364521712794,-0.08628314962088444,0.07628220664830855,-0.040127881521183704,-0.04671013617043671,-0.2045223293078874,0.13814568207030617,-0.056374813300138084,-0.015146147106501898,0.04323128099863404,-0.03862154030562186,0.09282920088091191,-0.037681683551781295,-0.062072063323660755,0.22995489555030824,0.024799107322016612,-0.05681493347203836,-0.2949779688662972,0.0656578023342605,0.06017080265526621,2.2383615921115925,7.395823126383987
13,20.7050837705295,21.4772890662154,20.6917238735364,17.5049933343701,16.2909903164913,17.6494575152549,20.6700508934991,23.4800132423903,24.9601817106648,30.1095076198117,29.3213866886553,37.610235700374,50.2058521026168,48.7396652761542,44.7341189004012,39.1485910853847,32.9717457167327,26.2164402825437,13.9287350629836,11.7224499895981,9.67533843528705,9.19924525579237,7.63902308456131,5.63499693086745,7.85260741299038,10.9661252035786,13.2587596722142,13.3174150722608,16.8560345753436,20.8071368891775,19.8845463426832,8.51984140267445,1.29928568807286,-6.90532229005666,-3.78399677659688,3.23919206779844,8.72776911836265,18.0785916642953,27.5772809201714,27.6198781259054,27.6725377979359,25.6882024342248,23.7298827606375,25.1739391688113,25.5697020186236,-0.14678526437062306,0.1140119662751449,-0.16973080670776772,0.06147584021541067,0.494443615557118,-0.318066176349588,-0.050772299184865595,0.05872527442742198,-0.0681939392324202,0.008025624526231087,-0.04933966947893587,-0.022903784728936418,-1.081315983255818,2.4895110712485615,-1.490635849520968,0.06881864924133811,0.12950616981802843,0.01199855360363094,-0.032429470749316916,-0.018164140444540833,-0.050374812273319,0.11168896460984146,0.007142800179249582,-0.054404721751828866,0.000596879732689556,0.022888647253989758,0.035643960461232534,-0.14276032431565433,0.039423728433257504,-0.005386155516949243,0.051246558437126055,-0.013416033414897685,-0.02755818262512677,-0.0475290534611843,0.03880195627222172,0.05391936871085312,-0.07551114461007925,-0.006116071628982394,0.030412151568600422,-0.015924484160403353,-0.1586115424971205,-0.005463199152144155,0.14038628583012916,-0.1036423905043589,0.10208118860278426,1.1587548100048095,6.980663670178806
14,17.0480125651459,17.9008580693315,17.3107195188198,14.4941138310639,13.5275923546614,14.6409148537853,17.3833419709029,19.8845891815448,20.9735051989143,25.2840438419477,25.4401527692121,33.0634021418935,43.7153671515174,44.7341189004012,43.8441977357795,40.8060303478871,35.8919630485068,29.5632560163661,17.2880215636255,13.6467343162313,10.2176095815531,8.5710090389055,7.12768150399598,5.3892374894264,7.81967207463485,10.9408034433654,12.6793626889202,11.5039654541077,13.1341272767315,16.6753301007063,16.4507890266729,6.16001504995997,0.403763440678129,-6.78558587792316,-4.28259526681146,2.66745964921918,8.16763332288027,18.0477006665697,28.1213852307363,27.9998999605695,27.3158889185364,24.9208182235931,22.5342424366177,24.135634234831,25.0772337935935,-0.15814970611788423,0.1513466223750632,0.07800013983611248,0.062094752907357206,0.06446113418153342,-0.17281394970698513,-0.037070705671404,0.011154632251512827,0.04100770028375647,-0.10043398023861783,0.04022651822040792,-0.05769094777350695,-0.2078563043403167,-1.492894086408795,3.6253549083187666,-1.403899344661599,-0.4987277368503568,-0.09357730221592875,0.003215179024736019,-0.02435177454050128,0.004242130508365552,0.06036694349502827,0.01927544867536114,-0.022060026725838587,-0.0009237933487591035,-0.002030185489403672,0.15955053371722192,-0.001598695567798752,0.06048351125667875,-0.0066131234027600695,-0.02424089421963064,-0.10280034496801033,-0.010318287167498202,-0.05677038779223146,0.08147837748606673,0.01730301357663421,-0.07046804584651425,0.00025834113291040294,0.10201243268952111,-0.09360440064848227,-0.012363416377991564,0.04196460220159547,0.19265015557358559,-0.014039003045464193,-0.20882727647752286,-0.10900012025012049,6.620739968899212
15,13.9588429198182,14.7573021282993,14.1630962751264,11.5826284043008,10.6851169363457,11.3908469391843,13.7193814404845,15.7729759545301,16.3558056349601,19.7488687905146,20.7976398639542,27.6178332597183,36.0851866718248,39.1485910853847,40.8060303478871,40.5328566023946,36.9544865215809,31.0891334288829,18.8018954198499,14.2287299012072,9.91237329565057,7.61893580676395,6.71271412927191,5.6520184719467,8.38158944161909,11.5780113316477,12.917562735929,10.591279779558,10.3304721051021,12.2967784362116,11.6265654946559,2.5681097014654,-1.83670513043636,-7.88281798076257,-5.4756375773104,1.78830711657457,7.66737643810382,18.3274818103901,29.199575521558,29.0348917259962,27.7905444869125,25.0735207063423,22.3682975307435,23.3044841883593,23.9173489999841,-0.13754044346906663,0.025785375494364465,0.05650248257919761,0.22428544086200483,-0.08215546968189832,-0.0715986577699735,-0.02616821718006685,-0.009258859817582508,-0.019983909496693406,0.0219340019345449,-0.053549579393898504,-0.1946673989910965,0.46423501845617066,0.0636827671255935,-1.4068195295854309,2.039043276609543,-0.8896978434158517,-0.16416314630614445,0.07547880952412951,0.0654416308395653,0.1388916257924731,-0.09851565746486714,-0.0022790230459247027,0.012016743030167061,-0.07361655457310945,-0.15519070578422436,0.2815310937147095,0.0022016420220639095,-0.14996983977054415,-0.0004709894681244584,0.03214895995954398,-0.010554113817467039,-0.0804500581522915,0.013933272113200152,0.029404429607866288,0.08538107436307588,-0.13835020486890037,0.009236191070609601,0.1165241533119249,-0.11440787055029615,0.2722090127680611,-0.01567875695069135,-0.3533176687882226,0.016585071255276522,0.05446843937381343,-1.521199494949495,6.365756561666071
16,10.6725534905731,11.4276135580912,10.8073345523391,8.46874628450363,7.39015094834794,7.42636443196417,9.159481206461,10.57679721262,10.5738213784441,12.7251479984607,14.891039421008,20.9235735742913,29.1095304213818,32.9717457167327,35.8919630485068,36.9544865215809,36.1024739626018,31.9085558256521,20.6546217429207,14.9397523762279,9.54404258427933,6.58045671809642,6.08290108786473,5.57525060266382,8.43221871592297,11.5069160992222,12.8338198168976,9.67600260580947,7.73133358032796,8.45709404017934,7.98090787513333,0.220735976393529,-3.18906035276188,-7.70146908762426,-6.12086587596036,0.426245766248748,5.69633625000653,17.6481504915295,29.7689454795699,29.746149532788,28.277048492252,25.0993935715542,21.9397189663195,21.8850987453732,21.7855040656882,0.07372929638007525,-0.08154364030910714,-0.005049336961567827,-0.10208917110765378,-0.10581202115394288,0.15661182667274903,0.03074036943657933,0.0006949687713333662,0.015112272342976685,0.030506842301992795,0.06575866047084922,0.014549726748714902,0.04613283703860344,0.14584666080277844,-0.5028552061152419,-0.8958421207196149,2.307978570069983,-1.2758510017754305,0.291202501987091,0.04922209191884595,0.03780565156509085,-0.030879018911213568,-0.04221660274574859,0.06029707422464841,0.016332841539124503,0.08987022637197313,-0.5994303284213451,0.08368277305346199,0.2645165127686601,-0.02637635795704283,-0.21039668824475122,0.24954987339635587,-0.013194810625504419,0.08263691567740787,-0.024731740548674004,-0.1777550923713826,0.07089545120601491,0.11928161383084085,0.17746350504365874,0.0023043679435172347,-0.409040838451723,-0.02304381464665354,0.28150614981359173,0.044034580180497426,0.02425144243745214,-3.23339886964887,6.00770122114955
18,8.27008168361284,9.04036659160506,8.27281181712949,6.20726725360296,4.85229739284596,4.13923281195294,5.30934282736761,6.13229353311037,5.61949041074181,6.57474453094459,9.69166271196414,14.7780948802303,22.3691869397729,26.2164402825437,29.5632560163661,31.0891334288829,31.9085558256521,31.3788529006092,22.8546233131684,16.6459622767084,10.8387320383256,6.93467337939709,6.25037847304507,5.60313267204655,7.88063244508401,10.1112318189606,10.9236660633678,7.80238143599103,4.97545790802187,5.55823554186466,6.66408847304019,0.90899501025635,-1.24704576681352,-5.17603300482831,-4.34926828604868,1.19202307467614,5.64343233573583,18.45536682475,31.3702815259771,30.7218581022765,28.526304633594,25.5307313209558,22.5762852928707,22.1889547299265,21.8059654550546,0.10645944881381732,-0.022028406914467523,-0.07518171914962596,-0.13675828639092727,-0.024852382406588148,0.21206116679326048,0.048982830302490524,-0.010489290170903774,-0.0890608917810586,0.08098164743653578,-0.07427227668822377,0.16157934537052746,-0.12380185738378681,0.014126485635770495,-0.09502067238056251,-0.1639841395717588,-1.2828682187617566,3.0639110569428465,-1.149502218894076,-0.36989553616737875,-0.008599340569840906,0.049082783507593014,0.01810292937902995,0.03194624188912016,-0.00521031719124066,0.009479103637040541,-0.1312128479981975,0.016972730489748924,0.06396898128103573,0.0074187909182274366,-0.017560820427314276,0.06603391793347499,-0.002225340552518997,-0.05580587978275332,0.013738026782729994,0.03476305726034849,0.3731410905075448,-0.05083653448660191,-0.9112869364707595,0.24199526431754842,0.24213195296688014,0.044461306006591456,-0.004715480422564595,0.031672243441601806,-0.0367668872672548,-5.257503006253006,5.600790381777312
40,6.04801987976529,6.37763353463478,4.85634336814327,2.56349136888751,0.306267238068832,-1.76779922256259,-1.57454248750758,-1.33609071055017,-2.14809015459147,-2.54614328115999,2.21605392521516,6.77766452639777,10.3718216644752,13.9287350629836,17.2880215636255,18.8018954198499,20.6546217429207,22.8546233131684,26.3777127011006,19.0602701569997,12.2762240750613,7.05639785766701,5.27311255473041,3.454073857545,4.06884338327433,4.26963944601737,3.79972429122031,3.18650672852714,1.79357198522218,4.8994221003402,7.79643434833096,3.09907291076099,0.350466526786731,-3.27482807883682,-1.76301046832061,3.6466893209189,8.08937796369728,5.79244828019289,3.52782651734009,3.41689186186549,2.1198052842751,0.637511766352687,-0.75229898410831,-0.336065524400097,-0.0831533039364438,0.09238919252111784,-0.11808047771423043,-0.031149102133038235,-0.01054946600275452,0.02583325411944404,0.07821389732515985,0.021188382275702952,-0.07718048775640818,0.09070293196169807,0.040488351924690566,-0.16540947609588316,0.27044274704225474,-0.0883051317611887,-0.028950672801898805,0.00333329288510748,0.07417911030208797,0.29018307541502236,-1.1495222671279774,2.0139463152226043,-1.7720195596510673,0.14439201034636384,0.21259605215626015,0.21917790860406713,0.06635711876732293,-0.04616729811070418,-0.21997440247121858,0.14972884499054853,0.038505068730416675,0.007976264531155963,-0.062291871607221216,-0.03368692942963558,0.058046079269268636,0.0019238347377919095,0.01084244094486896,-0.013665601276974868,0.06319267039296735,-0.1911841122770132,-0.02844005741316438,0.42806814127217513,-0.20595994895672015,-0.002292115877249316,-0.0028414919717966018,-0.05905668740955679,0.03228506305330664,0.04130875588358462,-7.861607142857143,5.1349501167100495
41,5.9016451354965,5.95075060691254,4.92387329285036,3.21220641484999,1.60499514986787,0.0298824398848849,0.402812288763123,0.798911329096635,1.14318643147456,2.32572136323402,1.86942417983332,8.15202632435489,9.82575077203017,11.7224499895981,13.6467343162313,14.2287299012072,14.9397523762279,16.6459622767084,19.0602701569997,17.6035980321993,16.5513425968544,15.014804520774,12.3785922669134,9.46464858577288,8.26166013926801,6.69028328709017,6.09326623382082,5.44226537984639,4.15334242706551,5.98287908328313,7.93268311153034,5.93267417877698,3.85959949480928,-0.662806993775541,1.60915919581893,6.24737064260757,9.48074572752005,7.51078182897214,5.63854555249582,4.91484116389933,4.05846611695362,3.08981034496479,2.19804225378323,3.39277882749355,4.63113559101371,0.02294729492477749,-0.024664470824319103,0.0013379409373793108,-0.005709462330105038,0.013298658107849557,0.0019296881177341188,0.0004589831984521831,-0.018339713256125142,0.0038220359081989033,-0.016052053094685617,0.08535247379951488,-0.06238328364802672,0.052225099397571216,-0.019474156242877506,-0.02597737473936259,0.08413113836969424,0.031586002666634236,-0.37575048809862466,-1.7649355504703077,4.080288648651515,-1.672267072828099,-0.15880480740668082,-0.058564835354199214,0.01896500206548958,-0.00734802634326171,0.011608158855623349,0.1067866930473077,-0.07339388553120008,0.02597658069826734,-0.006918963627335491,-0.01831567894895573,-0.028218578014338625,0.023984633683437902,0.0015896555760712577,-0.027173986027506977,0.0022338832109172965,-0.09371960978864244,0.007683717971378078,0.09649090033013005,-0.06807906313265297,0.0074280975773919735,0.04125898404853504,0.005324904972869481,-0.02191288843732643,0.0025378368583095067,-6.853346560846561,4.194472318683157
42,5.34566113686165,5.17189237224372,4.70278278913128,3.62714771849288,2.72796115310036,1.70900791869466,2.29853204915217,2.89008526273682,4.41390003534277,7.25105689480382,1.53666310867596,9.67941962979029,9.38560880359822,9.67533843528705,10.2176095815531,9.91237329565057,9.54404258427933,10.8387320383256,12.2762240750613,16.5513425968544,21.3089557837609,23.4110900091001,19.865171297176,15.8167256262959,12.7844183421886,9.4215996115089,8.65765333130883,7.87797356725245,6.57204687342743,7.01262530688784,7.8917953878108,8.52459257171332,7.09256427389963,1.64751760369709,4.77138815820244,8.79736920699534,10.9867218362156,9.33430291322754,7.8421462360202,6.5599622993699,6.1467714433155,5.67073658720126,5.25485055477071,7.23344932667734,9.44753538233911,-0.0057592777220342025,0.009381617664493412,0.05626157945601743,0.006001804860446343,0.04154486228338976,-0.1071608675275618,-0.01675476227321867,-0.004050391444331196,-0.06388847260970307,-0.048479377365731165,0.24387819393717292,-0.556344368781575,0.2883256825395784,-0.05236727390851236,0.008875518347348206,0.1417452869291264,0.039628612745531984,-0.012308942540395352,0.1435819962873859,-1.6712590355393941,2.699975106763832,-0.7536697642927412,-0.41228727369407697,-0.09751954509595462,-0.014346657175406001,0.21774833759987,0.035108936500530735,-0.19485312874041685,0.09750763693096651,0.07057620307737385,0.08363329094236713,-0.1684467085531872,-0.030201041093621917,0.06041310818526308,-0.047121291674184496,-0.0025510292393270276,-0.06442463108575142,0.10524682281767382,0.03158740644803943,-0.08868386967206784,-0.0025138120123798344,0.07119366897350422,0.0366070921522268,-0.1265864110968836,-0.01666447116524169,-5.805502645502647,4.615079174159521
43,4.84649749867479,4.09747808243875,3.94919311200504,3.21335499217796,2.7908290137628,2.12647552325829,2.58600528159946,3.02584205957743,5.29305527061898,9.69586786771947,1.56589153757231,10.0352959176459,10.3201175730246,9.19924525579237,8.5710090389055,7.61893580676395,6.58045671809642,6.93467337939709,7.05639785766701,15.014804520774,23.4110900091001,29.258440686332,25.2393084462111,20.5887282962295,16.2643181360992,11.6757688673891,11.5180910168597,11.1173870206017,10.4046457714759,9.82984424268478,9.96332131927726,10.6113753936142,7.77857958842864,2.05611255606196,6.18188582975439,10.2463271003765,11.9644477116381,10.8021374289228,9.88211852034734,8.56483065866467,8.84573593455529,8.64086544778935,8.46592532953518,10.35717891861,12.7630953837211,-0.13833312479564477,0.19730167909916227,0.06308476970763323,-0.02926253997020139,-0.2507678358219076,-0.037242620230885114,0.05491502329596173,0.20341094147079447,-0.04138755809870494,-0.04770152497623489,-0.05526043030246382,-0.0024324449970581333,-0.15522989673699775,0.10709071230374204,0.0570582838098177,-0.09793745176991085,-0.03232159146582934,0.062012645648755575,0.20696791062699904,-0.16043651769608308,-0.7581377728131078,1.7683089258339086,-1.3931846908274563,0.07690989025168085,0.10022434130600177,0.20514780176748026,0.03493171274392729,-0.10947182200186663,0.020130467619474138,0.19734925099881892,-0.12187894112295056,-0.018420180655807094,0.07211310846757378,0.011546550712717483,-0.058668446607320714,0.05599030251850101,-0.003916601237270704,0.014467019514273273,0.06159964890639849,0.02270556577863979,-0.125399371787251,-0.04225140174451254,-0.06689850419378919,0.11869452312229017,-0.03686262591220317,-4.366547619047619,5.408182752675062
44,1.25903091346836,1.51625883394126,2.23839334543465,2.17592243623285,2.39174680188938,2.17608554640796,2.64251516203348,3.06440554174203,4.63744096273965,9.31996077961433,0.65728741549545,7.17338733991456,8.74592497565541,7.63902308456131,7.12768150399598,6.71271412927191,6.08290108786473,6.25037847304507,5.27311255473041,12.3785922669134,19.865171297176,25.2393084462111,23.895816460471,21.5160094164626,18.7141804210784,15.6324225342901,15.5502962684242,14.6569533930714,13.3288066670797,11.1205731493944,9.31971206097897,10.2653258595417,7.79195273535113,2.96620817786292,6.71009132145471,10.8113441032282,12.11128117649,12.2109112266308,12.4750984405127,10.7880278822224,11.0074213880052,10.9099000979118,10.9229947357941,12.2656145312207,14.1124820283218,-0.04614621095589056,0.017551613715393526,0.010855442416923208,0.03229293978469033,0.04635264101940026,0.11570924614423926,0.015941045596484398,-0.011250438296852544,-0.2116630297216257,0.13357070700224458,0.023592331482457495,0.07705339301444576,-0.0589386887836384,0.0038923253592876975,0.012470228955098186,-0.0029200746857764247,-0.047888092540339225,0.013607143381512145,0.21155640775384096,-0.05998744603914821,-0.4104228314661447,-1.3948350551044126,3.466941117355101,-1.370046590637435,-0.36893908920352003,-0.008503927417468752,-0.09082134973578979,0.2027465862929894,0.009421915999116117,-0.17978615843230925,-0.01208842598534746,0.008851615332300142,0.024497747375270974,-0.028637049848495435,0.035445069530108425,-0.12915076343647924,-0.01888824835295414,-0.05641659072957509,-0.0802662339722828,0.1714878412010169,-0.0015434052326516797,-0.015127892447174164,0.018521806078390744,-0.0239942634938223,0.03936460686657469,-3.921560846560846,4.887311782613316
45,-2.03926509417397,-0.838839289618526,0.631880800698131,1.19131166058153,1.95354719319472,2.09772371143958,2.56633595215259,2.9598574595562,3.86386645719246,9.40494224577959,-0.187965648823836,4.05988740227656,6.55700059321225,5.63499693086745,5.3892374894264,5.6520184719467,5.57525060266382,5.60313267204655,3.454073857545,9.46464858577288,15.8167256262959,20.5887282962295,21.5160094164626,21.5677147253644,20.3310725012716,18.810883379726,18.946301931166,17.5654018771368,15.5257921365489,11.4068245526973,7.62803724801984,8.57339106124491,5.77987248698259,1.64628480473179,5.14826013268779,9.36872205148893,10.9112101615562,13.07250407675,15.3123867523403,13.845951656346,13.9678892954644,13.8458598543391,13.9225414778893,14.5928027170019,15.7474871792562,-0.013670926326575635,-0.09119263237823871,-0.14401215430136136,0.10860944953611874,0.3468352230569216,-0.006741941386378564,-0.008953011781928512,-0.07044264863315236,-0.035499457609601444,-0.05540457138647992,0.05694618841220596,0.2406321473149964,0.03361150121541786,-0.07100869885848168,-0.016784429824753207,0.015288851699868556,0.06532225154054622,0.023369101105012998,0.06368765292330217,0.02006773951784447,-0.09839624129227115,0.0728871526807358,-1.3696586791150296,2.778702737842015,-1.3803577160020775,-0.016879400579118426,-0.022014277396784028,0.25225027420244117,-0.15144723462873005,-0.308748285929909,0.09669185041399353,0.18962040456673668,-0.14882205548827382,0.0666401523795524,0.05785289208439439,-0.04393477536218421,0.016854572236627525,-0.020797073512942507,-0.023290189941920524,0.022995342471479274,-0.06813870246719889,-0.11505354661253545,0.21795161978426694,0.022758536013226954,-0.15345621978220628,-3.628240740740741,4.6430286156090395
47,-3.84645589244719,-1.56164845505157,0.765808174586442,1.90327616676988,3.23470865203521,3.79452386827843,4.32569353129082,4.74558267993743,5.06767554389367,11.6873223665026,2.19454097645851,5.04291640862718,8.58216137338275,7.85260741299038,7.81967207463485,8.38158944161909,8.43221871592297,7.88063244508401,4.06884338327433,8.26166013926801,12.7844183421886,16.2643181360992,18.7141804210784,20.3310725012716,21.689781843772,22.634611354736,22.7164984802576,20.5297159656086,17.5027017672186,11.849857117793,7.16139165894281,8.23807038745604,5.17608459543848,2.12436412678101,5.12530466351479,9.07914740998156,10.4605121333593,14.6360698203645,18.7953012820555,17.3869988988557,17.2966603582045,16.939844076407,16.8533977593109,16.9616829825109,17.5373938662958,0.17842060112714633,-0.008915690824818896,-0.2277057835579781,-0.01639238208724378,0.01917525413848193,-0.04778567213068241,-0.018623664111980184,-0.00693694088155965,0.13158163079132829,-0.16661755764961877,0.15027110438231886,0.025782430242343862,0.04039434937299386,0.006650645008279879,-0.0007915414216793155,-0.07778737479523166,0.01684533915697537,-0.0036790158051467703,-0.032899879683162075,-0.004428502140647874,-0.011784752705211683,0.09936949586028133,-0.3671879826154403,-1.3796462338838793,3.350844244654219,-1.3115498235878564,-0.2409982685879882,0.06323281921361418,-0.06755516288319802,0.06870165923240813,0.02007479779246995,-0.060850019924421316,0.1261877655822586,-0.10494397981398983,0.0009543918990813913,-0.048532958486885276,0.008088798370127636,-0.030975694973477862,-0.015160937377653168,0.016346101782555328,0.08109563534874045,-0.03422997087310892,-0.19017842747920916,0.013852469194805553,0.136297744013844,-3.4499999999999997,4.656155264139287
48,-5.33395767079131,-2.06819943620523,0.983590634464184,2.55828508902977,4.43702174142854,5.42448229637178,6.04720197382473,6.51790157430983,6.31092748451924,14.0528490970831,5.65952933424711,7.12740695110995,11.6658804292781,10.9661252035786,10.9408034433654,11.5780113316477,11.5069160992222,10.1112318189606,4.26963944601737,6.69028328709017,9.4215996115089,11.6757688673891,15.6324225342901,18.810883379726,22.634611354736,26.4033484731164,26.7408572817569,24.0280265696409,20.2885792190121,13.1182093128466,7.28673270726607,7.9661995860503,3.93103827362454,1.99989175894542,4.82340650419548,8.69651443333254,10.1042277042777,16.4170158401344,22.6331823088255,21.2530252241092,21.0108419747932,20.4602121840839,20.240460478249,20.1979952630987,20.5939957977232,0.15313201421143263,0.03853797885120884,-0.015106859885611886,-0.05581164914819085,-0.1335811238978352,-0.09708888253107553,-0.07491461137829308,-0.02124375991666906,0.12358562312912005,-0.02310865672099845,0.06954789550759068,-0.17227071555446669,-0.03549213738038074,0.056704373821521596,-0.00027221504594832394,-0.1534920629646649,0.09289837592885901,0.021732303569083292,-0.20014024933143448,0.013212603866753943,0.22677032653962864,0.20500540550867505,-0.008602205710882486,-0.013058924707708664,-1.3098461781287916,2.5679823057904323,-1.2100282995348164,-0.19696869162940195,0.08081229702888666,0.21700049992366408,0.39926768795526535,-0.523092082532788,0.188992935497642,-0.02595666663662052,-0.01044824983586962,-0.1116859035856624,-0.039556279319830696,-0.10930591325464861,0.1760911208966937,0.0073257726327282625,0.058542511711609284,-0.008144905922471387,-0.10511870409422604,-0.10866997576700778,0.03078212865956178,-3.376521164021164,5.1374457148583454
49,-4.28046472866166,-0.952581094948441,1.9090204916111,3.12094183133668,4.86683536148322,5.61494405231501,6.24679880427795,6.69247268605071,6.39681341084171,15.2842243623534,8.50602336326583,8.62622208408647,14.6036766426501,13.2587596722142,12.6793626889202,12.917562735929,12.8338198168976,10.9236660633678,3.79972429122031,6.09326623382082,8.65765333130883,11.5180910168597,15.5502962684242,18.946301931166,22.7164984802576,26.7408572817569,28.9432373712363,27.5100836039135,25.0653887222491,18.027961935775,11.7060882392941,9.1203937168553,1.26153524778279,-1.19985311403361,2.75630895298787,7.5562264931716,9.97627728703295,18.1120929057414,26.2972237443805,25.5739193111494,25.5200089555821,24.6462846298181,24.1423643615003,23.945129791251,24.3929351737948,0.0763483280329501,0.008941424963553709,0.0842307290363166,-0.13639597533862258,-0.14533268110286,0.11895986865353368,0.06202935229787256,0.030968497570681753,-0.012377795985874001,-0.020674898464800345,-0.0446846750057681,-0.006800108006277265,-0.11430143207628891,0.030967389078734635,0.13258258232800335,0.28841677412564404,-0.6049214196165402,-0.13831383005116707,0.12365959726980452,0.06859680927903762,0.026676015277869662,0.027630735275719413,-0.10268704208997274,-0.024442881890700215,-0.24167109013108845,-1.209986164656759,2.8640095356273587,-1.1895324130352172,-0.20983692183805203,0.03672030234559054,0.13194033082931889,-0.05340375051502068,0.01239029934786714,0.05366888010151902,-0.015368014543609393,-0.04949159341749512,0.07509118433903149,0.03135320236375968,-0.059626951702313656,0.05084463930376994,-0.13351485360301132,-0.010090673002085639,0.15824726654845958,-0.0528813834275762,-0.024051979280806452,-2.7228042328042323,5.37896248092848
50,-1.54572558009025,1.43175677363897,3.51306106405412,3.92612881997144,4.99779075630483,4.99365360268654,5.33787847828848,5.60100735362124,5.20198176180769,14.7861286066754,10.1675099148232,9.14901613326136,15.9150765726332,13.3174150722608,11.5039654541077,10.591279779558,9.67600260580947,7.80238143599103,3.18650672852714,5.44226537984639,7.87797356725245,11.1173870206017,14.6569533930714,17.5654018771368,20.5297159656086,24.0280265696409,27.5100836039135,29.073814502046,29.3860899832195,24.3237771814322,19.1485556893057,13.6952550050745,1.86957559283316,-2.00862596950484,3.07644966075876,8.23957311994122,11.1214736201046,15.5471213936882,20.1619859447861,20.0998391924663,20.6351376776202,20.3647028464748,20.4676222195178,20.7731130985575,21.5984269104969,-0.06456062324613604,-0.015413577124321504,0.04319406603198032,0.06271988152024091,-0.006157640930642676,0.04190422576283699,0.06897574818672503,0.13936332165317963,-0.25354693014023105,-0.0005281408666260345,0.06053420977070317,0.18774869698852503,0.08395927189997407,-0.13726009705218267,0.007651168790778586,-0.0020008042973270264,0.08293457419717298,0.0182235185534788,0.04239944229035485,-0.05512460295889056,-0.19071679758917465,-0.10922742837426898,0.2090526586678789,0.25301680671926186,0.06274019650213744,-0.19415100263809773,-1.1893005855195877,2.2356340514161572,-1.1090020874545883,0.042488723309632354,-0.05011370785283205,0.06328462646898206,0.0006127734109164765,-0.061405850246203084,-0.0072016330693016025,0.11491094522737542,-0.20661237166504895,0.0475761711939895,0.018510836949415667,0.026836663307666368,-0.04787924689162116,-0.03544052135331137,0.03321167832759946,0.02470861309519711,-0.07837313072510119,-2.572698412698413,5.3910865789788645
51,4.27560660118731,7.11411301944238,8.55134535646556,7.78164572932693,8.02013106192337,7.54947076200775,7.94777787377415,8.37182945647803,7.88632439751939,17.9205406888732,15.7046156212773,13.6927890402223,21.2451698837543,16.8560345753436,13.1341272767315,10.3304721051021,7.73133358032796,4.97545790802187,1.79357198522218,4.15334242706551,6.57204687342743,10.4046457714759,13.3288066670797,15.5257921365489,17.5027017672186,20.2885792190121,25.0653887222491,29.3860899832195,34.1345862068966,32.8157986746835,28.0603225898221,18.307811133479,0.694671910585108,-4.98938368588687,1.67451849803155,7.87458007931865,11.7872924919046,13.0444296131503,14.6033077612912,15.4635466723568,16.5784958935167,16.6981485190252,17.1902425188533,18.1574851013479,19.3672433118364,-0.02172267021123454,-0.12623765576819368,-0.012153444870672384,0.12089154774762746,0.033382146157644794,0.07854379807282064,0.021588376642287986,-0.09925926021718373,0.1818146471952313,-0.0356970650504718,-0.11256257235187346,-0.15952790315934884,-0.04064874746241933,0.035983609211931764,0.06928179041502816,-0.14524186500049543,0.2700921864314258,0.0650349839326827,0.006842035658844673,0.026146747807664617,0.09794844399981785,0.019768885674022463,0.007783064454792081,-0.15193427363946668,-0.0680134717104934,0.07882519512650087,-0.20878634236736998,-1.1092214755389989,2.0257547653704684,-0.7243029616894668,-0.22450609258200027,0.20744474508337998,-0.05885122413395942,0.027956748053355917,-0.014623100992119437,0.07099811570752541,-0.01617927635516795,0.05337593217737837,-0.01102594022084075,0.043374134024518306,0.006577190385744579,-0.043045745524396745,-0.28168846530234143,0.2619296786585781,-0.015499378341970224,-2.72,5.841625305246525
53,9.63565591266319,12.8836222454868,14.3925056170271,13.0476126883971,12.9005457739184,12.3799616330232,13.078328156078,13.9232560476816,13.350229955954,19.6840167480368,19.81831387335,16.9040714864436,25.65362448291,20.8071368891775,16.6753301007063,12.2967784362116,8.45709404017934,5.55823554186466,4.8994221003402,5.98287908328313,7.01262530688784,9.82984424268478,11.1205731493944,11.4068245526973,11.849857117793,13.1182093128466,18.027961935775,24.3237771814322,32.8157986746835,39.5915517241379,37.6889926832071,24.0806427299158,1.95228337165393,-5.43415834542421,0.881499389368592,6.88445472827415,10.6698828625747,8.11670752457238,6.08841606606637,7.93428471462522,9.24026620990598,9.77922916284324,10.6588633483769,13.9027683918022,16.313812296877,0.05990231313134927,0.1256161025120921,-0.11370822425238455,-0.09487997099044299,-0.025067327974145664,-0.07457896598955491,-0.05526160730621915,-0.07056098708501021,0.01580205465740835,0.08553007439714205,-0.03030929554422895,-0.0336323905194766,-0.04266808155979005,-0.016789282107475868,-0.008936375525610907,-0.0029960379462793626,-0.038550965269471375,0.00599730671204546,-0.0616417700023244,-0.007912416654077402,0.07340550459382006,0.20211131563875856,-0.17626157488231384,-0.30645260492704024,0.07130702983249539,0.21971451576332485,0.038196118200814304,0.04179054119658289,-0.7252850037970298,1.179667548640309,-0.4052867385732013,-0.06730919606544068,0.06699450372142489,0.1432444706334858,-0.04737276612855447,-0.2147366588657092,0.16404859190934215,0.03466310090897665,0.022813387410100267,-0.18648692507633344,0.051414547448386035,0.24014847307966478,0.07898699050198357,-0.2019651988074401,0.04758738422846618,-2.2,6.29138710652412
54,11.0219272105656,12.4276426493198,12.0227408382453,9.79161891469252,8.16228974854881,5.84666778753614,5.43335456293093,5.07682763938501,3.93466778580807,11.3696656899967,14.315728779615,12.359506631053,24.2372966299023,19.8845463426832,16.4507890266729,11.6265654946559,7.98090787513333,6.66408847304019,7.79643434833096,7.93268311153034,7.8917953878108,9.96332131927726,9.31971206097897,7.62803724801984,7.16139165894281,7.28673270726607,11.7060882392941,19.1485556893057,28.0603225898221,37.6889926832071,47.0299443597362,38.1148352279486,20.141021037362,8.85078941372974,11.4343361282736,11.7609801192709,9.96822315769814,7.03047194280605,4.55160681872732,6.30085248302947,7.63627310875432,8.55397744281224,9.01565548112592,12.0452367508008,14.1002067137534,0.30753308592226536,-0.1687690712684588,-0.059873858316111465,0.010145200826356402,-0.16235327829933707,0.044070888358962675,0.01926210494421447,0.07361600030322749,0.050419566929535295,-0.055085338430622424,-0.04829669279338321,0.22713774250128638,-0.20672094311781444,0.06267594010630438,-0.01645877421537435,0.03862342633096747,-0.20864722229930208,-0.013922954984649934,-0.03418212276820335,-0.02088984660675002,0.0782892302735097,-0.12958163459134192,-0.011992996843846313,0.09394036353101755,0.01684069652094955,0.3952588853809031,0.1299536435205451,-0.048915773353463726,-0.2223113209898173,-0.40682195399208043,1.1769933123199252,-0.7221571195812596,0.14669606528619128,-0.08888341266717527,0.087330966721454,-0.017932761347383,-0.21869737670468273,-0.03670321552433861,0.15514024606907104,0.13023128626657904,-0.07033695837148358,-0.15532312717762614,-0.01855107183753786,-0.027973148955759385,-0.04869164408235026,-1.5732539682539681,6.8571090380521325
55,11.3110898524057,10.6741816540212,8.57507025780447,5.75991171910091,2.64562420150663,-1.4618449916814,-2.38365117940118,-3.35631018909178,-3.91256253143809,4.87760780580755,2.07140273631151,3.08021113555386,11.6789427523202,8.51984140267445,6.16001504995997,2.5681097014654,0.220735976393529,0.90899501025635,3.09907291076099,5.93267417877698,8.52459257171332,10.6113753936142,10.2653258595417,8.57339106124491,8.23807038745604,7.9661995860503,9.1203937168553,13.6952550050745,18.307811133479,24.0806427299158,38.1148352279486,46.2813368259181,41.7718554490362,29.793411393259,27.0543588208411,17.9934365307784,6.37837651654375,3.44937007318827,0.685146505644997,0.508853520158835,1.55570128562151,2.97092237990275,3.33908872475297,5.04978320444887,6.73161942744292,-0.3282373412323938,0.09415009166296327,0.11724740020584683,-0.03370647054417498,0.12662624668322603,0.020668442641507998,-0.013911834031030109,-0.08776889833929567,0.06770399038184428,0.04224976832299278,-0.0841935813446141,-0.014719206520359223,0.13698468801016922,-0.014847482071830119,-0.11634204410780087,-0.013721304310714751,0.2511804897700989,0.06449336458030369,0.06019589727479072,-0.026964818342538638,-0.16022237642473486,-0.01352795287242328,0.012106014155077005,0.19162772747030943,-0.058227951181964104,-0.5216155071323031,-0.052866207996259094,0.06285312995171057,0.2068324840828483,-0.06695276262018166,-0.7215766416112629,0.9773124574992504,-0.3513080016876183,-0.020719731862872383,0.07490533895305397,0.028770943209414392,0.18597810719877902,0.07872541577789942,-0.13679186815838904,-0.2118557243265197,0.1516045295776078,0.038919942240418635,0.10307547918504532,0.06756251744158326,-0.01611811939430239,-2.925396825396825,6.802303788123411
58,-2.06573230344722,-3.47210066536788,-4.93633325613369,-5.61766453370136,-7.10293662505339,-9.7086468168544,-10.9579861937206,-12.4246912917782,-11.9317613653183,-5.25518421131903,-10.4874375154667,-5.66332608771175,2.55898658787115,1.29928568807286,0.403763440678129,-1.83670513043636,-3.18906035276188,-1.24704576681352,0.350466526786731,3.85959949480928,7.09256427389963,7.77857958842864,7.79195273535113,5.77987248698259,5.17608459543848,3.93103827362454,1.26153524778279,1.86957559283316,0.694671910585108,1.95228337165393,20.141021037362,41.7718554490362,73.1836122188339,63.505809444273,53.2681515382606,31.1483166601936,5.70619357129073,2.04960720980994,-1.80847581200348,-6.28017671304838,-4.39322384956997,-2.14353407561893,-1.38147458416098,-1.04546859368454,-0.397989028464697,0.24891582403791157,-0.08973717446441369,-0.10575243799335901,-0.13310070780995867,-0.058866209484437194,0.1772562179006778,0.03373381671972286,-0.021139952977699043,-0.009772942814636941,-0.11698759323100386,0.2624607192815799,-0.024884757880353922,-0.0564621753590921,-0.026965342959012737,-0.005091950926414814,-0.07967190786474025,-0.011122529107644379,-0.0034337827627192933,0.00015495804655314002,0.021720449498710295,-0.03409842537476043,0.06845580343469923,0.022744421339650996,-0.1506657521305886,0.12364593210360872,0.18761629932235058,0.012537314397967578,0.0010398893986792003,-0.05755601767255336,0.06655543226948753,0.1463477703991974,-0.35071710777865434,0.5658941346620169,-0.1718164642420314,-0.20422491922795658,-0.000326643247340304,-0.12142362259012776,-0.0034270572020804854,0.04197783071394218,0.15267122943964703,-0.06575320117610964,-0.17796185023882768,-0.03310887587480103,0.005698137066666055,0.03428886786790478,-5.732539682539683,8.554157598433283
59,-15.4929069203927,-16.4374302872396,-15.2910367670268,-13.5638859870381,-11.962019761768,-11.6223316116485,-13.1885648931672,-14.9062364810684,-13.7581964674553,-10.174848289867,-7.89312850973152,-9.81693297701618,-6.60498539584933,-6.90532229005666,-6.78558587792316,-7.88281798076257,-7.70146908762426,-5.17603300482831,-3.27482807883682,-0.662806993775541,1.64751760369709,2.05611255606196,2.96620817786292,1.64628480473179,2.12436412678101,1.99989175894542,-1.19985311403361,-2.00862596950484,-4.98938368588687,-5.43415834542421,8.85078941372974,29.793411393259,63.505809444273,70.4043828591504,58.9240039986781,32.7082959521681,2.50256071860602,-1.94930578652298,-6.73245402889555,-12.6111220252971,-10.9328405586755,-9.22866928171713,-8.33492301651764,-6.99956775020565,-3.97058707282019,0.08788466220694945,-0.06798754043773589,-0.007600364219266969,0.13135485287326198,-0.045607395254131974,-0.02837469462925571,-0.01901965816856071,-0.04318523116839071,-0.02779863786385258,0.071358186719255,0.048378219479875494,0.015537778465762948,-0.01627789275852688,-0.050536366348678134,-0.06224770634614411,0.005102822619457745,0.0674039866943848,-0.05233770863922737,0.012073112143837965,0.0013997987676016646,0.06136802986583326,0.010317575769981038,-0.029374003056249706,0.06772668918739563,-0.10067464299696365,-0.024442158777848288,0.05272347905294531,-0.06354862424540728,0.02688171165039269,0.14330870679428812,-0.08928800163193049,-0.019865629478961817,-0.17142165943074725,0.8846273811556855,-0.651360812939884,-0.1238952273197141,0.3394987557327873,-0.10710636935807771,-0.15330222244382585,0.07154387091874799,-0.0211125740975988,0.15592546050123446,0.11977039766813062,-0.12531149773008882,0.0523664375411361,-5.944487734487735,8.39013604533028
60,-9.14814330109299,-10.2682364190033,-9.77213349795745,-9.09544905204155,-8.45615357335382,-8.70111593505472,-10.3639203584175,-12.0780232589168,-10.9038586818326,-4.65072974056369,-0.993398552437154,-3.83255472224933,-2.99325321031457,-3.78399677659688,-4.28259526681146,-5.4756375773104,-6.12086587596036,-4.34926828604868,-1.76301046832061,1.60915919581893,4.77138815820244,6.18188582975439,6.71009132145471,5.14826013268779,5.12530466351479,4.82340650419548,2.75630895298787,3.07644966075876,1.67451849803155,0.881499389368592,11.4343361282736,27.0543588208411,53.2681515382606,58.9240039986781,53.7861379450358,34.0670188494622,9.87632533017174,3.01036537786059,-4.16351048337073,-9.95709246637238,-8.60908457380178,-7.55049135151144,-6.98504181927147,-5.55036589276204,-1.70701770079937,-0.1325932053782925,0.13072391402823394,-0.04050667220199454,-0.001981514714059325,-0.004180272302197029,-0.14984026240866358,0.020260625393725713,0.21520153373739614,0.017115216985888047,-0.04134326921804781,-0.29003718206168444,0.046461502132105995,0.045380330544629234,0.041668473302695797,0.09872812801187084,0.03503585753913273,-0.021333866096942638,0.01660263617371471,-0.012277046105067845,-0.030449325136127924,-0.04802704145430805,-0.05842718758479813,0.02750564294251773,0.06112373821340122,0.0005959371989084688,-0.011321677229301184,-0.013479752520068082,-0.0019690364912487816,-0.017528048435993215,-0.048523176552891276,0.09128261427280414,0.06886377593761579,-0.2014797127161847,-0.6510774648195063,1.6888515792852332,-1.2705593230257277,0.29424195293496097,0.2756529436827666,0.16491643672544257,-0.1149794122109642,-0.03410484357604131,-0.025019788070918026,-0.1478861552160695,0.1283651516933753,-0.14677966948181942,-3.206435786435787,7.333221525703136
61,-1.99601410732137,-2.80841738901114,-2.95542665485219,-3.20426198074358,-3.60388544316826,-4.24916056317502,-5.60182256261485,-6.89117565723735,-6.67343999745539,-0.165333326287593,3.73419398215644,3.90947984093685,3.75931361679401,3.23919206779844,2.66745964921918,1.78830711657457,0.426245766248748,1.19202307467614,3.6466893209189,6.24737064260757,8.79736920699534,10.2463271003765,10.8113441032282,9.36872205148893,9.07914740998156,8.69651443333254,7.5562264931716,8.23957311994122,7.87458007931865,6.88445472827415,11.7609801192709,17.9934365307784,31.1483166601936,32.7082959521681,34.0670188494622,29.7118719532777,20.2300912557418,11.390325127907,2.19557340075134,-4.10608888195582,-4.36251882366634,-4.53534402004983,-4.77248454749816,-4.12226656334354,-0.677054338588387,-0.20886903070313792,0.006639333164232272,0.21743478155071436,0.04077474001700439,0.14790930032486874,-0.0012765111215207654,-0.02590863556993229,-0.1530495034826833,-0.022208183783602682,0.13468871441156705,-0.07965875435219558,0.011071422284681361,-0.04897868837613522,0.055345110152135994,0.015073377272352377,0.07906745864721937,-0.1641257172736253,0.03547639658047188,0.05867513826390659,0.0017363070138555242,-0.003228753718768354,0.0630803345927376,-0.1099557431727846,-0.04311050275271963,-0.047107744388285466,-0.10922020909296885,-0.05278577760942836,0.11535910652558823,0.06610559291034418,-0.21396323195232633,-0.01751935807212286,0.02894399752297081,0.0020360016546865445,-0.1229262331431415,-1.2733618779140519,2.7305203397120676,-1.152302665663965,-0.3952974288178448,-0.055726124723883115,0.08422032549051947,0.06921998664680211,0.04381323310655277,0.008881128165895877,0.027435530222029048,0.07855506037848636,-1.4850505050505052,5.449942380730064
62,5.23303526868299,4.96390521582153,4.23882920213914,3.19466931661007,1.82944523569419,0.751110968425085,-0.269569879738296,-1.12254005901766,-1.86371707539652,4.52041887007422,7.69425301166418,10.5114405826644,8.95734908226631,8.72776911836265,8.16763332288027,7.66737643810382,5.69633625000653,5.64343233573583,8.08937796369728,9.48074572752005,10.9867218362156,11.9644477116381,12.11128117649,10.9112101615562,10.4605121333593,10.1042277042777,9.97627728703295,11.1214736201046,11.7872924919046,10.6698828625747,9.96822315769814,6.37837651654375,5.70619357129073,2.50256071860602,9.87632533017174,20.2300912557418,26.5635804729772,17.122435988612,7.31600056611436,1.79808339308051,0.117594264780728,-1.02291213146501,-1.82349622946328,-1.74210401955792,0.832766019163083,0.020951322141620786,-0.058549622562993946,0.08713180423726646,-0.05583081448544118,-0.034839988173677366,-0.12012882709553188,-0.033009298423601424,-0.010727940562537501,0.1370773502037195,0.003645294167246679,-0.039712736932770505,0.007938887783549018,0.0915756842793788,-0.07074814817991124,-0.09906809925589227,-0.167154402955722,0.07679259018515334,0.364447600792501,-0.17818668953399913,-0.08899302099077354,-0.0785963303365511,-0.0010162503916810435,-0.014887467360201833,0.0009373170022466404,0.0016225295880476108,-0.03692690539526433,0.07024816781219637,-0.2035599293076319,-0.015137458741216383,0.16861140628864815,-0.22498192054938582,0.19232019695832328,-0.1226765653929043,0.34099658896689033,0.29649855323676666,-1.1552543975813223,1.9071147480657173,-1.4607282337517105,0.22048959374922497,0.2655453569160894,0.0742825031636591,0.08905220213400607,0.05993289670261029,-0.060742712484098835,0.07462317305191749,0.1999458874458874,5.153016638142862
63,5.17189309794718,5.91124821069504,6.22731648439204,6.14827889730771,5.93983297355826,6.22511682197392,5.98869351849895,5.21864350684652,3.6256266324953,9.93288544881933,11.2285219590375,12.3293820808051,17.8029512237007,18.0785916642953,18.0477006665697,18.3274818103901,17.6481504915295,18.45536682475,5.79244828019289,7.51078182897214,9.33430291322754,10.8021374289228,12.2109112266308,13.07250407675,14.6360698203645,16.4170158401344,18.1120929057414,15.5471213936882,13.0444296131503,8.11670752457238,7.03047194280605,3.44937007318827,2.04960720980994,-1.94930578652298,3.01036537786059,11.390325127907,17.122435988612,36.8726456849324,56.0548486045579,52.2503204011398,48.6565049794643,45.0180445194015,41.587096676185,39.0037807441578,38.1550408954172,0.06048808223649063,-0.016953975576690757,-0.060450666527287866,-0.03195882373743369,-0.11676353325117877,0.1246217207362307,0.01849144322837318,0.014822583216462236,0.07267248770554498,-0.03168178124299403,-0.0009864135444223744,-0.05849314720346618,-0.04289601372356823,0.015362801144545263,0.0012052724740391893,0.01052743724330511,0.16129278181434908,-0.047736076665017856,-0.039471459403012596,0.005698294050402106,0.09825932982497233,0.022719862539386015,-0.0502660532088431,-0.022137641029603267,-0.0295923292053242,-0.09773526366852019,0.023072247801990402,0.04326933970860689,0.05724431200332121,0.035877039222663096,-0.032385655886427486,0.07368089832815383,-0.005379315135957138,-0.10556830497806337,0.27906326842552204,-0.39881943105817835,-1.4537339746483244,3.2893235844213646,-1.1816138740019464,-0.4351569791202214,-0.03653922837037095,0.003932373047426096,0.08487023150607383,0.01971251333476982,-0.08502928398152321,1.073196248196248,6.071461577324888
64,4.94244729511407,6.77145297153973,8.22905955908375,9.19872387692046,10.2740120871478,11.9996062617287,12.6788346679377,12.124918456304,9.82942235546601,15.7884014857643,14.9574015934591,14.1739751838841,26.817001476319,27.5772809201714,28.1213852307363,29.199575521558,29.7689454795699,31.3702815259771,3.52782651734009,5.63854555249582,7.8421462360202,9.88211852034734,12.4750984405127,15.3123867523403,18.7953012820555,22.6331823088255,26.2972237443805,20.1619859447861,14.6033077612912,6.08841606606637,4.55160681872732,0.685146505644997,-1.80847581200348,-6.73245402889555,-4.16351048337073,2.19557340075134,7.31600056611436,56.0548486045579,104.405653050845,102.305884873514,96.8631878994677,90.8479637142458,84.9086329150172,79.7755405148621,75.6160357650155,0.008098345089528475,0.09253741929178233,-0.10569210627625134,-0.03106244953589145,-0.027003243037166415,0.0695366508402595,0.036011607439600676,0.09190798914487958,-0.1398728194472251,0.004877258781410254,-0.01675970576945186,-0.02312189546218779,-0.060729767793038535,0.031106230552822682,0.09419491830047791,0.11785356324194349,0.16618317710037991,-0.9130740250400549,0.42329006001883346,0.1045981590399971,0.030975157762064526,0.07032581485863597,-0.07815908555345033,-0.019707123030052905,-0.0036877672490857084,0.17502366513982268,-0.05488110226033373,0.019021430378769504,-0.012305254085716312,0.02253983691101252,0.15666753752035242,-0.13843076321354497,0.04665665270741076,-0.15380746766765557,0.16561401606400283,-0.05523579027813251,0.220753920317366,-1.1831562599480776,1.7098156269361666,-0.7679002757519178,0.08458054502405866,-0.05675575792459226,-0.22067930263447122,0.15421364484136135,-0.16483858283897027,1.8603354978354978,10.217419099305102
65,5.00585252902938,7.14745104475088,8.70783463400354,9.87801583505937,11.155490594362,13.27468021956,14.1653873474962,13.8470940701194,11.1948075874684,16.5593092768823,14.7945778742116,12.8349499613181,26.8628280267044,27.6198781259054,27.9998999605695,29.0348917259962,29.746149532788,30.7218581022765,3.41689186186549,4.91484116389933,6.5599622993699,8.56483065866467,10.7880278822224,13.845951656346,17.3869988988557,21.2530252241092,25.5739193111494,20.0998391924663,15.4635466723568,7.93428471462522,6.30085248302947,0.508853520158835,-6.28017671304838,-12.6111220252971,-9.95709246637238,-4.10608888195582,1.79808339308051,52.2503204011398,102.305884873514,104.069324448772,99.5320460973113,93.3928446235822,87.2415092630178,81.5007214621611,75.5797810680898,-0.06614338676951546,0.046701712060197735,0.08002292478497003,0.02128682526659728,0.020923300643352363,-0.12140790352994335,-0.03689091434829097,-0.0156989056102884,0.11551326933255146,-0.1489186089574911,0.15712302615704846,-0.11198373037386332,0.22563206595403626,-0.016189773522434763,-0.08796201602364519,-0.11560708579141446,0.002997081494487804,0.25055756000511437,-0.1796989006823499,-0.0760274437609835,-0.12537397152045918,0.01252288662785395,0.09602516736436992,0.011029036531049474,0.011734269928677231,0.006325486472675596,0.04316486815169952,0.03146418017062911,0.045606728965349105,-0.18377878806427128,0.12645264030700548,-0.20882587054181193,0.1522217449686361,0.06833746521975842,-0.12301025710722657,0.08070160400536858,0.2590293891308769,-0.43915272400267913,-0.7725057261090288,2.3686624978232955,-1.246084617372867,-0.33831539832398827,-0.056256120751579465,0.1373433100291373,0.007456948312004146,1.6558080808080808,10.200947232917732
66,4.5213384550838,6.71552059178179,8.36736004223832,9.57198289195054,11.0467098180216,13.3277741370322,14.233214744622,13.9782075094545,11.5987803627186,16.4009399219322,14.3084823094237,12.5357494039662,27.6772599143494,27.6725377979359,27.3158889185364,27.7905444869125,28.277048492252,28.526304633594,2.1198052842751,4.05846611695362,6.1467714433155,8.84573593455529,11.0074213880052,13.9678892954644,17.2966603582045,21.0108419747932,25.5200089555821,20.6351376776202,16.5784958935167,9.24026620990598,7.63627310875432,1.55570128562151,-4.39322384956997,-10.9328405586755,-8.60908457380178,-4.36251882366634,0.117594264780728,48.6565049794643,96.8631878994677,99.5320460973113,96.4071555126049,90.943823591285,85.3872288443361,80.0183865722664,73.6479754779714,0.03286965871244199,-0.13847644570991668,0.026584917765191233,0.0198963998327952,0.1458327647085516,-0.08301554282184925,-0.08565821119456687,-0.1578531526646703,0.21468851018308965,0.031779070417324064,-0.17866064733132073,0.1439885287110633,0.02635874798856317,-0.1619490150197731,-0.014096533716164837,0.2696272077888578,-0.4109529317130848,0.2368275036576685,-0.005011438248714884,0.004322650727752867,-0.003944645744371863,-0.06996683661718105,0.0035468855247166513,-0.03634484368045639,0.08607982003489595,0.054823602236438757,-0.130804955526634,-0.05631686202091415,0.006275125472928634,0.04935367484336454,-0.073685549902941,0.15673102271061495,-0.06690134522519074,-0.01706491679514999,-0.033015230609092124,0.079952177684028,0.07787458065091063,-0.03884477512049011,0.08277848616428943,-1.2529685453836121,2.399028987275099,-1.3718967857145132,0.20721348530395858,-0.004665322073639792,0.0590452677601209,2.1405002405002405,9.818205310167682
67,3.4443390077913,5.77379847409151,7.58518166268563,8.9625865180305,10.6728077209658,12.7945563274436,13.528698223948,13.1539081239244,10.9674630028985,14.6258657912917,11.9188256066826,10.9844773190117,26.5732283549368,25.6882024342248,24.9208182235931,25.0735207063423,25.0993935715542,25.5307313209558,0.637511766352687,3.08981034496479,5.67073658720126,8.64086544778935,10.9099000979118,13.8458598543391,16.939844076407,20.4602121840839,24.6462846298181,20.3647028464748,16.6981485190252,9.77922916284324,8.55397744281224,2.97092237990275,-2.14353407561893,-9.22866928171713,-7.55049135151144,-4.53534402004983,-1.02291213146501,45.0180445194015,90.8479637142458,93.3928446235822,90.943823591285,87.1205315401834,83.0467706363944,78.8537470449742,72.5332217977602,0.006185654773323929,-0.022492588576718927,0.018600384999751935,0.014729452159121467,0.025843248514014053,0.012849908497014189,-0.01545845446797013,-0.02964913793615704,-0.03824019286689371,0.15109355551646142,-0.18004372013920525,0.05219810302394675,-0.05659363655052862,-0.004897194103142262,0.03418032395199017,-0.016386269075992835,-0.02632648509318739,0.04239415458903316,-0.0039787484417824264,0.033657367396067776,0.06943166896770997,-0.02926312663928169,-0.015322369466815306,-0.10862639127624053,-0.03236855968343168,-0.009236098014103297,-0.011377262235283925,-0.0327398466750153,-0.0411615936977904,0.2428792633918869,-0.15953757839698787,0.040423165187612006,-0.1765106052911051,0.16032646555936095,-0.02545964141797882,0.0473265059230316,0.10827686812023368,0.007351493015685009,-0.056481187701082014,-0.33381687389465226,-1.3798931706756843,3.3961478559321012,-1.3217120838475214,-0.3123182011307913,0.11496523187126335,2.0460257335257332,9.333302284839133
68,2.34894201416665,4.95985540947122,7.09889362260137,8.74638155396179,10.8244930419575,12.9068676617416,13.4973265703721,13.0468609316944,11.0939244832938,13.6176286949246,10.0456271714727,9.70509357056681,25.5332188011276,23.7298827606375,22.5342424366177,22.3682975307435,21.9397189663195,22.5762852928707,-0.75229898410831,2.19804225378323,5.25485055477071,8.46592532953518,10.9229947357941,13.9225414778893,16.8533977593109,20.240460478249,24.1423643615003,20.4676222195178,17.1902425188533,10.6588633483769,9.01565548112592,3.33908872475297,-1.38147458416098,-8.33492301651764,-6.98504181927147,-4.77248454749816,-1.82349622946328,41.587096676185,84.9086329150172,87.2415092630178,85.3872288443361,83.0467706363944,80.6920810052845,77.8227195316037,71.7557195136652,-0.09661975310123937,0.060707340538543805,0.08862651208942497,0.012076762766888955,-0.04760087088178124,0.001100980052509617,0.003524511752440278,0.024950549126802102,-0.07355099266380556,0.0014929626027391743,0.14172746707729098,0.12553387620397757,-0.29532091077707107,0.13851906643780545,0.19170187153439536,-0.3544988581653219,0.27609744721878693,0.0007680166549250225,-0.05479999620167617,0.004906096706372345,0.03642695369104195,-0.06269030648510042,0.017192339936438063,0.22381080846037998,-0.18821869537246488,-0.10965639155478793,0.14916855941014698,0.030873437573401493,-0.28060864663250695,0.08082010586013051,-0.01810072060968529,0.1044754186117151,-0.03445224573543335,0.11577707949884124,-0.1480970244403842,0.006878913078647254,0.04814224075975188,0.0820105539767629,-0.2231000440599103,-0.06050737701818939,0.20869879421062285,-1.3252542149575812,2.164897212905957,-0.9212772990107909,0.20098244359519726,2.02488455988456,8.982320468859063
70,1.93361340509693,5.45613791880883,8.45843198516354,10.2475089905562,13.0049136104259,15.3569225231189,16.1696777536609,16.0154847181248,14.7863651462109,16.5383644279311,12.9700643308416,12.918073614219,27.3082348160836,25.1739391688113,24.135634234831,23.3044841883593,21.8850987453732,22.1889547299265,-0.336065524400097,3.39277882749355,7.23344932667734,10.35717891861,12.2656145312207,14.5928027170019,16.9616829825109,20.1979952630987,23.945129791251,20.7731130985575,18.1574851013479,13.9027683918022,12.0452367508008,5.04978320444887,-1.04546859368454,-6.99956775020565,-5.55036589276204,-4.12226656334354,-1.74210401955792,39.0037807441578,79.7755405148621,81.5007214621611,80.0183865722664,78.8537470449742,77.8227195316037,79.3878970478464,76.448658057018,0.0625932706006522,-0.07950754693121775,-0.022280727976655985,-0.054623584647032715,-0.020962386636880378,0.006372357848823543,0.018090408869397244,0.04816947517267617,-0.010481084266601248,0.020610249728615523,0.027128369990449284,-0.044030164725860854,0.06015856886229102,-0.10055518869673244,-0.014781490346765796,0.018162103609815572,0.043452548400514004,0.033123654247778855,0.03802707076257071,-0.020803054742571155,-0.12448498203429546,0.10960261419455254,-0.029020835596522652,0.015585535085638848,0.008972802186438601,-0.10304447521855578,-0.037170858369531455,0.027585828489423148,0.2603764897690958,-0.20468063511885048,-0.030056935087285505,0.06878442102370662,0.0038863737679478544,-0.12545679591687148,0.12726951258915584,0.027137354192461736,-0.0624558496012056,0.02021366219816296,0.15603068706673998,0.1485315844466188,-0.0005181651008431871,-0.30888202598586934,-0.9215554265231107,1.7229104834806541,-0.7973611820242666,1.6887433862433865,8.90942742536502
71,0.419945598023925,4.48432486051228,8.27544208586578,10.2733140873617,13.7089611092837,16.4061691357557,17.6356982182805,17.9729927074283,17.7945650892913,21.2293834553348,17.7320087307347,16.3572996997112,27.4493703727885,25.5697020186236,25.0772337935935,23.9173489999841,21.7855040656882,21.8059654550546,-0.0831533039364438,4.63113559101371,9.44753538233911,12.7630953837211,14.1124820283218,15.7474871792562,17.5373938662958,20.5939957977232,24.3929351737948,21.5984269104969,19.3672433118364,16.313812296877,14.1002067137534,6.73161942744292,-0.397989028464697,-3.97058707282019,-1.70701770079937,-0.677054338588387,0.832766019163083,38.1550408954172,75.6160357650155,75.5797810680898,73.6479754779714,72.5332217977602,71.7557195136652,76.448658057018,78.3427197036009,0.023541749105296984,0.003559840391487329,-0.0034519675126013965,0.05370121040567514,-0.05648751694336018,-0.002079726429957692,0.0034512064457255815,-0.00216026772105059,-0.011236742564495533,-0.00877423525342985,-0.03764287812607685,-0.03742996445686261,0.06138605909418742,0.10386675102152475,-0.2075037500794077,0.053571577187654686,0.022644686067726273,-0.037952707414934894,0.04106754246111719,0.0029195738139285265,-0.017598652903574662,-0.03122366945858703,0.04015083943457284,-0.15016230929838698,0.1332955387907792,0.03145015640591836,-0.02239147986012728,-0.08707734938013394,-0.01514248562837441,0.05014725667507872,-0.04494982425415553,-0.01976316339666377,0.036304060173118984,0.05407457352513305,-0.14554503938702462,0.07694522578542383,0.07639896016203676,-0.08863081811909065,-0.16889144676775603,0.005105839617007129,0.05203800423806624,0.11336310637704715,0.20141470431121736,-0.7978927732384223,0.7442717765450811,0.932526455026455,8.850577365550842
