,Cov_0,Cov_1,Cov_2,Cov_3,Cov_4,Cov_5,Cov_6,Cov_7,Cov_8,Cov_9,Cov_34,Cov_35,Cov_36,Cov_37,Cov_38,Cov_39,Cov_40,Cov_41,Cov_42,Cov_43,Cov_44,Cov_45,Cov_46,Cov_47,Cov_48,Cov_49,Cov_50,Cov_51,Cov_52,Cov_53,Cov_54,Cov_55,Cov_56,Cov_57,Cov_58,Cov_59,Cov_60,Cov_61,Cov_62,Cov_63,Cov_64,Cov_65,Cov_66,Cov_67,Cov_68,Cov_69,Cov_70,Cov_71,C_0,C_1,C_2,C_3,C_4,C_5,C_6,C_7,C_8,C_9,C_34,C_35,C_36,C_37,C_38,C_39,C_40,C_41,C_42,C_43,C_44,C_45,C_46,C_47,C_48,C_49,C_50,C_51,C_52,C_53,C_54,C_55,C_56,C_57,C_58,C_59,C_60,C_61,C_62,C_63,C_64,C_65,C_66,C_67,C_68,C_69,C_70,C_71,Mean,Std
0,45.2213984674329,38.8529727692191,35.9897645373817,6.73495005649036,8.53914912337022,7.80625078582735,8.07647171034072,7.51949609411694,-1.91248405077124,-4.68802610761187,-3.74899113132083,-1.84748200469617,-5.17411885235088,-4.04079594494489,1.49024249246453,2.00542440815719,-2.95482538764258,-3.0129891993785,-3.7343226904686,-4.42624756603749,-0.970284310976643,-5.20393013338947,10.9719090902546,1.93828261915143,2.99076395450059,3.00028984717717,4.76594078808377,-4.82692749172414,-2.63192316615638,1.51181181829485,-11.3877896226325,-15.6567588605831,-2.48738575669762,2.48586979528218,-0.726117589993584,54.3383263443124,104.82095953398,-10.907366413861,-14.9097982000907,-9.87581945907457,-25.3369958001141,-22.1044242863464,-19.8167235264178,27.9983602552205,-11.5842401049863,-0.336709059435701,28.8454238523914,4.19050634564944,1.2258719593714036,-0.3875119495443705,-0.11366317330185693,0.13325967056391927,-0.05634784858865089,-0.07609710001346191,0.1977572585063761,0.0628524363185112,0.033249979400844544,0.11792533202636629,-0.0028636432734320556,0.06341916487298585,0.014215173659708258,0.04717323204819976,0.12219265691956634,0.10107807119369991,0.14594755130597287,0.02091976038061295,0.10058786299279121,-0.20171848962425923,0.20562902073085218,0.2534259186595085,0.410852295956097,-0.008092545139597831,0.22663902871973224,0.0016930028178606163,-0.17155932092907453,-0.40445846790254464,0.06534926974670041,-0.12937521263078444,0.08830600279675993,0.09176143671543974,-0.4890357352725588,0.1629313563618091,0.2672276962116447,-0.22084572723263515,0.00470680085534161,-0.1257830340052093,0.04484199133562898,0.37043713507276266,-0.08109815113952885,0.10515935827227027,0.20576819605328803,-0.28902574249820534,0.5558066064163117,-0.1218873367974538,-0.11442244019247882,-0.14195707525805534,2.933333333333333,6.723942182041199
1,38.8529727692191,141.464350255428,115.303614333032,20.3331065472071,12.2533890574777,6.65707241489532,5.51045645072147,15.1081484974863,-11.1923074107948,-15.8364167384312,-5.94369554020337,-1.51346578414839,-6.09111272014753,-6.27236502098602,2.81471498387392,-1.98627693231521,-6.67593286638201,1.41997957278669,5.09798786704234,-0.783504020975791,8.74477730470626,6.1065230004949,-10.8491832902035,-14.3295355510595,-3.48646285046458,-6.36181382229931,3.56291017756447,-3.53056665046993,-4.50368050191426,-2.43929442647352,-8.7002339636618,-10.1525340634991,-5.08381624377904,11.4231396854731,-0.345917506449053,-36.2106599618199,-81.3380229212042,-3.1591975277455,-20.2010507981702,3.00788166239923,-24.8361611363284,0.335742632456139,-5.89124305462665,-63.4552085760411,-2.01676183286285,5.75058234285413,28.1676201020332,13.624867740586,-0.38771927315829363,0.4959264147940517,-0.1036361891935359,-0.2577228796605585,-0.07810007297768724,-0.05737077768082877,-0.07063974840333892,-0.3354840171838534,0.34126124021224924,0.12185875328027648,-0.1246931141061517,-0.016255706576943224,0.165619780805769,0.1301634159069433,-0.1554755950001357,0.032187657733110275,-0.015341893025627888,-0.13737625705741854,-0.17153831860186863,0.1702930034850613,0.01996606169279087,-0.058273273755273275,-0.020983850652004695,-0.03389189894021441,-0.010432047893838873,0.10189700125849839,-0.06442664539454575,0.06694748643482579,0.025263658963331295,0.2476277701850536,0.10767995346135448,0.04984304575310079,0.31831542881283453,0.019839896004142328,-0.016581609119582987,0.18585888892605718,-0.004405503156959791,0.10410455555817587,-0.01004687315379353,-0.44712311318326914,0.0407292116655592,-0.0675529073773174,0.06890994142645333,0.040301068521744934,0.021875593480420476,0.0441787129452909,0.05681696021683449,0.12832603102547258,6.297222222222222,11.893458296703606
2,35.9897645373817,115.303614333032,257.539924968071,29.3831423303248,-14.9970690804696,-2.14076775738371,-4.08226489858368,-3.01054090223756,-23.2007244082561,-34.3192354324138,-12.3053944187414,-8.34541755568578,-8.26361880394501,-0.726243347055457,0.730763075095556,-12.5461907674174,-3.94459021459025,2.10204277392895,-2.29371080296993,-7.29534720796999,29.3139512190895,13.6845122864279,-7.58116684110556,-19.771564764396,-5.41733590943199,-6.71452832354644,0.634599766673792,-8.89217911078284,-1.23998640090368,3.04434505319439,-0.708481398629628,-2.29934409724437,3.12707481690587,44.6233250034419,-11.2866652181247,-19.461924278653,-42.1662032006849,-9.34969525238287,-12.2959034503174,-13.4435000458645,-51.6883603777442,-1.50529440445637,-2.84053286275476,-39.3307172721897,27.3408328886127,7.10009623667111,-0.672942725104079,42.6953959294325,-0.11249608667446861,-0.10327676006068583,0.32042256523941526,-0.01823366282252501,0.13189559326912872,0.10180379349965414,-0.0038692371986097764,-0.03634818283874212,-0.08316513297309237,0.3057555824573593,0.10044866956004385,0.01162137436016818,-0.007462514082176232,0.06701934455085194,0.14790012959055168,-0.014644667541767275,-0.034891307170525694,-0.02004189195739501,-0.03498030413909583,-0.07465177950338887,-0.13475943194136747,-0.03143206791072506,0.01638454785479525,0.24290035467489257,-0.12506917090475309,-0.14889834831475482,0.1394474375110878,-0.03644957680636358,-0.06325077517562358,-0.10572393258145818,0.18086468473074052,-0.041715045331055904,-0.08927719753475212,-0.2353070955766551,0.14282518884186937,-0.1260316653126314,-0.02835477353105494,0.04893436016635889,0.05124588557526664,0.17644943735451335,-0.015207126262650998,-0.06809919097911453,-0.11114200715271684,0.17369268576056857,-0.4005473429285271,0.03330325426445067,-0.015377782068028053,-0.11301600264990354,5.163888888888889,16.047738936313472
3,6.73495005649036,20.3331065472071,29.3831423303248,35.1526682010075,13.6691612176688,6.36591413624087,5.92292219721196,12.5142734868134,6.24603335511627,4.31411791588633,-0.0784882409538136,-2.827010756392,-0.0423091429144085,4.92706052404946,-0.222958202086776,-1.36368986868532,-0.711637007055111,0.536419069128189,-1.68181401537112,-3.1092908920024,10.1988287836015,4.77124435999489,-0.856371618031643,-6.7665818325641,-9.28532942114938,-2.35941272373466,5.76940013305516,-2.35762273391046,-4.629974455456,4.82156571680519,5.52679004937748,-0.62817494641913,-3.27942423187669,-5.2129260174814,-7.57117218826048,7.58760676170466,0.211771860420197,-1.2878456077356,-14.4380179909957,-7.8347556937768,-32.9031166096431,-6.7369713942835,-9.4318075134045,52.9935597145223,39.6198546832557,5.63929919956879,25.9494445961576,4.6940793160884,0.13599884182622307,-0.2611923623415324,-0.015899044650316673,1.6177983224409478,0.09347683654829472,-0.041039435538839986,-0.1962876665425633,-0.5270415221802948,-0.08565464341434008,-0.360820737516917,-0.03423310921348498,-0.16063805491449837,-0.14115385619741824,0.04125558214240753,0.1692954326406311,-0.2719762269001609,0.01651971067257017,-0.12759236522017223,0.01239067663120342,0.06847057244416137,-0.13397801949149507,-0.3002601616442068,-0.1890178253116009,-0.2657993007533939,0.30028008841103826,0.12686757463943726,-0.30331798450287784,0.34612531095625,0.09232640362498493,-0.4574786449198306,-0.6287142465346445,-0.22523739300665244,-0.34539826861630063,0.3653609260180617,0.24710512204329127,-0.2482108530797027,0.08217799644485935,0.008771451638122733,0.09146199975263587,0.007462278761497613,0.1418359369187201,0.13814966971649245,0.011040549446961966,-0.004002390474888756,-0.30542601455869156,-0.16389059097675263,-0.007733793407743347,-0.586479779859605,1.303240740740741,5.928125184323246
4,8.53914912337022,12.2533890574777,-14.9970690804696,13.6691612176688,56.290654445154,17.7853359334161,16.3366353940737,14.6404516370023,10.6666862479862,7.13698125184483,-1.12246301301173,-1.73602190218413,-3.93426670418705,-0.144222548994484,-0.413896838156918,2.31037627535337,-4.62765978871261,-3.91389590019012,-6.03307919702682,-9.23886182444174,-1.84102142575094,-1.38048660894085,-0.812913036199505,-5.74970424828122,3.83973653376245,0.824949773400426,1.89210836326615,-3.0510850664528,5.55174904816958,0.211767740028946,-3.59222217809332,-8.60597991710386,-6.13246538936655,-3.46962063996294,-0.824180787902026,13.0408087505314,-0.318465750846778,4.16505303130904,-12.3800001035155,-11.3521430004863,-37.6446813633914,-5.21274180744193,-9.55714446706108,13.9324742972655,8.56436863915969,9.53308836559013,36.5585412537392,3.60932051140856,-0.05501795403444308,-0.0793039700326712,0.1303131596972394,0.09560671442563831,0.489537771585085,-0.19109988324646549,-0.07946346204844117,-0.0720962268884073,-0.03838033723789445,-0.015013639738521678,-0.036853932660356206,0.14767701422215515,-0.07527069610167181,-0.09798186800516363,0.15535820160896702,-0.12468231145933757,0.17556965043277273,-0.11149412421723442,0.11675490522287257,0.14475111826863138,-0.11283936072677381,-0.07956381971673554,-0.04674552920682609,0.3022817618532709,-0.1574774067258403,-0.19988715085105863,0.023931006159913462,0.18093183108902297,-0.34514059687246,-0.08134106714709004,-0.03102367805799594,0.1657584889293575,-0.22267681481798762,-0.19181331188296907,0.19214489283344519,-0.1687102980914344,0.07959829624420685,0.011080196850628079,0.11542894634086667,0.07325485606321062,0.05296701506851516,-0.18590576013647722,0.038585160159002097,0.0342864732941822,-0.1100158314958665,-0.10844963715002831,0.013214304458681892,0.23693269018496263,1.477314814814815,7.502043351324622
5,7.80625078582735,6.65707241489532,-2.14076775738371,6.36591413624087,17.7853359334161,24.376808104947,10.0192927085105,2.90534804853289,3.12624044975882,2.99266055154879,-0.387123651022496,-0.555774717478438,-0.11315479969731,-0.671753665118963,2.34070234260727,-3.09022975919013,-0.355051768079665,-0.689588567353338,-0.172120491555374,-0.387303581111467,-0.959552753492296,-0.992570852125604,1.56572241666408,-1.46408039650507,0.96625767239466,-4.24470295905642,0.0315901121873864,-3.06640806443489,4.61173550555394,0.0456541665986524,-2.23391350638734,-4.80138323444298,-3.35782140948887,-2.70244261937301,0.473820893144612,12.6067802814415,18.560756516458,-5.64480893493649,-0.523310952760509,-4.20071306898403,-9.37025015741752,6.72032243261807,0.338377597807293,12.9523125217774,4.17502124093199,1.83304556913597,45.3636918113561,8.45459159382866,-0.07659073203280632,-0.055296365114653676,0.10292247335122513,-0.04226577733386834,-0.19228680042975313,0.8555907431428105,-0.3896340945064066,0.2831451341411847,0.011618822053991968,-0.04224533344818288,0.10222367588804387,-0.0698303397964499,0.22657287730851594,0.2623280406256352,0.007016526304076921,-0.038798948337464716,0.015546540630582101,-0.06448685714621906,-0.30978541786082936,-0.40117984950262114,0.11919734842059562,-0.01069823183219243,0.028486009424510166,0.024173412312763164,-0.1588521710250144,0.39551014988577826,0.32319576898391317,-0.06608788594383697,0.2167888884984353,0.16616826792876416,-0.019876635304241847,-0.12722899322586068,-0.11757785572249145,0.0951952951884375,-0.1336189188777605,0.030928005958092194,-0.09894989869239515,0.0031547384007465018,-0.0220934855071257,0.3471233198946644,-0.026713466641573216,-0.07741666820159103,0.01757238686711487,0.08554592944894127,-0.3120289504140567,0.2256545959236201,-0.06006817650697078,-0.42182600945414567,-1.5081349206349206,4.936274719355373
6,8.07647171034072,5.51045645072147,-4.08226489858368,5.92292219721196,16.3366353940737,10.0192927085105,17.742785834108,16.4067051676296,13.6324243968836,8.47723698254213,0.0212593346833634,-2.14758428100743,-0.796070949567884,-3.8773478598181,2.8339202108219,1.81895751726487,-2.18293269911877,-3.48622231673561,-4.85865305749142,-1.45697362976714,-0.905424414014566,-2.38474935411808,0.285672777377224,-1.40917712336899,0.167311178791686,-0.0914137453412142,1.92121934698373,-0.682922478065895,-2.38313473786639,0.098138386340485,-4.82431820556847,-5.63136990830025,-5.91551173833208,1.11604035602109,0.776993315092733,14.9754919622503,18.3021480127861,6.96551319182368,-4.97234886105691,-4.10320519879787,0.827885748910341,0.77860091834947,-5.43226944739647,-7.67019695761979,-7.04672129996783,4.14790731207582,45.925100735961,0.408339884653427,0.20225914684353125,-0.07436304006883372,-0.006667136817180203,-0.19973589583569223,-0.07927564532617455,-0.3930044015086452,1.8749124630001817,-0.1815757159896029,-0.23630890384752304,-0.039738424331330964,0.1465498943581031,-0.04254456000092369,-0.3982252672158457,0.029701146694732495,0.3249401612501778,-0.14213806252525021,0.02109433573863584,0.47256191576019674,0.659491797296219,-0.022814110447072117,-0.2802829174907669,0.3120757589788504,0.3111529860121524,-0.2336558393820781,-0.36954390609649695,-0.0969555624790439,-0.22033934138703148,-0.44662811862334856,0.06223751528878871,0.09733968795053921,0.0801924026020914,0.2799860768089372,0.7136616708217899,-0.15106764823038804,0.24692640151188644,-0.10281410496244771,-0.03391841160076469,-0.06548304890977664,-0.10977493838215606,-0.14111754925655362,-0.10069822468682652,0.041411076322677716,0.07138805003426212,0.08479535662215441,-0.03005122769307969,-0.05963334390958894,-0.13844928618277383,-0.051374397346251106,-3.2380291005291,4.211031445395298
7,7.51949609411694,15.1081484974863,-3.01054090223756,12.5142734868134,14.6404516370023,2.90534804853289,16.4067051676296,31.6422309154931,22.0514066849921,13.8104529108077,1.86767865292237,-3.32377755862044,0.109547562460417,-5.37828229661868,3.34860174320502,1.33429697872689,-3.00392828844024,-2.46461519260194,-2.39233441020858,-0.693930267697416,-3.8889554370198,-2.29589031024445,0.736692131712163,-3.37771068354674,-3.12074984519884,-0.324068637562823,1.75134493210146,-2.23775394899129,-7.24692056024693,-1.75949624433346,-4.529910957479,-5.79546876000701,-5.85969734492532,2.08974675692859,-1.62512852091074,12.1609944485711,9.77194167673557,22.8253890029475,-3.39233009911578,-4.14237482625486,5.32401255525271,0.375537474088453,-1.96646433122025,-11.7631387326624,-6.85546858453705,2.65100080938405,32.5598075965697,-3.74830543566759,0.06898097621067739,-0.3370351368129777,-0.03941891675916349,-0.5275518499205243,-0.07682721121058518,0.28240408641680936,-0.1741719070616249,1.8631213881174902,-1.185063635396532,-0.22765921895163596,-0.018442575638609585,0.12472976722774054,-0.12877447287619995,0.1033296327992349,-0.5941071607552003,-0.13387708156518832,0.28072099557607993,0.10782541696972493,0.023548240742479857,-0.18371449378553584,0.1776646805296184,0.031243154328142664,-0.2786214654690592,-0.07335406070564741,-0.1985696675197843,-0.06848516979100461,0.005286578426770724,0.019786746450704634,-0.0872018234553061,0.1121376804882274,0.08288198380682243,-0.020843179101871657,0.03362399128339203,-0.07620063514332152,-0.17499177910411057,0.19548374489785808,-0.029421865641733422,-0.289239655171661,-0.058019418365701896,0.5128278490173802,-0.06184792069317791,0.09454176814798564,-0.2362552999357962,-0.14325066218522825,0.2150625127358984,0.12836773393963935,-0.028215822886533418,0.1901316955568741,-3.0329232804232804,5.624253809661604
8,-1.91248405077124,-11.1923074107948,-23.2007244082561,6.24603335511627,10.6666862479862,3.12624044975882,13.6324243968836,22.0514066849921,22.9781814922329,17.4193773427891,2.7592678900475,-3.42990980554819,-0.423014115691792,-5.92466292037449,0.910784866840558,0.373643779627085,-1.60854530465575,-2.58627831897367,-2.53213104596815,0.328186380260742,-2.47838057523422,-1.98544254028734,-0.48806435034485,-4.14970037592018,-5.16433707149179,-0.338707313889737,1.70534402394082,-1.58940525874667,-8.60649715163681,-0.149178664101684,-3.32479834017033,-3.78753954953289,-4.3545926444457,-1.28163069401546,-0.317876776173084,9.76426079864425,6.44012845713723,14.8777045595119,0.909651838038244,-3.31268902170002,13.3512804424115,2.79201701757914,-1.36530479396873,-16.816333099176,-9.76327967831792,4.13742281517226,26.8530326138334,-5.08679396821193,0.03146198612418279,0.3412776256321539,-0.0848182503422372,-0.07571169430424664,-0.03960785309576078,0.012439060413666363,-0.23688300095391673,-1.194029136539521,2.985241566013796,-1.4341954827349273,-0.11766627245093429,0.43999822722609716,0.09170698417739738,0.3647262693664343,0.36142399269254843,0.1503445482001219,-0.029446152218636445,0.0572208439907426,-0.13876476707591967,-0.04861672322784575,0.1831817464801024,0.07933497602666377,0.3374411282813607,0.43421723404768714,0.024130986928865648,-0.004168377799088744,-0.04158700197919969,-0.2427453928403036,0.03971933079516312,-0.07048048705315933,0.15570326861609787,-0.21792045776357133,0.08665804933435671,-0.07472589188631595,-0.10591282185053087,-0.1218072424162246,0.02123231513170843,-0.004718575220300219,0.07415782674333378,-0.007286938332510788,-0.018998401563793864,-0.17250572495538236,0.17560590491893088,-0.01950936931898216,0.11576745354867897,0.07402653061213467,-0.012370030448954994,0.021686199986197023,-3.254206349206349,4.792513066464494
9,-4.68802610761187,-15.8364167384312,-34.3192354324138,4.31411791588633,7.13698125184483,2.99266055154879,8.47723698254213,13.8104529108077,17.4193773427891,16.8192146754083,4.1054708747299,-0.503747579010664,1.08587104254237,-2.57171161843378,-0.404797337905486,0.852193049431385,0.0264942457983638,-0.843010845619214,-0.516924478050954,1.01537226128113,-2.82741502800265,-1.72369569679648,-0.714634085101728,-3.67398170741124,-5.28058468603598,-0.738041605420218,2.67454129597863,-1.24606300741135,-10.4030984287112,-0.416981118484917,-3.30853017941354,-5.67658484010198,-1.13334818635938,-4.58796032392761,-0.515014677827118,4.14115999412225,-2.35979991219329,6.92459529611554,3.44369313609549,-0.119197477121066,19.3260438069913,2.1587437119209,0.576402808924021,0.291389391681331,-1.39612037116718,2.73560593128109,17.2572241440039,-5.95844430251228,0.12836066787355674,0.12104007255275212,0.3063709768594978,-0.35662187098246023,-0.019017442503641083,-0.03451350995155941,-0.03747028969716477,-0.22618095216252312,-1.4318327773984048,3.3960210275535396,-0.7334279624677398,-0.17132831580852187,0.11645417983902939,0.02181725534152629,0.30253120810157286,0.37159387791377757,-0.460408580114628,-0.14836306870292298,-0.14786131714683198,0.0658612661856849,0.142599250334552,-0.005534240806773947,-0.0609638632338789,0.4543763674666927,0.03896800786744126,0.0823075838026531,-0.32683091621474303,-0.18974568288126498,0.3186924541355301,-0.049366243712258645,0.45426898534144755,0.11085718955166565,-0.18882928826066234,0.03570019227264658,0.1681729728440535,-0.15615177487252152,0.012394138330290568,0.1544341727923679,-0.0179931727361701,-0.050681625431848655,-0.10765371912529359,-0.06139406602117384,0.10734904453497063,0.13410219777970384,-0.15735275325297085,-0.027473572860799635,-0.009858050172907303,-0.10958801496643303,-2.5254894179894176,4.099904227589746
34,-3.74899113132083,-5.94369554020337,-12.3053944187414,-0.0784882409538136,-1.12246301301173,-0.387123651022496,0.0212593346833634,1.86767865292237,2.7592678900475,4.1054708747299,3.55425812420541,1.91024009630262,1.78736548821073,1.4290691204696,0.077346831360939,0.696250891245461,0.463131089361687,1.0671954416312,0.748345439522984,-0.545280492815101,-2.69004926762844,-0.815195086646784,-0.903974464681227,-0.193574623140216,-0.637823982748631,-0.184838578703188,-0.806522888300514,0.390664882280747,-0.792027507663329,-1.18834541873798,0.908723231053912,1.06889163729571,1.5995035178091,-0.635150696379161,-0.6880798395159,-4.2469878696225,-7.088226945694,1.43869444824486,3.7906553830784,3.33668648761334,20.5608571043302,1.10199523036606,1.98335061711056,9.26471245790176,5.33184871614767,-0.146714690962859,-0.0724864897226563,-1.22277004945179,-0.0020711203270124662,-0.12988414667434367,0.10236607977058676,-0.03254271839619192,-0.03173665686119949,0.0905215505859671,0.16077839082337037,-0.017353636990331642,-0.11667225178850543,-0.7276891010730081,3.953057084787129,-0.12781399542235988,-0.07937120330744506,-0.10936262104879525,-0.007486909287399524,0.24080591061883455,-0.31142594335563345,-0.7668990830585256,0.0845831816261973,0.3656198994230468,0.4679577316173172,-0.011625813875214063,-0.029893259178195724,-0.24057615672989757,0.16516522271456865,0.05238206196328801,0.1287240407543959,-0.28066610143555243,-0.14178797950251948,0.49386850653279885,-0.010792700716292796,-0.2886280206068894,-0.02233510676859219,-0.17410435477875133,0.6451675037530045,-0.07633474486402952,0.025721415151200532,0.30662013622717876,-0.1741203999458637,0.188660701386501,-0.26783069339408805,0.15145624107340455,0.10082141613204829,0.08820651114548073,-0.2627500116607019,0.012007510971095576,-0.051832477790822805,0.17224748120318792,-0.6634391534391533,1.8826200158835582
35,-1.84748200469617,-1.51346578414839,-8.34541755568578,-2.827010756392,-1.73602190218413,-0.555774717478438,-2.14758428100743,-3.32377755862044,-3.42990980554819,-0.503747579010664,1.91024009630262,5.78747126436782,3.45819267242197,2.74631698167758,-0.525705625711831,5.22218268735625,1.02792779171662,1.75456511282424,1.78674762928377,-0.0523995877047519,-3.33176397109073,-1.04037289074965,-2.30290707764674,0.097476357973742,2.37103812120139,0.517585495926179,-0.597407057103561,1.5531594786074,1.25206222137502,-0.573692691747354,-0.167108755318019,-0.454562301804014,3.15941971679234,-1.38884939949198,-0.206651864463249,-11.8840227257067,-17.6915187244115,-0.681292942105958,0.183561049188891,2.30837506552614,17.56629449301,-1.96526854012932,0.204204576700674,-0.707058771095996,1.00407762116563,-1.14448392896185,-12.4539867155244,0.774775486929252,0.06841406579496327,-0.0193032697472541,0.011203560399550188,-0.1551570008249806,0.1448316616054979,-0.0650138594629797,-0.04590823899303597,0.1241582339813519,0.4420785868126227,-0.16577615418558425,-0.1420518452115682,3.4181300125298972,-0.08404609080392973,-0.6728672333633888,-0.03880459735197575,-0.7811014786132151,-0.38777413582945797,-0.2776854910454256,-0.24631011535449143,0.03893412088942686,0.6645477839899552,0.04869629754839191,-0.21173561366561944,-0.16036251176743394,-0.4247643441492893,-0.31820518041534623,-0.015143947914042718,-0.0483685044080153,-0.07869570024153594,-0.05937567607128441,0.14746534292445415,0.48099798794968984,0.10227988188827616,0.3818874367158045,0.33643076443006603,0.024321029779455765,0.07097352378497263,0.0009889947157263063,0.05255588270555707,0.2645629404750444,-0.22773104925452226,-0.03995076965975887,0.16596635370621976,0.11789380839092627,-0.132768700480762,-0.15901372549926548,0.0326455684060749,-0.33600040774413187,0.7333333333333335,2.403637090820454
36,-5.17411885235088,-6.09111272014753,-8.26361880394501,-0.0423091429144085,-3.93426670418705,-0.11315479969731,-0.796070949567884,0.109547562460417,-0.423014115691792,1.08587104254237,1.78736548821073,3.45819267242197,16.9197142401022,3.77998915528196,0.680052982932793,3.99257699141711,2.84056221357109,4.90220872241707,5.71446494871597,4.64142995963156,-0.695768851004503,0.681374476131235,-1.90341099460449,-0.82323397604259,-0.190045796182729,-3.01478386825448,-1.33734597006089,1.76529740556864,-0.4068748428998,0.2170529668321,1.00498926024819,-0.484448303520403,3.72885957863114,1.78382333465245,-1.77718215592199,-15.6884059037812,-21.3685618896459,-1.63312534605464,-3.87691219703038,2.53333177183381,3.098754347124,-3.25178144587646,1.24032203265467,-10.2896312997831,-4.55442583151437,-10.2603414812982,9.49739956589209,0.513745000074827,0.014501447407638864,0.16661967957673662,-0.008742571877193543,-0.13779528416299944,-0.07705950182047672,0.22700864316165675,-0.3960701863912546,-0.12794851663815635,0.08915279505030883,0.11967297484009135,-0.07980383188146888,-0.08231956733805207,1.2731410261583849,-0.32922770105698956,0.32363735356725787,-0.2668089094856495,-0.07414408392311618,-0.4366988074730636,-0.4805099801047262,-0.47742353815434624,-0.10313051327825178,0.20337063016768608,-0.01837083110807827,0.023223178411278866,0.22478911321827802,0.3882806494035716,0.18381716625380234,-0.046851776728087824,-0.17985696055394526,0.3693920090952601,0.10091430472800537,-0.001758585841321,0.01674568614901794,-0.11365326061356185,0.40619254110033154,0.25688955461663465,-0.07441541188689436,0.09295258711734389,0.039290660112436315,-0.12053614659610339,0.04278295030517801,0.30175290967575874,-0.2662984280942441,-0.06758070313613103,0.23800592979966645,0.06748275042441222,-0.09321127017647077,-0.0751479869447511,1.6138888888888892,4.112142293270281
37,-4.04079594494489,-6.27236502098602,-0.726243347055457,4.92706052404946,-0.144222548994484,-0.671753665118963,-3.8773478598181,-5.37828229661868,-5.92466292037449,-2.57171161843378,1.4290691204696,2.74631698167758,3.77998915528196,11.4252298850575,-1.10459748367655,-0.780214367214603,1.29603407258905,1.98210129020824,1.30389830486222,0.979924489836834,-1.0710788800907,-0.131883746341051,-0.302639555673717,1.10809434723246,0.113571720832467,0.818935522409753,2.64014124136698,3.20014135275919,-0.0164656368143273,-0.550037355082673,4.32396253981559,0.460440573133907,3.49595638678821,3.37469789001874,-3.25149822571953,-7.52004105605955,-6.67222802157023,3.05177301719412,1.2564218724321,6.27755885974155,0.726608178811077,2.03956725496133,1.48592984327669,66.1645666168881,36.3484703907624,-1.6257815339411,-9.49272304984331,1.96702880051944,0.043786620708968285,0.13256768613294162,0.07121230098234928,0.03131101010012103,-0.09911210318697641,0.2647294223140191,0.02926861331381646,0.10454140563010027,0.36738851370316034,0.022075525665648646,-0.10543067944165213,-0.6685519095338709,-0.3266896234996255,3.9848408189841154,-0.437606523655259,0.08383868830257073,-0.1910087744628101,-0.5092541331910988,-0.04910025419545807,-0.08545888917269895,-0.08449694677296965,-0.29599203164353866,-0.31399092875291623,-0.07966968826615295,-0.13954389458537517,-0.05486630034991452,-0.25779207137796817,-0.44222625732912574,-0.18646527847596592,-0.0011807447291130586,-0.0004535740550976748,0.28921253043740824,-0.013151424404111465,-0.34510653994693047,0.307916360474079,0.22632897838581512,0.06727970176058866,-0.1804933492454217,0.15603834645161566,0.05650289247075614,0.030893418889570083,-0.21483417365005045,0.40873820543089145,-0.3263604945352768,-0.22868916574960033,0.06137415322061562,-0.01714543945388362,-0.28517033929859964,-0.24999999999999997,3.3786432017982415
38,1.49024249246453,2.81471498387392,0.730763075095556,-0.222958202086776,-0.413896838156918,2.34070234260727,2.8339202108219,3.34860174320502,0.910784866840558,-0.404797337905486,0.077346831360939,-0.525705625711831,0.680052982932793,-1.10459748367655,4.02549329501916,0.214883412773472,-0.663598518201158,0.0771464938062244,-0.385908955732588,0.574054639162181,1.60166542970066,0.876579232851723,-0.641564375851896,0.334889992206679,0.065720031959807,-0.325131088382713,-1.50109449502039,-0.741187310971852,1.01391923144059,0.636650707321956,0.402498323145338,0.519801955049699,-1.67311677290848,-0.158664261472295,1.09416503675981,-1.09643314817764,-3.84857719216892,-0.556264298080728,0.311504133131327,-1.52182483102991,4.87961308751348,0.315667615692844,-0.971273853965829,-10.278415383947,-5.24638965733886,-1.80760537765298,24.9936617909397,-0.395459394462319,0.11610932559431829,-0.1569481035753968,0.15495925393409923,0.162428729422373,0.1656411525016931,0.007907518830445045,0.3174844512800652,-0.5927870202740784,0.36337874811117854,0.28488268383562165,-0.009173243128717593,-0.03996359218156219,0.3181444586401484,-0.4523536519191942,3.3655771324461923,0.08451184518733239,-0.2788649336903219,-0.19412421654080933,0.2607473990159616,-0.30108544806083115,-0.3594968152152006,-0.09365076045391141,-0.0021687560407873756,-0.42130192410961625,-0.2481953994561943,0.246462714687931,-0.03404924095471318,0.3584702995035772,-0.11613426120094397,0.04837270555691354,-0.10173467742098279,0.01360068287771614,0.07958980020373344,-0.2531021830977327,-0.024559979091650114,0.15910834606220375,-0.0462902401135581,-0.16783434511478137,0.04153458151252098,0.9095832772781227,-0.192946244286755,0.009371759211462908,-0.01829100732864613,-0.020757463625615445,0.046887711671668164,0.0538521710421377,-0.33694446942021106,0.13844404424104237,-0.675,2.003869580341784
39,2.00542440815719,-1.98627693231521,-12.5461907674174,-1.36368986868532,2.31037627535337,-3.09022975919013,1.81895751726487,1.33429697872689,0.373643779627085,0.852193049431385,0.696250891245461,5.22218268735625,3.99257699141711,-0.780214367214603,0.214883412773472,15.31,1.65206406828162,0.391361346691449,-0.187286078271373,-2.31472017254276,-0.283858460248152,-1.34085967354558,-2.66699664819566,0.0106901774457302,-1.27792340257029,2.32189537090813,-0.450236051824517,1.33457331972275,-1.55293108529051,0.295108948114742,-1.89114329603321,0.242301358799784,1.925910476381,-4.13111461310954,1.94258426347589,-3.10937942629584,-7.07494849991101,0.256374826088128,-6.78051204699604,-0.14545595130669,19.0746224766619,-3.07752339432885,-3.43095083360618,-14.4183327273925,-11.0368394684999,-0.61845504625253,1.91429620110656,-3.88310137437669,0.10193591566284785,0.032420364492602494,-0.014957641103809366,-0.2698872445046601,-0.12438650251719814,-0.04286216109422964,-0.1373002918275518,-0.1312934596396809,0.15225351647145732,0.37107233019888713,0.23879847971569823,-0.7831179757076858,-0.2693031368172164,0.08198974618879087,0.0824153564940055,1.2482215429670416,-0.4260816453979135,-0.02234220032294531,-0.023709679650100932,0.35332351751392077,-0.016352056552636416,0.26965641232021365,0.23686211218265948,-0.11931019890112457,0.3452820736913982,-0.5183131459014858,0.012304594711946393,0.0006621784544767391,0.2027520021894858,0.008732004100248932,0.24299169509094365,-0.19838299322839198,-0.3229731986251739,-0.00041204515232189125,-0.557746352899524,-0.0012915772412324215,0.004747772077478705,-0.040795606014511515,0.1328737184117085,0.2204535756232756,-0.08351492356713316,-0.14354364599457492,0.14130307864308592,-0.058028840227874814,0.19431870380884175,0.03669542936541819,0.018823200235893543,0.2380664772792909,0.1,3.9115214431215892
40,-2.95482538764258,-6.67593286638201,-3.94459021459025,-0.711637007055111,-4.62765978871261,-0.355051768079665,-2.18293269911877,-3.00392828844024,-1.60854530465575,0.0264942457983638,0.463131089361687,1.02792779171662,2.84056221357109,1.29603407258905,-0.663598518201158,1.65206406828162,4.88487228607918,2.026129764626,1.73080118338247,1.46003250499297,0.226765852028224,-0.25593043914204,2.40083633040962,3.09857491477176,-0.128871731986168,-0.94187381188638,0.135834021006497,1.21339268252747,-0.279465828647729,0.0781675988573851,0.343845175883908,1.2747869064704,1.47374823410583,-3.63770489594086,-1.8241261042141,6.41222660635118,16.2177616953142,-0.123050636060773,4.07316786859378,2.92438060464055,1.32654217320519,10.3698673071307,8.83485469471509,13.407336812705,2.01432965332942,-2.34474237395836,-5.04378054423181,-2.49645132066737,0.1515559981936639,-0.01611415183189235,-0.03532321338141697,0.016573788232795886,0.17316165550581838,0.019072506275371204,0.02220881939919477,0.2825929515093626,-0.028794937529931827,-0.45130755795683997,-0.30888473661261523,-0.38742539182471947,-0.06670544502302003,-0.18884267224489826,-0.28166486485799797,-0.4256047403736655,3.2038605176767962,-0.9255295820647395,-0.04928548267147167,0.35781759023835913,-0.3172422223359232,0.04599623609505843,0.8104720242314928,-0.09938270517910658,-0.3151298837943572,0.5932967688772447,-0.20003875450974407,-0.046482826563801115,0.019748880517214382,-0.1752052066766923,0.27743293408689196,-0.015553356314396178,-0.06679562586206148,0.028331292787888318,0.25136824251346995,-0.12728755045196116,-0.15539657884223435,0.010168432446366414,-0.006755249090334384,0.047424079558889276,0.14386244633672696,-0.46177375380184943,-0.1114451888884741,0.03347743156786943,-0.044567494022178016,0.2648393693526847,0.05562844255050232,0.27790750305283535,-0.9277777777777778,2.207911294884643
41,-3.0129891993785,1.41997957278669,2.10204277392895,0.536419069128189,-3.91389590019012,-0.689588567353338,-3.48622231673561,-2.46461519260194,-2.58627831897367,-0.843010845619214,1.0671954416312,1.75456511282424,4.90220872241707,1.98210129020824,0.0771464938062244,0.391361346691449,2.026129764626,4.47574872286079,4.88444861086685,2.51019926760535,1.22286055517189,1.40380748482248,-1.03036515900045,-0.205375056955124,0.154604306426275,-1.48676661103764,-0.560963141151586,0.515649848896017,0.561551859578719,0.532699050912096,1.31645343914728,1.74995369182686,2.76349204041582,1.09394032497272,-0.475230518337613,-7.26690848921015,-11.9756195746271,3.96355404719437,4.34720216213699,3.27253751980499,3.00050331384672,-0.961308243440678,-0.540368490731339,-6.63973969086597,1.36670089492998,-1.52343560563282,-3.39574671719599,-0.176232648962638,0.02081863418289954,-0.13977536801212387,-0.01701260045266012,-0.12356632926428246,-0.11006575498007308,-0.06518084156002621,0.4634047324134316,0.10974198453467354,0.049354013423595695,-0.14314585728980053,-0.7612596941304075,-0.2803250634439814,-0.44768326777120354,-0.5000391945629638,-0.18531573677062788,-0.023312666931658226,-0.9316677601893237,3.959104869689885,-0.9464330067817294,-0.13457220539695328,-0.16114938670724435,-0.24832489304369706,0.0021596863557842363,-0.08306481261055126,-0.1823056035948276,0.18535284832777166,0.03542449198820289,-0.024505084687992527,0.04024629778769108,-0.1366564075968315,-0.02395538713352193,-0.14813253441394686,-0.18289754685115972,-0.167911975996734,0.29108912780721674,-0.15348756651462694,0.014676403905667835,-0.05825003629913427,-0.34606720785949885,0.01104586959764912,0.016223919653168467,0.02215699896413704,0.27449271316377505,0.11829126507751693,-0.02767587806617557,-0.059930661428508086,-0.03514432541628348,0.19187402375972748,-1.1694444444444445,2.113231819479536
42,-3.7343226904686,5.09798786704234,-2.29371080296993,-1.68181401537112,-6.03307919702682,-0.172120491555374,-4.85865305749142,-2.39233441020858,-2.53213104596815,-0.516924478050954,0.748345439522984,1.78674762928377,5.71446494871597,1.30389830486222,-0.385908955732588,-0.187286078271373,1.73080118338247,4.88444861086685,8.35323914431673,5.8074550891694,-0.199565718106312,1.04670534166321,-0.0427416226311478,-0.135993162519033,-0.6974451082165,-2.51686076916951,-0.287773650320685,-0.421258014275026,0.342350417237418,-0.684598951033721,0.675052195898602,1.79205710122729,2.18750721106448,0.87618000962385,1.34976026050851,-7.58465888685784,-11.6904842127608,7.02561987885854,3.65118618111754,8.18598706172752,11.995284980752,3.42418196253152,1.93658919978946,-9.17808006310294,-1.14845753006076,-1.50864092097719,-7.41545954964026,-1.34281452939317,0.10070392063515733,-0.17870873165732828,-0.03428784819588564,0.013412501702538937,0.11370811725092653,-0.3055427476127738,0.6624904761001683,0.021764934985271024,-0.1500657395058295,-0.15216193036924425,0.07905133517472762,-0.24895247284361705,-0.4854960430370357,-0.04942351309768281,0.257974359386992,-0.012908119812549634,-0.05101071832203002,-0.9458692639101909,2.5348349970542534,-0.6101409289066534,0.025246676919577413,-0.10822360045584813,-0.3353170488671436,0.6046437967019876,-0.12450666922926898,-0.023533287948472443,0.49376351463614226,0.2676594866360065,0.004105216421854187,-0.0957705942447985,0.04548635585037734,-0.02248769550394363,0.21115434718703247,0.1659864565502668,-0.3787818354954019,-0.17881863377808122,0.1335134709292589,-0.18103457188015584,-0.08081146790092673,-0.3747100103584373,0.038572899928237085,-0.056357060341376365,0.22434634290835842,-0.15958926695905143,0.28285075990787045,-0.07599502961828104,0.02091748058649444,0.013710228304968803,-1.0638888888888889,2.8884665731693575
43,-4.42624756603749,-0.783504020975791,-7.29534720796999,-3.1092908920024,-9.23886182444174,-0.387303581111467,-1.45697362976714,-0.693930267697416,0.328186380260742,1.01537226128113,-0.545280492815101,-0.0523995877047519,4.64142995963156,0.979924489836834,0.574054639162181,-2.31472017254276,1.46003250499297,2.51019926760535,5.8074550891694,16.0599680715198,1.69525107059034,2.36829320708372,1.9532165077943,3.20671548805563,-3.58577568049047,1.20302847344011,3.8096732222054,2.55321145121386,-5.00413903276213,1.4983746710642,1.72963230172798,-0.293075305827209,-4.42464456906833,-2.22395939832625,-0.619346926575128,-3.2641441114591,-4.74629352132719,-4.81186155115505,-1.58793818228967,2.89758740088695,3.98580372601902,9.63502872787144,1.14301618443138,-6.43660764666774,-3.8919559505479,-6.92319839445999,-10.3293277797314,-8.48918940393215,-0.2002295665505959,0.17174208708587885,-0.07976750373085507,0.07108023723125641,0.14157669452640753,-0.40097156696588554,-0.020801109977050564,-0.1832811420866182,-0.031499440145544795,0.0686715743558486,0.36847259701752305,0.03444271775799387,-0.47304100675679045,-0.08641730614662908,-0.3038105392603285,0.3460874374888901,0.3645351626416888,-0.13269385918853696,-0.61191781673749,1.6889885532579783,0.035394736807311054,-0.012830225060012239,-0.06575065570303372,-0.5088144930659989,0.08299082919737312,-0.015577005071843708,-0.6920337204867951,0.018315738338697388,0.03721743684765735,-0.3277444020850966,-0.13120314868778776,0.14979035632783763,0.2811396880977717,-0.08842969718278956,-0.16017568072893762,0.028207081878424446,0.06666697419573293,0.11236065656249933,0.052826888084601925,-0.013165615682152045,-0.048107330940123545,-0.3531089386871254,0.24015155018795534,0.06598329203319786,-0.05726994506211419,0.0480210603129777,0.1446060576327067,0.5450043162923709,-2.138888888888889,4.006241139961472
44,-0.970284310976643,8.74477730470626,29.3139512190895,10.1988287836015,-1.84102142575094,-0.959552753492296,-0.905424414014566,-3.8889554370198,-2.47838057523422,-2.82741502800265,-2.69004926762844,-3.33176397109073,-0.695768851004503,-1.0710788800907,1.60166542970066,-0.283858460248152,0.226765852028224,1.22286055517189,-0.199565718106312,1.69525107059034,18.3173196040868,8.27292065233136,-4.86595466551844,-7.11099431302192,-8.76916685995113,-0.947248140578765,1.9630637046103,-1.21655928378416,-4.29384647599771,5.03110933318155,3.11202226094123,1.80982620917972,-2.90421212583982,-4.28230789210151,-1.20676508036091,-10.5249510101886,-30.3094583621776,-15.4437153670506,-4.81319818969384,-8.21864639967676,-15.0237732125933,-1.84627437325098,-6.73243769779764,-18.7118749276252,3.69958532503266,2.44196351995253,18.224503823091,1.04376287864447,0.20137058794506374,0.021030628033275045,-0.13204115457978513,-0.13737239738747892,-0.11362982527094143,0.12422730927711675,-0.27637945839124245,0.1787989424861702,0.18305287746700855,0.14590109267218287,0.4632553354380958,0.6714118323912417,-0.1051718482719987,-0.07975615681903166,-0.3550602881091759,-0.02219929591473023,-0.3078063531564649,-0.15405011872025942,0.024264056733389595,0.03370786234922933,1.4356862077777355,-1.1839412039316708,0.21167990710345694,0.35706328994971714,0.052152107782040096,0.2608850017577194,-0.40469400245745635,-0.20035642457508554,0.17135431971440107,0.005657546403900307,0.05470977606485608,-0.16050620235791035,-0.019456003062252872,0.253531632320574,-0.12886253025914374,-0.0861472202707189,0.002078949161597297,0.02854790962203412,-0.09699920960698608,0.13061869315323535,-0.12570447322338785,0.08949463013815782,0.11565152327926752,-0.10749245599359478,0.23384589742020662,-0.082325490077007,0.007634900857698459,0.0103038613750705,0.36944444444444435,4.278705365421513
45,-5.20393013338947,6.1065230004949,13.6845122864279,4.77124435999489,-1.38048660894085,-0.992570852125604,-2.38474935411808,-2.29589031024445,-1.98544254028734,-1.72369569679648,-0.815195086646784,-1.04037289074965,0.681374476131235,-0.131883746341051,0.876579232851723,-1.34085967354558,-0.25593043914204,1.40380748482248,1.04670534166321,2.36829320708372,8.27292065233136,5.93791347381865,-3.31256989620215,-3.57550578706626,-4.1847854884575,-0.419837859339246,-0.0025796574054744,0.895807978329635,-1.4294875723447,2.35236823943156,3.32776058872507,2.63953565030835,-0.946727976461624,-2.05875273098941,-1.01832513515537,-16.958087911441,-39.182290533834,-9.59598218098343,-1.49950510782497,-3.56814887710497,-9.13339444279491,2.808528299534,-0.0404487901229069,-21.6901165523284,0.0802120011552917,-0.991642283954878,6.5328421437159,1.14606717777821,0.2536667163726188,-0.06227314958178791,-0.030646398400292485,-0.2994914441660976,-0.07680923947305632,-0.012565058653410474,0.3122662019426089,0.031221044342546054,0.07896160236798612,-0.005622845420610267,-0.020367710411823406,0.048446107927803496,0.1970920728814774,-0.30031011184123324,-0.0936562341959672,0.27097542870595565,0.04579720092741902,-0.2661244013875915,-0.11549170181983845,-0.0131975386325518,-1.1858247284267076,4.184375713734252,-1.003841084879764,0.03425659417170295,0.04510395186407681,-0.17838881403772572,0.03815838579747913,-0.2655601829259931,0.12074003560868016,0.09636924037718882,-0.23406047143391978,-0.08417110679963523,-0.047177247044952304,0.059712846893651694,0.041066307581981584,-0.1673602135030336,0.24854519096479455,0.04006980319696027,0.03956511181681614,0.1786237757692138,-0.045789429557181474,-0.11778066464523204,0.12106466223371683,0.10316888633837093,0.022197660714788806,0.25875853348804306,-0.04068637720834427,-0.06943174452494584,-0.16388888888888892,2.4347306778817748
46,10.9719090902546,-10.8491832902035,-7.58116684110556,-0.856371618031643,-0.812913036199505,1.56572241666408,0.285672777377224,0.736692131712163,-0.48806435034485,-0.714634085101728,-0.903974464681227,-2.30290707764674,-1.90341099460449,-0.302639555673717,-0.641564375851896,-2.66699664819566,2.40083633040962,-1.03036515900045,-0.0427416226311478,1.9532165077943,-4.86595466551844,-3.31256989620215,22.2411941251596,14.3624573821938,5.77004133954042,3.2651143514176,2.12472369542489,-1.92840201127774,5.3697350550566,-1.42098372408197,-2.39446004069277,-1.39665333707011,-1.42438597246492,-1.04919860433739,-0.40175956985129,64.7022866245728,125.885176203066,-3.8347047216657,-1.71613329028794,3.22587122557296,-5.14212844458983,7.97412844478346,5.31454230191246,52.6105377994133,-6.71425985601539,-3.31443272926344,-5.07620522201098,-2.04267177835863,0.4154476651481564,-0.021272502052098283,0.016576914584523917,-0.19106745324793112,-0.04789785976807475,0.027641240157331583,0.3062977007372421,-0.27650641499877227,0.33421629305157347,-0.05446925921613649,-0.030528555584970304,-0.2078300519223843,-0.01571559433355511,-0.3134051797533678,-0.0020258204526028122,0.2415414246879991,0.8180492810435142,-0.0003992341008723913,-0.33095506455351525,-0.06320037455981381,0.21096177754057568,-1.002489435790225,2.356673365092765,-0.24283289438303515,-0.07369459877567647,-0.5736168769755439,0.05689001213536869,-0.352428589702242,0.1757599763681377,0.5151927293695078,0.03240650361355415,0.3304670011298297,-0.3398124876046226,0.08227455096928711,-0.004457245605586722,-0.22854980604298414,-0.3374975918759667,0.07544406849588545,0.12753047573311854,-0.03475025649203813,0.012422024906416846,-0.08652304148575207,-0.196444503678086,0.09244943173346826,0.04093978994838504,-0.05244062059823157,-0.05257682526412616,-0.16291453761718874,-0.038888888888888945,4.714996725890658
47,1.93828261915143,-14.3295355510595,-19.771564764396,-6.7665818325641,-5.74970424828122,-1.46408039650507,-1.40917712336899,-3.37771068354674,-4.14970037592018,-3.67398170741124,-0.193574623140216,0.097476357973742,-0.82323397604259,1.10809434723246,0.334889992206679,0.0106901774457302,3.09857491477176,-0.205375056955124,-0.135993162519033,3.20671548805563,-7.11099431302192,-3.57550578706626,14.3624573821938,17.3310488505747,9.38840041388555,2.25389370640934,0.315812919203609,2.5507902291949,9.84110381183519,-1.69853773776204,1.03739431568274,5.87630454711421,0.579503970307551,-0.842641435539063,2.13102782474577,41.031774891177,80.8365503903188,3.30988369420255,-0.764097809501479,8.71337094146335,5.10789555392277,8.42259521762248,6.90262792390416,33.2944866787788,-7.12727585406202,-4.84336434789126,-13.8039954530462,-4.72155661596131,-0.008683959236313899,-0.03537400412240623,0.23676901935561895,-0.26252546664270693,0.30319127846194943,0.02386256964922627,-0.22933526858414272,-0.07112775176810159,0.43487997086416047,0.4542849536899087,-0.24228198111263208,-0.15752939070105937,0.021888537833751744,-0.07862198284930796,-0.42058190674344387,-0.11826872005836905,-0.09575229608277373,-0.07735650988272384,0.6078642532933181,-0.5031224280874197,0.35518273545438467,0.035583376003523064,-0.24423084847021667,2.624992968584819,-0.46853290735666875,0.003806364426830549,-0.350033882129807,-0.4022214769036697,-0.22734699913518275,0.09507946835288947,-0.07751695401140077,-0.42472478586836343,-0.19356254420533928,-0.3202251638724975,-0.08898317497218652,-0.6762819736889033,0.150552175692829,0.08572508430144006,-0.07192264128748316,-0.07464263926520864,0.06749310141183049,-0.032536015498422555,-0.23853749988260944,0.056305613802675715,-0.023615614521384203,0.06354576778059637,0.02504181327353367,0.30181449647021025,0.5083333333333334,4.161856418784136
48,2.99076395450059,-3.48646285046458,-5.41733590943199,-9.28532942114938,3.83973653376245,0.96625767239466,0.167311178791686,-3.12074984519884,-5.16433707149179,-5.28058468603598,-0.637823982748631,2.37103812120139,-0.190045796182729,0.113571720832467,0.065720031959807,-1.27792340257029,-0.128871731986168,0.154604306426275,-0.6974451082165,-3.58577568049047,-8.76916685995113,-4.1847854884575,5.77004133954042,9.38840041388555,18.0433333333333,-0.861288687815239,-3.011543524687,1.20989410785041,13.2183127147342,-0.714169650766009,-1.11510546014401,3.00233446609972,5.42864895643639,6.04415327000092,2.53260909431932,14.9336929469484,34.6284083511318,11.0829905657139,-4.40365384614454,6.73677881499509,4.28017388910765,-9.08506908611537,-0.373575828975087,-8.35611356308076,-13.9521977967265,-1.98888677073288,-15.0111206944011,3.70762366055566,0.2226618622109912,-0.009391835443502064,-0.12233404577442826,0.30363356372534317,-0.1576105177453101,-0.16091475018136497,-0.36897825601093615,-0.2032824355708911,0.01964942095473514,0.03762342493907693,0.16197387313304112,-0.43323939831228037,0.22705136344022195,-0.13850284561872653,-0.2427511240738341,0.34577397010482397,-0.31014654523748203,-0.17792910826700975,-0.1255469008674765,0.08199996419895009,0.056181837279605684,0.04688042350242755,-0.07635039878529985,-0.466324184952572,1.2756105487431573,-0.08771204503068164,0.1935564325049814,-0.16459144530541847,-0.17279805576600918,-0.5254595097167755,0.08491345473997045,0.02982855193982231,-0.21752765588621248,0.003468686143178996,-0.0011732932215098464,0.08035545155337191,0.03188902075127701,0.010826029426022388,0.08725757392784565,-0.23266578912931213,0.03050792903193537,0.42159452592796004,-0.26366895133379536,-0.17052960592606078,0.366203422109899,-0.250519481597233,0.05180505104552807,-0.0017097342952647105,0.2833333333333333,4.2465672411176225
49,3.00028984717717,-6.36181382229931,-6.71452832354644,-2.35941272373466,0.824949773400426,-4.24470295905642,-0.0914137453412142,-0.324068637562823,-0.338707313889737,-0.738041605420218,-0.184838578703188,0.517585495926179,-3.01478386825448,0.818935522409753,-0.325131088382713,2.32189537090813,-0.94187381188638,-1.48676661103764,-2.51686076916951,1.20302847344011,-0.947248140578765,-0.419837859339246,3.2651143514176,2.25389370640934,-0.861288687815239,7.73737068965517,0.810664226898729,2.97545890123583,-1.37469155923659,1.40917558026242,0.43612951940347,-1.26262590212981,-4.25401427461045,-3.95880695190348,-1.51083369442756,8.11711761544209,19.1475586330985,-8.78166470426003,2.5945351964054,-7.11656840734748,-12.1895856897307,-1.78980858764132,-5.99772222719239,13.6864881292644,-0.884044094755975,-0.782025671349129,-7.58663405082171,-5.44834070081439,0.0021008313797796748,0.10579765083805773,-0.1527564955463505,0.1190178772906921,-0.19614122298836834,0.38894187742754743,-0.10835651129707083,-0.0687206242656283,-0.0050317133967837015,0.07916860406736348,0.05095206867558883,-0.31610745755427894,0.38688364357555655,-0.055446181756020764,0.24395770939514003,-0.5134987230630192,0.6044570888573169,0.1862975164888614,-0.022847294450794305,-0.014852991638954812,0.26441000784380886,-0.17733617140924918,-0.5765004867517086,0.0027474146794005862,-0.08391567890265765,2.654337849038038,0.26703208538238815,-0.42534018254868716,0.19836596534508624,-0.3932087756733946,-0.2592258707223695,0.053356866746837685,0.42059803011658753,0.02198124444648955,0.08630430452938259,0.014507414343992728,0.08168898471275883,0.09746446503359044,-0.38006293229654414,0.03985127826503537,-0.00919688423339276,-0.2191753806050058,0.5825360938464513,-0.19631989347798365,0.2804480605234656,0.23492098186018315,0.02458740286303986,0.17683582746625506,-2.375,2.779814866075648
50,4.76594078808377,3.56291017756447,0.634599766673792,5.76940013305516,1.89210836326615,0.0315901121873864,1.92121934698373,1.75134493210146,1.70534402394082,2.67454129597863,-0.806522888300514,-0.597407057103561,-1.33734597006089,2.64014124136698,-1.50109449502039,-0.450236051824517,0.135834021006497,-0.560963141151586,-0.287773650320685,3.8096732222054,1.9630637046103,-0.0025796574054744,2.12472369542489,0.315812919203609,-3.011543524687,0.810664226898729,6.78047413793103,-0.0126916685381397,-6.69425527163389,0.575132515367438,-2.30104978330612,-6.24322270060639,-0.501736153474655,0.62199588855684,-0.687447233862379,10.0846521350482,13.5478199430145,-1.38941571996578,-3.76046595962988,1.1433755567637,-5.21898954028039,-0.652595081444035,-3.66187001305304,29.1123840772768,12.3466673622113,0.607426255355665,-4.75400648524383,-1.64076574000671,-0.17146739641650696,-0.06597527624083828,0.14033426997631332,-0.2956273293244297,0.02410425064550838,0.3244935042772321,-0.21270346139893542,0.0054053345562013145,-0.04434195848165978,-0.3389790727186239,0.124860962900472,-0.014469325734671695,0.192953982750005,-0.25128012816112155,-0.0325634581008981,0.013611980936304401,-0.19554802290966075,0.03587223011393628,0.4963631983310177,-0.7034328139692444,-0.4063840856420016,0.032184032603261296,0.05643945097246561,-0.347509812363386,0.1952212325640014,0.2785737484471719,2.950619395346556,-0.0872516165405878,-0.031213728570144678,-0.41028599764630663,0.32389097345919216,0.7256798634746477,-0.3021501100264009,-0.06485046878072302,-0.40690414294743005,-0.04838232233749294,0.0019023901900496586,0.045399154615924704,0.08835359239485283,-0.2568971797208762,0.06448900369862842,-0.3519494847232807,0.43337884576802826,0.027800576554605282,-0.19735587644647887,0.0034479917332693928,0.15472094128663644,-0.27091747365101704,-0.625,2.6020134776612966
51,-4.82692749172414,-3.53056665046993,-8.89217911078284,-2.35762273391046,-3.0510850664528,-3.06640806443489,-0.682922478065895,-2.23775394899129,-1.58940525874667,-1.24606300741135,0.390664882280747,1.5531594786074,1.76529740556864,3.20014135275919,-0.741187310971852,1.33457331972275,1.21339268252747,0.515649848896017,-0.421258014275026,2.55321145121386,-1.21655928378416,0.895807978329635,-1.92840201127774,2.5507902291949,1.20989410785041,2.97545890123583,-0.0126916685381397,9.2661242816092,1.59688184031114,1.02072783742304,3.39336429771477,5.43722491615851,0.0084076370352504,-3.58351753757086,-1.45826854866378,-16.0500776401583,-21.6042910947542,0.424173417197457,1.13864280616827,2.29296734025589,-6.82780106049223,7.99759696017677,2.18723564331757,-0.102401962080726,2.33276748748835,-2.04076718201344,-4.49709189479046,-3.01723628898686,-0.40134810622559125,0.06783024312937352,-0.03514447474776006,0.35601604476575166,0.18015938857975036,-0.06445797380088276,-0.4443614069305279,0.01980799451508358,-0.2374849865800018,-0.19046299172974437,-0.285058375505555,-0.047485967073039176,-0.04511804059617308,-0.4455983010657708,0.3577253251246552,-0.002966235822085906,-0.05745211899640937,-0.025373705399120164,0.2685595427380622,0.016426656057102473,-0.1968125572419074,-0.2650010183978432,-0.3540319102367646,-0.4033759338677575,-0.16704609890022323,-0.4253345357071363,-0.08768608377610618,1.8651588759256856,-0.018878971124514334,0.3403474946876507,0.3548642504455247,-0.6128617100102811,-0.36478949149571893,0.33171261471122215,0.23374783196581195,0.33109611496429286,0.03664735847693389,-0.07519229655174933,0.0725621546816305,-0.15939629014936238,0.16472250659623147,-0.293059507055676,0.34836391791018406,-0.01407900317991483,-0.014981293138132228,0.08370583748296294,0.0220483584439227,0.07222601551351063,-1.9708333333333334,3.042387924247859
52,-2.63192316615638,-4.50368050191426,-1.23998640090368,-4.629974455456,5.55174904816958,4.61173550555394,-2.38313473786639,-7.24692056024693,-8.60649715163681,-10.4030984287112,-0.792027507663329,1.25206222137502,-0.4068748428998,-0.0164656368143273,1.01391923144059,-1.55293108529051,-0.279465828647729,0.561551859578719,0.342350417237418,-5.00413903276213,-4.29384647599771,-1.4294875723447,5.3697350550566,9.84110381183519,13.2183127147342,-1.37469155923659,-6.69425527163389,1.59688184031114,33.0689798850575,-0.33589818278177,7.18370241125615,17.4130735939067,-0.0426144038551399,-0.708137247614929,4.48547924719463,14.064175442332,39.3364197105496,6.97221666226134,-1.43107769419927,4.67867637386157,3.88689525513337,2.59263150042601,-0.361712886358949,-11.3269832396108,-12.508751070649,0.960677344429829,-11.3465080400137,11.0272543719897,0.07010758507203554,0.02421072146482537,-0.06170378751428017,0.0900513263888496,-0.34484374688517866,0.21419962381699353,0.06434802896861867,-0.08998059063947934,0.0355190963773782,0.3192211384294347,-0.1436781162572805,-0.07921664771463502,-0.189366669245067,-0.18752065177513322,-0.11701992080183456,0.20553140473672954,0.018821567995489195,0.03178666247522059,0.0014830891428123177,0.03783314925943996,0.1709585015364002,0.11900368567615113,0.17327592672056663,-0.22608532906799625,-0.17066607410352128,0.19893746564532178,-0.02987942248343507,-0.02007655286934335,1.0918116960836026,0.0556287232399034,-0.03365174179058156,-0.4597249224362396,0.2452875315176675,0.5371032396808177,-0.519211830789982,-0.045380960214145324,-0.08966845655727258,-0.014386682979681285,-0.11600558649286669,0.0013388162493006242,-0.042158588383911316,-0.06315566725428509,0.18845981502793763,0.10769262835468679,-0.14449784693973566,0.29351274773071484,0.02552829773385951,-0.6485361836384574,1.4416666666666667,5.749693894900622
53,1.51181181829485,-2.43929442647352,3.04434505319439,4.82156571680519,0.211767740028946,0.0456541665986524,0.098138386340485,-1.75949624433346,-0.149178664101684,-0.416981118484917,-1.18834541873798,-0.573692691747354,0.2170529668321,-0.550037355082673,0.636650707321956,0.295108948114742,0.0781675988573851,0.532699050912096,-0.684598951033721,1.4983746710642,5.03110933318155,2.35236823943156,-1.42098372408197,-1.69853773776204,-0.714169650766009,1.40917558026242,0.575132515367438,1.02072783742304,-0.33589818278177,6.7155316091954,3.57338479658692,1.6433566394657,-1.17400523416764,-5.90677476921098,-2.08601748378819,-1.96118263128787,0.0636823523448553,-7.93166455178445,-7.65430021821988,-5.02132304527417,-13.8679061482686,-7.88559464310688,-9.30174115919594,-11.2803039595145,-2.94639423381307,-2.32167310635278,11.9488337881111,-2.59162747909847,-0.1361477949417744,0.2490074576756945,-0.10329815409979945,-0.45633506335752533,-0.07749530323628424,0.16136413255087326,0.0973933377504937,0.11745016478868867,-0.07974725859798745,-0.04650447904886659,0.4991623050738784,-0.06192728397154211,0.3705237648114824,0.0016186777935692574,0.04785066079567493,0.008423434951625853,-0.17451643149297705,-0.13424392806135207,-0.09383095847129258,-0.32770214982391277,-0.001267767355409104,0.09880996534568773,0.5205335736336384,0.09822630020315341,-0.522715119831821,-0.3944081065141892,-0.40970279722158665,0.3406519741800415,0.05617406895831565,2.5061502048570645,-0.7157438534934374,0.14107496772514486,-0.3218134252150774,0.3008662097885549,0.398664719561273,0.25761098876202365,-0.17414030776280987,0.10404698313653798,0.004048439034252324,-0.24306928290289515,0.02631123226922227,-0.09988612813981815,0.25909705736701844,0.10183890269867925,0.07157079392393736,0.08778482669812471,-0.14070302157206874,0.09010064329383544,0.35833333333333334,2.589504124189688
54,-11.3877896226325,-8.7002339636618,-0.708481398629628,5.52679004937748,-3.59222217809332,-2.23391350638734,-4.82431820556847,-4.529910957479,-3.32479834017033,-3.30853017941354,0.908723231053912,-0.167108755318019,1.00498926024819,4.32396253981559,0.402498323145338,-1.89114329603321,0.343845175883908,1.31645343914728,0.675052195898602,1.72963230172798,3.11202226094123,3.32776058872507,-2.39446004069277,1.03739431568274,-1.11510546014401,0.43612951940347,-2.30104978330612,3.39336429771477,7.18370241125615,3.57338479658692,11.935159642401,13.6715137749322,-0.653936001166108,-2.96218615348678,-2.87760490629453,-14.5406324379347,-17.9222205072957,0.480507311913093,-3.90862614969157,3.10113804196109,3.66241257992728,5.74950032788277,0.840714981608438,12.9971339443942,14.893718040358,-0.834685718274636,-7.45662033490656,-0.0829620772934317,0.08291525334436962,0.11465833583314228,0.18060591789896344,-0.624651199200822,-0.035371098203877994,-0.01462864457719488,0.08252597858063643,0.07497227629907317,0.16668436201987805,0.45744158227787873,-0.010977018730128019,0.1341761297784161,0.09558859540409843,-0.0019269135947004485,-0.11558582875027623,0.2439050496977515,0.27995302623938045,-0.026377507650923275,0.03728637281292902,-0.1157572736962767,0.05467396452905072,-0.2409100812587354,0.03132408980007434,-0.07721880334494001,0.07656177022885843,-0.25804785977378103,0.3265992659995885,0.35709126129704555,-0.0337060267807831,-0.7122985749196891,2.999518217968066,-1.1324696446793034,0.17017384414497438,-0.2565800278736014,0.7574893378316988,0.21522595089352128,-0.026289889295609974,-0.04028219373597294,0.06031921175631506,0.02051907190154214,-0.06838984870716769,-0.1634987741423973,0.16583725227807627,-0.047276163978986104,-0.0014086334253628732,0.25696925860025327,0.016361776837737364,0.014198712349613833,0.6277777777777779,3.453282444631632
55,-15.6567588605831,-10.1525340634991,-2.29934409724437,-0.62817494641913,-8.60597991710386,-4.80138323444298,-5.63136990830025,-5.79546876000701,-3.78753954953289,-5.67658484010198,1.06889163729571,-0.454562301804014,-0.484448303520403,0.460440573133907,0.519801955049699,0.242301358799784,1.2747869064704,1.74995369182686,1.79205710122729,-0.293075305827209,1.80982620917972,2.63953565030835,-1.39665333707011,5.87630454711421,3.00233446609972,-1.26262590212981,-6.24322270060639,5.43722491615851,17.4130735939067,1.6433566394657,13.6715137749322,25.6166491060026,0.724499787462088,-1.38616657364122,1.76938256020532,-11.2869706326962,-9.8465620247521,12.0858472820385,-1.61354370475975,11.5835780261867,24.7415616467148,15.1393783791921,6.1827628178653,-16.5049536394314,-1.42672274728146,4.40156669165024,-13.2899688696491,1.51226457543711,0.09163938242340561,0.05058674805695976,-0.04172089905368481,-0.22432953507347778,0.1659837946737499,-0.12420630312369689,0.27729417476055124,-0.022550588020742255,-0.2119193199475029,0.10853898660640549,-0.2892460418102728,0.4939966312071529,0.005058864071483075,0.2960479951983951,0.010909007209469164,-0.2015988891959529,-0.007529810152935149,-0.13945730828771732,-0.021961983756484702,0.14524107672187278,-0.16091428752751843,-0.0821835967902361,0.33471899819949746,-0.41991357054062295,0.029122791227633442,0.0555212426366029,0.722644475851252,-0.6143464829368049,-0.45681993590753744,0.1414462726093452,-1.134538210912835,1.9141468212596713,-0.05379783760561248,-0.1330773035845914,-0.23784223060478085,0.0213508629190666,-0.03172666545204266,0.013768051050382894,0.1486692917651605,-0.16966191828328303,-0.02071091437731587,-0.17807054850093987,0.1338196616644734,0.0007610024350233174,0.05407683427037934,-0.36498158344136067,0.04407232790612306,0.21601994734247773,1.1305555555555558,5.060301286089846
56,-2.48738575669762,-5.08381624377904,3.12707481690587,-3.27942423187669,-6.13246538936655,-3.35782140948887,-5.91551173833208,-5.85969734492532,-4.3545926444457,-1.13334818635938,1.5995035178091,3.15941971679234,3.72885957863114,3.49595638678821,-1.67311677290848,1.925910476381,1.47374823410583,2.76349204041582,2.18750721106448,-4.42464456906833,-2.90421212583982,-0.946727976461624,-1.42438597246492,0.579503970307551,5.42864895643639,-4.25401427461045,-0.501736153474655,0.0084076370352504,-0.0426144038551399,-1.17400523416764,-0.653936001166108,0.724499787462088,14.3530795019157,10.6286198096805,1.74791523260705,-10.196312653325,-17.0339497646273,11.3911314589694,1.53186918292501,13.3580311552655,27.6463746127947,-4.09237759925782,5.54770904249094,1.5276839695111,3.77130994309747,-3.07327428749444,-10.8212418020018,7.08658794905108,-0.49025247651575155,0.3196286689038167,-0.09150143707632671,-0.35053506038880694,-0.22294631809098936,-0.11571252417204257,0.7064548059384118,0.031465810557776794,0.09073832260263627,-0.18610008635498634,-0.02158439392226172,0.1013136626404614,0.01602476617716872,-0.011644907497050104,0.07856427276388671,-0.32222990029477033,-0.06841581613021852,-0.18466994013320878,0.20947512178956593,0.2781688105584661,-0.020754668334925137,-0.047657135125809845,-0.33986723979211614,-0.19430052785961405,-0.21601895740732924,0.41985960855727583,-0.300562884639746,-0.3638990350761594,0.24564162822603136,-0.32160491615671016,0.1704220920523349,-0.053229214244962804,1.9685458423976272,-0.173540985641214,-0.21897263342990334,0.23400457400801544,-0.004403927552319708,-0.02905855693518127,-0.2230355052392381,-0.5007180539607249,-0.07726600056242997,0.3792956234465136,-0.4151701988381871,0.06456477694283155,-0.011714219451245574,0.20912538902090586,0.0074831537307004335,-0.15790959364007173,-0.325,3.78722583191387
57,2.48586979528218,11.4231396854731,44.6233250034419,-5.2129260174814,-3.46962063996294,-2.70244261937301,1.11604035602109,2.08974675692859,-1.28163069401546,-4.58796032392761,-0.635150696379161,-1.38884939949198,1.78382333465245,3.37469789001874,-0.158664261472295,-4.13111461310954,-3.63770489594086,1.09394032497272,0.87618000962385,-2.22395939832625,-4.28230789210151,-2.05875273098941,-1.04919860433739,-0.842641435539063,6.04415327000092,-3.95880695190348,0.62199588855684,-3.58351753757086,-0.708137247614929,-5.90677476921098,-2.96218615348678,-1.38616657364122,10.6286198096805,38.4889691091954,3.61240588795505,-6.42608297872104,-13.2446568062505,26.0009288631338,5.70919510295686,13.8344627194046,27.2351278010953,-1.54991628494605,1.59525580152664,-7.27103306421936,4.15401220145933,2.54956634870254,-11.0072531554837,18.5435649227427,0.16181572704014052,0.021534597935936914,-0.2346819789246915,0.36204093349415317,-0.19364331387739345,0.09481113466660566,-0.15175910811970936,-0.0745168877187019,-0.08503895169420222,0.032746284512000755,-0.1815749582534544,0.38469005441430765,-0.11619267680955242,-0.34021495572606963,-0.24677430221759306,-0.0010810592947230523,0.026419870181488697,-0.17341597796654587,0.16527080739102243,-0.08932847791323972,0.2531697894946684,0.05791494012533662,0.07669161436047309,-0.32781400876806266,0.002919634704660365,0.02278547777212535,-0.06445475480371902,0.33512508921967754,0.5364086972184022,0.30754381113055107,-0.253832954994913,-0.1334282761756228,-0.16964447057448434,0.9838067406514306,-0.17870474078139778,-0.005852631511539258,0.009622419988414514,-0.05286728569619997,-0.0514658156205659,-0.22856284480871777,0.022064430711736308,-0.030338261656979098,0.32498032838681756,-0.0440601602756402,0.1366630994655735,0.06265231609906219,0.03906803120207346,-0.5700729699187025,1.6708333333333334,6.203141874017988
58,-0.726117589993584,-0.345917506449053,-11.2866652181247,-7.57117218826048,-0.824180787902026,0.473820893144612,0.776993315092733,-1.62512852091074,-0.317876776173084,-0.515014677827118,-0.6880798395159,-0.206651864463249,-1.77718215592199,-3.25149822571953,1.09416503675981,1.94258426347589,-1.8241261042141,-0.475230518337613,1.34976026050851,-0.619346926575128,-1.20676508036091,-1.01832513515537,-0.40175956985129,2.13102782474577,2.53260909431932,-1.51083369442756,-0.687447233862379,-1.45826854866378,4.48547924719463,-2.08601748378819,-2.87760490629453,1.76938256020532,1.74791523260705,3.61240588795505,8.22519795657727,1.55809341218287,-4.02895676878496,5.87925247624351,1.71294275065321,6.99423320001959,17.4545707479135,-1.60916884835711,-2.41397505128244,-26.0088024191244,-14.6202296214712,2.707676901387,9.46221368286305,1.36133689332243,0.2639839482013469,-0.013518532826624206,0.14044092609385309,0.24730945245081648,0.19342671524935043,-0.1384237131546039,0.23749253069270043,-0.17180299738442315,-0.11002418283226714,0.16941226298283607,0.647560744090385,0.3328091305774539,0.4072995068584576,0.30829853425464004,-0.028584775854392286,-0.5576702407722983,0.24292463594333344,0.2942872472457936,-0.3750788603864789,-0.15478305085983857,-0.12705213655256567,0.04123695145134278,-0.0018544386336844271,-0.08897526040502651,0.000603403166263116,0.08914647762227569,-0.40644188332991305,0.2327816585305377,-0.5228029383899425,0.3982566779079246,0.7548854988355647,-0.2364225797928697,-0.21836778362717116,-0.1774160330699154,2.504392451516439,-0.10824605980204298,0.11570153664977323,0.12361904827291452,-0.06100024699082876,-0.36282643209579085,0.018804802551101413,0.07088730253967446,0.30183618303226095,-0.04644191790247507,0.045294066921572514,-0.1349957415676011,-0.12567884723976872,-0.06710756560844457,0.13888888888888887,2.866216662532208
59,54.3383263443124,-36.2106599618199,-19.461924278653,7.58760676170466,13.0408087505314,12.6067802814415,14.9754919622503,12.1609944485711,9.76426079864425,4.14115999412225,-4.2469878696225,-11.8840227257067,-15.6884059037812,-7.52004105605955,-1.09643314817764,-3.10937942629584,6.41222660635118,-7.26690848921015,-7.58465888685784,-3.2641441114591,-10.5249510101886,-16.958087911441,64.7022866245728,41.031774891177,14.9336929469484,8.11711761544209,10.0846521350482,-16.0500776401583,14.064175442332,-1.96118263128787,-14.5406324379347,-11.2869706326962,-10.196312653325,-6.42608297872104,1.55809341218287,249.268918023627,460.75661274785,3.08350268965353,-14.0086891345404,-1.27019236605077,-23.1810816166783,-6.95752089446418,-9.67498821353794,185.378122603415,-13.1630122342954,1.60742123119125,10.4152316392877,-12.127218487797,-0.22038680670618527,0.18886046273462578,-0.12804236974576608,-0.24475830449552205,-0.1719112240065626,0.033633704124701826,-0.10593752546869845,0.19612083797592939,-0.12023349141770043,-0.157404715986667,-0.07810646257480076,0.024207856129235157,0.2585172292551106,0.2245966724936166,0.15551539838892878,-0.004222854760546722,-0.12591857152386207,-0.1543968080704095,-0.17559366405683632,0.024853818397276767,-0.08338926464355219,-0.16825899429298502,-0.22977435946376176,-0.6795048682716559,0.08051397693052553,0.015004831937853267,-0.049008894049084976,0.3365783442779651,-0.03906521814796078,0.2608212324636869,0.21619833812992356,0.020572874101166955,0.23147573920191009,-0.005597877013742004,-0.10854127770955499,0.7606943452877649,-0.18160943436540825,-0.058351781387163085,0.01838609882840105,-0.04116966487101608,-0.004870708165206304,0.11150914133741235,-0.06122396971426837,-0.09040789519376795,0.15327977148130054,0.01742089702841821,-0.024700073545191152,0.1347068428881125,5.1819444444444445,15.787935837962708
60,104.82095953398,-81.3380229212042,-42.1662032006849,0.211771860420197,-0.318465750846778,18.560756516458,18.3021480127861,9.77194167673557,6.44012845713723,-2.35979991219329,-7.088226945694,-17.6915187244115,-21.3685618896459,-6.67222802157023,-3.84857719216892,-7.07494849991101,16.2177616953142,-11.9756195746271,-11.6904842127608,-4.74629352132719,-30.3094583621776,-39.182290533834,125.885176203066,80.8365503903188,34.6284083511318,19.1475586330985,13.5478199430145,-21.6042910947542,39.3364197105496,0.0636823523448553,-17.9222205072957,-9.8465620247521,-17.0339497646273,-13.2446568062505,-4.02895676878496,460.75661274785,938.433124201788,7.88689309463489,-22.2518994661482,6.09295956706465,-28.0178606313969,-6.34661197033799,-16.5303117336764,390.594481262775,-22.3854798919863,-5.05794698836944,-18.0357488173972,-20.2498716602719,0.003695051002454566,-0.0051274575182064025,-0.028218015255422814,0.08339341120508655,0.08065835034250528,-0.09913032400085212,-0.03420094271745488,-0.030249793644029487,0.02196514661029681,0.012821919176620617,0.024391740878423326,0.07064884234812718,-0.0746367022297828,0.0685502695114492,-0.0453467178375459,0.003592632815180723,-0.1558460426381625,0.01652185354994327,0.1322522007608949,0.06658606417381811,0.003838985739600979,0.24864533941898417,-0.33824438186872213,0.15085229040035014,0.03123625508279568,0.0820471703896385,0.0008399943195451703,0.035748592382859226,-0.09109638760647755,-0.17343911220517783,-0.02560766886934502,-0.03208251393906239,-0.004205345455334331,0.009971656437977499,0.11614294880106978,-0.18227084191443174,0.22123455566761055,-0.023202825573344292,-0.015454744070450211,-0.05721499908797981,0.005121691467267801,-0.04610379842092816,0.16801268727630403,-0.10781855742067234,0.1549179032131798,-0.024962402179956083,0.029179034465464073,0.07426609439384632,9.836111111111112,30.633692630856437
61,-10.907366413861,-3.1591975277455,-9.34969525238287,-1.2878456077356,4.16505303130904,-5.64480893493649,6.96551319182368,22.8253890029475,14.8777045595119,6.92459529611554,1.43869444824486,-0.681292942105958,-1.63312534605464,3.05177301719412,-0.556264298080728,0.256374826088128,-0.123050636060773,3.96355404719437,7.02561987885854,-4.81186155115505,-15.4437153670506,-9.59598218098343,-3.8347047216657,3.30988369420255,11.0829905657139,-8.78166470426003,-1.38941571996578,0.424173417197457,6.97221666226134,-7.93166455178445,0.480507311913093,12.0858472820385,11.3911314589694,26.0009288631338,5.87925247624351,3.08350268965353,7.88689309463489,115.422164750958,13.2994670676663,35.2851101312922,58.773962061412,3.01298099464034,4.48970475158616,1.20885105746694,18.3681522579508,15.5587131060066,-29.0083602414792,-0.614694426548467,-0.1268716372831023,0.10499374260588931,0.049953481908947654,0.008981636261885242,0.011410651678515968,0.0038947670255883872,-0.06494567416934144,-0.28865670419307315,-0.0030979782726086196,0.15708252812229262,0.3080372918797281,0.0021169615602178414,0.0954108821969613,-0.1775139585003861,-0.16845861085727215,-0.04028002443786012,0.011454097000556917,-0.05738708280605739,-0.18313002471417053,0.11175456331881743,0.02715992140120163,0.04064253456447927,0.07720913653311598,0.08730058351873925,0.010217237242162839,0.09802701355272095,0.04761444287906465,-0.07617448457495013,-0.014490980791356963,0.10177925839745117,-0.04187907787623015,0.012439896485564551,-0.028678060362390286,-0.052904207344912975,0.12348981694620571,-0.057648584235707984,-0.023847537777326077,0.2990551146485749,-0.04096624445733562,-0.2297857660677834,0.01161303826778569,-0.013682576972909581,-0.0029651910720664885,0.13498835580737434,-0.20651883764075893,-0.029176369710172248,0.04384849261210319,0.032210411691460585,6.799999999999999,10.743005387272124
62,-14.9097982000907,-20.2010507981702,-12.2959034503174,-14.4380179909957,-12.3800001035155,-0.523310952760509,-4.97234886105691,-3.39233009911578,0.909651838038244,3.44369313609549,3.7906553830784,0.183561049188891,-3.87691219703038,1.2564218724321,0.311504133131327,-6.78051204699604,4.07316786859378,4.34720216213699,3.65118618111754,-1.58793818228967,-4.81319818969384,-1.49950510782497,-1.71613329028794,-0.764097809501479,-4.40365384614454,2.5945351964054,-3.76046595962988,1.13864280616827,-1.43107769419927,-7.65430021821988,-3.90862614969157,-1.61354370475975,1.53186918292501,5.70919510295686,1.71294275065321,-14.0086891345404,-22.2518994661482,13.2994670676663,64.7586350574713,-0.25837419908982,5.13070892603526,31.1553441189559,21.5668441067091,7.00001836095927,5.94639051339741,10.5846228001437,-7.56949995683173,4.94696059225672,0.04427434146200449,-0.009852519667448961,0.0512703040314488,0.09327375535020636,0.11459693607601439,-0.021115881442654465,-0.10690349739691138,-0.05843905226172085,0.07590589057867086,-0.016454606173530888,-0.17517041223812654,0.052538668403196875,0.0402116622583476,0.15416683236777864,0.040287882723808136,0.1326111634413074,-0.00635210026666523,-0.3464075916513904,-0.08127344043681625,0.05492847466863161,-0.09758655778237478,0.03958780205045901,0.12717685767823725,-0.07155621417520729,0.08596543859643595,-0.3810384766762616,0.08775247251536593,0.07273041513701745,-0.11495328805446059,0.004135579488019863,0.060169350949739825,0.14877567399573557,-0.223066637590344,-0.050887278805662434,-0.06131186299873521,0.018833672464169792,-0.015275461103225646,-0.04109570921350864,0.3394279439673178,0.1374923631824109,0.02487683904888236,-0.0987839608645247,-0.04449283191560606,0.004070268542654328,-0.07049556759375435,-0.08326962306244405,-0.0025334334765780018,-0.032639079985763285,4.808333333333334,8.046653655866596
63,-9.87581945907457,3.00788166239923,-13.4435000458645,-7.8347556937768,-11.3521430004863,-4.20071306898403,-4.10320519879787,-4.14237482625486,-3.31268902170002,-0.119197477121066,3.33668648761334,2.30837506552614,2.53333177183381,6.27755885974155,-1.52182483102991,-0.14545595130669,2.92438060464055,3.27253751980499,8.18598706172752,2.89758740088695,-8.21864639967676,-3.56814887710497,3.22587122557296,8.71337094146335,6.73677881499509,-7.11656840734748,1.1433755567637,2.29296734025589,4.67867637386157,-5.02132304527417,3.10113804196109,11.5835780261867,13.3580311552655,13.8344627194046,6.99423320001959,-1.27019236605077,6.09295956706465,35.2851101312922,-0.25837419908982,45.8627219029374,86.4512273335591,26.5488652456758,20.5800068068432,38.1893064262446,18.5843225754903,1.03994756437826,-4.62878478343586,0.478623735379514,0.37671427628410653,-0.4520928594076908,0.1786147417042775,0.007602916259308396,0.07468244528372549,0.3480033563422891,-0.13732059296749863,0.5133824121540289,-0.005723437891011474,-0.04918625781982539,0.18545353665125566,0.26036195328031836,-0.1263333007771694,0.057787307458204804,0.9085270127471582,0.21915558334445095,0.04138193552082397,0.006438059000415811,-0.3741193040025472,-0.01425391254929694,0.1291775230191202,0.1772050004907624,-0.03897542443642561,-0.07020047742764114,-0.232392928075379,0.04104895336704904,-0.2590465405460928,-0.16434516329193252,0.002251447227362172,-0.24199518632719985,0.017262671861034154,-0.16723031725275925,-0.5042914255830263,-0.22861393634203483,-0.35889592757159244,-0.041952666993215856,-0.0562139499366362,-0.2309226070873353,0.13736452563581086,1.6159852173286733,-0.23810337899211687,-0.16374855196034785,-0.08069137070358448,-0.009497589641587948,-0.17484601800563143,0.11482083321780226,-0.1726922879450976,0.09367266107451791,3.530555555555556,6.771463793223547
64,-25.3369958001141,-24.8361611363284,-51.6883603777442,-32.9031166096431,-37.6446813633914,-9.37025015741752,0.827885748910341,5.32401255525271,13.3512804424115,19.3260438069913,20.5608571043302,17.56629449301,3.098754347124,0.726608178811077,4.87961308751348,19.0746224766619,1.32654217320519,3.00050331384672,11.995284980752,3.98580372601902,-15.0237732125933,-9.13339444279491,-5.14212844458983,5.10789555392277,4.28017388910765,-12.1895856897307,-5.21898954028039,-6.82780106049223,3.88689525513337,-13.8679061482686,3.66241257992728,24.7415616467148,27.6463746127947,27.2351278010953,17.4545707479135,-23.1810816166783,-28.0178606313969,58.773962061412,5.13070892603526,86.4512273335591,374.864304358238,54.3751021153144,41.4551564609068,-0.520137415160335,-3.65919913843672,8.6813480613919,-16.8045140942449,4.38415784203307,-0.08325355678413485,0.04204277217706517,-0.014708906775659787,0.14236452916906184,0.05278552820347591,-0.02587323630786221,-0.10132878199900079,-0.0632652320197778,-0.01818034441209013,-0.10794629670460099,-0.2653731108091634,-0.22609362531152322,0.04463348117255805,0.030792000890704777,-0.19218103529976063,-0.08379654203392789,0.1446346988041698,0.016046966407312596,0.038508360895916756,-0.04809621105824202,-0.126003826762302,-0.04552916855974511,0.01271127064970648,0.06637155089523344,0.029319387250158226,-0.009369003173317722,0.06574485921875252,0.16527446513784066,-0.041948762453945604,0.025103875907095348,-0.06735318660889512,-0.020974432577724647,-0.07650972267583803,0.02158422257729198,0.01787432419552125,-0.00503600146735079,0.0042910044340125865,0.012416285332130805,0.025238995823465928,-0.23752501781506455,0.16265576041178922,-0.03177733425995583,-0.009405079698484775,-0.005332383879193953,-0.0054757579442630796,-0.017277358254815554,0.03603034368863508,-0.014693090710566382,7.945833333333334,19.361154520282035
65,-22.1044242863464,0.335742632456139,-1.50529440445637,-6.7369713942835,-5.21274180744193,6.72032243261807,0.77860091834947,0.375537474088453,2.79201701757914,2.1587437119209,1.10199523036606,-1.96526854012932,-3.25178144587646,2.03956725496133,0.315667615692844,-3.07752339432885,10.3698673071307,-0.961308243440678,3.42418196253152,9.63502872787144,-1.84627437325098,2.808528299534,7.97412844478346,8.42259521762248,-9.08506908611537,-1.78980858764132,-0.652595081444035,7.99759696017677,2.59263150042601,-7.88559464310688,5.74950032788277,15.1393783791921,-4.09237759925782,-1.54991628494605,-1.60916884835711,-6.95752089446418,-6.34661197033799,3.01298099464034,31.1553441189559,26.5488652456758,54.3751021153144,113.421917305236,69.6867732540257,41.4797708658894,10.3383167469455,8.91704178319525,16.8400517899699,5.9228829009801,0.10413848218786088,-0.06898171811041569,-0.06802218670621746,0.13626824646739746,-0.18637389554237024,-0.07863651950134054,0.03926998049235433,0.09572399792155677,-0.18070903355603862,-0.06712563053603957,0.15504408576688378,-0.04362980627994339,0.29875933782789593,-0.2148334741304807,0.009141229276496257,-0.14257838998038283,-0.46388418237743734,0.02558870165671252,-0.05589477408873547,-0.3532912156949647,0.09075516332040427,-0.1141405620496813,-0.0847324235355063,-0.0322300510006007,0.4229999783683676,-0.2211118117308136,-0.3547354871769432,-0.2944486081439284,-0.06271977620745578,-0.09880531890274295,-0.15981423452985455,-0.1769888900133166,0.37778076628897733,-0.029610255067826084,0.07046192101412213,0.11126435146470083,-0.045828817191049274,-0.013873612459184306,-0.09860623850434472,-0.16504320275854786,-0.030898282338778865,0.9088310759154976,-0.798727701521891,-0.06444211443001764,0.19902048180948012,-0.19381323346465684,-0.08329515960319424,-0.21694954227011812,2.819444444444444,10.6495031482805
66,-19.8167235264178,-5.89124305462665,-2.84053286275476,-9.4318075134045,-9.55714446706108,0.338377597807293,-5.43226944739647,-1.96646433122025,-1.36530479396873,0.576402808924021,1.98335061711056,0.204204576700674,1.24032203265467,1.48592984327669,-0.971273853965829,-3.43095083360618,8.83485469471509,-0.540368490731339,1.93658919978946,1.14301618443138,-6.73243769779764,-0.0404487901229069,5.31454230191246,6.90262792390416,-0.373575828975087,-5.99772222719239,-3.66187001305304,2.18723564331757,-0.361712886358949,-9.30174115919594,0.840714981608438,6.1827628178653,5.54770904249094,1.59525580152664,-2.41397505128244,-9.67498821353794,-16.5303117336764,4.48970475158616,21.5668441067091,20.5800068068432,41.4551564609068,69.6867732540257,60.5740744731801,29.8353932337885,7.09070724788538,-1.57071600236456,-10.0859025768202,4.95632056770919,0.20460044023286378,0.07028232492429456,-0.11123428610979212,0.010342078259142566,0.03890900336813214,0.016498139589660767,0.06944673827267735,-0.2340312561900401,0.1757182632291526,0.10754030321230083,0.09561565484530338,0.17147240713478698,-0.26771510550663574,0.41151859775703303,-0.01931478995009388,0.13941716119681255,-0.1103272079040814,0.2743799113962862,0.2227976017036215,0.23961944763536927,0.11979424127744087,0.11756509524336546,-0.19950313146042634,-0.24193803481615486,-0.26426203777406576,0.5843870725476118,0.43426121235151527,0.34892418671489506,0.1878684538800405,0.2624178409059868,0.16600961014149027,0.13208933310395507,-0.4133706770789936,0.3242484616911862,0.3015184335434496,-0.06204598541967657,0.16746541019790867,-0.002512281136623075,-0.04476159959755372,-0.080221167270843,-0.009629331044465575,-0.7987316973159738,1.4444668590526968,-0.17291836946363753,0.20500199965240917,0.14516984074057063,0.0671338829269047,0.05530650715617272,3.220833333333333,7.782292366210621
67,27.9983602552205,-63.4552085760411,-39.3307172721897,52.9935597145223,13.9324742972655,12.9523125217774,-7.67019695761979,-11.7631387326624,-16.816333099176,0.291389391681331,9.26471245790176,-0.707058771095996,-10.2896312997831,66.1645666168881,-10.278415383947,-14.4183327273925,13.407336812705,-6.63973969086597,-9.17808006310294,-6.43660764666774,-18.7118749276252,-21.6901165523284,52.6105377994133,33.2944866787788,-8.35611356308076,13.6864881292644,29.1123840772768,-0.102401962080726,-11.3269832396108,-11.2803039595145,12.9971339443942,-16.5049536394314,1.5276839695111,-7.27103306421936,-26.0088024191244,185.378122603415,390.594481262775,1.20885105746694,7.00001836095927,38.1893064262446,-0.520137415160335,41.4797708658894,29.8353932337885,741.903271072797,288.996906428188,3.83050997550461,-26.7440483972006,-10.5174058520336,-0.28868144582761235,0.04118844863527769,0.17397624661552122,-0.005469295569580926,0.035108045925851504,0.08510232598476075,0.08635944940160843,-0.1435104863830034,-0.01607684844051521,0.13398625173053463,0.08829737208824051,0.11747439532095327,-0.0664095636389841,-0.3296544906136179,-0.020879860032878162,-0.056156300365059836,0.03240410508739339,0.11383457174870187,-0.15963292941627794,0.06621583855640328,-0.11302980918876261,0.10289773645909613,0.09583447095324057,0.05888225725360666,-0.1700332374665072,-0.1957261750375941,0.032834836098637375,-0.012034075249628427,0.10621541704327271,0.099500984305324,-0.050289466454628645,0.0006454241550595164,0.06454176907525787,-0.043993760464532954,-0.04572810674851436,-0.08854720925967091,-0.10820700215913244,0.13469459285475657,0.004106127123474146,-0.010758762830285607,-0.006180101529521372,-0.06435505450373233,-0.1733667842293436,0.39882766229276595,-0.6173698949897294,0.06430193533542272,0.010693338614813497,-0.15034604418512373,8.89166666666667,27.237717802209428
68,-11.5842401049863,-2.01676183286285,27.3408328886127,39.6198546832557,8.56436863915969,4.17502124093199,-7.04672129996783,-6.85546858453705,-9.76327967831792,-1.39612037116718,5.33184871614767,1.00407762116563,-4.55442583151437,36.3484703907624,-5.24638965733886,-11.0368394684999,2.01432965332942,1.36670089492998,-1.14845753006076,-3.8919559505479,3.69958532503266,0.0802120011552917,-6.71425985601539,-7.12727585406202,-13.9521977967265,-0.884044094755975,12.3466673622113,2.33276748748835,-12.508751070649,-2.94639423381307,14.893718040358,-1.42672274728146,3.77130994309747,4.15401220145933,-14.6202296214712,-13.1630122342954,-22.3854798919863,18.3681522579508,5.94639051339741,18.5843225754903,-3.65919913843672,10.3383167469455,7.09070724788538,288.996906428188,176.167734674329,10.5698164285967,-14.4784627603177,1.56967630566358,0.5536855235662517,0.02104748023644085,-0.40175912112497897,-0.30152090785235225,-0.11099163259610731,-0.3126472292138226,-0.030751517348431366,0.2135850719469314,0.10957914851516583,-0.1551095275363345,-0.25747688594538887,-0.1303914726729029,0.2373217484612577,-0.2219029962912914,0.051305697515362174,0.1890444276469877,-0.042794829431078846,-0.0269057240922676,0.2876802800958505,-0.05853187167246517,0.24581476762155413,0.02382005461665275,0.03518665391948172,-0.02508571249599905,0.3644321375981062,0.27582868345670863,-0.20853984501590445,-0.02072447893371854,-0.14292788105560122,0.08087414085322138,-0.0003462747281177474,0.05758940463465096,-0.0066031948519313455,0.1359420166075561,0.04387770313901282,0.15024913430353903,0.15534702878249054,-0.20471597821657897,-0.07049739710915316,-0.17241858521771025,-0.004442161170770258,0.20045275569438467,0.20307429888977638,-0.6171802558417281,1.4164974068840828,-0.1513743257021961,-0.023770719387568914,0.47852508502230123,2.591666666666667,13.272442679263277
69,-0.336709059435701,5.75058234285413,7.10009623667111,5.63929919956879,9.53308836559013,1.83304556913597,4.14790731207582,2.65100080938405,4.13742281517226,2.73560593128109,-0.146714690962859,-1.14448392896185,-10.2603414812982,-1.6257815339411,-1.80760537765298,-0.61845504625253,-2.34474237395836,-1.52343560563282,-1.50864092097719,-6.92319839445999,2.44196351995253,-0.991642283954878,-3.31443272926344,-4.84336434789126,-1.98888677073288,-0.782025671349129,0.607426255355665,-2.04076718201344,0.960677344429829,-2.32167310635278,-0.834685718274636,4.40156669165024,-3.07327428749444,2.54956634870254,2.707676901387,1.60742123119125,-5.05794698836944,15.5587131060066,10.5846228001437,1.03994756437826,8.6813480613919,8.91704178319525,-1.57071600236456,3.83050997550461,10.5698164285967,27.8080603448276,-2.45460356214934,6.76701119547404,-0.12087916299845158,0.04528101524824416,0.03272050743013364,-0.16485333684757794,-0.10845381742023309,0.225154753081716,-0.05803988593547486,0.1282207742758352,0.07517170392068274,-0.025400727335465976,0.010765028079505926,-0.1613644570343057,0.06654740506375449,0.05833002155741786,0.05359162393495969,0.037050874368737774,0.26577856998497523,-0.06472594996816519,-0.0784743570571869,0.04787616940798652,-0.08465370339185908,0.25720009798882204,-0.052592670106124194,0.062375686773663626,-0.25063595245599585,0.23554271283015615,0.0034537984616867996,0.08512518930109343,0.29367748620064793,0.08904299840436124,0.25575978716281283,-0.3660517708373009,0.20868368784795197,0.062353654167985356,-0.13290625128661826,0.017150615822364726,-0.025578586392656536,-0.02951909745089661,-0.08357118737838418,0.11615577186730427,-0.01762516606843112,-0.1930999818888963,0.14397651193315367,0.06513640239030881,-0.1519130374459701,0.5499103102873372,0.0049932731508141315,-0.15506512672370754,2.825,5.2723865890910915
70,28.8454238523914,28.1676201020332,-0.672942725104079,25.9494445961576,36.5585412537392,45.3636918113561,45.925100735961,32.5598075965697,26.8530326138334,17.2572241440039,-0.0724864897226563,-12.4539867155244,9.49739956589209,-9.49272304984331,24.9936617909397,1.91429620110656,-5.04378054423181,-3.39574671719599,-7.41545954964026,-10.3293277797314,18.224503823091,6.5328421437159,-5.07620522201098,-13.8039954530462,-15.0111206944011,-7.58663405082171,-4.75400648524383,-4.49709189479046,-11.3465080400137,11.9488337881111,-7.45662033490656,-13.2899688696491,-10.8212418020018,-11.0072531554837,9.46221368286305,10.4152316392877,-18.0357488173972,-29.0083602414792,-7.56949995683173,-4.62878478343586,-16.8045140942449,16.8400517899699,-10.0859025768202,-26.7440483972006,-14.4784627603177,-2.45460356214934,367.953654214559,5.482030651341,-0.11514389288222267,0.05784072262323987,-0.01558314785775848,-0.006400250269216412,0.012563246878057566,-0.05983462218797043,-0.13667581365187617,-0.030235254823520064,-0.010118668664684421,-0.008205009715668935,-0.05163030944961091,0.03487040375241177,-0.0913078247660917,-0.017824031438265837,-0.33701840994595733,0.017757759284706423,0.057514964318598094,-0.0338296788129202,0.0195138574431367,0.144528458265225,0.008019655212537148,-0.042166909362649864,-0.05265019301274651,0.02421316689524826,0.051409606811570724,0.02415588190613443,0.15602949985601966,0.022899395900487333,0.02463022130584357,-0.14147991783870997,0.016324309058987792,0.04395639771762239,0.008272254062675117,0.038824268851487535,-0.12561605836434558,-0.02449173324639814,0.0288531259293417,0.04466391866455919,-0.0027318040661894415,-0.17300690329987747,0.03592517549337155,-0.0832405485762156,0.06649553380680683,0.01149234475423046,-0.024176218864190656,0.004729441185852043,0.14107211436017347,0.0321945286461616,4.258333333333334,19.181857423475943
71,4.19050634564944,13.624867740586,42.6953959294325,4.6940793160884,3.60932051140856,8.45459159382866,0.408339884653427,-3.74830543566759,-5.08679396821193,-5.95844430251228,-1.22277004945179,0.774775486929252,0.513745000074827,1.96702880051944,-0.395459394462319,-3.88310137437669,-2.49645132066737,-0.176232648962638,-1.34281452939317,-8.48918940393215,1.04376287864447,1.14606717777821,-2.04267177835863,-4.72155661596131,3.70762366055566,-5.44834070081439,-1.64076574000671,-3.01723628898686,11.0272543719897,-2.59162747909847,-0.0829620772934317,1.51226457543711,7.08658794905108,18.5435649227427,1.36133689332243,-12.127218487797,-20.2498716602719,-0.614694426548467,4.94696059225672,0.478623735379514,4.38415784203307,5.9228829009801,4.95632056770919,-10.5174058520336,1.56967630566358,6.76701119547404,5.482030651341,29.2111174968072,-0.14233400972334131,0.1268816718864306,-0.1146693222793001,-0.5807234882873692,0.23740932807812287,-0.4207481009836934,-0.048200285364783726,0.19511442114782096,0.02341949630714874,-0.09480083608173782,0.17891154726207187,-0.33639542900988106,-0.0685833927615861,-0.2859899025568052,0.133358071868005,0.2336696351630242,0.28308146812740403,0.19850854495995363,0.018824222562545397,0.543589096842473,0.015847991797201942,-0.06914442519014866,-0.1644789397601163,0.30394909729271186,-0.0026418998076129883,0.17186190289993836,-0.27358967880333757,0.07238418265461492,-0.6467147049063048,0.088064194378649,0.012041784098425877,0.21758079223635662,-0.15578075707473246,-0.5702334212806539,-0.0677655900377189,0.13662734006024174,0.07431864568470727,0.033547965857125814,-0.033018702796811246,0.09538057108623052,-0.0149118920288438,-0.21488208649010598,0.05330387032267695,-0.15109680997972644,0.4797387308755511,-0.15471688329284464,0.03170579505910769,1.512195615279603,1.8555555555555556,5.403805834484354
