,Cov_0,Cov_1,Cov_2,Cov_3,Cov_4,Cov_5,Cov_6,Cov_7,Cov_8,Cov_9,Cov_10,Cov_11,Cov_12,Cov_13,Cov_14,Cov_15,Cov_16,Cov_17,Cov_18,Cov_21,Cov_23,Cov_26,Cov_46,Cov_47,Cov_48,Cov_49,Cov_50,Cov_51,Cov_52,Cov_53,Cov_54,Cov_55,Cov_56,Cov_57,Cov_58,Cov_59,Cov_60,Cov_61,Cov_62,Cov_63,Cov_64,Cov_65,Cov_66,Cov_67,Cov_68,Cov_69,Cov_70,Cov_71,C_0,C_1,C_2,C_3,C_4,C_5,C_6,C_7,C_8,C_9,C_10,C_11,C_12,C_13,C_14,C_15,C_16,C_17,C_18,C_21,C_23,C_26,C_46,C_47,C_48,C_49,C_50,C_51,C_52,C_53,C_54,C_55,C_56,C_57,C_58,C_59,C_60,C_61,C_62,C_63,C_64,C_65,C_66,C_67,C_68,C_69,C_70,C_71,Mean,Std
0,68.3130408684547,44.3328136136335,22.729007039893,14.0629081486594,10.6954641558023,6.92025556689473,9.38501612201458,13.1531504301481,19.0665604583917,22.6594930142969,35.5312238540363,62.1546021583299,45.0925525317915,30.6775298630401,17.2023604932029,13.4015841503077,21.7893179261021,28.9164802647321,26.4544953928685,24.778759139791,23.0227674959723,15.8591746926597,8.66649091330388,8.21412738845998,9.15480114937879,9.38360849793097,8.77905996855271,5.910865812338,3.69654622949974,0.199173307379949,0.116240657880822,3.5383109494347,2.891623145208,2.31994589868057,10.846159518993,16.1544159825132,17.5050720863721,12.0766668913887,11.7468273103129,12.3507427702778,7.84468871423039,3.54287596208974,8.74577082426604,11.2223221700144,12.3917819694174,19.4515618053046,25.4992875023725,13.4183394086236,0.7070289948353391,-0.7467213282409915,0.2685964922539056,-0.10617210235822787,0.05191766517149894,0.25542717368068896,0.09578443370840783,-0.0864762182760909,-0.16450409364293242,-0.022332444961019347,0.043233307646515735,-0.12661596916988319,0.0306148786123728,0.04326723387082971,0.031793268187289135,0.09946399533365356,-0.020831645622716933,-0.0022358525206137756,0.1050534796536209,-0.030923896221685353,-0.2907905988739433,-0.05805595118120398,0.05881723028702869,0.05113096466418334,-0.05445420296859389,0.00707798780027653,-0.19990083204630416,0.11353199328394893,-0.18402322638757396,0.18493604835660796,-0.031055581912119636,-0.15932480290926404,-0.03955822599774413,0.10861597109365863,-0.032558395490145865,-0.043579538731507994,-0.017833963929870182,0.021935456006557635,-0.048512675213930045,0.05014052401743634,0.026100260030112853,-0.09120241156280158,-0.0159623585130815,-0.009503790594292181,-0.03399156428147002,0.23318591816422402,-0.2711547053786987,0.13328926289257564,-2.258888888888889,8.264565376863727
1,44.3328136136335,38.7377103761045,27.780220918323,20.9530257222212,16.9112484474271,12.4790904836503,12.6778995794233,14.0369628399344,17.3290787535138,18.6371703502915,27.157990753465,38.372770621999,27.6702830490515,23.2046113183905,14.6389228744848,13.1985047059148,13.8989384404672,18.310859599303,17.6174472768365,16.9960384051393,15.7901406794696,13.5451139581612,10.8366269954269,9.44605603697931,9.04273134588036,8.27275224804511,6.5208224021813,3.40696988932822,-0.376158060986728,-3.53255107826307,-3.58066568052055,0.211163656659627,0.903901372597172,2.1112530060051,6.32914120606673,6.3707313636645,7.46449107729328,3.83200227690211,5.94157084506991,7.66126495014398,5.01991073038854,2.28502393368133,3.26776154151026,2.55321512356321,1.40094302751245,6.94137395230445,8.36259793145104,8.84475615662902,-0.7487104275108702,1.7499974848246282,-1.306064782755009,0.1393493944621886,0.021168427042811692,0.09256643562077702,0.00912836607143934,0.022365278813021888,0.014836660224043013,0.05666725396718535,0.07011666146068984,-0.10202336882000428,0.20199645047164508,-0.13965156656225827,-0.023373756765796116,-0.10036021764529389,0.08852082530777935,-0.12367569707592567,-0.07216551854967376,0.06504273642642597,0.3024876050586833,0.00859226284373712,-0.236933425987856,-0.1632938874816117,0.12782382298643805,0.07715450199863999,0.22159285761221245,-0.12044209374390814,0.0372713954197325,0.0117719152645562,-0.0685698742706174,0.17138389393617093,0.032009501190438654,0.02094956552416753,-0.18074863033725047,-0.07979207592070346,-0.022992423126441196,-0.042457708233196806,0.11814847242825868,-0.005617185864896125,-0.11872198345038121,0.15445661472519573,-0.03685511238253761,-0.22462172598343888,0.20234832672085834,-0.19591748414762017,0.1837891795456856,-0.029606484736496533,-0.758571428571429,6.223159195786691
2,22.729007039893,27.780220918323,31.9193111267496,31.9449655639595,28.2297598388521,23.6492978277116,22.5832035304678,22.5965360747365,23.9836607103016,24.1044942607662,31.7051702646726,33.5550876648165,27.5982022408489,21.0875078512391,12.4581913586256,11.6808782389642,16.1645848439045,15.7235466530954,16.7642250774201,16.8730349292063,15.6608622646733,13.1159557782051,9.47816466986145,7.29085525489561,6.9285174552811,6.47217025739156,4.68666627794324,2.80864654667204,0.744993125299929,-0.831500181143392,-2.99635500941047,-0.725469514464342,0.256516446584531,2.46151574215258,2.82762616077764,0.445515827817932,-0.354413458794754,0.133331945274845,5.15533118888844,6.60045231911476,2.42554236815594,-0.830051952698128,-4.91375189331808,-10.3063499346236,-13.2858949683048,-11.408781416986,-11.5371319283249,-0.269604061245308,0.26586573405958125,-1.3111103174943832,2.545586485149736,-0.9980430043492231,-0.2894714686500987,-0.11347494760684021,-0.0020932228757731645,0.052207855682982654,0.16965192326490022,-0.023804861055028926,-0.1730625553626072,0.009690466555149069,-0.04870910650144809,0.021877539373546195,-0.05560090224012839,-0.060942409537686475,0.08126717955056682,0.02251542231682976,-0.013561094988050278,-0.027359189484609022,-0.2255260375594866,0.06432904704058345,0.2752931445955148,-0.08940712219391117,-0.029000138225781295,-0.043202053287712434,0.01253836570943801,0.009788173889969227,0.21985650100968804,0.016520635748806495,-0.0046550003795439755,-0.14435732045240934,-0.07600515370240798,0.1231645965788112,0.045934196709201035,0.3392002285522066,-0.05664472415139206,-0.08936700198634925,0.01799168392042609,-0.006585792917395091,-0.02366749824536691,0.1498835161169767,-0.0969258762538504,0.008210695178703526,-0.0184425728365274,-0.06199686182493653,0.3824261115216051,-0.3733093587481532,-0.32380952380952377,5.6488327224967065
3,14.0629081486594,20.9530257222212,31.9449655639595,38.696728485743,35.2471953092411,30.4829710510818,28.1016913272328,26.8136685694954,26.5293606098038,25.3137887356217,30.5614417260931,34.3701758807515,30.9195082845881,21.6617514506223,11.9725610534853,10.4950867759798,20.1900937370759,17.9802510321434,20.1654429580064,20.5286210798918,18.9482748125324,15.973765983949,11.4085309247438,7.29967393103302,6.64418893494671,6.21505554036921,4.18587586968365,3.56493327183089,3.95975078849838,3.78728119142878,-0.863487940181932,-0.0649498711046356,1.03034305248553,3.92917306708599,3.12181460413941,-0.549141520835855,-5.11107254030364,-1.3244437382631,5.9739792633955,6.61251174385574,0.744381255825195,-2.94586343854597,-8.27754560867311,-14.0319764950617,-15.7259729190271,-12.7383538564662,-9.37171859991864,1.09695167254625,-0.10084486899421706,0.1376651851037171,-1.0018704188262295,2.512323459378936,-1.6144963431422152,-0.2680475594349137,0.00766139324330199,0.1182657850850963,0.14135732911086474,-0.029682086027991415,-0.15112965029966924,0.06055225458431009,-0.10922989793485667,0.21594222211417705,-0.04355466623672384,0.10010501877326118,0.03324573390542868,0.09820234503008779,0.01565514564756286,-0.05141439564503817,-0.251156675613986,-0.07993536203953149,-0.013067781692678767,0.15859204383343992,0.09654554006965813,0.02103388292696931,-0.026930235755342754,-0.0410178027168634,0.009093925132664587,-0.1517870823050147,0.1488236530482503,0.02590652853506562,-0.08508536795723917,-0.3346384497134241,0.39354113755073433,-0.027394748597751647,0.05634198585674846,0.22368941848804846,0.034044269086992214,0.08945770696166437,0.16517107535219372,-0.3755927388600403,0.1527250480458206,0.32898703130826557,-0.01075502252480106,-0.18965892610426088,-0.18004720641983193,0.11336985640019821,0.61234126984127,6.21986563245083
4,10.6954641558023,16.9112484474271,28.2297598388521,35.2471953092411,35.766532625694,34.4215375000741,34.3540122163434,35.359682487693,36.8837073261263,37.3739469700707,34.9596337332049,35.6503396085367,28.5317993045551,20.114122349118,10.3320334675966,13.0931256901395,17.1832425252297,14.1787986646377,15.400930496572,15.5123981700311,14.3460095784221,12.6321767792413,9.87542207273173,7.37562127926051,7.37364594312567,7.55966413399262,5.82223929200851,4.56787027171446,2.79643115004724,3.30964892018486,-1.332206592091,0.234661809128833,1.91030792699756,4.77085749463229,4.42744607501339,4.86556860872913,3.12253492486394,6.82209099831282,9.79330897372572,9.97996137752342,3.7129078827298,-0.248423796492887,-4.53491295099881,-8.90861947307705,-10.3191697949488,-8.45859003333972,-5.71744135868794,4.02710893756927,0.054070013193951244,0.0208161489506327,-0.3000515772755143,-1.6234899499209594,3.718605842668521,-1.283672902202056,-0.5238575188059756,-0.07807564869779877,-0.054629597632641684,0.025261925859315262,0.11125310955975963,0.0335795447569948,-0.0023900033066781073,-0.09612076866330194,0.0055465468154807475,0.06351055493123879,-0.1602645329349805,-0.06851727562912582,0.040967093320687736,0.08823008693037782,0.029617381218366802,-0.0128018261121268,-0.08260703940461904,0.026666121140545184,0.006464144418569296,-0.042186112992253916,-0.12674280124834955,0.002594773459379578,-0.04346464522687439,-0.1590835251914286,0.17962105079114227,0.025957410477776107,-0.004160591018791493,-0.024619888146879324,0.1979845051380225,-0.32690162207282236,0.15145418448612255,0.05883100647279916,-0.024857525486040193,0.013705577892442826,0.0543042941936152,-0.019211943128825848,-0.023870974248232417,-0.008182433107642044,-0.11501131936694309,0.1805169743422745,-0.03933549633562235,-0.03609018579569219,1.2245238095238096,5.979676632201272
5,6.92025556689473,12.4790904836503,23.6492978277116,30.4829710510818,34.4215375000741,36.5332910264681,38.7296063909242,42.0007693216309,45.2785573646346,47.4518602444755,37.6551119818236,36.4123933227135,25.5267796548449,18.4688913781685,8.7810987226035,15.1769858803116,13.6644880999582,9.29994653903116,9.53222573906422,9.37910364514353,8.62401967461622,8.21291032308852,7.31625746319229,6.42721521724906,7.0578227909877,7.85213751045323,6.71464604462193,5.14749085751368,2.25066794219447,3.74599957647024,-0.557866347287137,1.59421644152162,3.6607368890926,6.27863740669583,6.15520915871731,8.47623242722281,9.83846432388745,13.8813249272748,12.9439244184496,12.9522202513204,6.94312497931839,3.37103005019682,0.397670543600306,-3.02775976466537,-3.86727195883267,-2.3940457651752,-1.04646527843051,7.25627530610529,0.25616075556347284,0.10206242139315312,-0.11660320100981109,-0.27085587967390495,-1.285636864061022,3.0926913788587433,-1.1857057629311534,-0.02480835866413676,-0.32578087519273485,0.08533482331457604,0.29415625966980297,-0.10454459204198703,0.08293421107497731,-0.20986859061246682,0.046834295439067794,0.06694247160845389,-0.09262282393489966,-0.017081971101342092,0.039214952452183684,0.031102986666764556,0.019628951608737316,-0.012099624008629392,-0.1410955328471021,0.022732834815472773,-0.07838318965149497,-0.11870887131495891,-0.07614784838500553,0.13115528349412003,-0.22961942295126878,-0.05379239073306575,0.18565147389168968,0.023888689626784632,0.03543978599850015,0.17934655814224576,-0.3886057021634522,-0.03927950258359845,-0.06335088200888625,-0.04328714337830277,-0.1910040603365874,0.0003916591438187005,0.1845015067451235,0.25325806831195247,-0.5551776565761912,-0.22191770406898606,0.024102957816152425,0.35191748490816505,-0.01987889271404866,-0.030945666162098227,1.862261904761905,6.043450258458992
6,9.38501612201458,12.6778995794233,22.5832035304678,28.1016913272328,34.3540122163434,38.7296063909242,47.2449711275315,56.7155780675498,65.7613316904782,73.5724123444598,60.1813803353227,46.8772185250575,29.2735159081247,20.5145130169162,7.87384087749096,17.8878193759063,10.5608549888218,4.60367631941883,3.50061662456992,2.75459531991694,2.06063928924778,2.5762800113234,3.14107949066169,4.89085661524638,6.46149764624669,8.1156721422442,7.8193469075785,7.82723517440331,0.0166905741748243,0.349369129243788,-2.78970415034013,0.808534143931288,4.0746138436692,7.27616678502248,7.58693922888472,11.6418412443356,15.9571447184578,20.0305518634583,14.8447481780833,14.8010532840269,7.7886296487379,3.34884263927081,4.12290966546547,9.66230885028772,10.7907621431861,14.933096027069,11.0880694007265,14.0929911960848,0.09379910501236574,0.011038286297040793,-0.0041065328682203615,0.007433629395962777,-0.5174506469542657,-1.1868012341349643,3.8555254886653065,-1.6347708186463639,-0.6597808485478251,0.2802944843566992,0.026365757343971768,0.03556812599176865,-0.022131538759602602,-0.053971171923790355,0.07916803204356038,-0.035354201922149595,-0.016457754982246168,0.055211896556565596,0.019173653964310578,0.005794001630129274,-0.032624705592987524,0.004613437618760605,0.010960171612434117,-0.03893627696524383,-0.01846671225355755,-0.016062429652343432,-0.060641053001673655,0.08874220666462308,-0.05708296353022748,-0.00853742910044201,-0.27812951566788635,0.32337993795349396,0.09237003080615594,0.08407846733937371,-0.17558911611673067,0.040517463617649206,-0.016971928957249194,0.024334267216687865,-0.03193648632355775,-0.09968351832550307,-0.34211112558948037,0.18075106590981832,0.04301434730524051,-0.23184449097248835,0.09901937657153206,0.09899647834621432,-0.08085483288565636,0.0632568743714262,2.4459523809523813,6.872770265877615
7,13.1531504301481,14.0369628399344,22.5965360747365,26.8136685694954,35.359682487693,42.0007693216309,56.7155780675498,73.3625987909532,88.9774101742696,103.365562254066,85.6250435307778,60.5960724905631,36.1546998956854,24.9548072273377,8.94276261756666,22.9567979025781,9.47348996182032,1.9135472508804,-0.791016361968974,-2.45537482725994,-3.44285063815617,-2.48244259468934,-0.96812227297428,3.20657597284605,5.54688013026091,7.88976632318773,8.22906508462921,9.42634119734959,-4.20894454475921,-5.18795010765373,-7.46928177393568,-0.0817339911921418,5.2850897044448,10.0107945981598,10.8910654878542,17.2784257553985,24.4934877018585,28.1673373224797,17.4416335804069,16.1960656309068,6.89476106106688,2.06583263499991,7.81849902389814,23.3834396472582,27.8971633090145,35.7917967125327,27.3821383581725,23.9651216561012,-0.0926485252117062,0.023829981344279046,0.050663334914834,0.11926534254733426,-0.07692991015228055,-0.02884139169816988,-1.6330195984205842,2.644323236256348,-0.779641340490216,-0.19770145172907352,-0.05443265586335206,0.08373872952312356,-0.061254975819215934,-0.03173094837619448,0.03725614513181559,-0.16266699953652158,0.06948659495380968,0.03902002970699726,0.0037407848746271555,0.01047441155454826,-0.024360435987138954,0.08179858066121835,0.15868317475200627,-0.18516794382891943,-0.014231825094891175,0.03893115935095513,0.029786801015054203,0.4036983756754126,0.06777026623045312,-0.006676071129285868,-0.19305074610704628,0.07436637018489957,0.019920458298875177,0.016719904006321056,-0.1584374983495043,0.11013564113773754,-0.024856280462248425,-0.14814627453405207,0.07668387793021988,-0.14590651310646302,-0.19864318899503017,-0.22756634755606053,0.748874644036195,0.1927367898766999,-0.1547975853434312,-0.21463689356498672,-0.03880687357562225,0.1488370001613075,2.8529761904761908,8.564613172289404
8,19.0665604583917,17.3290787535138,23.9836607103016,26.5293606098038,36.8837073261263,45.2785573646346,65.7613316904782,88.9774101742696,113.460401673313,135.607944710306,113.627967547575,77.1681632584158,45.3039988682435,30.1314748604771,9.69718073206929,28.0255646001166,9.54683852203876,0.750320487814723,-3.73757635993263,-6.58792945618695,-8.18268532380935,-7.29152795678751,-5.37927193998519,1.16836525706323,4.64968523180955,8.0297084188386,9.34729829627311,13.4068333173042,-8.31385764535814,-10.2658619677574,-11.8027802920673,-1.00654057355297,6.22121732158319,12.2836982515045,13.1684915835393,23.1380281903417,33.4706975419933,36.2703288782813,19.3572284122945,17.532152062533,6.34841241561502,1.36225608827623,14.4603602638035,42.1193306683104,50.0369706849957,60.9584196523071,46.4529525093831,34.6415935827743,-0.16538892810391,0.012564056754541586,0.15865866779001814,0.14559870067642788,-0.055009800397199646,-0.3242240847808886,-0.6675049455890223,-0.7852063446841996,3.082447415398181,-1.5378564077532713,-0.16752193116022507,0.08996777076069234,-0.08098732010320697,0.04701002126832673,0.09658220476421095,-0.06108915612935879,0.02721090252428323,0.045276322623012545,-0.022030225532526423,-0.015470412268702449,0.05344800798343544,-0.05658289496471777,-0.10178653148954855,0.07572361225933853,0.0681526551801342,0.029550072787860072,0.12794440580461686,-0.04258883477877099,0.043363733402765635,0.21609912014273597,-0.08473524880783255,-0.019074912435147626,0.016053917798286722,-0.018209611523806797,-0.01700824721489048,0.012950977365522424,0.05191200684818985,0.007378119427022799,0.1390722333254062,-0.015190942362192586,0.025304865442068985,0.059914505022178474,-0.3415531533220981,-0.11162632449527773,0.23311897979939739,-0.07589836902144087,-0.0008264721495337585,0.014974811960746792,2.955238095238095,10.651309857163719
9,22.6594930142969,18.6371703502915,24.1044942607662,25.3137887356217,37.3739469700707,47.4518602444755,73.5724123444598,103.365562254066,135.607944710306,165.791850191897,140.179927355272,92.1232261328743,53.1422401357569,35.4063709363557,11.3560310155221,33.0909776481846,8.88155514261718,-0.249248043747844,-6.57692573063388,-10.6436193677064,-12.8469578540136,-11.9452665638112,-9.54147794417487,-0.533761206878454,4.08447141404213,8.53213697185547,10.8243419639166,18.0298247619994,-10.5872650910955,-13.3217422737194,-14.7681059191594,-0.879110692122768,7.7185491013899,14.6085247876921,16.0346212766363,27.4877730612963,39.2740067870774,43.0225534158511,21.7370182665551,18.639025178554,4.9292937053947,-0.5685811613227,18.8632516612364,58.001162526179,70.0123239623836,84.2360552567012,64.1271003549903,44.4932206145295,-0.021790803540484023,0.0619023145247347,-0.019023431136541924,-0.0373899890976494,0.022884085336761728,0.08351540953518312,0.2805229597755858,-0.19619077853514774,-1.5383335961029772,1.625636732822369,-0.20021578482595265,-0.08635928347714944,-0.031231198607101603,0.20097020070969343,-0.08156670042601893,-0.03690826290663347,0.1713753928444786,-0.09330775651378673,-0.15849525408932044,-0.046706643763491006,0.2712558925605994,0.020392947817327547,-0.05156192804159744,0.16046793848944715,0.03542508168096285,-0.006869579533427711,-0.07619643371390047,-0.5053150636710935,0.10538262394481734,-0.059995840787810076,0.25920102310017223,-0.3111752072371868,-0.05906334425874124,-0.08526997093370253,0.13348293046014853,0.10703157322887935,0.018864708846868958,-0.29866336698922635,0.04603771844621734,0.0483101598654992,0.17024776602545857,-0.009482360355090572,0.03748879113239202,0.012967533136647915,-0.007998135417948773,-0.06456352375049115,0.14362098539540832,-0.2130617283168843,3.205277777777778,12.875630089121723
10,35.5312238540363,27.157990753465,31.7051702646726,30.5614417260931,34.9596337332049,37.6551119818236,60.1813803353227,85.6250435307778,113.627967547575,140.179927355272,174.668640760361,131.310034614709,87.4904515252563,58.7730405632879,27.5857366366962,14.7628771222182,29.2945289748711,17.1857544729157,7.74636977091652,0.450361150185899,-5.19072295346913,-8.99013369194303,-11.4642216174786,-4.86023686572889,-1.07540133807714,1.93654647346303,2.26710688328543,6.43093959130655,-2.01146320308295,-4.00633690541744,-4.97335135353064,4.87422532892478,10.6564042619875,14.9303113621416,11.3835278899383,25.4470471781156,28.8267856565412,30.2905390273567,26.2661328257247,23.5539549615328,6.28306136997296,-4.91788875731285,14.1384640580968,46.6213690804906,55.442111058456,65.715803933581,47.2416669394752,28.6797480880035,0.04283894272026651,0.07025896663519704,-0.1709636798174557,-0.1474344207340875,0.11637604938544756,0.2967314941828962,0.027003096819794386,-0.054818632701850716,-0.16341656477278352,-0.2011536484031635,0.45995976662588195,-0.1765872450808976,0.18407469596605308,-0.19229784405764155,-0.1336303524209728,0.10573767555259306,-0.22992939181213307,-0.00019695080045162134,0.13916780757393382,0.03005973228769761,-0.07033964711352339,0.02628268684458742,0.0937183260826226,-0.05486353095147989,-0.10909857707204743,-0.09294866267726262,0.08414932792141094,0.09908329811653427,0.018473541266849813,0.012637263080733077,-0.1743282455133331,0.13840099587408036,0.0211505435146258,-0.006585469292447288,0.09556297241889712,-0.05310912601605959,-0.11047094099416802,0.1943642422882874,-0.11083886313702615,-0.09708256487607586,0.06870918197350995,0.06502386786535613,0.17680971240784626,-0.18253593820038708,-0.04018267011472153,0.06389412351273589,0.006802623769496054,0.06302812224385407,0.09368347338935563,13.21584809084763
11,62.1546021583299,38.372770621999,33.5550876648165,34.3701758807515,35.6503396085367,36.4123933227135,46.8772185250575,60.5960724905631,77.1681632584158,92.1232261328743,131.310034614709,206.257766595375,147.661490012583,84.8982407538643,33.0130868870202,13.8706912324404,48.5952082297672,37.8518042355484,27.9411811136369,17.6117103364362,8.01531399306828,-3.27146387310829,-13.9410217139089,-13.6229114344385,-8.95924104439577,-4.28178051408476,0.227470290787329,1.30260474111127,19.0715675053679,26.5599067729971,15.0468420993389,15.0934068424318,10.3790069932126,4.99494050551892,15.2221856220652,23.0524757107201,20.6556599707992,24.1896987292521,29.5142768133141,33.005314344908,18.624062872214,11.0373292394402,27.7358414817358,24.1462351756229,37.255620706888,56.243348697882,48.5513667792275,21.5681173016328,-0.12378206673743838,-0.10525719211972182,0.006473192441547352,0.04683837648696326,0.02242997497150471,-0.11411249035757186,0.021741756183133377,0.08084304480757158,0.08767474004748398,-0.08624569128546031,-0.17688545637269262,1.008347546244537,-0.9496556518016618,-0.1839766369647925,0.46485851051427607,-0.1354878104428162,-0.12051605219902888,-0.12627172015749527,0.08954371486792038,0.13473423030909276,0.3332532313507614,0.0461814338333648,-0.12870850158416972,0.07058268456605496,-0.07886741121426327,0.01832890533534406,-0.11233406232487332,0.12038062875064268,0.048264840880364146,-0.3800846479280822,0.29310589392674863,0.04917452163301137,0.123521706394318,0.11705989515084429,-0.2538024080571308,0.053344682325083784,0.06099247133870829,0.10408049634326248,-0.4266345098683867,-0.10610222764527305,-0.07841199289090135,-0.09889048330173932,-0.07539515249223581,0.14069615225772633,-0.07300030016056847,-0.05433800039629633,-0.005386656783904188,0.03197273635930888,3.1499463118580757,14.361328858966184
12,45.0925525317915,27.6702830490515,27.5982022408489,30.9195082845881,28.5317993045551,25.5267796548449,29.2735159081247,36.1546998956854,45.3039988682435,53.1422401357569,87.4904515252563,147.661490012583,123.341704485068,65.6043253836279,37.6769573773463,14.3443637154567,46.3992327794329,41.4219779560369,37.8983806214082,30.8340395376062,22.893838596365,8.18820926785025,-7.22136550983916,-9.94450866124335,-7.87131758669128,-5.4985519411428,-3.31844411720681,0.0040203074411354,12.3508920866073,16.2603801274344,7.86280848344285,9.42471993771011,6.49949836553637,4.3811246674913,13.0007394131929,19.3498675190721,11.1637109540989,10.7140339498972,16.4431266621634,19.1175241803021,7.37716390150794,1.53783209601758,11.2147926546834,7.15623451986581,15.5907342435323,24.9276959998606,22.4472264605769,4.89916875045985,0.027321852881171265,0.2044549746474569,-0.04527354729810517,-0.08788494216547464,0.0035528369790692187,0.09617620256845583,-0.009328085816133416,-0.056239259158407356,-0.0789937689118733,-0.032659258073136375,0.18640471712390028,-0.9512181766547603,1.2722540328348726,-0.05216932768581274,-0.45401779428982764,0.12322237545801354,-0.03522310380486314,0.28820655153714486,-0.2560875289750993,-0.10046000188435597,-0.41987995285606866,0.05782108144723781,0.19086663061884496,-0.20007486025890597,-0.006592580147348393,0.13421234464531367,0.26049459485094323,-0.09362339424705816,-0.09171478584128274,0.3063235008191549,-0.20478410391520296,-0.025583434281257207,-0.16305268516820579,0.015021443136036552,0.25062487039096415,-0.2030752324034121,-0.01653636153274563,-0.05579580422636768,0.5745248014823555,-0.030065364323898787,-0.01952337332262674,0.18440800280177677,-0.004677749351389896,-0.02472360876359062,0.02990737095436548,-0.0014459099159125403,-0.030329878910947336,0.12691332649583917,3.393709150326798,11.105480830881103
13,30.6775298630401,23.2046113183905,21.0875078512391,21.6617514506223,20.114122349118,18.4688913781685,20.5145130169162,24.9548072273377,30.1314748604771,35.4063709363557,58.7730405632879,84.8982407538643,65.6043253836279,63.6154390080407,40.8875596100243,3.55315835139025,16.7418848859832,16.8552067928522,13.8672342715286,11.3938589571547,5.83525934422591,4.08990908408292,-0.181912149697314,-4.46004695825196,-2.20422704538133,0.256498689538392,2.01911766108682,2.57490603528928,9.02161329300074,9.30299592290897,7.39147432396638,11.0340083790911,9.15329047263035,10.0876518528707,13.9147125633015,7.88298899650394,0.723066992696608,7.91206838002494,16.7516496938808,19.1086070591647,13.8068284164076,11.6915070279194,11.1231615229293,1.09034357515496,6.66235526552541,20.8937420374507,30.1964099111153,21.8324781887197,0.0420724748263875,-0.138683032922381,0.02365730675019035,0.2164988552376976,-0.09741500489696438,-0.21002911787829487,-0.049603644759592204,-0.030100635469693878,0.045099823528157036,0.2028469425635547,-0.19350945292915953,-0.18184391588019133,-0.05357017889731311,0.7163350494180569,-0.2374269980206459,0.060011317608730616,0.20650402247996322,-0.10211907179490265,0.02109676761926297,-0.1743027248323204,0.21397951407790486,-0.16432881603587962,-0.07770132468249205,0.241518378921719,0.2290908774029516,-0.10329440497127002,-0.2675335311524533,-0.15710412589437892,-0.02904596441553455,0.19885743408700363,0.030509086509482003,-0.21651626325607776,0.06062739432044151,-0.2576106734695712,0.11648681607298246,0.16871705033413606,-0.02688055471138053,-0.0770558811956883,0.07923708883442666,0.02448264989905802,0.11215046291832774,-0.07812761187051584,-0.07737038097979469,0.24717746145393207,-0.055953266076496054,0.045678495077604235,-0.1277255557070194,-0.04718528751767588,0.5731862745098041,7.975301812974897
14,17.2023604932029,14.6389228744848,12.4581913586256,11.9725610534853,10.3320334675966,8.7810987226035,7.87384087749096,8.94276261756666,9.69718073206929,11.3560310155221,27.5857366366962,33.0130868870202,37.6769573773463,40.8875596100243,57.6203913189628,15.2222809270861,16.8334674969058,19.4717276770411,19.0805172970938,17.3951552218305,14.5032357661222,10.6747403600972,5.85942031255078,2.18480824337315,1.60395737647778,0.886884295259241,-0.845512821034796,1.82923797862848,8.15775783943014,11.0758220182837,13.0141721609787,17.5864339846182,16.661891681638,16.8413327685958,21.7341133265778,11.6173775840388,-2.45336353082304,3.97896677973497,14.4931543773495,16.222738755823,13.8076155350969,12.8252915538205,13.6519711139784,10.5852565239342,15.6991507270383,22.2973372624335,32.3162410965613,25.2000270488389,0.035365300619296734,-0.022526755560866543,-0.057326542931395046,-0.054275370892389735,0.0017020371091926877,0.03931226011032586,0.07097848476604011,0.03478179661490849,0.09590825330563796,-0.08056319078801762,-0.13355386397266455,0.46495249936256583,-0.45221108489222145,-0.23879755963646412,0.6239830381629219,-0.12554244371487963,0.029001953850640957,-0.03277561582050158,-0.06545937621969133,0.077906724548968,0.083644442236308,0.042716256830512125,-0.09799607900195202,-0.057851986275406074,-0.08441522300253394,0.10600870185952299,0.14404431909307563,0.019827130920256335,-0.06507345277238515,-0.0398946597294833,0.1389677914231486,-0.12077398124092732,-0.000609801702523793,0.2642906215598321,-0.36989335958168507,-0.07877161799062507,0.057548929464752964,0.07472938420944608,-0.19353692655413107,-0.05707668299758838,-0.14681917208555922,-0.11344738827175628,-0.047970662021629265,-0.007102332841993349,0.013710192862376284,0.036810919246530883,-0.04383868865033285,-0.0022103340724337795,-0.597733426704015,7.5901509417772965
15,13.4015841503077,13.1985047059148,11.6808782389642,10.4950867759798,13.0931256901395,15.1769858803116,17.8878193759063,22.9567979025781,28.0255646001166,33.0909776481846,14.7628771222182,13.8706912324404,14.3443637154567,3.55315835139025,15.2222809270861,63.392697014247,21.123054594673,21.9121043645647,22.6032648067475,20.9914170883709,21.1450990793526,18.0743210847714,16.4458754179759,18.4080590047003,16.1663236914034,13.9760048661135,11.2375422787355,12.6121383340335,4.92369368804826,8.09680996317139,6.50872004254064,12.741976651464,15.7078072125525,17.0616565468479,15.422138113105,8.54199168057086,10.3440511986039,2.27698700285764,2.94588786963164,0.845672375409712,-4.75052607173107,-5.65710257973439,1.81292065600503,8.7822179051563,11.2051017798076,8.45107185869732,6.09630502791684,2.49479982126211,0.09922408888645418,-0.09821933250293946,-0.05984434319503248,0.10493412919674397,0.06514148150459972,0.06894787970285671,-0.034424775059523405,-0.16247072287089284,-0.06021980570066824,-0.038101287726671026,0.10629231979156421,-0.1354690958083238,0.12296813801144976,0.0600769022813775,-0.12518915991175156,0.36153454750298986,-0.04983493814741694,-0.03765121705106205,0.056718765916690124,-0.03134042159288677,-0.12674505679452677,-0.012775125184827938,0.07487433265481987,-0.13863134631918184,0.014259783080208463,0.021513875937261003,-0.060882936858175196,-0.11129818491237535,-0.053251764697982526,0.02217914893744294,-0.049365779629411556,0.028374250801547228,-0.031962271017766906,-0.10327218481852253,0.03349200920322009,-0.049355303691949515,-0.19148012166204623,0.31466507555344964,-0.03941538646878242,0.0834892196175905,0.19705669872675002,-0.002331234748520097,-0.19818018046941607,0.17956908521118561,-0.13489345354093277,0.08047712254732249,0.014050093773770714,-0.057929360910906544,2.499445162680457,7.961325079046016
16,21.7893179261021,13.8989384404672,16.1645848439045,20.1900937370759,17.1832425252297,13.6644880999582,10.5608549888218,9.47348996182032,9.54683852203876,8.88155514261718,29.2945289748711,48.5952082297672,46.3992327794329,16.7418848859832,16.8334674969058,21.123054594673,48.3502591235609,44.6402800669813,42.2301568499964,36.7465129202815,31.718632203801,18.9275558835031,6.51506361481793,3.419824336998,1.55707934559748,-0.522235123499654,-3.28043551316193,-3.29793058773112,11.3259820573676,16.8420237513347,10.5105066564989,10.9261761428011,11.5829301662067,11.8349583640528,10.4258920157914,9.50196571526692,8.04301597882455,4.19463695048628,9.12746452317603,6.61536794511719,-1.38722720580393,-3.80207871186116,1.17867159000253,1.1650548349108,1.75441829616192,-0.190168007610488,4.19465904179073,-0.601005995482387,-0.020698626609316706,0.09135665031836471,0.08247555173220812,0.031433149296461974,-0.16346841938378426,-0.09337518291360893,-0.01335477544547031,0.07151517837742268,0.026902059109499377,0.17260441536854335,-0.2295352702144969,-0.12296158226020731,-0.03290138166015243,0.20787706065045794,0.028664732229455318,-0.049420313531863866,0.7047420148558704,-0.1414756053378691,-0.08100100443298643,-0.07659103125257635,-0.15602290788715073,-0.052981771816568435,-0.011164057333908729,0.025741597940051944,0.012277729315135774,0.09834926240583397,0.008404856531439969,-0.022055077040685857,-0.043578308343098296,-0.011907418653211975,0.017610339203230158,-0.002035813455091006,-0.08179376028381195,-0.10093131243462497,-0.11891368703271019,0.08756472912356048,-0.05929708441211362,-0.10090072279592485,0.06109998856398851,0.21131561395760573,0.032700673589458086,-0.036549177690030125,-0.13190536735966507,-0.09176682579181816,0.2060398295137165,-0.06984926477864295,0.12193969733080899,-0.22316893534875015,1.7460212989624755,6.952715953033095
17,28.9164802647321,18.310859599303,15.7235466530954,17.9802510321434,14.1787986646377,9.29994653903116,4.60367631941883,1.9135472508804,0.750320487814723,-0.249248043747844,17.1857544729157,37.8518042355484,41.4219779560369,16.8552067928522,19.4717276770411,21.9121043645647,44.6402800669813,58.0187047857259,54.7032342811037,47.9583121614315,40.8767670527557,25.8546406307707,10.5453248031168,6.55377400854762,4.89110999058875,3.0387145331009,-0.323645175959283,1.18595121330806,11.6165766473956,15.0999936718596,7.29034376606221,6.84265470191064,6.40557098120084,6.3113653892483,9.74922330377335,9.37422683241849,3.59586442304118,0.586318009075692,7.87707039617885,3.91368242714351,-5.60972273858099,-9.48617469650209,-4.7851274838668,-1.9110380333523,-1.02061672073839,-4.75273345241261,2.88242482831757,-4.77954247956171,-0.00460283636380788,-0.12136091617941205,0.027765997070760298,0.10547688351687158,-0.05774313082137149,-0.010232535581921977,0.06114250614733226,0.029169605614433502,0.051260721841673164,-0.09221674477792473,-0.0004683579581487671,-0.12430633529389513,0.2868929094282733,-0.10256779545520642,-0.03450788235519174,-0.036534331302428565,-0.1385508412056553,1.8307642491582707,-1.9264510366453114,-0.2885228762780304,0.28680798583613554,0.5095358082340768,0.15004129710759062,-0.06354547450059965,-0.12616515718939397,-0.14023185684677664,0.0218510479737048,0.2369624482129989,-0.07038808824533013,-0.19585876191153032,0.16709756619681004,0.10855867862004938,-0.09134401554241778,0.017022591163108034,0.10593554016950212,-0.1012806159329282,0.10223770781733547,-0.009834806653943534,-0.10411329418517061,-0.06052569358572527,0.11907422682102026,-0.023135205009497003,-0.020911456006208324,-0.10514710965121718,0.04279060498832898,0.07791312360668812,-0.13888909473182112,0.13661580260591044,2.985156959054017,7.616344581603823
18,26.4544953928685,17.6174472768365,16.7642250774201,20.1654429580064,15.400930496572,9.53222573906422,3.50061662456992,-0.791016361968974,-3.73757635993263,-6.57692573063388,7.74636977091652,27.9411811136369,37.8983806214082,13.8672342715286,19.0805172970938,22.6032648067475,42.2301568499964,54.7032342811037,55.0842831377571,51.2329581028212,45.8488285545899,31.3927246943503,15.6706743079158,10.2612681937006,8.18937700066455,5.73693126661433,1.76366853893908,3.82915932346868,8.21926329269082,10.6411675421677,3.81635593900589,3.59182434463314,3.7363005187131,5.30301071521636,9.03488932138567,8.53284962000225,0.969928037122898,-2.16128824002027,5.85069775146839,2.09495291222845,-7.00283188015355,-11.2343586806584,-10.0479668302299,-9.42571471204229,-9.26021469754067,-13.7532209887266,-6.26252398065957,-9.77857879322769,0.1047200564936092,-0.07420815992054432,-0.012532392686540814,0.015335147104928235,0.03527480523931641,0.05040370844574552,0.021185021130378196,0.001544732794321817,-0.02443700875513632,-0.15244629499015433,0.1390629926723354,0.08670092966412077,-0.24942755206249628,0.019081818273222067,-0.06675201060837702,0.061348222205707154,-0.08037617261488184,-1.930294126625778,3.8584959081305787,-1.5354122349147057,-0.26116037170950696,-0.16438431725920624,-0.05203587360485754,-0.13635329785085526,-0.015284749035928157,-0.0029871220093259593,0.13340193457168403,0.05415637560303958,-0.011992409570930203,-0.11751384578496701,0.008055999950234826,0.02970253715503203,0.01251278319115267,-0.009170319121522136,0.028471713177184256,0.025378828614142958,-0.01797599606517018,0.020883057237236484,0.1778990884021602,-0.038336995887914324,0.010620444716707764,0.0020983173169127002,0.05702217645612224,-0.12417828062933725,0.10518177021798507,-0.022932987881430132,-0.014087565533712706,0.04842537906014162,2.5473481747011157,7.421204965351453
21,24.778759139791,16.9960384051393,16.8730349292063,20.5286210798918,15.5123981700311,9.37910364514353,2.75459531991694,-2.45537482725994,-6.58792945618695,-10.6436193677064,0.450361150185899,17.6117103364362,30.8340395376062,11.3938589571547,17.3951552218305,20.9914170883709,36.7465129202815,47.9583121614315,51.2329581028212,50.8984671616673,47.7078304335588,34.2207514421874,18.4589607468499,12.2743717709766,10.5227315319078,8.18720312708989,4.28397793490505,6.22990555810935,3.35936165555293,4.38302878728482,-0.823085184198725,-0.41895151396897,0.402562464554062,3.76568347350755,8.47960331702642,9.50773247509274,1.12687799085173,-1.67814375029538,6.13082679345016,1.88842521694691,-6.69788876782974,-11.3682692608543,-12.916501895911,-13.9617676567653,-13.5010804355742,-18.0790348576127,-10.7114968583758,-10.7637604982388,-0.030934803343035753,0.053969429545622755,-0.027338752533972485,-0.05858370202191222,0.062039342780729305,0.028328492155536678,0.002151084871452736,0.007507970425984431,-0.043702406730839825,-0.036707394001907784,0.028344042047445058,0.13397583160671356,-0.09893184758991586,-0.18002267812977757,0.08161784224546183,-0.03318220825374555,-0.07541181831962467,-0.2907086414756874,-1.5388706946339643,4.045887463668017,-1.4713721047369266,-1.2605523213103924,-0.014265410626910056,0.5175861180384949,0.1886909821441122,0.03427620360328776,-0.05315864014962521,-0.07795380008660881,0.08612040068721204,0.005286740479610008,-0.04380523205142537,0.016197287845238516,0.18010683439461544,0.0010237030434136665,-0.04732250800780687,0.06447564228941305,-0.06738499816166173,0.07539324158888522,-0.026241878430336128,-0.11175646543738849,-0.06823044413145625,0.01929298055498629,0.10729183489446546,0.032699087259173074,-0.07348851724938721,-0.012471594326015445,0.07802210071053291,-0.04818399292052591,1.9012060570148805,7.1336152939212605
23,23.0227674959723,15.7901406794696,15.6608622646733,18.9482748125324,14.3460095784221,8.62401967461622,2.06063928924778,-3.44285063815617,-8.18268532380935,-12.8469578540136,-5.19072295346913,8.01531399306828,22.893838596365,5.83525934422591,14.5032357661222,21.1450990793526,31.718632203801,40.8767670527557,45.8488285545899,47.7078304335588,47.0408454043335,34.6273070744622,20.1732554060044,14.897755204822,13.1955924950533,10.6757390252418,6.51988305500775,7.86750802051208,0.676405372415006,0.714328632162692,-2.7946390807651,-1.84361044223944,-0.406023086460361,3.37382009850525,8.24908639596688,10.6036795794801,1.71495502535087,-0.974267797492917,6.38464978389837,1.71642517223774,-6.43963247679979,-11.7779466158038,-13.7095053522735,-14.3125313579869,-13.7249235382266,-19.1041891059389,-13.141746800683,-11.2702975209013,-0.2908206566278977,0.3060945810906695,-0.21789321274058487,-0.25069822578460654,0.018725240894640872,0.018659859989447795,-0.0352818422933591,-0.02358356715286513,0.046733102586400226,0.28248509330618454,-0.0636065597073033,0.3291217260552122,-0.41853514164821953,0.21341386619611696,0.08285174791357483,-0.12491764454428442,-0.15845751843215616,0.29136667466470484,-0.26057805519638694,-1.4728337792380644,2.7805389687911637,-0.9506149563946287,0.5846127376499044,-0.11718730265667171,-0.11808028664933114,-0.08263840297132473,-0.07586118797328938,-0.24480286370493476,0.05143925828653043,0.2525287620567382,-0.23800319794637384,-0.0072006810480396595,0.050809456544414,0.09557574426723849,-0.2987582594254009,0.07570576111475681,-0.0008421298256258041,-0.19847467004852334,-0.2583137052371241,-0.07884930480271733,0.017311833292889555,0.10311395452020647,0.054451089442295555,0.13181056181559372,-0.2085301035751923,-0.003968773816977013,0.03285234199469647,0.021506765854375283,1.0300639393286453,6.85790386374244
26,15.8591746926597,13.5451139581612,13.1159557782051,15.973765983949,12.6321767792413,8.21291032308852,2.5762800113234,-2.48244259468934,-7.29152795678751,-11.9452665638112,-8.99013369194303,-3.27146387310829,8.18820926785025,4.08990908408292,10.6747403600972,18.0743210847714,18.9275558835031,25.8546406307707,31.3927246943503,34.2207514421874,34.6273070744622,31.5907129776191,26.5402548601036,21.0155893420426,18.4072201016717,14.6590789242401,9.11117238259981,8.41301585124425,-0.51231698237222,-0.634257184278478,-2.23502231194294,-1.09039313510337,0.874751565392004,5.01306193070608,5.24308871037583,5.53653071002194,-1.53157082559424,-2.94607098956807,4.80257505712765,2.02002236566355,-3.84715184538118,-8.29027423310331,-13.769253366939,-17.7749080054989,-19.5141862337423,-21.6363196256674,-14.5386933933134,-9.05118935434502,-0.049834774680971375,0.008961448640042924,0.07187013339827279,-0.10951709948500572,-0.020809840977857836,-0.013203936394030707,0.0060438801822364,0.10052667734853221,-0.07137610557866805,0.020756846432302797,0.02754314422599035,0.04252933042117597,0.06389746613619994,-0.1705307834826096,0.04627263521609114,-0.010659190746973541,-0.05014848674470833,0.5131581509972212,-0.1677900363002768,-1.2730454115277898,-0.9453221818785595,3.8994359550455924,-1.650042989903673,-0.12574327630039606,-0.040578342391138084,-0.004909921449176756,0.031453242761656584,-0.07301965550971898,0.12495832671491419,-0.09084741902855509,-0.03029579054230472,-0.020226409620120622,0.31682771673308385,-0.20869216578357566,-0.003899614380435386,-0.003716251591949074,-0.07692388520848963,0.11292447097071322,-0.051956373311918755,-0.11701705715084713,-0.031873658747780836,0.002135144015939861,0.10743948235841112,0.10770999416508678,-0.10195951410354967,-0.03441141141550218,0.057348945043666374,-0.034803461237785584,-0.40774484502425634,5.619671963524126
46,8.66649091330388,10.8366269954269,9.47816466986145,11.4085309247438,9.87542207273173,7.31625746319229,3.14107949066169,-0.96812227297428,-5.37927193998519,-9.54147794417487,-11.4642216174786,-13.9410217139089,-7.22136550983916,-0.181912149697314,5.85942031255078,16.4458754179759,6.51506361481793,10.5453248031168,15.6706743079158,18.4589607468499,20.1732554060044,26.5402548601036,32.0882849667545,27.6250996573566,23.8818334072843,18.6580250132909,11.4562160194188,8.33796985259064,0.082544609106803,0.144541682475218,0.512521575474548,1.76960284426637,4.21817122977674,7.59415969163853,2.51936780184536,0.58812814625199,-4.42520778645487,-4.74186055450606,3.21355058895775,2.35922536335438,-1.28262726998497,-5.02871680056469,-12.1378402951456,-17.8173917077228,-22.0265429409756,-21.4781813118547,-14.279900132837,-6.45394885479988,0.053448959920559154,-0.23810981478463605,0.28386544219591475,0.007183704076518924,-0.06460513265322469,-0.13283848764963377,0.012079624480022921,0.15360065794472966,-0.09175688215350146,-0.05475164579996751,0.09774891489130451,-0.12660857526864136,0.18854364601984833,-0.08167021878228635,-0.0995863671373399,0.07391372738139423,-0.012984812206464308,0.15531307578678377,-0.06200451499175731,-0.02295600664993326,0.5737738317019762,-1.6490086170940872,2.1318762276822927,-0.9702095105434256,-0.2901986662878194,-0.03324628503156318,0.3100132114849118,0.04367674109639872,0.09657830631905685,-0.2944811049697229,0.0660105578559552,0.053261679593386915,0.13229621214941398,-0.27208935933780537,0.15982797525987585,-0.0933745075262722,-0.07082435004572234,0.19205645767433643,0.04802682046396373,-0.013221785867390708,0.04130043550366357,-0.045339314032757136,0.1038048892850631,0.013396075883745834,0.05331384930575416,-0.07865501915649979,-0.005176266913786922,0.014190922916200782,-2.0288869627104917,5.663769501555876
47,8.21412738845998,9.44605603697931,7.29085525489561,7.29967393103302,7.37562127926051,6.42721521724906,4.89085661524638,3.20657597284605,1.16836525706323,-0.533761206878454,-4.86023686572889,-13.6229114344385,-9.94450866124335,-4.46004695825196,2.18480824337315,18.4080590047003,3.419824336998,6.55377400854762,10.2612681937006,12.2743717709766,14.897755204822,21.0155893420426,27.6250996573566,26.843645712867,23.8124440437607,19.172485296836,12.5979709809965,9.44389225317832,0.387200727010064,-0.869860282635485,0.386129270262395,2.03444432276159,4.64286686693872,6.68815862329248,1.95426604161887,1.00719773221892,-1.78519208098698,-2.58393228535154,2.96775303385392,2.12540335651482,-1.37248602718089,-5.65886008309731,-10.1692379699502,-11.6467714519422,-16.0552340620079,-16.9616356327995,-13.7381782703405,-6.72494383139904,0.054346875744096884,-0.1652795333879888,-0.10008770875585155,0.13997064920268812,0.026949945677437043,0.026270159784974025,-0.03916669005003921,-0.18968888051796914,0.08321278196328208,0.1609513467168808,-0.05674098492163492,0.06280382252381798,-0.193351605480663,0.24547491633431603,-0.05970728751951502,-0.14068834725061477,0.02633598207559529,-0.04349787040636289,-0.12620866726722105,0.5264592884878494,-0.11718972883274711,-0.12766826504115295,-0.9746177281550604,2.9690934183738538,-1.7400165332019186,-0.4550202698674933,0.27807071765995117,0.06473436797956574,-0.15201559916337012,0.11430983456604729,0.006606604589921713,0.1383171216055951,-0.2951195659277176,-0.041854204318967136,0.18549669956475123,0.1260732380885235,0.10048904731597756,-0.2843828734967801,0.0795407358704173,-0.10257900319395402,0.10299518628029038,0.021471365458235643,0.1338362562164607,-0.09601193178235978,0.014446185737562522,0.022206846809166538,-0.04230103380454858,-0.010669946166878266,-2.205664001031648,5.180120241159177
48,9.15480114937879,9.04273134588036,6.9285174552811,6.64418893494671,7.37364594312567,7.0578227909877,6.46149764624669,5.54688013026091,4.64968523180955,4.08447141404213,-1.07540133807714,-8.95924104439577,-7.87131758669128,-2.20422704538133,1.60395737647778,16.1663236914034,1.55707934559748,4.89110999058875,8.18937700066455,10.5227315319078,13.1955924950533,18.4072201016717,23.8818334072843,23.8124440437607,22.2388803827639,18.9194233135992,13.7632151247576,11.1961796803797,-0.0456118798333744,-1.34615127769045,-0.252573830988525,1.00867652246703,2.95279519976473,4.58737174120247,2.01486746736755,1.63376928724969,-0.737723914153035,-0.624145592820848,4.02051480433008,3.41967847467164,0.33836645232121,-3.9459403015235,-8.76973243567848,-10.6267768725827,-14.6700467472326,-15.4999611312404,-13.3844553288276,-6.66343014641939,-0.05298914654500785,0.1261129043248759,-0.029091695065819503,0.10293179011113499,0.009293398770982222,-0.07485704177436883,-0.0188751342005338,-0.018008993695460378,0.06789673152493118,0.03445490050639166,-0.11153633920152506,-0.07916631577145965,-0.00400632253517154,0.23322390459251213,-0.08959943859507444,0.018151083672203014,0.012805530738769432,-0.14287450560370388,-0.009916219184448698,0.21663805165188946,-0.10464834629393796,-0.03532165507312154,-0.29194411998040537,-1.7407954842054392,3.8394527698358196,-1.532955660850624,-0.4407200199740704,-0.02210236185906037,0.24830433952156847,0.14377368907124266,0.028193074368541866,-0.0643352124684535,-0.23015585692926446,0.1903534551623804,-0.01972114306067265,0.26023274978562133,0.06205228175331961,-0.08112252028797383,-0.04662157486465778,-0.03859369648132273,0.019673826216426698,0.002111095988101231,-0.12345556708356294,-0.014001056134880247,0.020965568405052207,0.1363073983049771,-0.10711217057764848,-0.012997019840520518,-1.9326394520512171,4.714751359590863
49,9.38360849793097,8.27275224804511,6.47217025739156,6.21505554036921,7.55966413399262,7.85213751045323,8.1156721422442,7.88976632318773,8.0297084188386,8.53213697185547,1.93654647346303,-4.28178051408476,-5.4985519411428,0.256498689538392,0.886884295259241,13.9760048661135,-0.522235123499654,3.0387145331009,5.73693126661433,8.18720312708989,10.6757390252418,14.6590789242401,18.6580250132909,19.172485296836,18.9194233135992,17.4763032750086,14.2133265844105,12.5903559406017,1.12450649052719,-0.276798539839751,0.351333457430337,0.872763437509035,1.7988510590506,2.69604308317934,1.9275951132172,2.02884568673418,0.188547419358098,1.0161949920613,4.52102859370417,4.4411736687681,2.00084072979064,-2.1245978916258,-6.71873019992303,-8.59056677468504,-11.9604607095359,-12.7645767175265,-12.074322320421,-6.21175266921284,0.0072746951093330715,0.07856816725704566,-0.03917872459171172,0.02104016728918313,-0.04330951389269249,-0.13239530075067893,-0.020073852709906193,0.025024720856616566,0.026268737618188154,-0.006631349090357687,-0.08957885022515244,0.019694515789951225,0.12928876255313437,-0.1031559307015688,0.10394215660459169,0.023577993137926582,0.09610393526449537,-0.1811002746447035,-0.004316341550809331,0.02870895034901895,-0.099269086085477,-0.005279110397241014,-0.03263358602374048,-0.44986204412966313,-1.5339387477582482,3.936907094042426,-1.639890136682526,-0.17286675052160366,-0.11891015198051716,0.15587121594721703,0.019516185949141757,-0.3049901371738301,-0.04997709267996542,0.272435240063352,-0.03265913911129977,-0.29491044023994173,0.007955851430882703,0.04755116992566539,0.13825857319511226,-0.10166759583644863,-0.04270523632487976,0.026304417886914414,-0.04996743987663819,0.05006049860732022,0.12621585797477416,-0.16657017196429416,0.08316181827182986,-0.012602785111940804,-1.7978093475152297,4.1792706630473875
50,8.77905996855271,6.5208224021813,4.68666627794324,4.18587586968365,5.82223929200851,6.71464604462193,7.8193469075785,8.22906508462921,9.34729829627311,10.8243419639166,2.26710688328543,0.227470290787329,-3.31844411720681,2.01911766108682,-0.845512821034796,11.2375422787355,-3.28043551316193,-0.323645175959283,1.76366853893908,4.28397793490505,6.51988305500775,9.11117238259981,11.4562160194188,12.5979709809965,13.7632151247576,14.2133265844105,13.6185387640609,13.5723092553419,2.54080950537153,1.12650822768052,1.25520765372138,0.821518422827424,0.593766812425906,0.632924242515174,1.92938989990528,0.128657072012434,-0.780571232478394,0.928182899447966,3.35253692905019,4.04940353109505,3.25979865520086,0.262828213381937,-4.20761924621366,-6.4140768838939,-9.06368174491878,-9.80806525727257,-11.0029411798984,-6.61375348843993,-0.20621123090403093,0.2283565656739474,0.014007940552653269,-0.025801083441084328,-0.11710782494595193,-0.06807131354031826,-0.05909199486058944,0.02871234246768395,0.12027647643457201,-0.07157381601248064,0.08081390466437025,-0.10534487324863061,0.2541716010399426,-0.27605953418846346,0.14824695160038256,-0.06275657160669258,0.014919152734575454,0.02259387674192884,0.1735429074190122,-0.08838617363643467,-0.10895188156966486,0.02260903884251065,0.3099218805339898,0.2791095584983764,-0.4444484877005728,-1.6416485490959167,2.8135732120937815,-0.67321418256704,-0.05201189510639397,0.019269816553812245,0.18517730808109165,-0.2928327267671103,0.010183834879251426,0.18375369415802795,-0.15929529804036235,-0.020425784207845975,-0.2772778317237528,0.30826810132640675,0.04539458005705208,-0.014798691448643637,-0.2311475922374954,0.01847485600061956,0.11770837004194445,0.08696396559416032,-0.013107485466329387,-0.1544415318506932,0.10670951487050193,0.030933140268372922,-1.8088125763125764,3.688975300006888
51,5.910865812338,3.40696988932822,2.80864654667204,3.56493327183089,4.56787027171446,5.14749085751368,7.82723517440331,9.42634119734959,13.4068333173042,18.0298247619994,6.43093959130655,1.30260474111127,0.0040203074411354,2.57490603528928,1.82923797862848,12.6121383340335,-3.29793058773112,1.18595121330806,3.82915932346868,6.22990555810935,7.86750802051208,8.41301585124425,8.33796985259064,9.44389225317832,11.1961796803797,12.5903559406017,13.5723092553419,20.7276312260536,6.53905120750362,5.50483818221923,4.83490198622413,2.40890457715347,1.6212934153152,1.52922484667187,3.93632536538443,-4.47968028819888,-9.6586741262748,-3.17292067250903,1.5359927342339,2.29317698943301,1.69209399245521,-1.2641906504198,-3.66796872503238,0.814355832060207,0.127373949166418,-0.8164951120317,-6.14692543938105,-7.16485871587228,0.11425241705264431,-0.13058711725447789,0.011536304771479633,-0.03917245574162244,0.003519561521159764,0.13458521578074503,0.09074702949032473,0.40867049730302685,-0.043060552903905425,-0.5022227390443279,0.10026637227475607,0.11707526935954242,-0.08907396189675679,-0.15462657212799655,0.01684420738667815,-0.110559602684354,-0.020741015895329375,0.24173287115581057,0.06372863430066561,-0.07421580003238976,-0.22683829553210633,-0.06908773965874446,0.04498797390142028,0.06289114818891682,-0.023271506529113466,-0.17639947369318365,-0.6723564754638524,1.3051421831198415,-0.12726273193555115,-0.26758858921574247,-0.17114471192588812,0.526214299797255,0.17233253462357112,-0.11567567249927942,-0.035136481372797346,-0.05952453909530786,0.3552135642989327,-0.27116766976038054,-0.03878873790161967,0.14247075358980812,-0.17852230031796537,-0.050497263550118604,0.12678225627457185,-0.2551975524392303,0.05074667349282246,0.1029570523515885,-0.162904820115958,0.23149580953726437,-2.365,4.551662468379399
52,3.69654622949974,-0.376158060986728,0.744993125299929,3.95975078849838,2.79643115004724,2.25066794219447,0.0166905741748243,-4.20894454475921,-8.31385764535814,-10.5872650910955,-2.01146320308295,19.0715675053679,12.3508920866073,9.02161329300074,8.15775783943014,4.92369368804826,11.3259820573676,11.6165766473956,8.21926329269082,3.35936165555293,0.676405372415006,-0.51231698237222,0.082544609106803,0.387200727010064,-0.0456118798333744,1.12450649052719,2.54080950537153,6.53905120750362,37.7151673052363,42.7189138223429,38.4363849936775,26.4306738308653,18.4984777482734,8.5678087798195,3.13811990488867,-19.4644017687252,-25.4137582884919,-14.6615923733993,2.21039049903156,7.64269555868767,9.74072571720945,7.81828127064242,4.4477038289992,-6.58626836313731,-11.9313526217576,-14.6082166044905,-12.0345325252146,-11.8462773333249,-0.18274790802137153,0.034507190187077236,0.22057411838974703,0.01056752451389632,-0.04314005071683117,-0.22901607060621604,-0.05913904269340425,0.06676184063203404,0.04185113603387157,0.10276343512571905,0.017826909264675464,0.047478773124159976,-0.09124055870434983,-0.030022963939880843,-0.06479803084439767,-0.05271135017733502,-0.04270336071738701,-0.07129145452233077,-0.011667506381725912,0.0857036661399476,0.051501284120724695,0.1251978652764973,0.0952012415469356,-0.15149701573368776,0.2498633771062559,-0.11727988710851679,-0.05319619220437971,-0.12725497720461013,0.7598921275174303,-0.3300589839623312,-0.05150628885869035,0.03365610816941159,-0.10256959127624249,-0.053909121871019615,0.16342859396670906,0.2550268938572609,-0.02975541481300718,-0.047776901399795145,0.056204058014838014,-0.2401289667937782,-0.03941646028359222,0.11883621360187545,0.32120669322472417,-0.17501432208545095,0.0739025642028412,-0.1205286463155154,0.1510945614111658,-0.15329482266997807,-5.507777777777778,6.140453346882156
53,0.199173307379949,-3.53255107826307,-0.831500181143392,3.78728119142878,3.30964892018486,3.74599957647024,0.349369129243788,-5.18795010765373,-10.2658619677574,-13.3217422737194,-4.00633690541744,26.5599067729971,16.2603801274344,9.30299592290897,11.0758220182837,8.09680996317139,16.8420237513347,15.0999936718596,10.6411675421677,4.38302878728482,0.714328632162692,-0.634257184278478,0.144541682475218,-0.869860282635485,-1.34615127769045,-0.276798539839751,1.12650822768052,5.50483818221923,42.7189138223429,58.8591599616858,53.1047501442553,37.475707122854,26.8294467710325,13.8110013089258,5.63015660311066,-18.5310117452182,-24.5775843655938,-12.18532745124,6.74280141160128,13.5058434129831,16.3531823409104,16.0094282480581,13.1267232206459,-5.34859824076231,-10.7634408906076,-15.8452305640366,-13.9390625428721,-14.9063959805235,0.18683850503061208,0.010961292300634742,0.018908680269396218,-0.15453376517473819,-0.1614603522328348,-0.052718762755085816,-0.00816179763902675,-0.00599679899525651,0.22418400372904074,-0.05459813487062258,0.006576281364910564,-0.3821284077138008,0.3014168281175093,0.21239036283864784,-0.04302595584666196,0.02169851500155477,-0.013701920378743881,-0.1849756759408472,-0.11923217640299484,0.0029695641898406754,0.24542891335643,-0.09184944717503209,-0.29954169199969327,0.11097848532491332,0.14856281396007529,0.17895202442026964,0.020911810201463335,-0.2664463308124657,-0.3305295928797471,1.6386738358313293,-1.0430246949681827,-0.5156088529035625,-0.01741853904428775,0.4251104867662669,-0.20139539639697276,0.0538585585303401,-0.10426588582005125,-0.10717498696301699,0.007700710132680146,0.17972889323488056,0.031422084570070556,-0.2177958820992733,0.19512998738202703,0.15875974781675414,-0.18251957679040837,0.059867296388002755,-0.1640175703355751,0.1886266346844557,-4.388333333333334,7.671320613928597
54,0.116240657880822,-3.58066568052055,-2.99635500941047,-0.863487940181932,-1.332206592091,-0.557866347287137,-2.78970415034013,-7.46928177393568,-11.8027802920673,-14.7681059191594,-4.97335135353064,15.0468420993389,7.86280848344285,7.39147432396638,13.0141721609787,6.50872004254064,10.5105066564989,7.29034376606221,3.81635593900589,-0.823085184198725,-2.7946390807651,-2.23502231194294,0.512521575474548,0.386129270262395,-0.252573830988525,0.351333457430337,1.25520765372138,4.83490198622413,38.4363849936775,53.1047501442553,52.5610102171137,38.8100385582688,29.6853694990344,18.1357049547343,5.96400685980847,-17.2108041139263,-22.9826523204487,-11.2564483970457,7.24938846566484,14.6527719109664,19.0369290725259,18.5600072152746,14.6620967641098,-4.53819285075686,-12.1982664082312,-18.7750644569717,-18.5033524138919,-16.8385322494845,-0.030839803341287438,-0.06839147864299637,-0.0033497252520609875,0.15261742050366472,0.1823390393656364,0.17813451625623955,-0.2830510602032451,-0.2034110557820346,-0.08572434693711446,0.2580194067497225,-0.17194304197851848,0.2918052151487589,-0.199962681829629,0.030625321705065055,0.1354207809631274,-0.04715849238085314,0.01714737853300695,0.16561178791506775,0.010071706173502103,-0.0401673660062319,-0.21788543775795752,-0.02569282096768955,0.07562124354705119,0.006451237482523266,0.02394745840635702,0.013684338782507674,0.16798591349530723,-0.1743346582517471,-0.05059648027637369,-1.0364692190639861,2.217833211645176,-0.9426970254991308,-0.2836358860664257,0.1530151345666564,0.37497235774265436,0.020979625236578547,0.1703809848071427,0.1415218681094916,-0.009684351690327954,-0.3209181882253019,-0.2380493547212662,0.09403470621536009,-0.4250391709941134,0.0028985011943291786,0.1991661691779897,0.0350121650326231,-0.20983141916465364,0.13561498299935018,-4.502222222222222,7.249207557872353
55,3.5383109494347,0.211163656659627,-0.725469514464342,-0.0649498711046356,0.234661809128833,1.59421644152162,0.808534143931288,-0.0817339911921418,-1.00654057355297,-0.879110692122768,4.87422532892478,15.0934068424318,9.42471993771011,11.0340083790911,17.5864339846182,12.741976651464,10.9261761428011,6.84265470191064,3.59182434463314,-0.41895151396897,-1.84361044223944,-1.09039313510337,1.76960284426637,2.03444432276159,1.00867652246703,0.872763437509035,0.821518422827424,2.40890457715347,26.4306738308653,37.475707122854,38.8100385582688,34.7584367816092,30.6047988257037,24.1442718430477,12.0698018554373,-7.46064543063322,-13.3679059018198,-4.54522189702173,8.52545666911499,12.2921654067432,13.7676890108174,13.8623278598974,13.1450006985937,1.30935678935099,-3.43589552454836,-8.03964268462212,-8.24210967262627,-8.37177328926863,-0.15777971736157,0.1678331517965009,-0.14208377033061337,0.027409319833932643,0.027306339872395263,0.025626795581335373,0.33737869408064247,0.08860705889116062,-0.018851957755859062,-0.3172251176951733,0.14165836344264465,0.04353957195896923,-0.01721290030402247,-0.22320067934882468,-0.12297486351326385,0.029222506515583124,-0.0007981990245435689,0.10892695059863475,0.039466806242569916,0.013971601440160675,-0.0073609213620969205,-0.0172575143005076,0.053187866205594604,0.13386259900398678,-0.06727396101332914,-0.32205273399773676,-0.2903511912131492,0.5334356858424305,0.034731741856420265,-0.5158982939242867,-0.941255865591909,2.8362004932127136,-1.26198381851763,-0.11231940662299053,-0.2159647624232597,-0.11917668173797005,0.03396501825733216,0.011047839445743345,0.162744275078293,0.0025140782505099586,0.1650532419058888,0.22056269538957504,-0.24033619931554903,0.07947370358711515,-0.18195592119989643,0.08491812339392926,0.30429896417228935,-0.3009783017107711,-5.463333333333334,5.894780469331254
56,2.891623145208,0.903901372597172,0.256516446584531,1.03034305248553,1.91030792699756,3.6607368890926,4.0746138436692,5.2850897044448,6.22121732158319,7.7185491013899,10.6564042619875,10.3790069932126,6.49949836553637,9.15329047263035,16.661891681638,15.7078072125525,11.5829301662067,6.40557098120084,3.7363005187131,0.402562464554062,-0.406023086460361,0.874751565392004,4.21817122977674,4.64286686693872,2.95279519976473,1.7988510590506,0.593766812425906,1.6212934153152,18.4984777482734,26.8294467710325,29.6853694990344,30.6047988257037,30.893001596424,28.8171206354803,14.43958593891,-2.49618712349368,-7.93233770773952,-0.641010496237722,9.48933790995047,10.7306559400829,10.3684836630858,10.2644718082456,10.5209101924132,4.21193454229305,-0.228142007903354,-4.81025262261043,-6.58912752277273,-6.84248452955962,-0.035985659933011664,0.030978182677867724,-0.08262711154587074,-0.0983284014096133,-0.006667493420896738,0.03313101755583006,0.08215083102930656,0.017940745487022673,0.011098941839132579,-0.06095013374525281,0.02602676072815156,0.12048683429659778,-0.1612132627694026,0.06163623231296722,-0.0016154502467734407,-0.031890415147139195,-0.0814039545892448,-0.10196856296405643,0.009276141189914744,0.15740986411365337,0.04583190646796101,0.3102780053690326,0.1312208016727206,-0.29160575869970773,-0.2158400874477897,-0.04876007928452942,0.009984279693079882,0.17341759997256856,-0.10447918232785483,-0.01850487623965364,-0.2866065482147182,-1.2598626812150415,3.395465170452051,-1.6173348808114003,-0.235443684532967,-0.06353176369922842,0.04922055488866178,-0.07672280002673919,-0.06456703873607952,-0.003416437083994835,0.12804588883553197,0.03691729597136949,-0.0870340210120745,-0.05457715146018192,0.003057057257011187,0.03532175167384935,-0.01059935283146579,0.05864280598682962,-6.070555555555554,5.557247663765222
57,2.31994589868057,2.1112530060051,2.46151574215258,3.92917306708599,4.77085749463229,6.27863740669583,7.27616678502248,10.0107945981598,12.2836982515045,14.6085247876921,14.9303113621416,4.99494050551892,4.3811246674913,10.0876518528707,16.8413327685958,17.0616565468479,11.8349583640528,6.3113653892483,5.30301071521636,3.76568347350755,3.37382009850525,5.01306193070608,7.59415969163853,6.68815862329248,4.58737174120247,2.69604308317934,0.632924242515174,1.52922484667187,8.5678087798195,13.8110013089258,18.1357049547343,24.1442718430477,28.8171206354803,32.4962707535121,16.5093154364969,2.37755912387971,-2.90355369741841,3.08186960536036,10.5035797599537,9.14766351614949,7.01170943185341,6.92073656766448,6.02060836683537,3.30007631270425,-0.672187994514151,-4.61578817604275,-6.77675692723238,-5.73392460821407,0.1067709435719951,0.02022489258576875,0.12723809474513811,-0.33760622030773196,-0.02466714986924735,0.18032870624297476,0.0754518534959721,0.015112700091794173,-0.020967618594358594,-0.08133209013485201,-0.00875632801607694,0.11938361499477192,0.009829603793012346,-0.25559538959001554,0.26440772762966025,-0.10296292069439744,-0.10217346385842577,0.020345023328386235,0.0017408468967213013,-0.0014850160887664012,0.09529540365745418,-0.20455324309843387,-0.2744832160364054,-0.04148191285691415,0.18626530939237482,0.2761908790691426,0.18480381508683313,-0.11351727701644707,-0.053975727451841524,0.4295846178292879,0.15010451600560815,-0.11103868399951655,-1.6163723324083137,1.7616118562091767,-0.29651256688147626,0.03508825203581231,-0.03696454671548805,0.0333932713715921,-0.24302198429161595,-0.03688074444266664,-0.18623623044030102,-0.12813363484154883,0.16796935468913807,-0.20792301363142304,0.12745259164756564,-0.005572688007775757,-0.12323789773083735,0.22687380607170088,-6.472222222222224,5.699672863727543
58,10.846159518993,6.32914120606673,2.82762616077764,3.12181460413941,4.42744607501339,6.15520915871731,7.58693922888472,10.8910654878542,13.1684915835393,16.0346212766363,11.3835278899383,15.2221856220652,13.0007394131929,13.9147125633015,21.7341133265778,15.422138113105,10.4258920157914,9.74922330377335,9.03488932138567,8.47960331702642,8.24908639596688,5.24308871037583,2.51936780184536,1.95426604161887,2.01486746736755,1.9275951132172,1.92938989990528,3.93632536538443,3.13811990488867,5.63015660311066,5.96400685980847,12.0698018554373,14.43958593891,16.5093154364969,20.4477075351213,8.3534762522718,-0.550953514525924,5.83315132114325,9.82216113342163,7.09099532123702,4.44509646869298,4.3874570742015,8.97430112051207,15.4796764917314,21.293300598403,26.117230326106,26.8423042190696,16.9489783455617,-0.03238768367312404,-0.18798115798914375,0.04810755801937957,0.4071218005388063,0.20623562003049495,-0.38265614515014995,-0.1706488091063802,-0.1576073064216131,-0.013844598961554625,0.13274887398982219,0.09278728731649763,-0.2571942804452951,0.2556664077644137,0.11955334232255435,-0.37250184016020643,0.03378024298316196,-0.11639636742573059,0.1089640721828845,0.0315066625995836,-0.04614109945041325,-0.28713530055160275,-0.0035214525053076412,0.165968668471127,0.17938771526785394,-0.028898457957849875,-0.0328216531701051,-0.16282362687083607,-0.03777891497472244,0.16483344384555126,-0.2045906832553258,0.374300452025464,-0.21784012511338252,-0.23687402415340292,-0.29674972242943126,1.2003912903654328,-0.10279137086036037,0.23242053783730804,-0.05503606037773722,-0.03947201727205848,0.2790239268611819,0.019767046815300313,-0.2041006934885459,0.2755704775819446,-0.02170933085328685,0.04166265830766345,-0.1613383574134545,-0.0042236540451380785,0.012170164497045811,-4.2555555555555555,4.520808283384878
59,16.1544159825132,6.3707313636645,0.445515827817932,-0.549141520835855,4.86556860872913,8.47623242722281,11.6418412443356,17.2784257553985,23.1380281903417,27.4877730612963,25.4470471781156,23.0524757107201,19.3498675190721,7.88298899650394,11.6173775840388,8.54199168057086,9.50196571526692,9.37422683241849,8.53284962000225,9.50773247509274,10.6036795794801,5.53653071002194,0.58812814625199,1.00719773221892,1.63376928724969,2.02884568673418,0.128657072012434,-4.47968028819888,-19.4644017687252,-18.5310117452182,-17.2108041139263,-7.46064543063322,-2.49618712349368,2.37755912387971,8.3534762522718,41.752058109834,44.7794185919178,34.00038687084,17.5245982066845,11.6837640050373,4.03043467095599,1.11317837998766,14.0135763665047,26.9137351742074,37.0232950008886,38.829274868351,41.5847420359383,27.7562766691622,-0.04481373851400662,-0.07821885290663241,0.33709976536750114,-0.027983319280482793,-0.33047972796073805,-0.039308168721519474,0.038934458687345685,0.11032778467807601,0.01203181176488022,0.10859862993900972,-0.055358483699894774,0.05333514008951274,-0.2059497167358714,0.17068961812941644,-0.07803730831890904,-0.04928388334822,0.08818633091615026,-0.09861761209413118,0.02786477518355196,0.06467341003122741,0.07310943820440347,-0.0031426358756473727,-0.09520179174249627,0.12722129893979953,0.26385023234455596,-0.2895046729779926,-0.019168563370329354,-0.05975476638655883,0.25448566910342785,0.05267394199571383,0.02134206336228428,-0.11815208095043221,-0.06368771685394746,0.0339995219976006,-0.10259041380945683,0.7713810413654236,-0.27140064288551136,-0.1148021836398163,-0.04562866099114267,-0.3414094799217659,0.005997381483067697,0.16338131059101568,0.17590810769025833,-0.09533737840599264,-0.028364829911155343,0.020460666695998123,-0.004566507119207096,-0.04099073147673091,0.5205555555555555,6.4608094005189445
60,17.5050720863721,7.46449107729328,-0.354413458794754,-5.11107254030364,3.12253492486394,9.83846432388745,15.9571447184578,24.4934877018585,33.4706975419933,39.2740067870774,28.8267856565412,20.6556599707992,11.1637109540989,0.723066992696608,-2.45336353082304,10.3440511986039,8.04301597882455,3.59586442304118,0.969928037122898,1.12687799085173,1.71495502535087,-1.53157082559424,-4.42520778645487,-1.78519208098698,-0.737723914153035,0.188547419358098,-0.780571232478394,-9.6586741262748,-25.4137582884919,-24.5775843655938,-22.9826523204487,-13.3679059018198,-7.93233770773952,-2.90355369741841,-0.550953514525924,44.7794185919178,72.1129067688378,48.9298594570005,14.8860808992593,11.8213070687844,7.99914275416556,9.76809812568101,21.382065046558,30.2960113683322,36.2901291989478,36.2271406404818,38.3145005254175,28.9025750790511,-0.016854051551565812,-0.024409345616356076,-0.06329167381774808,0.056596555874039375,0.1527432456438441,-0.06098579388374963,-0.01523568859316483,-0.023889823501958465,0.05415748959186638,0.01672342051941939,-0.10983147119434492,0.06053828657175102,-0.010600403013798922,-0.03017652346103428,0.057894858912045016,-0.1913193259154941,-0.05718702408779731,0.10039749590698067,-0.014388989517212524,-0.04864582434401296,0.003038463341982725,-0.0687644661141136,-0.0736375165793206,0.09812997657796589,0.06129558323654066,0.005327811549088131,-0.2766314613153871,0.35541457643121793,-0.030199618021794453,-0.10735035278808913,0.17376626027120995,0.03145617415402076,0.0485815241634298,-0.034808055664195606,0.22964551477730039,-0.2728493174147311,0.7995077664031132,-0.6985667687691207,0.26777603435994773,0.19484273542487068,-0.2575335621577534,-0.000988122359233157,-0.08452940215375698,-0.11200931332018438,0.09497024619663985,0.037196013930793914,-0.11610318913170829,0.12613136950055723,1.818888888888889,8.491343048590004
61,12.0766668913887,3.83200227690211,0.133331945274845,-1.3244437382631,6.82209099831282,13.8813249272748,20.0305518634583,28.1673373224797,36.2703288782813,43.0225534158511,30.2905390273567,24.1896987292521,10.7140339498972,7.91206838002494,3.97896677973497,2.27698700285764,4.19463695048628,0.586318009075692,-2.16128824002027,-1.67814375029538,-0.974267797492917,-2.94607098956807,-4.74186055450606,-2.58393228535154,-0.624145592820848,1.0161949920613,0.928182899447966,-3.17292067250903,-14.6615923733993,-12.18532745124,-11.2564483970457,-4.54522189702173,-0.641010496237722,3.08186960536036,5.83315132114325,34.00038687084,48.9298594570005,43.7541040868455,21.6095454541649,17.7315509599814,12.6795831679799,12.7364129139367,20.7819807035449,26.0780685433009,33.3516266417472,37.0084012562173,38.4333745645365,30.3963388900993,0.022539152551516405,-0.04253019315859018,-0.07949279436380191,0.22518389738192457,0.06173882629232006,-0.0468606631251072,0.023360410654466316,-0.1515956975360773,0.0024409176891088866,-0.29518750183074655,0.19336746448790687,0.10487345231269062,-0.05893712468325867,-0.07478861443716969,0.07370001229537682,0.31435297704631854,-0.1024189305572885,-0.008021195508564786,0.02067188496858712,0.05450833953772165,-0.19510227321187418,0.10404562113995905,0.19914529519534171,-0.28479982703551915,-0.08274166531097739,0.04790178751184766,0.3068087201402064,-0.27050174012358646,-0.04599649223378452,-0.10211411982225656,0.1378709635494844,0.012012815020352662,-0.07375435481297128,0.03186641029749929,-0.051219842468815176,-0.1133918065324791,-0.6981243594034113,1.5495456411720319,-0.6709672552134399,-0.1665172807614337,0.47409460593808533,-0.3276037774235832,-0.17690319326762097,0.2640022279317065,-0.16290823664888948,0.03217843404132057,0.0798718661635366,-0.1453692342028333,1.0338888888888889,6.613932573503109
62,11.7468273103129,5.94157084506991,5.15533118888844,5.9739792633955,9.79330897372572,12.9439244184496,14.8447481780833,17.4416335804069,19.3572284122945,21.7370182665551,26.2661328257247,29.5142768133141,16.4431266621634,16.7516496938808,14.4931543773495,2.94588786963164,9.12746452317603,7.87707039617885,5.85069775146839,6.13082679345016,6.38464978389837,4.80257505712765,3.21355058895775,2.96775303385392,4.02051480433008,4.52102859370417,3.35253692905019,1.5359927342339,2.21039049903156,6.74280141160128,7.24938846566484,8.52545666911499,9.48933790995047,10.5035797599537,9.82216113342163,17.5245982066845,14.8860808992593,21.6095454541649,23.9856452745849,20.4718052447409,14.1305058101371,9.51355517126776,11.7787973382194,7.37453014181291,11.1280354306899,12.8158058275807,14.7816445878544,12.7041879122939,-0.04805629784282816,0.11310284967595544,0.018953232293743048,0.03388412028459682,-0.015639769901371853,-0.19580219728057313,-0.03149150805222564,0.08029101857359562,0.14389438689100775,0.04577940820723481,-0.10833453348523271,-0.4301823017946733,0.5777094645867101,0.07775980607381724,-0.19977682925413548,-0.03826071050581939,0.06174940990494086,-0.10946625500401831,0.17191888857260312,-0.028825713947297448,-0.25966385115684787,-0.050892334433485426,0.04748850205416001,0.08212857124420227,-0.04455814228382418,0.1370337527673837,0.04638537335236016,-0.042375764190739844,0.05676274161883568,0.009232945094895795,-0.011379371572974537,0.1646737847468823,-0.06583771071495301,-0.245203849488982,-0.03946227885272229,-0.046810795905585914,0.2661817165311781,-0.6710110839261523,1.8288494340197567,-1.2005289728543393,-0.11176953422387964,0.52602340820678,-0.09912395041346007,0.2754003893441135,-0.1859686860095572,0.10114039638205033,-0.12486668495408734,0.08834205108061882,-0.14277777777777778,4.896493160884116
63,12.3507427702778,7.66126495014398,6.60045231911476,6.61251174385574,9.97996137752342,12.9522202513204,14.8010532840269,16.1960656309068,17.532152062533,18.639025178554,23.5539549615328,33.005314344908,19.1175241803021,19.1086070591647,16.222738755823,0.845672375409712,6.61536794511719,3.91368242714351,2.09495291222845,1.88842521694691,1.71642517223774,2.02002236566355,2.35922536335438,2.12540335651482,3.41967847467164,4.4411736687681,4.04940353109505,2.29317698943301,7.64269555868767,13.5058434129831,14.6527719109664,12.2921654067432,10.7306559400829,9.14766351614949,7.09099532123702,11.6837640050373,11.8213070687844,17.7315509599814,20.4718052447409,22.6548818320432,20.8702468877447,17.8123792961598,16.0341591039151,4.89748680430651,4.56050222106114,5.81891604154173,6.37914367769188,7.93330279835063,0.04797874519171284,-0.006133457604475151,-0.004352100477230548,0.09530700857352584,0.016960725254025335,0.0005710566733441389,-0.08841490569201385,-0.14207084582638513,-0.023696030148517018,0.04676279147223669,-0.09713862001694595,-0.115909914268438,-0.016951681168104384,0.02743748937462109,-0.05663221816600841,0.08380166895527898,0.21402885241365593,-0.0603965534269156,-0.02926423311035152,-0.0910616396119065,-0.07374988107039906,-0.109839750387506,-0.012814285683524182,-0.10679958436981149,-0.04479752753363578,-0.13162169317861996,-0.01952900196684786,0.1423205793675811,-0.2412384506033185,0.18219195385526013,-0.32676117379795844,-0.0006229801526546014,-0.004641936929437552,-0.03588340560397917,0.283445378210176,-0.34126506131685347,0.19530507856606374,-0.16703317251445293,-1.2007701600850573,3.2764535028262896,-1.2099718152050813,-0.10140932847621151,-0.2878580532695619,0.15745060776311273,0.08006975056620952,-0.23278638632489773,0.2813995289023789,-0.20031240193345054,-0.520238095238095,4.758663870462293
64,7.84468871423039,5.01991073038854,2.42554236815594,0.744381255825195,3.7129078827298,6.94312497931839,7.7886296487379,6.89476106106688,6.34841241561502,4.9292937053947,6.28306136997296,18.624062872214,7.37716390150794,13.8068284164076,13.8076155350969,-4.75052607173107,-1.38722720580393,-5.60972273858099,-7.00283188015355,-6.69788876782974,-6.43963247679979,-3.84715184538118,-1.28262726998497,-1.37248602718089,0.33836645232121,2.00084072979064,3.25979865520086,1.69209399245521,9.74072571720945,16.3531823409104,19.0369290725259,13.7676890108174,10.3684836630858,7.01170943185341,4.44509646869298,4.03043467095599,7.99914275416556,12.6795831679799,14.1305058101371,20.8702468877447,26.2197635989262,26.7896491613457,20.2196229659405,3.30181915537195,-1.23949861274318,-1.70660481576439,-1.35411063486877,3.8171674476575,0.027440345680792882,-0.11730309317270533,-0.020132315120583225,0.17088222702557654,0.05662653200980638,0.18355051151365762,-0.3432057676321973,-0.1977488803441105,0.029678829821595316,0.17518452430086515,0.06656087167991047,-0.07844768269589683,-0.021927187097881332,0.11828059691467659,-0.15196673860549875,0.19576615501133987,0.031903133159941484,0.11629312062835706,0.00772016570265448,-0.09115094901152562,0.006680446967643793,-0.03663302805401611,0.040969702636594094,0.10518475469493667,0.029885896926735357,-0.04166886424266964,-0.21664657031217804,-0.1796677112569941,-0.037535127964929096,0.0314797617183712,-0.23967915656744418,0.16092802587162486,0.12762585791319334,-0.18975466407616168,0.019245447033267367,0.009223962630081265,-0.2565170002748714,0.46750543493094643,-0.11348661874042416,-1.2106725142451498,2.427523448165307,-0.896902312465238,-0.1482837272596171,-0.4006633856135419,0.24557176865509012,0.0661787783733747,0.1690882072334569,-0.2523766059298413,-1.6269841269841268,5.119547206435953
65,3.54287596208974,2.28502393368133,-0.830051952698128,-2.94586343854597,-0.248423796492887,3.37103005019682,3.34884263927081,2.06583263499991,1.36225608827623,-0.5685811613227,-4.91788875731285,11.0373292394402,1.53783209601758,11.6915070279194,12.8252915538205,-5.65710257973439,-3.80207871186116,-9.48617469650209,-11.2343586806584,-11.3682692608543,-11.7779466158038,-8.29027423310331,-5.02871680056469,-5.65886008309731,-3.9459403015235,-2.1245978916258,0.262828213381937,-1.2641906504198,7.81828127064242,16.0094282480581,18.5600072152746,13.8623278598974,10.2644718082456,6.92073656766448,4.3874570742015,1.11317837998766,9.76809812568101,12.7364129139367,9.51355517126776,17.8123792961598,26.7896491613457,32.5440052975213,24.8523934215323,5.31638972763439,0.959293841655715,2.03896943630619,3.975843187732,8.2313804651245,-0.0920791607739274,0.153758765240869,0.14886794857660154,-0.3766135949009211,-0.020072951008350187,0.2537329534627302,0.18375896127060143,-0.22766391211494155,0.05539109696228768,-0.009689978346464408,0.0650778330612048,-0.09819439630304787,0.1850541895033274,-0.07933646419499861,-0.11278765550323887,-0.002143111168937453,-0.03473894529806515,-0.028316497049065668,0.002182386376422378,0.017789229743253664,0.11860274585545953,0.004697515316021497,-0.04526713755884913,0.021351873797573306,-0.00222751254001088,0.024853729836523227,0.010783103818966964,-0.050497006839466764,0.1174494028399591,-0.21865170527767563,0.09856165532376729,0.2196853870182926,0.03548939888292028,-0.12773965745262375,-0.20426140387604946,0.16282941700975226,4.818160965546271e-05,-0.3283142314534831,0.5289010744136399,-0.0988840996458984,-0.8967205835024956,1.3604093163902053,-0.5927177266492898,0.12069309744369523,-0.03930078942928364,0.11341394829360614,0.07341684119776032,-0.08415213401924794,-3.289285714285714,5.7038588076425345
66,8.74577082426604,3.26776154151026,-4.91375189331808,-8.27754560867311,-4.53491295099881,0.397670543600306,4.12290966546547,7.81849902389814,14.4603602638035,18.8632516612364,14.1384640580968,27.7358414817358,11.2147926546834,11.1231615229293,13.6519711139784,1.81292065600503,1.17867159000253,-4.7851274838668,-10.0479668302299,-12.916501895911,-13.7095053522735,-13.769253366939,-12.1378402951456,-10.1692379699502,-8.76973243567848,-6.71873019992303,-4.20761924621366,-3.66796872503238,4.4477038289992,13.1267232206459,14.6620967641098,13.1450006985937,10.5209101924132,6.02060836683537,8.97430112051207,14.0135763665047,21.382065046558,20.7819807035449,11.7787973382194,16.0341591039151,20.2196229659405,24.8523934215323,43.3100511898246,52.6458005665421,65.0509749959171,75.8791281660633,72.048608640291,47.0298382011817,-0.018699512188554965,-0.03546651592787548,-0.09856141033916166,0.14876322896087285,-0.023633410071118636,-0.5532518195945306,0.043490615503221385,0.7487200351372799,-0.3397099550323943,0.040580520305053616,0.17596194244587918,-0.07290699647084821,-0.01477681402950105,-0.07635521955233529,-0.04515387377529094,-0.1986442257078835,-0.13256571375017484,-0.00942178580511448,0.05999012551314111,0.08743548568336064,0.04890193292775637,0.0997742103905262,0.10508397885422638,0.13377996130472458,-0.1210246886226044,-0.040154682564686,0.12318663624805701,0.1261713395272516,0.3220121794891106,0.19548262081165155,-0.4316008114226485,-0.23716258253385425,-0.08692019335426215,0.16733003054808862,0.27430072632215824,0.17651507169385613,-0.0853574003932207,-0.1760359532811071,-0.10360435492357832,-0.2894238228444147,-0.14925981997561313,-0.5912858878589841,1.8772114664018502,-0.4579206643567138,0.0067603799930360765,-0.29042802398338646,-0.08092633853098298,0.21308637142456519,-1.0826984126984125,6.580277440186286
67,11.2223221700144,2.55321512356321,-10.3063499346236,-14.0319764950617,-8.90861947307705,-3.02775976466537,9.66230885028772,23.3834396472582,42.1193306683104,58.001162526179,46.6213690804906,24.1462351756229,7.15623451986581,1.09034357515496,10.5852565239342,8.7822179051563,1.1650548349108,-1.9110380333523,-9.42571471204229,-13.9617676567653,-14.3125313579869,-17.7749080054989,-17.8173917077228,-11.6467714519422,-10.6267768725827,-8.59056677468504,-6.4140768838939,0.814355832060207,-6.58626836313731,-5.34859824076231,-4.53819285075686,1.30935678935099,4.21193454229305,3.30007631270425,15.4796764917314,26.9137351742074,30.2960113683322,26.0780685433009,7.37453014181291,4.89748680430651,3.30181915537195,5.31638972763439,52.6458005665421,117.099049469596,149.017585582483,170.064776015755,155.906586114917,94.8550726906273,-0.005987789431667072,-0.2285826703944289,0.013581378094396395,0.3259040545937779,-0.011735493997176579,-0.22633499793104297,-0.22903820882107237,0.19378480145010038,-0.11538446986867522,0.011554864147932116,-0.18165371364048388,0.13915800221285488,-0.022136140063878974,0.24507106594336941,-0.0071484150617938435,0.1820239054396995,-0.09215825376982943,-0.1064871652993571,-0.1268298464872794,0.03233903721357419,0.133553814371192,0.10616112244851865,0.016928152688644955,-0.09849108720949615,-0.012305247369825042,0.051108724221253135,0.08320689920356837,-0.25936887299454503,-0.17473639839067748,0.1625225236148514,0.006009797702135953,0.085880863870549,-0.05571836277512313,-0.2050256439494778,-0.021888142488355074,-0.09474550530744036,-0.11272490683236568,0.2663737151721528,0.27442767507141,0.15690578974422686,-0.4012506077017074,0.12113347422674046,-0.4595983581608644,1.690661584171098,-1.0989784908876892,0.11498862407922657,-0.1542456040588956,0.11490662533575466,0.0322222222222224,10.820769356639863
68,12.3917819694174,1.40094302751245,-13.2858949683048,-15.7259729190271,-10.3191697949488,-3.86727195883267,10.7907621431861,27.8971633090145,50.0369706849957,70.0123239623836,55.442111058456,37.255620706888,15.5907342435323,6.66235526552541,15.6991507270383,11.2051017798076,1.75441829616192,-1.02061672073839,-9.26021469754067,-13.5010804355742,-13.7249235382266,-19.5141862337423,-22.0265429409756,-16.0552340620079,-14.6700467472326,-11.9604607095359,-9.06368174491878,0.127373949166418,-11.9313526217576,-10.7634408906076,-12.1982664082312,-3.43589552454836,-0.228142007903354,-0.672187994514151,21.293300598403,37.0232950008886,36.2901291989478,33.3516266417472,11.1280354306899,4.56050222106114,-1.23949861274318,0.959293841655715,65.0509749959171,149.017585582483,198.997727239555,233.646639910528,219.05349285845,135.052874439335,-0.03747154198297718,0.20392784764113864,-0.016983281681437087,-0.01051373257015622,-0.10874655972130823,0.026742957025937885,0.09735539801303597,-0.15661227426996624,0.23342064596850062,-0.007179225259225662,-0.03984772511400834,-0.0736826002795107,0.03165493365157328,-0.054682045977526385,0.01235535069055963,-0.1365453553225505,0.20601197228209706,0.04350354313509444,0.10199270228401003,-0.06707285987593042,-0.2067970669206101,-0.09951736915042733,0.0538169195612319,0.013220764380925858,0.01985509973024202,0.12397816438886841,-0.014497550070018116,0.054033656030595865,0.0739581588730476,-0.18616178751610965,0.19641853527637718,-0.18761912920996224,0.0011160065784529551,0.1297872334239058,0.040772222370391534,-0.0277323696176087,0.09412063035536905,-0.1637246677393916,-0.1852032610461,0.07907148011186602,0.24625023966800827,-0.038818482357543815,0.008341837338129541,-1.1000982569824194,1.285164695654524,-0.4105320033965258,0.10122115802742282,-0.0822698256082045,3.506031746031746,14.106300976498225
69,19.4515618053046,6.94137395230445,-11.408781416986,-12.7383538564662,-8.45859003333972,-2.3940457651752,14.933096027069,35.7917967125327,60.9584196523071,84.2360552567012,65.715803933581,56.243348697882,24.9276959998606,20.8937420374507,22.2973372624335,8.45107185869732,-0.190168007610488,-4.75273345241261,-13.7532209887266,-18.0790348576127,-19.1041891059389,-21.6363196256674,-21.4781813118547,-16.9616356327995,-15.4999611312404,-12.7645767175265,-9.80806525727257,-0.8164951120317,-14.6082166044905,-15.8452305640366,-18.7750644569717,-8.03964268462212,-4.81025262261043,-4.61578817604275,26.117230326106,38.829274868351,36.2271406404818,37.0084012562173,12.8158058275807,5.81891604154173,-1.70660481576439,2.03896943630619,75.8791281660633,170.064776015755,233.646639910528,293.897157296635,285.182170140798,181.849779505016,0.2359388826231781,-0.19632785429543922,-0.061673752533155254,-0.19156059078684876,0.1793387296796857,0.35257735806505697,0.09650510394116622,-0.21467662568470627,-0.07278479543196817,-0.06501207074447125,0.06357839829865342,-0.05268785662293116,-0.0024986733084451313,0.04567342888564092,0.03683889532402252,0.08048723535857348,-0.06958035588420639,0.07583739594871101,-0.020405870809584448,-0.00912147731156356,-0.002241997793616402,-0.03331420194100739,-0.08079388736362404,0.023214464837098946,0.13611295713961005,-0.16549241567693687,-0.1520519079249225,0.10262329421572344,-0.121034046349544,0.06003895517160497,0.03693115018113259,0.0859125225785682,0.03301354397616787,-0.007937251978091336,-0.160540415352404,0.02024941505957748,0.037888898890773674,0.0315317660854089,0.10220106898111823,-0.23157909558550516,0.06646246628684195,0.11303764455848085,-0.2906374883199065,0.11430348693321458,-0.4101923811066886,0.6961440183664112,-0.35255604438437615,0.06163218643125484,4.933174603174604,17.143137323624146
70,25.4992875023725,8.36259793145104,-11.5371319283249,-9.37171859991864,-5.71744135868794,-1.04646527843051,11.0880694007265,27.3821383581725,46.4529525093831,64.1271003549903,47.2416669394752,48.5513667792275,22.4472264605769,30.1964099111153,32.3162410965613,6.09630502791684,4.19465904179073,2.88242482831757,-6.26252398065957,-10.7114968583758,-13.141746800683,-14.5386933933134,-14.279900132837,-13.7381782703405,-13.3844553288276,-12.074322320421,-11.0029411798984,-6.14692543938105,-12.0345325252146,-13.9390625428721,-18.5033524138919,-8.24210967262627,-6.58912752277273,-6.77675692723238,26.8423042190696,41.5847420359383,38.3145005254175,38.4333745645365,14.7816445878544,6.37914367769188,-1.35411063486877,3.975843187732,72.048608640291,155.906586114917,219.05349285845,285.182170140798,305.309980842912,201.807701149425,-0.27282727879880575,0.18456318767802896,0.382196804532573,-0.181111795749257,-0.03903558426367636,-0.01932041830658006,-0.07733836391649831,-0.03654386181877081,3.212225105297183e-05,0.14015376651702469,0.006924455612971733,-0.0041471779430406926,-0.030236982121808906,-0.12985138558375645,-0.04194006784765722,0.013419489150347368,0.12049491796331781,-0.14005978731649013,-0.017609204121953416,0.06808749940165555,0.03171581212821156,0.054657089937270725,-0.003455995465593032,-0.03893710974963189,-0.10800316920755422,0.07567646456259523,0.10491448312088272,-0.16202559224790888,0.15179537026031334,-0.16408755157780672,-0.2084712631011218,0.30389160482165456,-0.007220759878501312,-0.12308617218600192,-0.0053832398271495925,-0.004328869705432903,-0.11540107956519856,0.07921939721946057,-0.1275209432529774,0.28085010229635177,0.16972718861257138,0.07403597737546645,-0.08331410188866599,-0.15413326887319698,0.10080687692171808,-0.35218060102952375,0.852953637617315,-0.6661775927154407,3.7500000000000004,17.472835512386418
71,13.4183394086236,8.84475615662902,-0.269604061245308,1.09695167254625,4.02710893756927,7.25627530610529,14.0929911960848,23.9651216561012,34.6415935827743,44.4932206145295,28.6797480880035,21.5681173016328,4.89916875045985,21.8324781887197,25.2000270488389,2.49479982126211,-0.601005995482387,-4.77954247956171,-9.77857879322769,-10.7637604982388,-11.2702975209013,-9.05118935434502,-6.45394885479988,-6.72494383139904,-6.66343014641939,-6.21175266921284,-6.61375348843993,-7.16485871587228,-11.8462773333249,-14.9063959805235,-16.8385322494845,-8.37177328926863,-6.84248452955962,-5.73392460821407,16.9489783455617,27.7562766691622,28.9025750790511,30.3963388900993,12.7041879122939,7.93330279835063,3.8171674476575,8.2313804651245,47.0298382011817,94.8550726906273,135.052874439335,181.849779505016,201.807701149425,145.641876117497,0.13297560566656866,-0.031327110569540205,-0.3737401271023738,0.11610001090306228,-0.03465334345432898,-0.03147396349581196,0.059207336443656784,0.14677253822403244,0.014287612011654897,-0.20980237339279167,0.06256711876008475,0.03155122633449746,0.12507269131866555,-0.045128465193513906,-0.0035630004326192934,-0.058009697660512484,-0.2212552522422296,0.1379726553989616,0.05300380368336582,-0.04026794399226925,0.021897960624042322,-0.03556725555063982,0.012544500047514303,-0.011115196657117143,-0.01302251678284051,-0.008098350266699758,0.032775348686174474,0.2319045559263356,-0.1535281990631532,0.1895862994137049,0.13352576268209643,-0.2993818319713278,0.05594908200315312,0.2276120227381817,0.013477560087580578,-0.041105262076923776,0.12605476130838061,-0.14566730480997747,0.09062038668559494,-0.19975077372242434,-0.2530537508221489,-0.08449446586729495,0.21553041895381012,0.11502850707680393,-0.08196758563854825,0.06126046111388519,-0.6665000762478359,0.8925563463846187,1.2177777777777776,12.067803284670198
