,Cov_0,Cov_1,Cov_2,Cov_3,Cov_4,Cov_5,Cov_6,Cov_7,Cov_8,Cov_9,Cov_33,Cov_34,Cov_35,Cov_36,Cov_37,Cov_38,Cov_39,Cov_40,Cov_41,Cov_42,Cov_43,Cov_44,Cov_45,Cov_46,Cov_47,Cov_48,Cov_49,Cov_50,Cov_51,Cov_52,Cov_53,Cov_54,Cov_55,Cov_56,Cov_57,Cov_58,Cov_59,Cov_60,Cov_61,Cov_62,Cov_63,Cov_64,Cov_65,Cov_66,Cov_67,Cov_68,Cov_69,Cov_70,Cov_71,C_0,C_1,C_2,C_3,C_4,C_5,C_6,C_7,C_8,C_9,C_33,C_34,C_35,C_36,C_37,C_38,C_39,C_40,C_41,C_42,C_43,C_44,C_45,C_46,C_47,C_48,C_49,C_50,C_51,C_52,C_53,C_54,C_55,C_56,C_57,C_58,C_59,C_60,C_61,C_62,C_63,C_64,C_65,C_66,C_67,C_68,C_69,C_70,C_71,Mean,Std
0,1463.03513569604,238.890759389399,210.426212548905,1.99706052709841,99.7415791346146,77.9067585491081,13.8027950537869,47.1498670570775,44.2368794121783,-51.0018678461302,-7.52069721607734,-0.20803984130617,14.0209936595242,-12.2784468380898,-45.6021075693868,-18.0832477883004,1.33320485733533,18.9994170532892,15.1807552035898,6.93645623846221,-15.8491528288878,-13.63858497515,34.0399531535413,37.1822005877401,20.7894537862761,-7.06222757878832,-6.08362435097982,-11.5400496977954,0.0022059298344133,-13.2235400756539,-30.8803600593764,-21.2295476914131,-21.2227884839522,-62.5787607050086,-54.2448422890973,-87.8765911876802,-110.464845565984,-20.0220488173201,-5.4362769043438,-15.5420086930449,60.8881074898784,-58.8236593155628,-134.862061632352,-163.754268470148,-143.848183501853,-37.6235091212201,-29.3853212615886,27.1524273654754,51.9970747095435,0.044874946136331625,-0.0513742770015888,-0.014608362386839673,-0.013112690424553675,0.0004486224557538421,-0.08956421153304266,-0.00751122987340378,0.0016318807979511716,0.037942149350139204,0.004106072190517359,-0.02275657822678103,-0.025025073672415486,-0.037334808884051746,0.0021229340756558942,0.08010600972767702,-0.035923270123098656,-0.08833558257741969,-0.06195235505304948,0.032199201662761585,0.019529863107949273,-0.004048879167841646,-0.04045360237059315,-0.010945133493494852,-0.035666798336548504,-0.014334990714083612,0.055837136152160544,0.02049551151055354,0.043860488109642305,-0.027066243050600937,-0.04704079206616346,0.0431173855186462,-0.04503215865302117,-0.03162104259866039,0.020487755192955176,-0.0367614455064128,-0.0021846709097463383,0.0016518189194201396,-0.0005055958759463984,-0.02599012021841636,0.026914821698625455,-0.01818428633010382,0.00013576562701208875,0.004086118471145002,0.0067767590360601785,-0.004664349911938965,0.0032587908977936763,-0.0011439855021934753,-0.01537911713411274,0.007244943791662289,17.947222222222226,38.24951157460761
1,238.890759389399,164.222931034483,-10.8231339738045,7.02654931481603,49.3416637896233,2.55949041912292,0.99327929360576,12.6231145315441,42.1940272898669,-25.052825629874,-9.53569495842214,-3.52024970301984,-0.933014357925141,-3.49703874923792,-13.0502392731059,-5.19082851324227,0.238110119080627,11.9688743965719,5.59266404004363,-1.81114070128918,-11.0783852148768,-12.2253334334803,3.29167845493931,15.5321515382941,-2.80265424631609,-4.77831400892515,-7.21710714073741,-4.33004712760323,-2.87662507578887,-7.01291207332015,-6.72702025258178,-9.50606990231991,2.7625591174359,-18.1381572357725,-4.73422583907059,-5.96376217724123,-27.2592213566742,-7.41094878671186,1.73556914399269,113.868022784272,31.7725583097353,23.9398750651173,-3.69038127728919,-36.5741500688131,-55.1327775232196,-4.98846794073215,-1.58824614008204,1.80873461801976,48.1206133478756,-0.05132316369771223,0.7964369822666839,-0.004089731075102877,0.007349323149291587,-0.28029179255679226,-0.0021319791983460653,0.14131402289947922,-0.09788426344477383,-0.04105259386870187,-0.0684508439476947,0.19870515333900993,0.02413074940282559,-0.03983619164096166,-0.08776607385990175,-0.11723870772281227,0.06604343017633767,0.11473265235996649,0.09186593490263417,-0.25388341573705253,-0.020014307813703138,0.0018289508237416005,0.030075177703327047,-0.10457380634206487,-0.12842956660867297,0.09268346979154468,-0.1738376300755455,0.24853628197071267,0.12830558704887268,-0.05344121338775164,0.5486135966653725,0.3872441621020039,0.3399203872214162,0.42605882384581456,0.011764060745420295,0.3105854737184571,0.04424280277003044,0.003151098914339118,0.036949566430090695,0.09785845273115899,-0.5536294301617246,-0.2749208346973422,0.11021896256329121,-0.02308908120694828,-0.02778079776936395,0.09718846889016007,-0.24758636377844925,-0.15980315595832348,0.008214957158552966,-0.14513797195421296,4.55,12.814559338287161
2,210.426212548905,-10.8231339738045,1093.30652266922,39.3148481764946,-61.6671559232406,7.31657615789157,26.6119255760339,-22.4457238948337,-68.800063277294,-34.3053974403099,-8.42854402914656,8.74287840718481,5.07252455652952,-8.45183954982877,98.9444976644783,42.4092043801559,-17.2160669489836,-10.1324487970224,2.2254134135834,-5.32180021582084,-14.2721105207498,7.27700799271442,17.4183591623166,-5.96433081221423,-50.9305108043786,2.75528941586003,35.9769059775773,22.3163546014855,-16.4943245140133,2.68853548724149,1.70318446285543,-13.9972306150481,-30.6605612117385,-47.6688855055961,-31.5762546464418,-59.2100976085048,-56.8833826254717,-28.0318975203655,0.641954673576027,-53.1600170925924,-34.2050642255593,-88.4574368722092,-61.15456609491,10.2491309340984,-61.1180576435797,-23.3642060818534,1.99031134270904,-52.4854477203666,0.150934169933351,-0.014615102931752286,-0.0042507958235797885,0.057845974418466894,-0.019011811660998395,0.013067095138590388,0.06412511425140963,-0.011775260203025335,0.011259724648641816,-0.005648881057443648,0.0019288183983000571,0.0009702735293546655,-0.051384402232802225,-0.07372828730650978,0.024397656315099388,-0.1156457879781172,0.04009517163853032,0.110138838790654,0.06834197120469707,-0.0665540341060477,-0.06761374634191944,0.0482276521245956,0.03688472879051322,-0.0004728721530653874,0.012565910307691577,0.07943224289529435,-0.011608195719091045,-0.06822510813871216,-0.03046369758393457,0.02920530798453828,-0.0006902843676728446,-0.07091211613370761,-0.013665099841987898,-0.007260817337016831,0.023593424129753435,-0.016953730281137763,-0.030737201709727466,0.03741959706899853,-0.032306519184740104,0.09411583360798235,0.014959786850577814,0.016241063185715873,0.010072862978794476,-0.006578589096398262,-0.01999232630118752,0.006237511507065369,0.07211547475642203,-0.012366359252708516,0.014881473693360323,-0.008611394298533389,8.172777777777776,33.06503474471516
3,1.99706052709841,7.02654931481603,39.3148481764946,60.9497947796935,-0.0376344147925753,-6.50819198759861,-12.708241930545,-13.3687121918528,-6.32217577923726,23.477187070994,-1.34119276781004,-9.31403631751294,-1.03568373936898,-5.52859471058662,0.149126816009297,1.46187041591981,-0.39886641597948,-1.08139818022919,0.403261985880589,-2.41725126873611,-5.00012466146852,0.267090263158399,-1.4611634515856,7.78437053490977,-2.34571583213748,2.48428199344822,1.1949739719508,0.326737923389212,-8.91315788857418,-8.12158722883997,-9.96783517480149,-4.37565295454211,-6.31475651061673,-13.8502834286296,-21.1359394718739,-20.2527246492974,-18.976717023692,-6.53171058362142,-1.18006538855721,-28.1052953711175,-10.6399065264546,26.243183336665,-1.30443982505859,1.93572206565959,-10.0598986974597,5.69371983591113,9.81136386555822,-15.4655997255269,-4.4314631304677,-0.012789665041818428,0.0057194800206138855,-0.019619686361160765,0.6619010197925113,-0.02045020544435163,-0.040254308254161694,0.04509260215134757,0.2273167213473984,-0.2110325052835005,-0.06103201726199993,0.27026572544317584,0.6250955726602417,0.06304021881792667,0.2709784167215671,-0.03774852057552979,-0.154080858572008,-0.047730007978534494,-0.0823349154120426,-0.11858970312875182,0.12194277359111663,0.2888611598142401,-0.027379302623906532,0.21819766336364618,-0.13505782948569747,-0.04618999430287564,-0.25191589197718084,-0.20559528087690518,-0.1711802438878445,0.05855507860630424,0.23254106750026365,0.10917265902951052,-0.12052477049298503,-0.34455527594784385,0.15635784695042354,0.28197320456707253,0.05901534754514632,-0.26278058713366104,-0.0974236291418151,-0.02780046829366901,0.08983886935450917,0.07070152367817124,-0.08176878112353957,0.015068463029296061,0.09879505224018087,-0.024364534208299444,-0.28061924743059274,-0.2116386898112959,0.2898571345677877,-0.01451506840991223,0.7108333333333335,7.806394480148533
4,99.7415791346146,49.3416637896233,-61.6671559232406,-0.0376344147925753,118.769332375479,-5.37206970675436,11.6116080152564,36.7034935203394,31.3266958128088,-35.3603284352367,-5.15557051550434,-8.0551979210545,-3.8059824445584,-7.91997330585327,-13.7959428179812,-2.34942716835023,6.31199500636624,5.33505499132177,0.274144915606572,1.44121648692869,6.21485919904775,-3.96376748865721,4.15104041915361,9.5616692459977,5.21069823558714,-1.26273674586193,-2.89202589064917,-2.36475064048639,-4.54039995174804,-13.5324352862915,3.67889842741655,10.4064908579596,12.7067714189939,9.44772552178066,18.4357387604484,30.1237507954239,3.68843379307758,-6.78827626102291,-3.42571984876489,6.64198691009111,13.6518024803652,27.935930252725,-14.2377991197211,11.3756438308749,4.12455591901329,-3.40355737762256,-4.52523298810019,8.81746251355436,39.850125442615,-0.0002514016783184652,-0.2796846377265922,0.01439908888314113,-0.019425503641030347,0.6409941198839788,0.10686961368278114,-0.20946526283047404,-0.4025889150523287,-0.11163116012204741,0.07883924108401029,0.12415029419061348,0.09171823004156295,-0.0026250084972854718,0.3999393909481288,-0.04370469829072567,-0.2305312833435284,-0.24382476395960334,0.03055233954272432,0.08268121584049601,-0.12897515169491852,-0.29493470374547354,0.13071781030911642,0.014131483745803365,-0.1356925879519417,-0.3514890453748215,0.20505733719804353,0.04078329866677519,-0.17249877260907662,0.005429386902212805,0.2548121659409776,-0.19635556543171737,-0.2812206306686322,0.07945196345660975,0.03786034852223749,-0.29555782160131205,0.0033019258861226677,0.03133485888152355,-0.008060707493835926,0.2675463590860956,0.1732988648212025,0.30354820314475767,-0.26239627970336143,0.12690475559517497,-0.0860224460188074,-0.013881621407292068,0.20117843596238888,0.13610491916859946,-0.09985892485405708,0.01722817017908414,0.9716666666666666,10.897675549192998
5,77.9067585491081,2.55949041912292,7.31657615789157,-6.50819198759861,-5.37206970675436,23.5090789431673,6.74768852503855,1.74235355248552,2.98952243563378,-11.5446324828604,2.80555061073768,3.56314307693087,1.10424261103225,3.2952116074213,4.47538988770716,1.7704074170142,-3.10851176263722,-0.201348811778841,6.4986429323991,5.32550353021783,1.08514277245749,3.93498848209633,6.07321157094405,-0.239620979962676,5.44881939252866,3.45777900547662,3.88647981208505,-0.429169284966917,-2.59569331059266,-2.95894157858292,-0.444212604075107,-0.334851547340113,-0.174877755101918,5.75197704340554,2.98767150997309,-5.0094658011719,0.444464124663319,-8.46806818037112,4.36973130922306,-2.54119573241542,3.25384136259845,-5.55573322859205,12.7057779910564,7.98197369838539,-0.0863026637256594,-0.748340016443252,-1.12522159545003,-5.45474067283129,-15.9897356974466,-0.08935454169530452,-0.003978208147040796,0.06443030522476528,-0.042308833347516124,0.10831220779725088,1.2708209732635558,-0.19272851105076327,0.021883438588240565,-0.23865169777202125,0.08653240037282703,-0.1988431496374151,0.161566732296061,0.3271273050899324,0.26242107050579044,-0.2200815904246421,-0.03145419593819159,0.5061288409515918,0.46758456424447414,-0.2498294274631437,-0.2695093418203345,0.15139411520537988,0.5775870606654334,-0.1997628379481189,0.29594629934794564,-0.054514647581337936,-0.25176877247026136,-0.316208958369622,-0.17021487382059175,0.23359576437432203,0.011100213260431743,0.30800604325084435,0.1765242685677739,0.24528523471689279,-0.42917579097551184,-0.11084270876308555,0.17384258641722003,-0.015227306967765633,0.1647409634572676,-0.15679790211244907,0.0009657733887905519,0.07195584913424075,0.11881622191500012,-0.07945858033019312,-0.06305399126304712,-0.04747303632151659,0.3125746967794528,0.17642206928416918,-0.1507026122193496,0.1649995823545636,-1.7647222222222225,4.847584856726833
6,13.8027950537869,0.99327929360576,26.6119255760339,-12.708241930545,11.6116080152564,6.74768852503855,45.7097832056194,7.09443707671892,6.46155621375363,-22.051692499712,1.15494547436727,1.66232249496915,-2.38169981348465,3.70763562918766,-0.75935867146812,-1.9579951090802,-2.5188347874103,2.14389284460597,10.0622128646637,5.42513530850981,7.7797534838551,4.72127616927175,0.249683286101288,-4.3591534261237,-0.860865232094184,-1.46146778455262,2.19498011068248,-1.45345144849106,-3.40262971979026,3.22897957405764,5.1743785445454,-2.0074106437196,-0.866117096065695,0.579979325094048,3.51819790579341,-8.96473989305498,-0.49595067315483,-0.824095886117166,-0.684962791435293,-1.85310823893601,3.30024359087039,-23.6564979781132,-26.5955280991833,-3.97618992314309,0.0290443576653646,2.98555195500882,4.70797558278829,-5.25050792946632,17.5281737516846,-0.0073675524983901775,0.14216538626318528,-0.012110992544216364,0.04651298044453041,-0.21125076107633087,-0.19370569469143534,0.5175599177327452,-0.09216760736237527,0.010932397988261918,-0.021973092282300738,-0.04288650478140977,-0.02247474743360295,0.21110969660922135,-0.4554369244674819,-0.003946006887818764,-0.031374160791303986,-0.029680261937015263,0.030713593989070954,-0.22625209309191982,-0.04819011330859067,-0.14601672482765768,0.057096118779284076,0.19908602277726242,0.17617574625892551,0.033660629505520394,0.06271150457831345,-0.1150648670293386,0.1555399062623516,0.13599901368511202,-0.2308307952833299,-0.24574691202193738,0.30658096599832346,0.0023897380319279045,0.17943987435259315,0.29312094191064647,-0.051057752320621756,-0.1580843547538057,0.02822479587545389,0.14679444044882878,-0.07049993790258226,-0.08533929838069755,0.058024831598559964,-0.0393656715753361,0.05713141273868261,0.042589600857297336,-0.21395659771753356,-0.07050469416125975,0.22134191316328078,-0.10383065047430119,-1.5872222222222223,6.760161477776949
7,47.1498670570775,12.6231145315441,-22.4457238948337,-13.3687121918528,36.7034935203394,1.74235355248552,7.09443707671892,36.4101215854264,25.0199439263032,-13.3947094210814,-0.248766730860115,0.248427163417764,1.36792606430542,0.800162642304058,-9.96020333407246,-5.38501628089464,-3.68157731633657,7.36942825630313,1.04508347272616,0.697606423958628,2.57469778613168,-2.55050306960678,5.25979429966009,5.64674467947139,-0.683671374620796,4.12312314605663,2.51326000755181,1.50385304599915,5.43509420002238,2.86737734137189,4.98442060086388,9.73569953733246,23.9747784649711,18.6128978632132,26.3099624755936,23.8717879736614,21.7401140789305,-3.38454926705242,-0.540902185154819,29.8574298696972,1.17576823066823,-21.8788377425464,-32.8250755156966,-20.3842897440913,-12.9272574589507,-6.40732289892349,-4.90208964217536,3.41770386873533,20.711301226389,0.002956109125974001,-0.09814449186261438,0.008535343634123824,0.22627534012160042,-0.4043901283724076,0.015960082883954188,-0.08987883676783598,1.6421053340147482,0.07355711490165312,-0.006789233926924136,-0.19769078152530556,0.1782627967219078,-0.012505240643317213,-0.2158985342122141,0.07328820330283493,0.09305112520376309,0.8358320699371093,-0.0566363052901334,0.05310309208127077,0.3076051429134373,0.039160597866577,0.1771698867802294,-0.2297876862472684,-0.13507938576301104,0.20647183923193785,-0.446393854050315,-0.3055747453086303,0.15544058622375714,-0.40490586907322873,0.05140179883006223,0.23513085645967824,-0.533659285824354,-0.8871589823139961,0.20832979317271333,-0.10603538624903414,-0.12668903024265693,0.11124387171448094,0.141827643849808,-0.272210114623933,0.15203113478702937,-0.08864527746763723,0.2185094337899687,-0.016368879706701363,0.1340516446644449,-0.050974834380022184,-0.26575373927792295,0.20310659809396364,0.04154344131806307,-0.023870850030736787,-1.4732407407407409,6.033251327885027
8,44.2368794121783,42.1940272898669,-68.800063277294,-6.32217577923726,31.3266958128088,2.98952243563378,6.46155621375363,25.0199439263032,112.322804597701,-10.1360077647709,5.07752230611072,2.82583507070245,3.2550566453184,4.5702777097378,-17.0957829909605,-8.65015153007531,-3.07568733381978,17.8876556339615,7.06100332458621,2.02905330705625,3.3184132213702,8.49334370974949,-3.51809792311346,8.21241337684408,5.21743799205019,-0.528206700479811,11.1993360559882,-1.72261433861273,6.37900911286795,13.6639340783612,16.2489518517497,17.0631195624266,29.4171216454627,37.8789737550578,61.4905628412341,70.7573913994565,59.9304643240655,4.70470587423681,4.94714685318551,103.82734774364,20.5338944745202,-21.5538557061585,-29.4838050329369,-24.7849215901642,-36.9581246548663,0.344175210623517,17.9269842878447,33.3782967916993,34.3837052675334,0.037619941615332046,-0.04054076039490193,-0.005242564458389753,-0.21126473774170654,-0.1108099744406738,-0.23732635835138582,0.010432821531117109,0.07223633639051766,0.5938547613073992,-0.03617514857292889,-0.2564873625035896,-0.21461625078587254,-0.10528260623145956,-0.09048097361328673,0.2607428978387512,0.1298397816672702,-0.2463424355423555,-0.12686004469472525,0.008948356018738658,-0.01163466976474022,-0.040872359008371516,-0.11206858160979748,-0.04104434511403575,-0.23028232248850047,0.025481034415544623,0.2805012963083092,-0.4236666236574166,0.1481453160449978,-0.17305405142158956,-0.0963819825300902,-0.20029742043569929,-0.335863167478266,0.15917616546959032,-0.24277603167241985,-0.05612517914322092,-0.1899029549706251,0.33331430922357236,0.07027750093857364,-0.05262335908409305,-0.1053169071502077,-0.2226774884484985,0.14439528697290185,-0.02941642109607686,0.07720394545999593,0.00805223595259788,0.003217496596574682,-0.1722845934962409,-0.10982101878709513,-0.02779473420590144,-0.08111111111111123,10.597773567957619
9,-51.0018678461302,-25.052825629874,-34.3053974403099,23.477187070994,-35.3603284352367,-11.5446324828604,-22.051692499712,-13.3947094210814,-10.1360077647709,195.442298176529,3.76959362013446,-7.17781350221894,1.20510730382106,2.07577399852369,-7.79322329662015,-3.02810961602949,0.690598646623827,10.4771380109163,-10.2657508973619,2.22605353648027,7.47746097450768,-5.49941368069838,-0.905224385995381,10.2290025717727,0.835439812136875,3.69297534477518,-0.169276576006277,-5.72411196696528,-3.98378699627217,3.04717605505278,-13.731271291821,-12.25895419818,-3.54659352657431,-14.5556404063376,-19.9930233260759,-39.7500982111102,-34.4841279145552,-8.74300438260402,-7.89943084061487,-42.1183033193695,-30.9254655947906,-10.0038508129895,-11.1218108540488,-10.0787827269886,-30.2494698297287,-14.2077544987181,-2.44762669095133,-12.0530510230041,-38.6643014736178,0.0041562414633711285,-0.06832450920075263,0.0020848527318225447,-0.06088957946175169,0.07885162762315105,0.08609360906374099,-0.021718653712710624,-0.006703615277518991,-0.036467774448881544,0.18582234814276322,-0.03738481591878233,0.12495707989832984,0.06595703951863974,-0.08867758043471671,0.017692129423043546,-0.07023194321957552,0.11260438451349047,-0.13332236082014717,0.17110808208671027,-0.0781175286408878,-0.20419822575902308,0.07490758432113706,-0.01576933971086043,-0.081405192926645,-0.0904461695638667,-0.09905036791477141,0.0075548259032188776,0.09281797260984122,-0.020897604079017237,-0.18542292728869494,0.13331392087597188,0.10748529087584145,-0.0031326375347711932,0.026166661036759725,-0.07741940339124985,0.023614876747169933,-0.016751975608869922,-0.033190753063919,0.2037118377169745,0.04324483231373537,0.04637220801268827,-0.02324418901988057,0.009038377462583009,-0.06442758066018321,-0.026550957283876526,0.26722314279251386,-0.000968606645713956,-0.04333730055963955,0.07838389692116893,-1.620925925925926,13.979710232209003
33,-7.52069721607734,-9.53569495842214,-8.42854402914656,-1.34119276781004,-5.15557051550434,2.80555061073768,1.15494547436727,-0.248766730860115,5.07752230611072,3.76959362013446,4.41305168866184,2.67404781555654,2.16210034321984,3.33598400956228,0.776534264906521,-0.334704091121882,-1.60940733773173,0.900983361675752,0.541485969684888,1.66490313657855,1.10653787881353,1.44111275159502,-1.47750574554896,-1.43071472832163,3.70965183111222,1.34333078120375,1.92599495593079,-1.99284718540223,0.583906785647994,0.229016087106086,0.193296350824371,2.1707084579136,2.54647178206152,5.29830935912272,7.05935689034093,-4.05569069545838,0.258706113124743,-1.08680862347931,0.768148917932431,0.449484129593599,0.338743986939311,12.1706306977663,17.5497765613533,-2.29998469217789,-3.46758217014852,1.67315796344393,3.63621509455579,-5.34153682090059,-7.98427561848179,-0.020369136650115957,0.19713796877591797,0.0011299867380773672,0.2686805402764006,0.1276326531745805,-0.20260845119248463,-0.04175949342656971,-0.19489379091605316,-0.25382922330184027,-0.03935421555025055,4.34339310407014,-0.26338088310101476,-0.3754364957756084,-0.32854520586044395,0.00726709620083095,0.12258240153358596,0.2705089316306944,0.16386624924646198,0.2916627013363495,0.22086279535999537,0.12845196933402891,0.14837846932462304,0.2871892764105549,0.042102289429169715,-0.22215562460608598,-0.16308237814223855,-0.2535600010652121,0.48626071994679965,0.058447587530291806,0.030596710478610033,0.14318743408108656,-0.0380050760305765,0.05313135609839567,-0.029668712978187163,-0.3330679705088721,0.1725893845118016,0.11570695775060706,0.1157138898659161,-0.015404769350298341,0.0731220423185994,0.12245032684510426,-0.23209528973627622,0.11312538481140115,-0.008495103389466319,0.0012835386333031485,-0.3794900315861557,-0.7053798684136565,0.004956681237462828,0.17105988880762463,-1.7579629629629627,2.0983449879993143
34,-0.20803984130617,-3.52024970301984,8.74287840718481,-9.31403631751294,-8.0551979210545,3.56314307693087,1.66232249496915,0.248427163417764,2.82583507070245,-7.17781350221894,2.67404781555654,6.35999134383426,2.78330198930299,3.74315273164513,5.08356559069405,1.33557830329152,-2.15280684871937,0.649039237144169,0.625127405269328,1.39469876679585,0.0498828762439409,2.13562042329997,-0.522685160735774,-2.88933346592982,2.98897047798763,0.339248772485108,1.83278109189685,0.406270266008696,3.56323740026582,1.68064958236195,0.282642456579891,1.86789743894955,3.05676011130147,5.6839647106415,7.37704989138702,-3.69542830026094,4.02012495820874,-1.54903620538359,0.334971539288828,13.0234589567515,1.75681382137212,7.9246061777572,16.0085279003215,-18.8590709160051,-4.50388005756095,-3.45059751186884,0.65607239987882,-3.70561396262511,-4.04698783356185,-0.023639241069219455,0.02400304430419754,-0.05052194860307383,0.6259942081853919,0.08556649980232603,0.15824354969169266,-0.027093724564131616,0.17995742040721896,-0.20846207652485074,0.12113245378244379,-0.26949948318264955,3.4850131636753674,-0.3519561778300893,-0.627612079271957,-0.15867654422476918,-0.01685954783654056,-0.23461137060350068,-0.017592292305498244,0.2537770203534457,-0.00718142001252675,0.023548048486820714,-0.16665081600828952,-0.018632269347339667,0.03065307918839123,-0.3937183369850517,-0.14224019680481234,-0.6266186657681105,-0.10694152799161331,-0.23790089562553496,0.014520928429107675,0.10204228193135353,-0.2984805834565828,-0.006097077308066884,-0.28844031708725215,0.6186697750482155,0.3846927349745543,-0.40283466678082436,0.31309753618915126,0.24194948499581728,-0.17536716675831895,0.2362465071509367,-0.1961439392416467,0.03631337173870953,0.0747114340899007,-0.08716461662779913,0.055766458529542866,-0.002156566829937043,-0.03860433114104274,0.022429111163285366,-1.0903703703703702,2.5199189161229487
35,14.0209936595242,-0.933014357925141,5.07252455652952,-1.03568373936898,-3.8059824445584,1.10424261103225,-2.38169981348465,1.36792606430542,3.2550566453184,1.20510730382106,2.16210034321984,2.78330198930299,4.64333333333333,2.65044013850769,0.221781457936769,-0.153986362167219,0.203693859137088,1.0831301593734,-0.973535023174929,0.647011613676576,-0.314161750010943,-2.18818275342831,0.440073675331164,-0.168075058966549,3.42368733678099,2.55502633581598,0.880977197069985,1.82534298786727,3.59836177319592,0.485103364636678,-0.852524848588472,0.378937184522427,1.86773062799633,1.60450640940923,2.24510875974524,-4.73457133688954,-2.96911794242663,-0.412412939441424,-0.618643492758591,0.763999072112834,1.48798849723363,5.81333553294829,13.5282826016828,-12.9054658087238,-15.0548596406669,-0.075865161656723,0.104076522873787,-3.10258002828962,-6.57470557214997,-0.037139621314128124,-0.03960903021937605,-0.07337867521105132,0.06213033515078012,-0.0029875578275449823,0.3225858159247178,0.21221863961129642,-0.014191189863014961,-0.10377680090438712,0.06597594793550955,-0.37757458778624337,-0.3582091985721009,3.7582576067824855,-0.6713479180487821,0.15047767666681533,0.20822506436702726,-0.45883988946279813,-0.05310290423349298,0.10902551384559328,0.005763054438830397,-0.01802361021593383,0.6616162226873294,0.46885141938664654,-0.011226831286094113,-0.5646219760922259,-0.8000932571192164,-0.03378079467961746,-0.7584087365392974,-0.07345032086541925,0.06786720158488127,0.0329712894475152,0.10269575581256807,-0.005097945773594217,0.054782382881122874,-0.16766149147412485,0.03428388191310736,-0.00010418330690895686,0.2719040532427364,0.06481888377536509,0.0831530853597108,-0.060388088669538195,0.19738094239415407,-0.12546727694318185,0.21787026603234916,-0.07183704730903767,-0.23416480377185886,-0.3145432284835889,0.005484128283767655,0.22230408114181335,-0.43333333333333335,2.1525179054617256
36,-12.2784468380898,-3.49703874923792,-8.45183954982877,-5.52859471058662,-7.91997330585327,3.2952116074213,3.70763562918766,0.800162642304058,4.5702777097378,2.07577399852369,3.33598400956228,3.74315273164513,2.65044013850769,5.80757343550447,3.06619053067116,0.829643660249995,-1.16593412965067,2.16081719206284,1.41924389276689,2.62085154938728,1.41944187378897,0.889799621180718,-1.08882252846693,-1.21003576135392,3.36873596025921,3.29853521214911,1.97779379965002,-1.15713050621176,1.41608874652203,-0.0931304560273392,1.97285768621867,2.22808229267694,5.10334359743501,8.46910759640232,11.0179411456655,0.809094061734869,5.79491641048169,-1.61690895437016,2.39877874439701,11.8130459402034,6.66169164470362,16.2317901071165,33.2628613150957,5.06204726306971,1.88003754086689,2.14099215971223,1.47764879185523,-6.72289136214263,-4.86441227245984,0.0021569788281574666,-0.08714492496980517,0.02602282598979308,0.27141449444509097,0.39886395260127927,0.25872974408879107,-0.456492098950477,-0.21518604159053006,-0.08710404234408278,-0.093199857528198,-0.3300946668729741,-0.625467659290011,-0.6778877885285262,4.384973335683141,-0.050384013579812696,0.02403930176008434,-0.14670279704512082,-0.36566849000769713,0.027575380929561414,-0.00267645509075782,-0.08786613044052248,0.06750558850644475,0.29225216481626853,-0.22495131392430126,0.11873442458172086,-0.47533440062171955,-0.2694623082152033,-0.0076576039628934705,0.04423197720184544,0.5422181417096669,0.005476442141611705,0.04336495031436957,-0.07771399105203237,-0.253577781301008,-0.029847729808760548,0.2901580889809462,-0.2422529444353002,0.18766735285502242,-0.017387751621874864,0.04636911255468305,-0.3024386313907417,0.008401129779377245,-0.11064793350719235,0.036223699560390996,-0.04762708363575877,-0.31272633099374314,-0.02256115275183034,-0.0008225881416643131,0.10900279112001582,-1.1388888888888888,2.407815075022264
37,-45.6021075693868,-13.0502392731059,98.9444976644783,0.149126816009297,-13.7959428179812,4.47538988770716,-0.75935867146812,-9.96020333407246,-17.0957829909605,-7.79322329662015,0.776534264906521,5.08356559069405,0.221781457936769,3.06619053067116,35.638703038527,18.4364135920436,-0.500263596053976,-0.32099046195375,1.55935875781962,1.55492603696687,0.565100652762715,12.0923655559309,-0.531591942279599,-5.87478164386741,4.3827705463801,2.4741867564381,6.7377497960722,1.43814712882368,-2.47148086666481,-3.8964549562739,-0.582751442114081,-1.88539624927959,-4.78556413173059,-0.182103542060724,2.60027478120894,-10.1929287104046,-12.0120776858774,-10.9291514284405,6.23201767442767,-8.22421606237659,-0.719849984972948,7.7119147587878,47.1986796799874,32.7426144621016,43.1067887244081,2.56463980063714,2.32545891430811,-15.0774465722292,-2.00349429730418,0.08118634195976919,-0.10667238239808033,-0.11731714236253885,-0.03605878491601743,-0.04665687571960361,-0.2413533502480035,0.000836842272648123,0.05709865644433686,0.2698005553225776,0.014430158224758252,0.010029263740155865,-0.15203401872541553,0.15902793098566465,-0.05584328176482964,2.3199229197719298,-2.115975708654278,-0.09250885110887776,-0.08704758660784627,0.23299697637876912,0.44661499653471376,0.16234237543491836,-0.6921911366929634,0.04978485009010558,0.14557335810466276,-0.07452315110197262,0.03350626563224907,-0.5522141596917849,0.07957987214204539,-0.23080260876803382,0.08585738304026723,0.18094292729096345,0.33731377507319593,0.09127797604519254,-0.2660126623417282,-0.30982470109053417,0.11184349510861429,0.12221573938944279,0.09828021733202076,-0.10007924212594402,-0.02460150508082903,-0.1224316647970896,0.12364225826125429,-0.0951975886183818,0.08480434472051186,-0.0598638008394953,-0.06408603038976242,0.12613833475678723,-0.055904130071748964,0.04459717431787116,1.0125000000000002,5.968978391527903
38,-18.0832477883004,-5.19082851324227,42.4092043801559,1.46187041591981,-2.34942716835023,1.7704074170142,-1.9579951090802,-5.38501628089464,-8.65015153007531,-3.02810961602949,-0.334704091121882,1.33557830329152,-0.153986362167219,0.829643660249995,18.4364135920436,10.8333610046828,1.75510963520917,0.0239998363278068,0.339730650714428,0.787266960546591,1.02539871652525,5.76410973071682,0.0168164854562299,-2.36505649798222,2.86592993425346,1.69929953522964,3.38778274761061,1.73368082276844,-1.26585203880862,-1.9832915958361,0.240871754276139,-0.241004372703428,-3.19651975769016,-0.913966001738808,1.10521396280588,-0.581809425110796,-5.76398567852313,-4.68646584641082,4.39947779556827,-5.10745371060742,-0.613585862837597,4.44298528396958,30.9617167716703,34.2260526304378,34.0027333003379,5.02992590363645,1.61163750126975,-5.30932853473398,0.612674472425697,-0.03316761174056063,0.06233079467375253,0.038104389179453226,-0.1393513036562939,-0.24380584870688865,-0.0339014897861268,-0.02860793642603265,0.11566715035153961,0.13298324751860774,-0.07288924416775545,0.14157663839194803,-0.014919157934496614,0.20501380571774275,0.024339316035119584,-2.106949200902632,4.236387335414499,-0.3278220902302428,-0.17808223780868387,0.2546441430065238,0.1938469751275638,-0.002598805295309811,-0.14974510210697034,-0.11415955602469087,0.03454260630003507,0.02811284478194358,0.09086479092215817,-0.1674290556714591,-0.49415162573490407,-0.12593464560641754,-0.14766871427624081,0.02990311642444576,0.14111043985119417,0.12153264329132214,0.04770109552758474,-0.11090018864297287,-0.13303563129993298,0.12475167964794699,0.041862103509773894,-0.19178156493818754,-0.06170804604907751,-0.06672903938595204,0.014048096852660926,-0.03093485640340295,-0.011639945438740286,-0.013536179961553171,-0.2140030438263963,0.014190694741240873,-0.04791585675908926,0.07344625354279066,-0.7888888888888891,3.2898876887642907
39,1.33320485733533,0.238110119080627,-17.2160669489836,-0.39886641597948,6.31199500636624,-3.10851176263722,-2.5188347874103,-3.68157731633657,-3.07568733381978,0.690598646623827,-1.60940733773173,-2.15280684871937,0.203693859137088,-1.16593412965067,-0.500263596053976,1.75510963520917,7.7610157247765,-0.0458806146614565,-3.94460041170907,-0.936242226427438,1.10638939475087,-3.11025080402722,0.0866642455219051,-0.936962772327442,-0.83978551226194,0.074108922838269,-1.82792436425864,0.521837773393712,-1.67131355543237,-2.2720110179616,1.200615149369,-0.482982510537589,-3.11252529679167,-3.3990963415639,-3.67060311500192,4.23014705093322,-5.21508618440808,0.425320816661875,0.174061715142478,-6.37311417206014,-2.00156586951179,-6.15557834006752,5.36475465553744,30.8624940498668,17.8322243244738,4.856516540957,-1.38781755073551,-1.029578425376,-0.519035391988804,-0.089728633927305,0.11603379601017352,0.1125608928788642,-0.048995331630956644,-0.2467848998686785,0.5070424736110202,-0.022783154847010677,0.8405509161960458,-0.24864421244569718,0.11120781942298481,0.27731059264155344,-0.22347917811544488,-0.45938188143535325,-0.1409418274212725,-0.09103345412022612,-0.30608668951159085,2.9761198117326746,-0.4672335383697724,0.6697621041263375,-0.06537856261733144,-0.13108905271266935,0.30515876074065384,-0.16495539630188122,0.2905220321918899,0.266376534778737,-0.0787397028190764,0.006134135743628525,-0.148195701645522,0.053257192447543865,0.271577347600783,-0.17452545577077722,0.3599592847066032,-0.0734017935222953,-0.20246596297158476,0.18514487178513678,-0.13481410879749486,0.07419629642891035,-0.0694011129710837,0.829117143264215,0.026827578956308645,0.013481625689925579,0.23793505964488915,-0.09808014524403295,-0.16967350525640068,-0.005599928331205735,0.010020394081451512,0.29425148527699824,0.1848998384834619,-0.024619522563179945,-2.0152777777777775,2.7840646049933
40,18.9994170532892,11.9688743965719,-10.1324487970224,-1.08139818022919,5.33505499132177,-0.201348811778841,2.14389284460597,7.36942825630313,17.8876556339615,10.4771380109163,0.900983361675752,0.649039237144169,1.0831301593734,2.16081719206284,-0.32099046195375,0.0239998363278068,-0.0458806146614565,7.98381864623244,1.6354404099785,1.48815532049246,2.5825995277858,2.26497820912701,0.992069498100211,2.48241107248526,0.280379209658149,0.773273177690304,3.40020348899049,-0.675927895690943,0.267460004766719,1.06906364457517,0.732910820765924,0.429690628636573,7.93828541468884,3.96751289148021,8.42417589603005,1.1965443360137,-0.647657163874581,-3.29558318971189,0.967069698881711,17.8085242276539,-0.0978894381161248,-9.40372431381339,-7.87983358162797,-9.74163014258128,-19.2374789434475,-1.22321046395082,1.59087725548007,0.653571927922844,2.30671065328394,-0.062016319742036266,0.09714549457688085,0.0675611035425538,-0.07921480625096464,0.03837228667087268,0.47231174197898007,0.03194330119313649,-0.05525278069794853,-0.13376304010436307,-0.1325763841879021,0.16372181839899935,-0.018557751625746747,-0.05412929230363072,-0.3662769708408564,-0.08374711725563343,-0.16845246206073672,-0.4720395054182887,3.3382546594762035,-0.07932795197001691,-0.4385326373557552,-0.6139247644404139,-0.23528082547436582,-0.10586513998012426,-0.09793267024609957,0.31034870283352545,-0.12255400399255431,-0.5773702256863129,-0.08233283670899086,0.4092247126392998,0.21777293933468367,-0.07920283262524437,0.21648153644038992,-0.729662317079963,0.18689468744855595,-0.27978424937679425,0.23409482379480273,0.24757759452895622,0.10723900732579429,-0.47649233724206475,-0.18981348066810855,-0.02925075729257926,0.14674378042651054,-0.08277224995888027,0.0489227720310427,0.11255172988690718,-0.053838890655229864,0.010008270357105086,-0.3118869718033946,-0.17172482376200393,-0.3611111111111111,2.8237950786543347
41,15.1807552035898,5.59266404004363,2.2254134135834,0.403261985880589,0.274144915606572,6.4986429323991,10.0622128646637,1.04508347272616,7.06100332458621,-10.2657508973619,0.541485969684888,0.625127405269328,-0.973535023174929,1.41924389276689,1.55935875781962,0.339730650714428,-3.94460041170907,1.6354404099785,10.3145657726692,4.96634077312484,2.87866716996899,7.73137922235982,0.865759898149932,-0.512588869758551,5.6346675068638,-0.0188175989808415,1.38742982437618,0.327820185979281,-0.406653593945847,1.41553795269231,1.27698303443303,-0.422601540185948,2.60524518461348,3.42767242005319,2.00651665429544,-0.55869327708273,1.66008975195654,0.267049195953956,2.3277632621533,5.12242803830601,4.71731694858968,-3.03022630729774,1.28642544076013,5.58911551901379,5.03368352735514,5.17212763322142,3.92728811001455,2.41777962313026,-1.10624902430158,0.03361548760300082,-0.25424220158832034,-0.0661161743430315,-0.12062783855654205,0.08484898393246915,-0.2525526254105692,-0.22299357376514017,0.049584529792451974,0.00980625036778746,0.17163807189663827,0.3037260148517413,0.26572949547195923,0.11017106779106171,0.02843742374320303,0.24043585638312645,0.25859311663587575,0.6710881547988115,-0.07889812397579292,2.795503900942986,-0.9895133310414413,-0.5953492115994881,-0.8133450389438988,0.2158945293014808,-0.41280763367798,-0.16796715599955567,0.18018045174257263,0.4052429418155433,-0.28501870644490507,-0.03332817295667123,-0.1796274332757195,0.018383735060699274,0.39761810200292946,-0.2953752334395704,-0.4591253670619306,0.11089385939545227,0.19338419525392916,0.008223604012596133,0.04118295298483743,-0.10430191666513951,0.05642289720071276,-0.047354339035438765,0.016437985583961128,-0.018649675350936503,-0.022320694674470662,-0.043944194872705296,-0.22008950533750712,-0.029110125857431293,-0.22744988132937013,0.13158535647189784,-1.8694444444444445,3.2100725494401554
42,6.93645623846221,-1.81114070128918,-5.32180021582084,-2.41725126873611,1.44121648692869,5.32550353021783,5.42513530850981,0.697606423958628,2.02905330705625,2.22605353648027,1.66490313657855,1.39469876679585,0.647011613676576,2.62085154938728,1.55492603696687,0.787266960546591,-0.936242226427438,1.48815532049246,4.96634077312484,5.84356481481481,3.05134514433638,3.64896622979602,5.31407446144781,-1.46534296953554,7.20549862478466,2.74794817085007,0.736416305244858,-1.2648079403532,-0.707699518682232,-0.926389443858157,1.8494721139013,0.755339793498922,2.60838565781535,3.88907831725101,3.9927183000849,-2.53604582841073,-1.65941202209257,-0.227423277538165,1.31397390280494,-0.857403167514471,3.83168850765556,11.5005048175531,27.2078327859416,10.7372800083498,11.0968727131924,4.31488401443083,1.90992799018994,-4.55484832108286,-6.10895218422528,0.018818857779624013,-0.02024488730166987,-0.06789065876745548,0.1280787494615979,-0.13201156268587091,-0.274780809621924,-0.049151591260457386,0.308189030634353,-0.012296596595993034,-0.07945259498915197,0.22601988992531685,-0.005254645403829417,0.006315305337204459,-0.0021714870147918983,0.4403128979517088,0.18971615822395144,-0.05644371477667125,-0.4363160071937256,-0.992580323074817,4.12879282362627,-0.7226872510125021,-0.15761914530366775,-0.6361080926932192,0.2611633080841617,-0.41386975349940924,-0.14823077274939242,0.02922753681183879,-0.1321857509222535,0.26654786090679783,0.1064495838148918,-0.1682618219940244,0.05118253925975001,-0.2732503614594341,-0.22007099693925486,-0.001326156298890819,0.32372378483281905,-0.08574196238440944,-0.0826574950531085,0.09011822372611225,0.012292302066318593,-0.015305348415734518,0.03556430849857915,-0.16822894898602378,0.010988674190759171,-0.07610896941991029,0.0772818254721417,-0.02402094118010223,-0.07485906937335383,0.07556962385896862,-1.3638888888888885,2.415277378442239
43,-15.8491528288878,-11.0783852148768,-14.2721105207498,-5.00012466146852,6.21485919904775,1.08514277245749,7.7797534838551,2.57469778613168,3.3184132213702,7.47746097450768,1.10653787881353,0.0498828762439409,-0.314161750010943,1.41944187378897,0.565100652762715,1.02539871652525,1.10638939475087,2.5825995277858,2.87866716996899,3.05134514433638,8.13630906768838,2.6111099692904,0.612171519446596,-1.30939863324615,-2.68844793425318,-1.24782506615036,0.861814128731562,2.05858003179794,-0.82861005608033,0.344166553648597,0.911346467096421,0.0087377747640616,1.04124039419729,3.45702911652152,4.36143888122261,0.0682335643846461,-0.45111545431424,-4.07141428541962,0.736426016112239,-8.16913656940345,-4.11680901673908,-7.28616928407603,-6.6429688397913,8.78403245190356,25.6557571066089,1.62754671391214,3.60071383150404,-2.35180807206973,-0.534250262309741,-0.004851861608376354,0.0009539325540914142,0.04715614184062622,0.2964194330340366,-0.2910494833780993,0.15269693232918305,-0.15110983519807755,0.04013835508274798,-0.04618637850803064,-0.203206534493497,0.12463015799692709,0.0239035297388045,-0.018758456931576198,-0.10093794932368987,0.1387512089041283,-0.004119138974101922,-0.13106165658425534,-0.610349079376865,-0.6021404807354729,-0.7207938987832296,3.078900687267432,-0.3279812826088412,0.11343200789977766,0.5625355201468653,0.8264541318391542,0.18368750230765185,0.034157139969933394,-0.687975542021726,-0.20470452957295426,0.11254833302097873,0.05054966466939246,-0.08356776682751402,0.046425924439111005,-0.0461466317883815,-0.20358581908134926,0.14884126643645892,-0.07274874432464884,0.14681758950082816,-0.07660324761059227,0.2720036928042641,-0.0014381082847492869,0.11713469606487788,-0.13208592369932085,0.0031609540328549394,-0.04226477040811135,-0.005019920518732104,-0.4405123037205481,-0.020436163378682468,0.07247321743415693,-2.2111111111111112,2.850668179162278
44,-13.63858497515,-12.2253334334803,7.27700799271442,0.267090263158399,-3.96376748865721,3.93498848209633,4.72127616927175,-2.55050306960678,8.49334370974949,-5.49941368069838,1.44111275159502,2.13562042329997,-2.18818275342831,0.889799621180718,12.0923655559309,5.76410973071682,-3.11025080402722,2.26497820912701,7.73137922235982,3.64896622979602,2.6111099692904,19.0749824393359,-1.67251714750873,-3.36916894789125,12.0364632665332,0.168607671288785,4.4258430238114,-2.50133460143037,-2.19534480955053,1.62116985759028,2.86297638295004,3.83036253690196,2.43373918006092,7.45964685629191,8.99200926830177,7.56992333790466,10.1840750766068,-4.11261015119181,4.01718906331891,-1.61652246809295,-0.250596228934152,-16.6161591291987,-0.308953056203891,15.0457149163838,6.88698557059204,1.12840634997259,6.07601082048152,2.07114884971461,-1.41101859655243,-0.0415843250008375,0.030745631554367218,0.03721828548332692,-0.02855021701512491,0.12225253421907317,0.583399563509669,0.06475176077625873,0.17812130805988338,-0.12030468560656817,0.07503606511371744,0.15790763824625675,-0.15307440108016607,0.6683180983699597,0.067463146465112,-0.6943315228857433,-0.15117117242626565,0.3065500453342489,-0.23475543319821152,-0.8087505992189177,-0.15646536729310104,-0.31770761841384504,2.1969718662405393,-0.14656709844509305,0.07142800460257417,-0.6918073578233609,0.45100938646976063,-0.03409736785298059,0.4989104477991015,0.10106030329070294,-0.004739535519813427,0.008269132845256733,-0.45793462282701003,-0.1524684335447745,0.0011903569276972886,0.1395584393859179,0.005419231779793944,-0.23948303730281897,0.31660164816623054,-0.32884661412480415,0.1492560530789863,-0.03942282318617284,0.11691622163311943,0.0323208206027216,0.007580129633043181,0.01079854057790274,0.19020029323777335,-0.3539053752982873,-0.009239599653092597,0.03837275529441604,0.4361111111111111,4.366346578014152
45,34.0399531535413,3.29167845493931,17.4183591623166,-1.4611634515856,4.15104041915361,6.07321157094405,0.249683286101288,5.25979429966009,-3.51809792311346,-0.905224385995381,-1.47750574554896,-0.522685160735774,0.440073675331164,-1.08882252846693,-0.531591942279599,0.0168164854562299,0.0866642455219051,0.992069498100211,0.865759898149932,5.31407446144781,0.612171519446596,-1.67251714750873,22.6083397190294,-0.42981577406125,2.69531575752484,4.96034581006924,0.74622981278484,2.18587622066773,-2.35071286293522,-2.09795973056658,0.859259848609547,-4.83765197894619,-1.9501416252932,-5.44157455814866,-7.26192879414487,-12.1991742219116,-14.1660671773447,-0.237955829402168,-2.40363709684682,-19.0527446879208,6.55886010508426,-0.755032021632082,-7.7179623016053,-21.6246618085953,-0.982161968566084,-1.33844882082198,-2.18049998370698,-4.79242020319167,-0.701324796731711,-0.01072549919332732,-0.1046421347168967,-0.00020326301264705332,0.2165892162628084,0.013577281609402131,-0.19976130198046368,0.19797810982013586,-0.22854700960810803,-0.04033646499005689,-0.015832694603314428,0.2864234402183222,-0.020443943281089182,0.467369644719827,0.2910876958995051,0.047053703366287794,-0.11680186233753612,-0.16653113924807011,-0.10613413855601511,0.21523642615849498,-0.6339834684473454,0.11112135215764589,-0.14630726714588332,0.9414000119891647,0.00862656154611771,0.06174515727028142,-0.5401866346553774,-0.28816394208161217,-0.19013657748831383,0.2519230244571955,-0.3101616156736459,-0.5152120191303986,0.12017105997414121,0.00534692780694417,0.09431216724547667,0.23523172139550202,-0.15841562761366135,-0.015664289197779447,-0.1636108918694166,0.08116909460172542,0.11164742249012943,0.04636067699089003,-0.06930903525617542,-0.0020863010142559615,0.15627789166090203,-0.03097380314283442,-0.1883798383858318,-0.1616166530092219,0.34663150225853306,0.0465399730122491,-1.611111111111111,4.7537711050311815
46,37.1822005877401,15.5321515382941,-5.96433081221423,7.78437053490977,9.5616692459977,-0.239620979962676,-4.3591534261237,5.64674467947139,8.21241337684408,10.2290025717727,-1.43071472832163,-2.88933346592982,-0.168075058966549,-1.21003576135392,-5.87478164386741,-2.36505649798222,-0.936962772327442,2.48241107248526,-0.512588869758551,-1.46534296953554,-1.30939863324615,-3.36916894789125,-0.42981577406125,10.8579326309068,-1.84098705846919,1.37322667723373,1.06929751929914,-0.575027065864217,-0.430368107873198,-0.324743704344909,-1.75088280168652,0.143523396124095,-2.55974898379737,-5.9991512485622,-3.53501016917063,-2.44051138589482,-4.34645034866136,-3.53215445679569,2.75537850540437,-1.13494232210484,-2.64611211964557,-2.7256234043834,2.25005133340041,6.08605109460511,-2.73958557037855,-0.269782056288866,-2.49516912044851,3.09035001527881,12.972853671736,-0.03557117193294099,-0.12898659583543134,0.013424515130990569,-0.13882494678634041,-0.1360931922646122,0.2948756590522032,0.1767930256755571,-0.13731129956387123,-0.2286219134812455,-0.0825313465622349,0.04267261142631504,0.02911893247066191,-0.01009675518481119,-0.225252130684338,0.14437158215331877,0.03358364991488008,0.2939134733388818,-0.09738293863165366,-0.41777440960342554,0.258812633924616,0.562450711794311,0.07174107246884286,0.00612343729531956,1.7110159949469022,0.17041359926452332,0.016527942325726533,-0.013320245302988238,-0.01115727171245569,0.01649042365281923,-0.4731907353025306,-0.5666248818847711,0.5869433026785902,0.2343284491647798,-0.0268780704158142,-0.09753841479210845,0.21321372190938342,-0.30122566474093276,0.5330012260223957,-0.40687479196737075,0.17790798339183614,0.27475940902624396,-0.07905866418913914,-0.04114438637894289,-0.002807968551356659,-0.015411740384483275,-0.25493467608679277,0.6563704995222084,-0.039498190284184304,-0.010200176609597409,-0.2805555555555555,3.293619988843092
47,20.7894537862761,-2.80265424631609,-50.9305108043786,-2.34571583213748,5.21069823558714,5.44881939252866,-0.860865232094184,-0.683671374620796,5.21743799205019,0.835439812136875,3.70965183111222,2.98897047798763,3.42368733678099,3.36873596025921,4.3827705463801,2.86592993425346,-0.83978551226194,0.280379209658149,5.6346675068638,7.20549862478466,-2.68844793425318,12.0364632665332,2.69531575752484,-1.84098705846919,36.5904555573294,9.23186487168878,0.851243395172852,-5.34605452608371,4.25606565862607,1.02816047543037,1.4586750886386,5.26936363159123,0.201254370158192,1.89499927470571,0.77900754077216,-5.30011147587467,-9.4483140349791,5.58191270286216,3.32552991174913,-17.1714345550848,15.7026543418006,23.0897406483697,72.1354012616065,33.7310024430409,-14.1959274829126,10.8073542826131,-0.796202574252346,2.18503285574422,-3.20947069517248,-0.014099709500156146,0.08084045342843037,0.07944696425538307,-0.039890737599170105,-0.34330272167634424,-0.05807462388283945,0.03309218738646519,0.21091292899625091,0.024710166649438148,-0.0899390248780459,-0.2313632169516268,-0.40712715850083403,-0.559466757135728,0.10934471329469166,-0.07194418982618085,0.026134927869532188,0.26697979947891204,0.30443836903913757,-0.175648463597587,-0.41661959722128095,0.8312830635980084,-0.6935856607637096,0.07173292834258398,0.17314997013843578,1.3106827631352995,-0.6472092793768935,0.25188544013926095,0.04452981046989605,0.02804437959257746,-0.34204000614728297,-0.08006700269517693,-0.06392063632917275,-0.15114822121753735,0.08406329649228339,0.0061754750877454035,0.0315134001546468,0.1774807165539762,-0.028474228259075862,0.3883017145017394,-0.000976096159383401,-0.22292549806756926,0.19272266584508554,-0.15332280693853004,-0.030425142288398318,0.0321377870489514,0.04063903431880356,-0.09884218066697864,-0.09475602875012679,-0.019460647653563926,0.6560185185185186,6.048177870840884
48,-7.06222757878832,-4.77831400892515,2.75528941586003,2.48428199344822,-1.26273674586193,3.45777900547662,-1.46146778455262,4.12312314605663,-0.528206700479811,3.69297534477518,1.34333078120375,0.339248772485108,2.55502633581598,3.29853521214911,2.4741867564381,1.69929953522964,0.074108922838269,0.773273177690304,-0.0188175989808415,2.74794817085007,-1.24782506615036,0.168607671288785,4.96034581006924,1.37322667723373,9.23186487168878,10.0474159660139,3.54037768839173,0.343806773708666,0.244979824126986,-0.381351235437262,3.31556452180481,4.63425575277207,4.14083487415216,6.34647989574892,7.74107796981942,7.68608793121175,9.11065472063835,0.958115420443502,3.5328025985617,-2.98453295141164,4.95615335415012,7.83528136032072,38.1305300810942,35.2785314438642,-0.341906373177596,7.52341685836823,-0.488056875149575,-3.69397659098433,0.450844998400221,0.05523203837469897,-0.17493787112830483,-0.011844481339667508,-0.2547736657879194,0.20375107590966163,-0.2520626986709737,0.06703852182790035,-0.44337145221371504,0.28114604976230567,-0.09843676975554184,-0.16048001440268117,-0.1389697000510914,-0.7989460786782889,-0.47397816337219545,0.030347335259970395,0.07378369609663206,-0.07903361547133302,-0.1154369006289405,0.1789010569619233,-0.1405442221207852,0.18580885340189082,0.4442713506987591,-0.5389887278080047,0.015561876248824852,-0.6471532646783624,3.3524048800702313,-0.4446280006661924,-0.28549580778459965,0.2369132425653995,0.4545037667759403,0.005258691452670883,0.02153757830594196,-0.22589123300595323,-0.03588388677754978,-0.08860854082090455,0.04262741869831019,-0.34444479834983127,0.07430039287501802,0.01321399859842248,0.2100425136236607,-0.10683028466743162,0.1284085412954372,-0.08737337807778121,-0.1082438029216912,0.1017101624651768,-0.22500397392098417,-0.03810374158408863,0.036519899405383596,-0.2896663524890721,-0.8143518518518519,3.1681881203637365
49,-6.08362435097982,-7.21710714073741,35.9769059775773,1.1949739719508,-2.89202589064917,3.88647981208505,2.19498011068248,2.51326000755181,11.1993360559882,-0.169276576006277,1.92599495593079,1.83278109189685,0.880977197069985,1.97779379965002,6.7377497960722,3.38778274761061,-1.82792436425864,3.40020348899049,1.38742982437618,0.736416305244858,0.861814128731562,4.4258430238114,0.74622981278484,1.06929751929914,0.851243395172852,3.54037768839173,9.19924808429119,1.0562564212464,-1.05682598194366,1.53441948533888,3.18718537958863,2.71019758073357,0.557812348068051,2.55561688032172,5.91326110220458,4.57783836898635,9.09064615683724,1.83278927170489,3.3507021516185,-2.05087406514757,-2.1250946900963,-15.5025714421457,-5.43704373809519,11.6846410663645,-10.4218737237954,3.77555516220206,2.643261841395,10.151508988873,-1.15152891746292,0.020994944270225704,0.25106909076842854,-0.0702347166147314,-0.20156047734104943,0.04072642676373192,-0.3189861673684956,-0.11401420750486368,-0.300588239988212,-0.42402829170118395,0.007104821578240548,-0.25807974182172244,-0.6220971888746584,-0.02771386665889178,-0.27052648835116894,-0.5283190369722055,-0.1639204349908722,0.005210753522213776,-0.5750652233860417,0.40110568429265964,0.026492464854830148,0.02717434041424919,-0.032958962135889766,-0.29101297876117466,-0.013408447837872393,0.25893392696475614,-0.4448360099359924,3.419045852503008,-0.013547674406093717,0.29513118155735796,0.10354025774191156,0.09974328252152444,-0.26497239191617294,-0.046295941153444375,0.07787140039478795,0.12725220953638725,0.4222201222670646,-0.22077089875087164,0.10815282074933699,-0.4675735557551449,-0.046024189983073095,0.09449516726904404,-0.1567414708849458,0.11587914031904707,-0.17636649633912074,0.10610616583483805,-0.04093178719496819,-0.021281602337155935,-0.5962452404087837,-0.05349488029947411,-0.44166666666666676,3.0313772586550805
50,-11.5400496977954,-4.33004712760323,22.3163546014855,0.326737923389212,-2.36475064048639,-0.429169284966917,-1.45345144849106,1.50385304599915,-1.72261433861273,-5.72411196696528,-1.99284718540223,0.406270266008696,1.82534298786727,-1.15713050621176,1.43814712882368,1.73368082276844,0.521837773393712,-0.675927895690943,0.327820185979281,-1.2648079403532,2.05858003179794,-2.50133460143037,2.18587622066773,-0.575027065864217,-5.34605452608371,0.343806773708666,1.0562564212464,12.3377538314176,4.75248807771035,5.57043683109257,-0.515071368955196,-0.416889688961499,0.649406708520573,0.800277322997107,-2.03278831135091,-1.04777662257969,1.47660997153557,-2.44402894753399,-0.393461202311428,-2.15687062966708,2.09711645872396,-15.5482839811552,-32.9114746189802,-2.3629155300231,-8.96410104226463,-1.60573597422709,-0.426374423935094,-2.7736884452575,-0.698111189810223,0.04507771627815878,0.1259144087909576,-0.031677176516915186,-0.1782414274620652,-0.16784197065048334,-0.17355988839778974,0.15506287643667552,0.14941891339803157,0.15135190930830486,0.09366342957057876,0.4868747529627648,-0.10113003404928933,-0.7528610184107223,-0.006924433554170111,0.07520290146293296,-0.4925503146879657,-0.15181616408143142,-0.0869873539212219,-0.2787267031963382,-0.12663987232984242,-0.6934023586424397,0.5065448427869442,-0.19345646432988012,-0.017464960495082168,0.047346578970160015,-0.28568300087463067,-0.014616281954983277,2.0191696808556006,-0.7826959657993671,-0.6957595804473731,0.1444345548853699,0.030205371958163856,0.04280751765096993,0.1650346992569001,0.1986324425440394,-0.022418101532951987,-0.14631633741371938,0.48395245794676944,-0.23332585750019827,-0.11859973673624925,-0.21597892749725262,-0.06305642929113255,0.1689373736347934,-0.04267969187860295,0.023723555100075153,-0.008229781804016002,-0.09981943230779017,-0.08542809393136058,0.05565241647703038,-2.7583333333333333,3.5110901200934195
51,0.0022059298344133,-2.87662507578887,-16.4943245140133,-8.91315788857418,-4.54039995174804,-2.59569331059266,-3.40262971979026,5.43509420002238,6.37900911286795,-3.98378699627217,0.583906785647994,3.56323740026582,3.59836177319592,1.41608874652203,-2.47148086666481,-1.26585203880862,-1.67131355543237,0.267460004766719,-0.406653593945847,-0.707699518682232,-0.82861005608033,-2.19534480955053,-2.35071286293522,-0.430368107873198,4.25606565862607,0.244979824126986,-1.05682598194366,4.75248807771035,12.3667628512133,9.18257220780364,1.50352759089434,4.51494731768991,6.77512001031696,6.84655624900248,9.11355194168609,7.2796292036663,11.6893170362394,8.70168087056254,-0.875080360166164,19.1658842814934,1.64250200057797,1.32484538403063,12.9594088510209,-18.2945151795851,-15.1863296772002,0.485783099031922,-1.77128221171448,7.12760386771995,1.85233434592604,-0.027531604012163376,-0.05417422757748423,0.029494156733354968,0.05827031872215577,0.005132241226573687,0.2352312290822957,0.1343867706847562,-0.3973460211173838,-0.17170939605808738,-0.020807941669581703,0.058202123551306786,-0.24451885726897596,-0.07202149064283841,0.04513312811734264,-0.22645282640539838,-0.1243396680616023,0.050507589934117164,0.4149729213339703,-0.03425038572966945,0.2651612513650673,-0.20459856154704378,0.08996417795777599,0.2539847831729097,0.017080763609057435,0.02710144364332407,0.2395225853359192,0.29441114277863767,-0.7837950363545687,2.5322762251255986,-0.9382468670223192,0.4859429920371189,-0.3753418397129507,-0.023153023410106072,-0.34920796326594433,0.1701040480324116,0.08039329900780738,-0.021226705805247447,-0.5089872990436168,0.06277491263501511,0.06906957781270119,-0.13655979562321652,0.22263982199885388,-0.26614113433309894,0.17184961962183914,-0.005427915715017285,-0.169431051904472,0.2350131918888275,0.12732867905929027,0.04696965142493474,-0.35694444444444445,3.5152187487001827
52,-13.2235400756539,-7.01291207332015,2.68853548724149,-8.12158722883997,-13.5324352862915,-2.95894157858292,3.22897957405764,2.86737734137189,13.6639340783612,3.04717605505278,0.229016087106086,1.68064958236195,0.485103364636678,-0.0931304560273392,-3.8964549562739,-1.9832915958361,-2.2720110179616,1.06906364457517,1.41553795269231,-0.926389443858157,0.344166553648597,1.62116985759028,-2.09795973056658,-0.324743704344909,1.02816047543037,-0.381351235437262,1.53441948533888,5.57043683109257,9.18257220780364,17.0691395274585,6.00176402666883,6.21102065530951,5.06041407238852,6.35277814115907,13.3134747117601,13.8554232123553,21.4782387969806,10.8424595602283,1.47518631065323,28.005577597698,-4.51178469306894,-32.8678590979924,-22.4449455105975,11.7796088624832,6.42716293826106,5.43030769739259,4.94459949143836,9.40349835655265,15.5429252695497,-0.04724423130718349,0.5488856300002422,-0.001057087908010536,0.23284513131944803,0.2557836240229034,0.012416085473454002,-0.23249400510109963,0.04786002472354867,-0.09666034945152291,-0.1874007732808342,0.030772799171739293,0.014243688444275966,0.06940271348708871,0.5538957509019773,0.09349730152092012,-0.15075678114873214,0.2626953367717861,0.21693912724269956,-0.17385591480886445,0.12137014269346494,0.10884757730244743,-0.001530658418002573,-0.3149960267271346,-0.4718719506975029,-0.33984936829274126,0.46079930803246144,0.10371089222307377,-0.6980032660872055,-0.9361008243367163,2.7447646921855697,-0.027634506229508995,-0.024356026642124724,0.1399336126387831,0.04321628804092387,0.0028854608573621082,-0.01429154195737814,0.1425053770296268,-0.21689845220142553,-0.03840155500204422,-0.4175410522863536,0.07213757201952946,-0.04278544544614384,0.12199571837876043,-0.11722129337864072,0.1332603421315892,-0.21508433541137006,-0.2797657178757021,0.03274464815037269,-0.3799599009084489,0.2472222222222222,4.1302711203332025
53,-30.8803600593764,-6.72702025258178,1.70318446285543,-9.96783517480149,3.67889842741655,-0.444212604075107,5.1743785445454,4.98442060086388,16.2489518517497,-13.731271291821,0.193296350824371,0.282642456579891,-0.852524848588472,1.97285768621867,-0.582751442114081,0.240871754276139,1.200615149369,0.732910820765924,1.27698303443303,1.8494721139013,0.911346467096421,2.86297638295004,0.859259848609547,-1.75088280168652,1.4586750886386,3.31556452180481,3.18718537958863,-0.515071368955196,1.50352759089434,6.00176402666883,15.0762595785441,11.6235444139991,10.0134755798661,17.9638925478306,29.467957008073,39.5828775922779,43.9837489293613,13.1010803783199,3.86207860686005,36.3114503753553,3.64078411159978,-14.9274601464717,12.7431896522646,47.217576164662,23.5882786068693,10.5934834228906,3.69982909884617,11.0050780610895,3.30041832891422,0.043360438439609524,0.3880127547234436,-0.0712499836433126,0.10890548759171706,-0.19491476111490463,0.3118926013716075,-0.2493661932072752,0.24013948623123973,-0.19988950034645622,0.1345481147064586,0.14691847650357096,0.1026193981534767,0.03506024721122916,0.005202716357005952,0.1538556251182046,0.024312076949507874,-0.17091505024856987,-0.08074857181034331,0.017250251977748467,-0.1683725727121343,0.04919271846382781,0.006836036672556183,-0.5144546117364637,-0.5722421332355425,-0.06633479712620721,0.006841087959849211,0.09477399199300476,0.14646995954493555,0.4907252165841424,-0.026789348804819,3.6202592379511085,0.022893336711146416,0.17763727157117062,0.35450283747732436,-0.6390515920995187,0.018664926322832474,-0.19340430018961613,-0.5366305253468913,-0.02816851641743219,-0.23875282692284913,-0.4920287261980509,0.2901659691159218,-0.09028542245544355,-0.05984700501174345,-0.03935121291016197,-0.034403848786711745,0.31079531728117865,0.08605838418720244,0.21011921492447477,-0.3250000000000001,3.8815279953317434
54,-21.2295476914131,-9.50606990231991,-13.9972306150481,-4.37565295454211,10.4064908579596,-0.334851547340113,-2.0074106437196,9.73569953733246,17.0631195624266,-12.25895419818,2.1707084579136,1.86789743894955,0.378937184522427,2.22808229267694,-1.88539624927959,-0.241004372703428,-0.482982510537589,0.429690628636573,-0.422601540185948,0.755339793498922,0.0087377747640616,3.83036253690196,-4.83765197894619,0.143523396124095,5.26936363159123,4.63425575277207,2.71019758073357,-0.416889688961499,4.51494731768991,6.21102065530951,11.6235444139991,20.1511283170143,18.1259773735624,25.7511833402335,37.5632813717988,44.0559989217119,49.6145550551988,4.16305370942003,6.11394790726102,47.5557576728314,-3.32991755087103,5.78237692594228,43.3611055308964,59.0493522426428,13.3933418482033,7.48753420581687,4.50884223306555,-2.45253140136996,0.397323771049966,-0.044823626874767104,0.33503310264640535,-0.012647193946831082,-0.12416444560425756,-0.2798583366617807,0.1802125420220123,0.3100085624726863,-0.5363754360383424,-0.33164355939095075,0.10706151033360137,-0.03893630127377321,-0.29687574381527876,0.11839664500105332,0.043921340813264556,0.3331826607669931,0.14508043379592186,0.36353496502205507,0.21367134996991746,0.3958609724585129,0.05208780053763177,-0.08497289315837832,-0.4606836203847087,0.12269667865014316,0.5872324380020101,-0.061262189239040345,0.023479692415345556,-0.26572913330046455,0.030849713817422048,-0.37166535688663593,-0.02286733022779208,0.020766249602862854,3.027313768022064,0.010398259745542903,0.36828853413325235,0.01908226097547574,0.2624472393527596,-0.5949087930780736,-0.245549060757077,-0.16727604184745049,-0.15140005987530206,0.056239245411328395,-0.03257815008736305,-0.10202599367750102,-0.28554301400114485,0.03373825068003197,0.4521899396100527,-0.036040505220383164,0.30541534365077266,-0.002162477230723693,2.1712962962962967,4.487886843160635
55,-21.2227884839522,2.7625591174359,-30.6605612117385,-6.31475651061673,12.7067714189939,-0.174877755101918,-0.866117096065695,23.9747784649711,29.4171216454627,-3.54659352657431,2.54647178206152,3.05676011130147,1.86773062799633,5.10334359743501,-4.78556413173059,-3.19651975769016,-3.11252529679167,7.93828541468884,2.60524518461348,2.60838565781535,1.04124039419729,2.43373918006092,-1.9501416252932,-2.55974898379737,0.201254370158192,4.14083487415216,0.557812348068051,0.649406708520573,6.77512001031696,5.06041407238852,10.0134755798661,18.1259773735624,46.6714561160778,48.0295554948867,55.3639699072757,56.6372543236173,58.3341295392304,-3.90602218184905,-0.0851104458507587,90.3042251473978,1.02112244447992,14.7694903057993,18.5861759423009,0.375634176996045,-38.1696947492762,-5.26940576332494,2.16888208884115,-14.5125615076792,-17.1760218883823,-0.031833535240536365,0.42466936474806183,-0.005525260406000743,-0.343834489599089,0.07958510539548239,0.2422186682451489,0.0031304169641641873,-0.8873761324327363,0.16143673533623187,-0.002167193828862371,0.0539712483574723,-0.005485637690457093,-0.006049296285479167,-0.07848334355716395,0.09869378357551617,0.11641012591950271,-0.07585850872126823,-0.7296498238468164,-0.2937835173793231,-0.27329581103939293,0.04188527917586412,-0.1505864505304171,0.01094299826572853,0.23346350828866763,-0.14709997740215297,-0.2264494365215708,-0.04739582089595321,0.042732409281697165,-0.02286287909269425,0.1415973271969478,0.17335556622650233,0.01139835407828302,2.2047129053672223,-0.849851073036478,0.13049034865581785,-0.31728799842398897,0.40253685895608604,-0.002307142906634051,0.263155291248544,-0.5777626658838315,0.03849497936676233,-0.12590426900524573,0.1157352924622514,-0.020368016162711253,0.018509035834813642,-0.12293669295589749,0.4949943410965303,0.05273538121341872,0.05348007134908997,3.3009259259259256,6.8309191267411284
56,-62.5787607050086,-18.1381572357725,-47.6688855055961,-13.8502834286296,9.44772552178066,5.75197704340554,0.579979325094048,18.6128978632132,37.8789737550578,-14.5556404063376,5.29830935912272,5.6839647106415,1.60450640940923,8.46910759640232,-0.182103542060724,-0.913966001738808,-3.3990963415639,3.96751289148021,3.42767242005319,3.88907831725101,3.45702911652152,7.45964685629191,-5.44157455814866,-5.9991512485622,1.89499927470571,6.34647989574892,2.55561688032172,0.800277322997107,6.84655624900248,6.35277814115907,17.9638925478306,25.7511833402335,48.0295554948867,70.9703066907904,82.3301787994651,89.9777190529789,100.688308300827,-1.02739851733516,2.81711049911948,99.0013753694094,11.3308375095271,29.5455779191463,43.0219105180886,22.5123931782379,-10.0500621880469,-3.4545335183275,8.30902969730443,-8.25838059776992,-14.5990693973193,0.02078527842838039,0.007093367366174986,0.02366241897427215,0.15958700723555003,0.03445282847743393,-0.43276198120387155,0.1801818208130071,0.20836207403555726,-0.24556724889171108,0.025772652289206416,-0.029936207143649984,-0.2999726654449356,0.044727002302789365,-0.2626143948696479,-0.27437932597869463,0.049439059133441925,-0.2028703798867193,0.18153789651195504,-0.4611619601146332,-0.22526250635246578,-0.044011257128354395,-0.0003307918130424522,0.09717819683741577,-0.03118739306815489,0.07889984212627342,-0.03969151583703317,0.07230909240220318,0.16474294872574521,-0.3383593946306399,0.04499665625260164,0.36327531853800143,0.3712957609314984,-0.8553928570927102,1.9022760266207674,-0.6196054527003331,-0.19967494146143067,-0.4043077640483676,-0.015546525507124044,0.6411874577912381,0.22595826480248557,0.1067263399843752,-0.2076409430551309,0.13032214443405715,-0.09233801266369966,0.0433198593535451,-0.09167401919111029,0.23541065066745925,0.30060741155541487,-0.10936004235018244,3.532407407407408,8.423794079320222
57,-54.2448422890973,-4.73422583907059,-31.5762546464418,-21.1359394718739,18.4357387604484,2.98767150997309,3.51819790579341,26.3099624755936,61.4905628412341,-19.9930233260759,7.05935689034093,7.37704989138702,2.24510875974524,11.0179411456655,2.60027478120894,1.10521396280588,-3.67060311500192,8.42417589603005,2.00651665429544,3.9927183000849,4.36143888122261,8.99200926830177,-7.26192879414487,-3.53501016917063,0.77900754077216,7.74107796981942,5.91326110220458,-2.03278831135091,9.11355194168609,13.3134747117601,29.467957008073,37.5632813717988,55.3639699072757,82.3301787994651,116.983251028807,116.277612363527,132.086696536198,5.0516695462684,8.96623617407951,154.665789675525,8.91050380286356,21.4974146961573,69.3790708228485,57.6562944198982,35.8295990871402,5.31962999536173,17.8669179081146,-7.18786196107606,9.68352860652247,-0.037049780635113126,0.31118679172158853,-0.017181613869754656,0.28069067958515875,-0.29875917054234474,-0.10563056072009781,0.29339101031553017,-0.10302678635583534,-0.056220474863422125,-0.07670648877593217,-0.3308648280562093,0.6267308183866461,-0.1588486868771299,-0.02922572798324729,-0.3133347072255033,-0.11368766778951957,0.18302598734772896,-0.28520025083748224,0.1083951141958774,-0.001436133607965668,-0.20380917189853556,0.14042910272373132,0.23537317865848084,-0.09294602407997117,0.009288159742613484,-0.08883018544648127,0.12817205154195316,0.2026257447037906,0.1678236624615545,0.002628466909404081,-0.6414691772615227,0.019429961533993144,0.13096915090162897,-0.6194564985196204,1.5037947420518802,0.028830661405920055,-0.2852169961648707,-0.12557533232882345,-0.2781726636503577,-0.2921281372980249,-0.17278889600968844,0.07831815205005616,-0.053834235229554765,0.11819956345329764,0.03674911803015081,-0.19460578096324493,-0.4853392660286203,0.32798698372475116,-0.1277023240548803,1.8148148148148155,10.815417284081395
58,-87.8765911876802,-5.96376217724123,-59.2100976085048,-20.2527246492974,30.1237507954239,-5.0094658011719,-8.96473989305498,23.8717879736614,70.7573913994565,-39.7500982111102,-4.05569069545838,-3.69542830026094,-4.73457133688954,0.809094061734869,-10.1929287104046,-0.581809425110796,4.23014705093322,1.1965443360137,-0.55869327708273,-2.53604582841073,0.0682335643846461,7.56992333790466,-12.1991742219116,-2.44051138589482,-5.30011147587467,7.68608793121175,4.57783836898635,-1.04777662257969,7.2796292036663,13.8554232123553,39.5828775922779,44.0559989217119,56.6372543236173,89.9777190529789,116.277612363527,235.122619731801,203.574394884148,28.7228787910034,12.9172405615705,167.595856192675,0.0367829914844806,-1.65445127453887,90.5764471685383,140.660779582721,77.1747786768986,20.8761902432207,16.8876023574053,72.8871548284035,20.5346227430729,-0.0016685425100597588,0.04697559492352427,-0.03150011278914451,0.05967309918618151,0.010695590119312341,0.17531107385911526,-0.054879233236849755,-0.12941512632825952,-0.18774386222202746,0.02387999691041624,0.17488946396720845,0.3967041486152737,0.03468077827924657,0.29687079270771544,0.11172198850715531,-0.13441058723830204,-0.12650871835673458,0.23080482613160946,0.19202856604237226,0.33035755454788573,0.13835898123432114,0.006608126395184797,-0.16285191998940102,0.2081421775064702,0.031397276625554256,0.04547672071592344,0.42015672686886696,-0.023519495850942002,0.07939537274515786,-0.014146624059718779,0.016549334438866057,0.2613215757249506,-0.30956987230279315,-0.1985047079904964,0.028632827786970277,0.7235103024797607,-0.3621797321156891,0.4493037902180965,0.04707560005422702,-0.009834769469954317,-0.09402014049030444,0.06538627732926638,-0.13788703357400262,-0.08495916964976544,-0.005464409370390175,0.05232189807044398,-0.2736778365990884,-0.44280883893474876,0.05712205719322642,4.391666666666667,15.333382527407343
59,-110.464845565984,-27.2592213566742,-56.8833826254717,-18.976717023692,3.68843379307758,0.444464124663319,-0.49595067315483,21.7401140789305,59.9304643240655,-34.4841279145552,0.258706113124743,4.02012495820874,-2.96911794242663,5.79491641048169,-12.0120776858774,-5.76398567852313,-5.21508618440808,-0.647657163874581,1.66008975195654,-1.65941202209257,-0.45111545431424,10.1840750766068,-14.1660671773447,-4.34645034866136,-9.4483140349791,9.11065472063835,9.09064615683724,1.47660997153557,11.6893170362394,21.4782387969806,43.9837489293613,49.6145550551988,58.3341295392304,100.688308300827,132.086696536198,203.574394884148,242.040403895275,41.4933205102975,7.70513977106564,183.750501993807,-10.3623479643753,-31.9890468988267,21.8910725084936,75.8265576175975,29.0268401823761,12.7223840876692,18.6410969050166,62.9698742814123,-2.12260904471322,0.0014050803208813319,-0.0005543300400178434,0.037653066548044394,-0.26200489029977714,0.035833801465392265,-0.013664371565731753,-0.15895724234350198,0.1085166848584007,0.32985809810398675,-0.015748130003965553,0.11168920171664488,-0.4080493186603516,-0.0015450701160094537,-0.24691224559158606,0.12948031062036286,0.1262359882819662,0.06901277038619881,0.2515727497377405,0.010055410166554804,-0.0853740328354649,-0.06834002634089315,-0.2361160524571639,-0.016444755331202713,-0.29477351081969894,0.17496685413911275,-0.34220488999427395,-0.21594511625956614,-0.1528836045906369,-0.02026152740480036,0.14083709438296654,-0.1957457821872091,-0.597375866757794,0.40169674993045235,-0.4054406698020224,-0.2885970803247274,-0.3625666632558363,0.8587930222635813,-0.26492272590407406,-0.04700653637266181,-0.15455732150372592,0.01014078307321318,0.06098854628628439,0.04201950367567588,0.03831884018744255,0.001586755554852047,0.22390174839112925,0.0051626390576566894,-0.1591018114123357,0.015591111537440387,5.697222222222223,15.55732637361814
60,-20.0220488173201,-7.41094878671186,-28.0318975203655,-6.53171058362142,-6.78827626102291,-8.46806818037112,-0.824095886117166,-3.38454926705242,4.70470587423681,-8.74300438260402,-1.08680862347931,-1.54903620538359,-0.412412939441424,-1.61690895437016,-10.9291514284405,-4.68646584641082,0.425320816661875,-3.29558318971189,0.267049195953956,-0.227423277538165,-4.07141428541962,-4.11261015119181,-0.237955829402168,-3.53215445679569,5.58191270286216,0.958115420443502,1.83278927170489,-2.44402894753399,8.70168087056254,10.8424595602283,13.1010803783199,4.16305370942003,-3.90602218184905,-1.02739851733516,5.0516695462684,28.7228787910034,41.4933205102975,50.7686206896552,-3.51435012588908,12.0758749191854,1.42289290437898,-19.1902378134441,-6.67694625374007,8.85964879451397,17.7596578407878,24.0009032808379,2.05740973798891,59.6962277558179,4.25113856571271,0.0006368977159685812,0.0376649939623193,-0.03350641211205077,-0.0963418649408704,-0.006209645617490441,0.1637358873056978,0.026517447974691608,0.13946446885077765,0.07506794089922902,-0.03450518925002781,0.11451630323565737,0.3260926802426875,0.269332993162452,0.19678080355992897,0.10249621414117392,0.04144761371720087,-0.06522796668761453,0.10861819989039513,0.04397012158709932,-0.06830272026265513,0.14724146595166893,0.3262013517569242,-0.16857616419565366,0.5280618010819871,-0.024990354856791804,0.07326600874480187,0.10439509269674119,0.4825402410453594,-0.5061529490679897,-0.22119226189242255,-0.5465077155912264,-0.2518062280511662,-0.000854178082547968,-0.015432487522880971,-0.12207982624783356,0.45315241827288566,-0.2646394703619389,1.732639283470341,0.5039862094557763,-0.06639572875139393,-0.14942898389846992,0.024238275237304076,-0.019942341825931194,0.06151302930839912,0.003577124801716813,-0.9005795741400506,0.2741793324494088,-0.6499851574866639,0.02724881773111821,1.6666666666666663,7.12450845249377
61,-5.4362769043438,1.73556914399269,0.641954673576027,-1.18006538855721,-3.42571984876489,4.36973130922306,-0.684962791435293,-0.540902185154819,4.94714685318551,-7.89943084061487,0.768148917932431,0.334971539288828,-0.618643492758591,2.39877874439701,6.23201767442767,4.39947779556827,0.174061715142478,0.967069698881711,2.3277632621533,1.31397390280494,0.736426016112239,4.01718906331891,-2.40363709684682,2.75537850540437,3.32552991174913,3.5328025985617,3.3507021516185,-0.393461202311428,-0.875080360166164,1.47518631065323,3.86207860686005,6.11394790726102,-0.0851104458507587,2.81711049911948,8.96623617407951,12.9172405615705,7.70513977106564,-3.51435012588908,10.0029489144317,13.8514676851187,0.925381902389703,3.79985008500227,48.9556346800069,66.5818080624722,44.5837301437087,11.568675132763,3.56402241928095,-2.66298221409832,9.41461986005341,-0.025846335367763307,0.10055542973749398,0.09347578503787983,-0.026504163913899634,0.2642616334794866,-0.15731734608537526,0.14488525609526737,-0.2721693706759117,-0.050334087420311334,0.2045718626150958,-0.015212268664978686,0.23991621279509334,0.0661154073390656,-0.017421218534879532,-0.09362474448883587,-0.18190863994848644,0.8270538166076473,-0.4736629978366427,-0.09951368585542811,0.09125230499177073,-0.07699188561422333,-0.32798457455234276,0.07884835994484388,-0.4082670242684315,0.3848428157411097,0.01448419727539625,-0.45356142089415913,-0.22709669686598918,0.062168500306545124,-0.03871554842844473,-0.026134982246554455,-0.16135619997436082,0.2651021691645923,0.6389460858443764,-0.2782606942539417,0.04824990875105666,-0.046218408693592124,0.5162386273443483,4.202540574644143,-0.09843998569807158,-0.23866720064472438,0.08889886081742823,-0.20155071927468954,-0.2852195951856533,-0.005632291870403046,0.03138478200024477,-0.06011533687837128,-0.11584842845588397,0.009143325004263327,-0.8711111111111111,3.161162589053539
62,-15.5420086930449,113.868022784272,-53.1600170925924,-28.1052953711175,6.64198691009111,-2.54119573241542,-1.85310823893601,29.8574298696972,103.82734774364,-42.1183033193695,0.449484129593599,13.0234589567515,0.763999072112834,11.8130459402034,-8.22421606237659,-5.10745371060742,-6.37311417206014,17.8085242276539,5.12242803830601,-0.857403167514471,-8.16913656940345,-1.61652246809295,-19.0527446879208,-1.13494232210484,-17.1714345550848,-2.98453295141164,-2.05087406514757,-2.15687062966708,19.1658842814934,28.005577597698,36.3114503753553,47.5557576728314,90.3042251473978,99.0013753694094,154.665789675525,167.595856192675,183.750501993807,12.0758749191854,13.8514676851187,386.952467193487,-4.63750054417332,21.3237928490397,98.3344949612403,56.3770395699196,13.6739409568028,7.53026146580103,26.6796740904299,-11.2378814265936,14.8082557478066,0.02654267469227852,-0.5527486431401633,0.015534673126004943,0.088369709922793,0.16987345954249797,-0.0003979520304897057,-0.06912851954516147,0.15489237128608002,-0.10424226625692475,0.04218815083818863,0.07252014893133607,-0.17956691024381116,0.07846097030998282,0.04392070312209929,-0.023972916437574023,-0.05850031682543699,0.028882345244720328,-0.18545628250962262,0.051543923105451084,0.006421955385474661,0.2763986487955098,0.1437463101044445,0.11234712355828082,0.17763080634020625,-0.004700418935083362,0.20761445442723575,-0.04760092906984203,-0.11684536664741746,0.06700745091057052,-0.4177510805477855,-0.2373778654954637,-0.1534351951041767,-0.57702916586474,0.22295222187210192,-0.29173837211412906,-0.010324851348105193,-0.15496071074101997,-0.06757962638839357,-0.0982575117995239,0.6052810960530893,0.2274627712162601,-0.08104807747341318,0.0014874767212688647,0.0012935666692822437,-0.06521085245259352,0.17924983311887013,0.004600143317989732,0.08606934138172581,0.09953519444177678,6.744166666666667,19.670853240098317
63,60.8881074898784,31.7725583097353,-34.2050642255593,-10.6399065264546,13.6518024803652,3.25384136259845,3.30024359087039,1.17576823066823,20.5338944745202,-30.9254655947906,0.338743986939311,1.75681382137212,1.48798849723363,6.66169164470362,-0.719849984972948,-0.613585862837597,-2.00156586951179,-0.0978894381161248,4.71731694858968,3.83168850765556,-4.11680901673908,-0.250596228934152,6.55886010508426,-2.64611211964557,15.7026543418006,4.95615335415012,-2.1250946900963,2.09711645872396,1.64250200057797,-4.51178469306894,3.64078411159978,-3.32991755087103,1.02112244447992,11.3308375095271,8.91050380286356,0.0367829914844806,-10.3623479643753,1.42289290437898,0.925381902389703,-4.63750054417332,94.7333477011494,89.4065963622781,28.4759348573664,-22.4050721086922,-21.2155766887226,-6.05389339988814,-7.13682892881209,-0.699823352336538,31.3229847745143,-0.018519740980599893,-0.2748247787658314,0.017467354480704456,0.06943608678774689,0.2994974926212424,0.07186020923156476,-0.08533932334646749,-0.08689257770023677,-0.2216831883819749,0.04502160516143762,0.1226530283301345,0.23190023438999352,-0.06515099604071942,-0.30347878909328074,-0.11073048281269127,-0.0614090809385793,0.013683590576295925,-0.028303839500370374,-0.05122185475477166,-0.016416942250895003,-0.0008881608228279297,-0.042083120885598325,0.045669801012912056,0.27631814788588205,-0.22484949566098866,-0.10997695231928875,0.09451889489719459,-0.21664009440029638,-0.13415173376256959,0.07286625493268815,-0.4921783011410842,0.05399065286137388,0.03823095687060905,0.10169484270859769,-0.1729677730247942,-0.09678855194416795,0.009294086291697175,-0.14996119642324998,-0.23740628734936953,0.22793727978669695,0.6742483072194978,-0.38023304543419645,0.20117330831996674,-0.06366206325142687,-0.017730327085667425,0.1992668617903716,0.3779854793613277,0.08423415601716691,-0.03326012133919019,1.6749999999999998,9.732592034044654
64,-58.8236593155628,23.9398750651173,-88.4574368722092,26.243183336665,27.935930252725,-5.55573322859205,-23.6564979781132,-21.8788377425464,-21.5538557061585,-10.0038508129895,12.1706306977663,7.9246061777572,5.81333553294829,16.2317901071165,7.7119147587878,4.44298528396958,-6.15557834006752,-9.40372431381339,-3.03022630729774,11.5005048175531,-7.28616928407603,-16.6161591291987,-0.755032021632082,-2.7256234043834,23.0897406483697,7.83528136032072,-15.5025714421457,-15.5482839811552,1.32484538403063,-32.8678590979924,-14.9274601464717,5.78237692594228,14.7694903057993,29.5455779191463,21.4974146961573,-1.65445127453887,-31.9890468988267,-19.1902378134441,3.79985008500227,21.3237928490397,89.4065963622781,402.706861474741,412.731664329914,-18.63725847098,5.7708275657399,-0.297458594336252,3.71115145900502,-63.9845541950075,-16.8201087922628,3.329922373020695e-06,0.10969177329334974,0.009608698765415924,-0.08113724160524938,-0.2596661048457128,0.12023600460759133,0.058751840254530625,0.21768878392197188,0.14273295405690298,-0.02206413857248198,-0.23327276987460732,-0.1937829586046399,0.2009124764838378,0.007250750964718041,0.11592255681132303,0.011125430626690592,0.23847294852812317,0.14661055289828456,0.016101918535559645,0.03475222142923022,0.11933016186624708,0.11680782567100984,-0.0683623789348846,-0.0786419383457799,0.19382236227282235,0.1292918876518014,-0.1577696941608541,-0.06226434889071145,0.21968021262392035,-0.04458558920539886,0.28835949453168647,-0.03186498013469113,-0.12435166670709995,-0.20414869482626502,0.07764939640667935,0.0659833028349263,0.06158007704158756,0.021931320588719595,0.0883667297457026,-0.08068031204157569,-0.3794107746352288,0.42344136105854974,-0.22443299494480434,0.060278885149442796,0.003337943521353313,-0.012278670917465574,-0.24589721366889875,-0.052514533544791554,0.017446881425847324,10.674537037037037,20.067308276765495
65,-134.862061632352,-3.69038127728919,-61.15456609491,-1.30443982505859,-14.2377991197211,12.7057779910564,-26.5955280991833,-32.8250755156966,-29.4838050329369,-11.1218108540488,17.5497765613533,16.0085279003215,13.5282826016828,33.2628613150957,47.1986796799874,30.9617167716703,5.36475465553744,-7.87983358162797,1.28642544076013,27.2078327859416,-6.6429688397913,-0.308953056203891,-7.7179623016053,2.25005133340041,72.1354012616065,38.1305300810942,-5.43704373809519,-32.9114746189802,12.9594088510209,-22.4449455105975,12.7431896522646,43.3611055308964,18.5861759423009,43.0219105180886,69.3790708228485,90.5764471685383,21.8910725084936,-6.67694625374007,48.9556346800069,98.3344949612403,28.4759348573664,412.731664329914,868.799162054775,358.845244065746,211.205078176966,79.0077967568561,12.514898762201,-64.9776345220518,-24.0705859766701,0.0041933598092852645,-0.023174779741279378,-0.006389593565153208,0.014405996387778324,0.12507477429847844,-0.08065276993235064,-0.038866614591725614,-0.016655901218539507,-0.029452377880464283,0.00866951206653279,0.1137785215542514,0.03472054353137251,-0.12752139378464064,-0.11096731276905293,-0.09113672332020187,-0.029430015876422907,-0.09997968178153818,-0.08331607795681431,-0.017616132505957054,-0.16757443150307788,-0.13221425206121562,0.03327588436842803,-0.002492194463045998,-0.041489996744941395,-0.15288934582318658,-0.08777419124299742,0.11621837890267175,0.1679559292572778,-0.2630887528768871,0.12257951678163612,-0.08850350742867054,-0.10228368567121714,0.11398368451303666,0.12929520466180144,-0.05360755833854569,-0.13869346272157784,0.0418552033971572,-0.019407110339134327,-0.20103677869174053,0.0013806802469923092,0.20080202015223272,-0.22450452274244415,0.21492435094742987,-0.026430156552257264,0.007691090217735261,-0.04504548921692003,0.1740220120577375,0.04834833379352828,-0.028954570424906814,12.590740740740738,29.47522963531879
66,-163.754268470148,-36.5741500688131,10.2491309340984,1.93572206565959,11.3756438308749,7.98197369838539,-3.97618992314309,-20.3842897440913,-24.7849215901642,-10.0787827269886,-2.29998469217789,-18.8590709160051,-12.9054658087238,5.06204726306971,32.7426144621016,34.2260526304378,30.8624940498668,-9.74163014258128,5.58911551901379,10.7372800083498,8.78403245190356,15.0457149163838,-21.6246618085953,6.08605109460511,33.7310024430409,35.2785314438642,11.6846410663645,-2.3629155300231,-18.2945151795851,11.7796088624832,47.217576164662,59.0493522426428,0.375634176996045,22.5123931782379,57.6562944198982,140.660779582721,75.8265576175975,8.85964879451397,66.5818080624722,56.3770395699196,-22.4050721086922,-18.63725847098,358.845244065746,780.897941012133,440.876739226696,133.596796135317,21.0222185821255,-28.2086101978482,41.029766263025,0.006772325353088842,-0.027389887175533256,-0.020076692261009818,0.09779003410466557,-0.08633897381577947,-0.06319681769473993,0.056707254454608884,0.13340686172676872,0.07704079696222756,-0.06442690523855572,-0.009678393354387945,0.07295071276796687,0.21644630039631488,0.035093373088194456,0.07823403421798289,-0.011657129577248885,-0.1697639239837075,0.04965367028490643,-0.020904173962092206,0.011120377112515428,0.0025988823211898593,0.008069915034041928,0.15592641411947608,-0.0012219205539623968,-0.032325772437832856,-0.10865974398575597,-0.17748750368627758,-0.04240480908732892,0.17067789040029877,-0.11767718236551457,-0.06138680065372479,-0.28533416414683266,-0.020821193428472124,-0.09248442387133704,0.11864245446757321,-0.08390177966595404,0.0383689321234133,0.06103466001152336,-0.285317945149251,0.000772462527607553,-0.06343530905284188,0.06043090659936525,-0.026513230719554037,0.21058368471884878,-0.022167424798908673,-0.3664591025359559,0.07833422753911053,0.10412726457563183,0.0019535566804922935,7.159722222222222,27.94437226011944
67,-143.848183501853,-55.1327775232196,-61.1180576435797,-10.0598986974597,4.12455591901329,-0.0863026637256594,0.0290443576653646,-12.9272574589507,-36.9581246548663,-30.2494698297287,-3.46758217014852,-4.50388005756095,-15.0548596406669,1.88003754086689,43.1067887244081,34.0027333003379,17.8322243244738,-19.2374789434475,5.03368352735514,11.0968727131924,25.6557571066089,6.88698557059204,-0.982161968566084,-2.73958557037855,-14.1959274829126,-0.341906373177596,-10.4218737237954,-8.96410104226463,-15.1863296772002,6.42716293826106,23.5882786068693,13.3933418482033,-38.1696947492762,-10.0500621880469,35.8295990871402,77.1747786768986,29.0268401823761,17.7596578407878,44.5837301437087,13.6739409568028,-21.2155766887226,5.7708275657399,211.205078176966,440.876739226696,1140.03171580105,109.527112154605,55.8733907891605,19.3928557889993,263.727834814248,-0.004637810620995136,0.0966710302529247,0.0061028537051576156,-0.024010739399650836,-0.013359254825199523,-0.04759904771598783,0.04283670568000918,-0.051089456812149145,0.007723938776009991,-0.026394779317556676,0.001116846373721747,-0.0874651083389826,-0.07100238314903717,-0.047854830369222896,-0.0590200926935661,-0.014055126053121496,-0.006804592104213834,0.11143386564574995,-0.04358267877584675,-0.07546066494512826,-0.04232093788310212,0.010912381802853572,-0.030532867457083807,-0.01563171704990525,0.03261793271609008,0.10196513186120973,0.10562144930732166,0.0233383216655927,-0.00475098905870819,0.13323691931594606,-0.03886659258826804,0.03348285369998692,0.01856530197024446,0.04405213379382605,0.03656757647552371,-0.005691617774533109,0.001849166994666426,0.0034202069000005605,-0.005645047084879955,-0.0652057926061617,-0.017537488896690573,0.0033389686942287256,0.007683962483381855,-0.022088759077093126,0.0728565863799825,-0.06505998125166387,-0.02896729140836044,-0.007738656023913572,-0.08403309486809675,10.087962962962964,33.76420761399636
68,-37.6235091212201,-4.98846794073215,-23.3642060818534,5.69371983591113,-3.40355737762256,-0.748340016443252,2.98555195500882,-6.40732289892349,0.344175210623517,-14.2077544987181,1.67315796344393,-3.45059751186884,-0.075865161656723,2.14099215971223,2.56463980063714,5.02992590363645,4.856516540957,-1.22321046395082,5.17212763322142,4.31488401443083,1.62754671391214,1.12840634997259,-1.33844882082198,-0.269782056288866,10.8073542826131,7.52341685836823,3.77555516220206,-1.60573597422709,0.485783099031922,5.43030769739259,10.5934834228906,7.48753420581687,-5.26940576332494,-3.4545335183275,5.31962999536173,20.8761902432207,12.7223840876692,24.0009032808379,11.568675132763,7.53026146580103,-6.05389339988814,-0.297458594336252,79.0077967568561,133.596796135317,109.527112154605,44.9373485170995,12.5724043475701,18.7872602956369,13.6076225038968,0.0026754440480030407,-0.24944763054706726,0.07256762582505415,-0.2803498751698675,0.20109449758334766,0.31693223092624795,-0.21342655401148225,-0.26455131287757067,0.0028707027811412517,0.2680858200988181,-0.38230320082257097,0.058849920159512084,-0.23048863295480168,-0.31372849769890404,-0.04954795886601842,-0.21433086809028754,0.012051350638539316,-0.053646276807931,-0.22492380704579826,0.0716883030547538,-0.00546244598338449,0.19023512512742116,-0.1881775279645548,-0.25279260756635,0.038952265333724256,-0.22156499799708723,-0.03801501128180442,-0.006816768190011658,-0.1706019332189381,-0.21552569780098618,-0.03491440315150179,0.4510504632152917,-0.12427413794609751,-0.09727887049788711,-0.19587009016710857,0.04984471448355986,0.22347989376675279,-0.9012877700026979,0.030240591564832907,0.18089806525798058,0.19725533598737635,-0.012715549757032847,-0.04504903990307263,-0.36583597438962456,-0.06520419900230806,2.2072167072707787,-0.8056305821390416,-0.16834299974491654,0.1888365467440661,1.5592592592592593,6.702786623270913
69,-29.3853212615886,-1.58824614008204,1.99031134270904,9.81136386555822,-4.52523298810019,-1.12522159545003,4.70797558278829,-4.90208964217536,17.9269842878447,-2.44762669095133,3.63621509455579,0.65607239987882,0.104076522873787,1.47764879185523,2.32545891430811,1.61163750126975,-1.38781755073551,1.59087725548007,3.92728811001455,1.90992799018994,3.60071383150404,6.07601082048152,-2.18049998370698,-2.49516912044851,-0.796202574252346,-0.488056875149575,2.643261841395,-0.426374423935094,-1.77128221171448,4.94459949143836,3.69982909884617,4.50884223306555,2.16888208884115,8.30902969730443,17.8669179081146,16.8876023574053,18.6410969050166,2.05740973798891,3.56402241928095,26.6796740904299,-7.13682892881209,3.71115145900502,12.514898762201,21.0222185821255,55.8733907891605,12.5724043475701,19.8963026819923,0.415651243172354,15.4188318912437,-0.0013291996936289849,-0.16046043340885333,-0.01116605396546387,-0.21219627746179334,0.13610870798913133,0.17379042696292707,-0.07110973869053534,0.20017105693500595,-0.17264146636739178,-0.0012461204242733158,-0.7120415269462378,-0.001427603482415131,-0.325660685560599,-0.024425077155227234,0.1372842871412882,0.015612900570361953,0.29032002500730547,0.010483393525785145,-0.030107279532467744,-0.025089164864768067,-0.4365932978565777,-0.35172573697161313,-0.16328376169142825,0.6546408231347822,-0.10000825314269672,-0.04069817496910129,-0.01931177150468521,-0.10356542569928129,0.24068821107070107,-0.2769952059992757,0.3125443561673658,-0.04004299571176276,0.49487140635026555,0.2326986956740047,-0.4836321328994946,-0.2732304327757832,0.0011194349831306345,0.2764140487711995,-0.05932405378858911,0.00462046536665276,0.38058253056604496,-0.24778258069907627,0.1748014301678609,0.07702614423903992,-0.02916314770712405,-0.8008915614636609,2.0504453421341617,0.11695839565502299,-0.07984382916306174,1.3666666666666663,4.459406090724676
70,27.1524273654754,1.80873461801976,-52.4854477203666,-15.4655997255269,8.81746251355436,-5.45474067283129,-5.25050792946632,3.41770386873533,33.3782967916993,-12.0530510230041,-5.34153682090059,-3.70561396262511,-3.10258002828962,-6.72289136214263,-15.0774465722292,-5.30932853473398,-1.029578425376,0.653571927922844,2.41777962313026,-4.55484832108286,-2.35180807206973,2.07114884971461,-4.79242020319167,3.09035001527881,2.18503285574422,-3.69397659098433,10.151508988873,-2.7736884452575,7.12760386771995,9.40349835655265,11.0050780610895,-2.45253140136996,-14.5125615076792,-8.25838059776992,-7.18786196107606,72.8871548284035,62.9698742814123,59.6962277558179,-2.66298221409832,-11.2378814265936,-0.699823352336538,-63.9845541950075,-64.9776345220518,-28.2086101978482,19.3928557889993,18.7872602956369,0.415651243172354,139.203916737619,28.4769048886051,-0.015771091848962457,0.006254901953032584,0.015195956337409009,0.29095207647463206,-0.10601414271048752,-0.1483281268662491,0.22321592433007129,0.045841250927535285,-0.11183469533177942,-0.04314950751862904,0.004711935496637311,-0.03746717436503657,0.00572725924221978,-0.0002115433687843671,-0.05764255069846145,-0.06155094522080493,0.18067032531442576,-0.3165395328039159,-0.22958885970906107,-0.08011745148403963,-0.016280595047693403,-0.010329812690172194,0.35095929754193905,-0.035122327302481396,-0.10309261820745998,0.03708506937724571,-0.6020751934392968,-0.07933294137846647,0.12681786611863322,0.0374168235794509,0.09378204599290776,0.3103553093764819,0.047186605280393895,0.2946089544976893,0.33067702398699467,-0.44084518270690687,-0.16154971860783693,-0.6483237490026909,-0.11811280563711811,0.08581076738350508,0.08356602210221657,-0.05280685439845322,0.04788077519089695,0.10535857456331424,-0.008728909698539768,-0.1678790573336329,0.11721265901788178,0.8668787252501174,-0.07432752019196201,4.939814814814815,11.798047157797718
71,51.9970747095435,48.1206133478756,0.150934169933351,-4.4314631304677,39.850125442615,-15.9897356974466,17.5281737516846,20.711301226389,34.3837052675334,-38.6643014736178,-7.98427561848179,-4.04698783356185,-6.57470557214997,-4.86441227245984,-2.00349429730418,0.612674472425697,-0.519035391988804,2.30671065328394,-1.10624902430158,-6.10895218422528,-0.534250262309741,-1.41101859655243,-0.701324796731711,12.972853671736,-3.20947069517248,0.450844998400221,-1.15152891746292,-0.698111189810223,1.85233434592604,15.5429252695497,3.30041832891422,0.397323771049966,-17.1760218883823,-14.5990693973193,9.68352860652247,20.5346227430729,-2.12260904471322,4.25113856571271,9.41461986005341,14.8082557478066,31.3229847745143,-16.8201087922628,-24.0705859766701,41.029766263025,263.727834814248,13.6076225038968,15.4188318912437,28.4769048886051,206.477777955158,0.007340856488487873,-0.14430451696101057,-0.008306206335750695,-0.015587900225054107,0.017767873072380386,0.16474495149905047,-0.10350596308553887,-0.024332106425322374,-0.027199203005777522,0.07858659899588766,0.17292189358728918,0.02223903840007022,0.2227813525003581,0.1089905759308925,0.0427211300591661,0.07590477054562678,-0.022170040170367562,-0.16984679213045537,0.1307263110255205,0.07414589855900623,0.07063296418697472,0.038976027938608555,0.046815906356834955,-0.011377235237801889,-0.02016858486836435,-0.28881085065406975,-0.053087689768089474,0.056084625325485415,0.04666423811632896,-0.37997405868411527,0.20904174978631085,-0.0005763016285958233,0.05441603576440833,-0.10909250193154445,-0.12771396546343006,0.05699572540553009,0.015193276670964116,0.026541651919504607,0.009095179888262963,0.09951764769466524,-0.03358812637233734,0.017365748324943506,-0.02889223356725978,0.0017151363698846,-0.08386104988320842,0.1889653062972501,-0.0803780773921715,-0.07449880008003029,0.2810363507831052,7.16574074074074,14.368986671131623
