,Cov_0,Cov_1,Cov_2,Cov_3,Cov_4,Cov_5,Cov_6,Cov_8,Cov_9,Cov_34,Cov_35,Cov_36,Cov_37,Cov_38,Cov_39,Cov_40,Cov_41,Cov_42,Cov_43,Cov_44,Cov_45,Cov_46,Cov_47,Cov_48,Cov_49,Cov_50,Cov_51,Cov_52,Cov_53,Cov_54,Cov_55,Cov_56,Cov_57,Cov_58,Cov_59,Cov_60,Cov_61,Cov_62,Cov_63,Cov_64,Cov_65,Cov_66,Cov_67,Cov_68,Cov_69,Cov_70,Cov_71,C_0,C_1,C_2,C_3,C_4,C_5,C_6,C_8,C_9,C_34,C_35,C_36,C_37,C_38,C_39,C_40,C_41,C_42,C_43,C_44,C_45,C_46,C_47,C_48,C_49,C_50,C_51,C_52,C_53,C_54,C_55,C_56,C_57,C_58,C_59,C_60,C_61,C_62,C_63,C_64,C_65,C_66,C_67,C_68,C_69,C_70,C_71,Mean,Std
0,24.0394737474009,36.415423139434,53.4895058277004,42.9570631050141,38.640885628881,33.8747683740136,29.5552741608263,26.0654239462421,23.0221744976423,0.396201300110916,-0.700416316450657,0.973700490743582,1.02379090570298,0.526725436071152,3.53525746597883,5.19652186315342,2.60240701546483,2.11748442306009,2.68828737866471,6.73910900333307,1.84903072275112,2.36678868261344,-1.06500122051941,35.9459096113508,18.4697320602331,1.32543320585955,2.98503848064813,3.24335756887886,1.9147553597091,0.529752416008169,-1.03760133523834,0.403544983091103,1.79051242676648,3.92999256189193,3.76320153251801,9.89227107620862,2.35091333567986,-2.87695507850074,-33.7628830065308,-49.5347245086206,-43.1897342800787,-28.9341516688969,-27.5075167926749,-20.1158901376047,-8.19345342825309,-1.73193157282758,4.57054869232111,1.2289550285599204,-0.5535291981715826,-0.17600769386966492,0.24363706488534956,0.040854477680500656,0.020543877819872252,0.08938102163404175,0.04869831966786075,-0.08568738722288505,0.03842521514405913,0.10493882104357304,0.2158833150124577,0.20519179239002192,-0.5681091015766453,-0.021959614211907195,-0.27557677060559327,0.2009136063928329,0.25855686431574604,-0.550862502828664,0.03872147930379148,0.016649714703157858,-0.19637183093035257,0.19803121637557233,-0.15752777689071634,-0.019970157447113102,-0.12413030755511896,-0.04230881090337011,-0.46243012732794797,-0.01396875209317581,0.12167072443121087,0.0546539570627566,0.07102819498475797,-0.050560162600345585,-0.20294200946259122,0.25302642394519415,-0.12737379206512647,-0.01478991572745103,-0.100334674738153,0.05028632641758385,-0.009505244031298574,0.08112527290046453,-0.22485242307775058,0.18432257591891282,0.0938810461626748,-0.1518576223206186,0.07221795852480058,-0.09422751759839969,-0.29570707070707064,4.90198671432317
1,36.415423139434,309.225172896517,550.80692759164,563.023254880678,424.201334700199,285.941085411817,177.207705926044,113.413310752356,50.4304527115416,4.7235456182299,0.0168868408810626,9.63848951671298,13.3433608538983,8.15508385920535,18.0624163251611,19.0924960709566,7.92518299477278,4.23786674139791,-0.935592528467698,9.61041648851245,3.06598923882749,-1.0657330460659,23.0280572474172,-37.0663656421249,-18.5349684109041,5.87167270081116,7.9175661992384,4.70978553801418,-1.23574342720537,-3.46163674375324,-6.95539637009385,-8.66842670440429,-7.7425714443192,-0.572477743076635,3.91663474212098,-27.0635483199697,-37.1151373386247,-26.5866330723633,-62.9614587983358,-84.5444284273912,-69.9449861318548,-45.187984695196,-35.3964863505822,-29.0913187765619,-20.2635544983222,-11.4669037701367,2.49271510634768,-0.5451361455351332,0.9529517972222928,-0.11378875209983279,-0.1902548093066172,-0.11538116299880818,-0.007852924639199519,-0.012507270752016303,-0.028489864527496425,0.0128149244674229,-0.10819823932075119,0.13531492738654563,-0.072378829266423,-0.3376682415281101,0.4015931059901249,-0.3686806708228748,-0.10012285299781082,0.04924470296179159,0.10700462463316014,0.31993925078054275,-0.21574426976719835,0.2168921862198361,0.07725171757732804,-0.035989320254950635,0.11315668877722898,-0.014467779371352301,-0.3686929751253048,-0.06278274759215072,0.5743853951057273,0.1354278911105958,-0.047332080912513196,-0.003280345292469196,-0.08284872522284928,-0.10569437073471037,0.06157434747567445,0.18402669487482967,-0.11793879701510285,0.032456234731881924,0.009633748793801872,-0.010247911626729193,0.06218030222976434,0.12399928401633932,-0.14292555619946287,-0.07523370289832104,-0.03241530592974151,0.06471240249286163,0.023129773871182393,0.18418148057101144,3.9082683982683983,17.584515145335025
2,53.4895058277004,550.80692759164,1033.93307826597,1073.80348628399,801.957161772207,531.960778473597,320.627997697752,203.229774053877,86.9107544441811,7.16852574227369,-0.118699291228776,15.1466406885244,20.3182131813888,17.8976931669286,26.1545414547392,29.6185971728585,14.2428423448155,8.50703964967727,0.53252669261311,14.7759817514175,10.715076607077,4.88020058221435,47.5800614772599,-58.1836013750622,-30.6302944368331,11.9120467334906,16.3370507497894,13.1610324661571,4.03696920532652,0.628444603239603,-5.37761283271523,-12.7175357587304,-14.8342594365094,0.514141277424279,9.90295160418129,-57.6869123240144,-71.4055255332324,-48.2710457994408,-89.9603556838628,-116.201134829085,-94.2246097061066,-61.5606211251975,-48.7032501608341,-38.504578660527,-32.1305028171044,-20.1107300944642,2.20527176833061,-0.1700426213141889,-0.12714763682300126,1.2764796382317904,-0.4990044661884578,-0.19320787233342315,-0.6353109301642205,-0.5404517915001372,-0.054373892325466515,0.31561069337003833,0.2914834218491212,0.1522607418281747,0.16971517539674416,-0.034511810148292736,0.15376032235231632,-0.04877699539019981,0.15302822210763894,0.021242940306488788,0.01516826820746719,-0.1434865205091912,0.2896850344653359,-0.4805142853768729,0.20582303522010129,-0.08883658411731066,-0.05626191114068685,0.2008639566318319,0.3261854339819082,0.01613720622497607,-0.05785167030989347,0.12634819335079434,0.038339609461340574,-0.02209446224349242,0.024993812099593716,0.08998758482762359,0.08009946061505674,0.06266024214980706,-0.17418343187687035,-0.040310503452430736,0.18420321963785768,-0.1745420313107436,0.06302191134879709,-0.07258384739763701,0.120909347408622,-0.0002815604618202637,-0.0071199181246390944,-0.03570336585766056,0.012522430867618808,-0.12537633519497884,7.896132756132756,32.15467428331335
3,42.9570631050141,563.023254880678,1073.80348628399,1212.19950596905,868.053063870609,525.28578980295,276.215858516436,174.125223802274,72.696925012159,8.4893522142227,0.965255937192031,17.0806582638993,18.1744358539471,30.991965426056,41.4823511206004,49.6740272092886,28.0955661353024,16.1659120105929,1.35060243934414,14.4926624409278,13.7511575992596,12.6095096919635,57.8056230895918,-65.4406117558115,-32.6637208575651,10.7116889894623,23.6951300174799,28.0174837443799,15.1606416663679,8.57027259806762,-0.989974651795414,-10.8523462978924,-13.5622707695911,18.0037475346185,38.5476226161435,-63.8576614120014,-74.5262272162336,-46.5238858181519,-88.7094279307501,-116.015508655737,-93.0223409920829,-58.6096859016483,-47.1784081637281,-37.9061675502781,-30.3468033207441,-15.8749069894786,9.50643319782289,0.27816505855373447,-0.19907331729249048,-0.5098729100364636,1.335245393577757,-1.4646488729754472,0.25613751789490935,0.8554279441639078,0.10890677960817252,-0.36137816392659755,0.07387126888538643,-0.07998275628118422,0.028773962813728727,0.21747426989678484,-0.1729365945206844,0.0005356350165642421,-0.0049897784735462945,-0.049450380536071176,0.0022935371453296372,0.046537232256119394,-0.06943893721806366,0.04865040343492995,-0.03827789354876503,-0.01193654721055599,-0.017145120640114378,0.0160482045143265,-0.002986424523260917,-0.027838235333225218,-0.20367339360760509,-0.040080323267970557,0.017327445569995784,0.0059590180699587506,0.02665460638145551,0.01976860007059159,-0.10396262541160431,-0.09931960944506894,0.17870770497836921,-0.015295299259107555,-0.052221799738896874,-0.021626530492254534,0.018994167413802866,-0.013229742828945476,-0.013464457189943891,0.0022673477115642995,0.005249902152133777,0.11182093066692582,-0.06740742569852941,-0.05388493156348758,8.74502886002886,34.81651197304302
4,38.640885628881,424.201334700199,801.957161772207,868.053063870609,637.312063328678,406.643743850488,234.559230202251,152.88510681563,70.9741346105207,7.36339606409591,1.46276910942932,12.5133440179676,14.2254926366324,18.9456733598436,24.472131212604,29.4105382891297,16.1512165756454,10.1754542015516,2.11260263856294,10.6437836455681,5.87252453347665,4.08404726135722,40.0053728013982,-39.205102057012,-16.4506546574561,8.96897888297886,15.6577498425147,15.4698596998178,7.49026790149303,4.69281244397488,-0.631893181774346,-5.8419202145857,-7.12567345794711,9.68465278470761,19.2362649742484,-45.1035041874007,-50.6878808286743,-33.3631120445957,-70.0880734407327,-92.0705064345422,-74.440963071698,-47.0802173551597,-35.9044433949542,-26.0349812340251,-20.9750098215073,-11.0547879062072,6.56880317553466,0.052722364292305694,-0.11013040068940247,-0.23703540344038296,-1.5040364034353484,3.1651703091326726,-1.1039579945508384,-0.15460105938548013,-0.03569187604936192,0.008366230068520764,-0.13631152275036953,-0.05103246314769982,-0.05829909607056094,-0.10642018055854023,-0.18774603756277797,0.22847637462935264,-0.04246970168082596,0.005130618175016568,-0.057826562237871575,-0.03270549190114872,-0.21674706971684354,0.23306474544425146,-0.12352118438308336,-0.02211456969627406,0.05871161492287823,-0.16800648919337557,-0.10782894111178241,-0.0053684823003117945,-0.06916336717307539,-0.17680076398410982,-0.027069443186118355,0.009852527710624203,0.06950180095247317,0.017568368736229467,-0.04906728821292959,-0.2269816825364798,0.21638935813835877,0.07675619324944855,-0.2034174159129705,0.2008867553099362,-0.045149354856673374,0.0038894823247158667,-0.1082635484825183,0.07116103252155231,-0.040173250788626824,-0.032527506933341874,0.019933504025645553,0.04958971557044096,6.321702741702742,25.244842311424296
5,33.8747683740136,285.941085411817,531.960778473597,525.28578980295,406.643743850488,287.846843741889,192.786350049749,131.837173606086,69.7536322834924,5.85029610284687,1.53928008937171,7.64232229421613,9.63014534255959,5.86989201628808,8.15670486483781,9.24598875496186,4.01687629631269,3.65869775561984,2.04374082065004,6.67330558326955,-0.289923194712071,-3.39390456944345,22.3158448753674,-13.9330031716774,-3.64542233382937,7.17198260331488,7.38597440930587,2.71791608095023,-0.137934647775702,0.975467690890288,0.0601034039166867,-0.448913951177926,-0.278681770550723,2.19389173893775,0.828498567293156,-25.3446722403651,-25.5760319554739,-19.6454815181819,-50.5751903744499,-66.7949656251688,-54.7930345845094,-34.858353364209,-23.6850770322504,-13.096202174162,-10.8873207993661,-5.65314662232422,3.90412329128568,0.03060564215132374,-0.05192943143711362,-0.6657436228689867,0.23716260844835602,-1.148080760646376,3.5461134690976213,-1.912998296806181,-0.22627259140686462,0.6904397712702287,-0.44690683454478414,-0.13541146973758286,-0.25221144803250345,0.0671820068331253,-0.04162687121418045,0.15671147467702473,-0.07338755667037412,-0.027402063193635855,-0.019806038103347454,0.01158868203639547,-0.014449225528190359,0.14500582415813712,-0.0676335800299471,-0.007183916472116109,-0.13200831807569505,-0.07844821516618314,-0.16045700107025346,0.006278296239648391,0.012733886235336793,0.007163123685196294,-0.014942352539620148,0.014381997257835922,-0.028207567568599004,-0.04053907074873041,-0.0002958389662128418,0.016013434957845178,0.007467285981394244,-0.024565293676052893,0.006979829751137695,0.13159468884115777,-0.12667226941862966,0.031712971387717365,0.0174437527908773,0.014640035417518942,0.005813982443947601,-0.05440136463599685,0.006303598989737797,0.07659314332305818,3.700598845598846,16.965755030115474
6,29.5552741608263,177.207705926044,320.627997697752,276.215858516436,234.559230202251,192.786350049749,210.74558891142,225.96833165953,239.426825624628,1.38974000538852,0.0124590284195265,0.700625229109716,0.31645560857173,-6.69031193026065,8.64543364820304,-3.88288512194006,-4.28427888038073,-0.0688070785735701,2.93530266433109,7.88587332554183,-1.57258450291312,-9.33537013541775,11.732462717829,-19.4010649283165,-6.76545161833011,6.36410471514042,3.15992772326084,-5.00363947765534,-4.19994710652533,0.260057777276386,2.9158643363282,7.12279599113106,10.0683724829905,13.418285770096,16.4356366088601,24.5125198483846,3.4131873347649,-18.4359640926041,-45.6225676707011,-58.3867995755324,-47.0932439037476,-29.6590182637659,-15.5023136321783,-5.04940181660479,6.7352108451885,21.4421472417596,39.1723392650704,0.12644181415656858,-0.024242814781073704,-0.5268646256214762,0.9118381467266605,-0.16045616010332536,-1.9557302381796862,3.4444472723627904,-1.4434898333478523,-0.15575488385266473,0.17258864424213363,-0.025444139798486563,-0.06184345730966114,0.010076678532077677,-0.06962377196015603,-0.018075531747687154,0.004156852000249201,-0.03403656455166136,-0.05860781484062393,0.010958493209909223,-0.07534670636951499,0.22677905483232152,-0.11525956863507111,-0.01319925998876948,0.13083028335691035,-0.03841418697643306,-0.022440664167661096,0.03850207818907385,0.05197882287431146,0.027645391676142394,-0.0038273038903157636,-0.012654730020075864,-0.059647117195441024,-0.09841948727914865,0.05583532413353288,0.1746653489919103,-0.13222676166538289,0.0017207588626418494,0.02636894200857187,-0.003979531869238195,-0.0915362509039331,0.07376028192129182,0.07088432864857701,-0.01207037271253763,0.05303543162830204,-0.0824601798445662,0.02549082608219366,0.04422058334066667,2.9250505050505056,14.516734788216679
8,26.0654239462421,113.413310752356,203.229774053877,174.125223802274,152.88510681563,131.837173606086,225.96833165953,316.121884131928,404.003116917572,-1.90519759623202,-1.66856226678215,-4.7936065136737,-9.26094205739203,-12.6302418349361,18.1402942452967,-4.65030774235367,-4.12284591372923,0.84107719977747,4.09230784643948,9.65541758267819,-0.584861775171814,-11.2839242621651,9.62309020740695,-14.4449685179225,-5.17345169238797,5.9820300499124,4.0778677412182,-3.92445870816045,-2.54887324495368,2.75095548803098,6.15974444036666,12.4534086075999,17.226138703402,31.5130993635429,46.426064335239,67.0554223172955,23.7700258262741,-20.481507336149,-46.5130703181799,-58.5938451565122,-45.9861477925119,-26.7761848906885,-13.140003854041,-3.00167576064751,19.7530180936665,46.4578024193805,76.3061866548929,0.021766660790534572,-0.018908818895501344,-0.055994624980306856,0.12035602214264267,-0.03638918222838605,-0.23696883579550035,-1.4936011065790746,3.548384456828273,-1.8838488044788009,-0.06233277444346096,-0.10815390742690957,-0.018962121784254098,0.06732003811702478,0.022787698146912404,-0.011254363496741119,0.001793103925450385,-0.019183831560760544,-0.007547954329680208,0.08543952969320294,0.13191435831696552,-0.05659002970475078,-0.013432130856867282,0.015394570997012986,0.04210513864330191,-0.09661797895766072,-0.04599958391794441,-0.009849477613902615,0.04599753306430318,0.06934954437584963,0.05733307309079239,-0.014474079120677366,-0.20372090272249008,-0.15265719925875465,-0.01464354528182253,0.02782118413747318,0.013103007326225291,0.010023013226895064,-0.04365973833312259,-0.09124996728733716,0.12700674246204421,-0.09946235589217059,0.03776237524625029,-0.0032481774859804214,0.023589386221936758,0.047337575477744705,0.03716585963670539,-0.019818492883714733,3.396168831168831,17.779535543200435
9,23.0221744976423,50.4304527115416,86.9107544441811,72.696925012159,70.9741346105207,69.7536322834924,239.426825624628,404.003116917572,568.040017698039,-4.97956535438396,-4.29735702230023,-10.7879680685848,-18.1463880083555,-17.118329496613,28.8432716065808,-4.80490329179097,-3.47410165320566,1.99261243971388,5.29605183522829,13.8061230377488,1.89212518746597,-13.0506242174649,6.91220481555191,-8.43084572530703,-2.85896847361639,5.73740325723835,5.02476609698273,-2.84592956231941,-2.80944066990802,1.37050830967217,3.60829777715462,10.0605318744205,16.5145173653849,43.6896408077124,72.1866320984719,106.997214146761,30.315322640063,-32.9716733145908,-51.0011942199751,-61.5626620396235,-47.2443953920127,-26.1148553425097,-12.337188970571,-0.206179951289828,34.0839068637827,72.2294709694227,113.490335485187,-0.07606541392183802,0.016795048675387204,0.31945458860611453,-0.39434477271379687,0.01634537318576285,0.7308906968639981,-0.15979528350723116,-1.8715417414262565,1.3946610368158006,0.021485336092063434,0.12695638650734933,0.06647987949814874,-0.007452073500642576,0.012861007651008834,-0.06119559949379743,0.07593316403707437,0.05417513472515316,0.0019866713914864498,-0.11903426213644311,0.020250165877851046,-0.12232648359732533,0.08280854467357439,-0.01856931776376807,-0.07055823998887174,0.08711091844012682,0.009486121341027732,-0.0006776392595714872,-0.020965931606770585,-0.07576245756082586,0.012071704974781059,0.011900412289707538,0.1553589143431612,0.14146020974285964,-0.0070847866781433766,-0.05010027034028721,-0.007625206734193678,-0.022406302461084573,0.04884013667015345,0.06376602337680659,-0.01717345172460741,0.008639747283153035,-0.0685240865726727,0.0025981969772578637,-0.02329827576440192,0.005690577387248546,-0.04098615134533554,-0.10492622358658026,3.715382395382395,23.833380324621157
34,0.396201300110916,4.7235456182299,7.16852574227369,8.4893522142227,7.36339606409591,5.85029610284687,1.38974000538852,-1.90519759623202,-4.97956535438396,5.53578862026746,1.12093626096805,0.562924393611395,-0.477177746994188,2.71091778551752,1.61686223357595,1.86082801543048,1.70819007646565,1.33233911981879,0.830696976771675,0.329166748662964,-1.00567203788795,-2.95843771432488,-0.362942944111631,1.3690955908833,2.00397638067013,0.527591784861132,1.01341422635104,0.344863593906635,-1.75296018483027,-2.24154277062652,-3.31654774927756,-0.97403674440488,1.72051970751566,2.80183105923558,-3.593769359844,-5.60106385632358,-1.98215818605916,-1.44148716422268,-5.66851641533113,-7.9939548150161,-7.84011826323442,-4.87333762300117,9.49079476589174,23.462858195531,18.6122048346524,12.0630910770106,2.08359672662082,0.05069534134947619,-0.09518655378697191,0.29552639164035843,0.06011321338784595,-0.12174959529292068,-0.44587522972851373,0.19080027390809465,-0.05354459878042671,0.018527555446757854,1.9540298446518256,-0.8373893138311862,-0.15767520734926643,0.07249459433192365,0.31767923569696666,0.09015919946512616,-0.05436517295412484,-0.17336847055456828,-0.030070832118836446,-0.3631590392384478,0.2956903568733264,-0.2886021873357528,0.17530254906834528,-0.13120559063396067,0.0236583318275014,0.0060636531763806,-0.5544479643295936,-0.3398784377985167,-0.06448518968541724,0.023874955092220405,0.06746539245984187,0.4867605631486061,0.09811041043233065,-0.01553905136496454,-0.15109616642695559,-0.2447506651466127,0.21259351759546857,-0.23369675688202116,0.26139544579887175,0.17635418432044667,-0.33875524211481045,0.3705389210390839,-0.07773994326274732,-0.02528501828471394,-0.18046821009545458,0.11947134641453833,-0.1132144847212743,0.18832641136568745,-1.7209595959595958,2.3506996023029956
35,-0.700416316450657,0.0168868408810626,-0.118699291228776,0.965255937192031,1.46276910942932,1.53928008937171,0.0124590284195265,-1.66856226678215,-4.29735702230023,1.12093626096805,4.48708333333333,2.88695640008384,0.872738680659156,1.78669239913203,-0.664907577472972,-0.684817943510393,-0.718615058025538,-0.102845881509229,1.07122664054508,1.16729947064044,-2.90092372046715,-4.40948089860899,-0.745721655285308,-3.71628669874754,-1.22125168910016,-0.96848178343415,0.396726001438852,-0.64560487215166,-0.613420185736729,1.34191680670211,3.4244526384464,3.49276343549215,2.53391113740822,2.33904856310665,5.8170815537819,5.99898928220269,10.080868120655,7.29813254441971,1.51342187599659,-1.0910651841294,-2.33294662444004,0.49331922746047,-2.19618661145823,-7.11761671344803,-4.36150003368589,0.0226961097940561,1.44058637380465,0.08662948990446752,0.12449792540947074,0.2302700318899557,-0.03858218148318622,-0.054389347654195196,-0.15232067499696372,-0.041039347868626556,-0.16337280233270124,0.15598383678377745,-0.8332891608456146,2.711648532190456,-0.8657507660493894,0.430634953624077,-0.40395558962092754,0.14889988439617124,-0.17679664828192132,0.3234030408951242,0.3137590363067674,-0.22403174315633081,-0.28892686684551716,-0.04030518722895589,0.08757674651701401,0.08766776837948313,-0.016977523811735687,0.020968542342366184,-0.021444571979355585,-0.027745321614403864,0.29132541302056847,0.6563034030306675,0.02871341974561835,-0.45241921102101473,-0.30083670458639733,0.20139230125252336,0.004848672183870123,-0.04781704316332544,0.06321917259795712,0.14297590880189984,-0.10286239725535687,-0.19910239176755143,0.18736704269941948,0.07359899580387669,-0.0841125317361023,-0.19281567516946316,0.214233593369543,0.2123252779381841,-0.23463783819905754,-0.19554501057140278,-1.1416666666666666,2.1159119389363377
36,0.973700490743582,9.63848951671298,15.1466406885244,17.0806582638993,12.5133440179676,7.64232229421613,0.700625229109716,-4.7936065136737,-10.7879680685848,0.562924393611395,2.88695640008384,4.27795178799489,3.99539550215659,3.1104496715154,2.32661068947121,2.62758808824241,1.53084489473579,1.01098558893596,0.260829862217518,1.31317699700397,-1.44083429343615,-2.0390707372721,0.554356388511244,-8.59155045535311,-4.27333658461482,-1.06328509322101,1.29410341875411,0.457386483224825,-0.222644460094238,0.250716485173061,1.30296900491751,1.4929742583258,1.06204508401607,2.26967438373302,7.93851728287044,7.00768010207289,12.639887227619,9.30293411982634,4.09677627910379,0.787096545801121,-1.33956727713007,1.43221576795834,-2.83669417424378,-10.1163840118508,-5.42460610209002,-2.15620834936826,0.44929943465879,0.24701425645746852,-0.0775807411919233,0.19095662680576553,0.04811103179212396,-0.048894726202197675,-0.20855330039575912,-0.04921534036561851,-0.02571036059003869,0.07068824820887695,-0.1397313434315956,-0.9220474113740338,3.5195401931789734,-0.8477658809446214,-0.4681185410497595,-0.4088283976678195,-0.021785757746812927,0.28481765292617867,0.03768348955143621,0.2603073452052269,-0.138176583633067,-0.13635978489153847,0.03396385974441284,0.2838476597943463,-0.05952321600662603,0.10154853700483035,0.032377100506865715,-0.3665579047271135,-0.12827203554543398,0.01268667145493389,0.03241155561245157,0.08898254417348826,-0.0904179032883286,-0.05379129883170587,0.14071506998542935,-0.2653663722071274,0.18677491889070114,0.014369818520275284,-0.1190196719831882,-0.4634850347842523,0.258150642443033,0.2390480425303018,-0.17768500304285176,-0.15060056128298188,0.31894254634746544,-0.25709886028042356,0.11511789131112508,-0.01762025024247176,-0.8305555555555556,2.0659021729004716
37,1.02379090570298,13.3433608538983,20.3182131813888,18.1744358539471,14.2254926366324,9.63014534255959,0.31645560857173,-9.26094205739203,-18.1463880083555,-0.477177746994188,0.872738680659156,3.99539550215659,8.02328224776501,3.96222172269705,3.15880537105008,5.2370371939259,3.95246958826637,2.80469095473894,0.99778939168564,0.850610207208746,-2.59030043516132,-2.67925716219604,0.823872513875795,-11.4645512493938,-5.61201359997167,-0.973109492952716,0.364834547418311,0.0298044984793578,-1.104445034636,-1.84366905268279,-1.66295021618103,-2.3949509278105,-2.73332056057263,-1.04579807906149,5.58326691654859,4.34931633850741,0.628576660806631,1.49041604164193,4.58682240749035,4.51101059976823,2.91190773626325,3.18677334909194,-3.40808804655847,-12.5776320347638,-7.68348253324319,-5.23555393743608,-0.594594625456746,0.2167202806668526,-0.3612003362843049,-0.04132576313361253,0.22578860015537058,-0.12276634371214606,0.04498483608891437,0.00903040471937982,0.05815080037436086,-0.004053825558881385,0.07879520715668374,0.42762296667829286,-0.8436950820901146,1.1924734921807572,-0.2677831667624544,0.39111810763693333,-0.056826643464329744,0.06702055730811071,-0.2956371484083491,-0.19745833178565206,0.09802691115633498,-0.03313924550930247,0.037411377223641705,-0.08041482751800919,-0.027748498896196894,0.0339426460443747,0.12055700252085359,0.30722567497115316,-0.01295629016457923,-0.4161565111993549,0.09645263544913464,0.06453988224928063,0.11090699559689475,0.06589460043179639,-0.052666175539784164,-0.13337380085792577,0.009977990477512064,0.06121286657755928,-0.05513644782759971,0.008294349600725472,-0.06822526026901612,0.000475313000870025,0.07275818262955604,-0.02566682553212764,0.11876726977731125,-0.0924395334359444,-0.022866873266715066,-0.15656953796756803,-0.5444444444444444,2.8307741428388464
38,0.526725436071152,8.15508385920535,17.8976931669286,30.991965426056,18.9456733598436,5.86989201628808,-6.69031193026065,-12.6302418349361,-17.118329496613,2.71091778551752,1.78669239913203,3.1104496715154,3.96222172269705,15.8735057471264,7.44281119568986,10.3208584635682,7.88316887596745,4.50998741029051,2.0032934363028,3.85195313266034,0.602192462131117,-2.17750458282696,0.199895822562178,-13.6347553359115,-4.72563644534902,-1.25747748074713,1.40044132711384,1.44534157530121,-1.06116059180474,-1.74149932508425,-1.97623785340318,-1.02190988608341,1.50331507516605,6.67503996985827,1.64501430089743,-6.41752020673091,-15.6720215770555,-10.4862636823856,5.35878598035536,8.21382716440164,7.08763916785769,8.67560172774021,24.657080804001,40.5570312293467,30.4072977548427,16.0040923771962,6.96629781142099,-0.5940008769743867,0.4340111415843111,0.15500227000377212,-0.1782747247641626,-0.17184979538626075,-0.042278696169629,-0.06944368665961811,0.035637707862910976,0.019956970514325618,0.2936351174785908,-0.40164262888640834,-0.4485121516195862,-0.2764667837548787,1.312181987947635,0.07157733197544941,-0.050410086828115534,-0.41231535528410607,0.12420033628082021,0.001925906564866264,0.0923626543149699,0.18645414374549485,-0.10770761597422783,0.39629547219958194,0.17474933918139463,-0.0583166587033896,0.14814899686660246,0.05807567626022437,0.0609241694928561,0.03359097806555777,-0.008242875829279133,-0.18071941091180174,0.05660830225876837,0.16574310943835077,0.19174720322473118,-0.18125945368678015,-0.021504051744952353,-0.08316231435889314,0.24738965366830698,-0.05386799628048587,0.050148476977757865,0.09146112015300484,-0.10508486152868146,-0.005847189969455138,-0.1860454005958345,-0.14091465175546097,0.0840305954432748,0.2411328294402782,0.08333333333333333,3.9829016742980787
39,3.53525746597883,18.0624163251611,26.1545414547392,41.4823511206004,24.472131212604,8.15670486483781,8.64543364820304,18.1402942452967,28.8432716065808,1.61686223357595,-0.664907577472972,2.32661068947121,3.15880537105008,7.44281119568986,19.2974651979566,18.0739627917743,11.7726363188312,7.18615428295134,1.88408394637085,0.593113658687686,1.5305460569505,1.62194012813361,3.34667857176286,-16.1374831697869,-9.38431018551524,-2.62866481941799,1.52156817033658,2.25065820475858,-1.07895576550304,-2.8559235300631,-4.5963886369175,-2.56353872890984,1.0463788097544,9.0752511071107,13.2583321030166,3.56553571529864,-11.6327100318714,-11.7946277519232,-10.0670087879888,-12.8299880929252,-11.0837058219852,-5.66952033076374,2.58934750688157,9.11580249900727,16.5090465048642,16.7073371787538,15.8921972105653,-0.022670092747656537,-0.3969847055295103,-0.04881853759824372,-0.018436151900443575,0.23360211879503476,0.15446266289947186,-0.015907721501963342,-0.012879754899245992,-0.0555372324401937,0.11294303286551712,0.14655521540905994,-0.40969773069837523,0.39482197762283455,0.05559172567519662,1.8654345279433906,-0.7274674453466361,-0.026673609628024127,-0.07032776228308252,0.027196666327446568,0.0361577013809268,-0.014008255072905255,-0.018674759604574806,-0.27459390670893,0.00034118226349378375,0.070951149576594,0.7616265040466008,-0.13868392151875256,-0.09670290328339055,0.17341569506495455,-0.010545092830036875,0.06705406809913698,0.010366220115981433,-0.08133736786371809,0.17183736036517244,-0.6711303490429629,0.3024306880465458,0.005438921420192909,0.2656827238017939,-0.45939630990755254,-0.1245010593067747,0.2479128430120857,0.2618819377749576,0.1890010599240923,0.14086862283905555,-0.48732656731145557,0.006478435236632684,0.08705687402451069,-0.3738888888888889,4.391749673872201
40,5.19652186315342,19.0924960709566,29.6185971728585,49.6740272092886,29.4105382891297,9.24598875496186,-3.88288512194006,-4.65030774235367,-4.80490329179097,1.86082801543048,-0.684817943510393,2.62758808824241,5.2370371939259,10.3208584635682,18.0739627917743,26.3752630906769,19.6411732793989,11.7492081792818,3.41506772719833,-2.09342697426032,-0.0184138890248739,1.43264366802529,3.2760620667559,-6.08936371757462,-3.99945297616662,-0.973860306205754,1.93999215541242,3.40960266766133,0.871028773116515,-0.477879947365006,-2.16292879189732,-0.91512601891516,1.6217600093209,6.20692505302108,5.05012384493172,-10.4678383503612,-20.1989296639209,-13.0333885344509,-0.962957652454045,2.02122943010594,2.73068576497912,5.27706999520016,5.95616260257056,7.22647316672529,13.7514019583373,10.9993141958016,12.2441931127341,-0.2637062351650859,-0.09880930476213141,0.1204343407899674,0.04948663201995431,-0.020540504238876652,-0.08465406470943224,-0.006889309951432505,-0.004644202219071707,0.09216233786153993,-0.04569408646633914,-0.1805043693991873,-0.02727283178162636,-0.04788894909414935,-0.05169348475256421,-0.7339442083813942,1.8373582094806917,-0.9177208493591876,-0.2684675843526956,0.1935891189593651,0.026600414856301213,-0.2246566508267884,0.1031973169280375,-0.24745613800913624,0.01578694283287617,0.0026506415661153083,-0.09096595901778688,0.20202236248778174,-0.032094469397743616,0.025081742595330515,-0.019421597094354138,-0.113496612739068,0.017252067965187023,0.36578066644476365,-0.6212896901789635,0.13051954688846973,0.18785503298110467,0.08295052903592884,-0.16206555854076873,0.2815912087863587,0.010843639566919439,-0.20300552629117816,-0.07721587156755048,-0.07170896279665835,0.21749957006325146,-0.16229454213561587,0.17219728272512988,-0.29449869439601906,-0.8477777777777777,5.134711587876858
41,2.60240701546483,7.92518299477278,14.2428423448155,28.0955661353024,16.1512165756454,4.01687629631269,-4.28427888038073,-4.12284591372923,-3.47410165320566,1.70819007646565,-0.718615058025538,1.53084489473579,3.95246958826637,7.88316887596745,11.7726363188312,19.6411732793989,16.9840888321271,10.7191915833416,3.44479613528001,-1.91342807611718,-1.89683534920096,-1.69913690038073,1.78979122177085,3.48266660537996,2.16281610508304,-0.144907091505608,1.68960449315035,2.26099855188256,-0.22189999089165,-1.49111173669825,-2.75892464807263,-1.80851981899746,0.149800394357423,2.65180998184134,2.19008018890458,-8.24522575018691,-16.14468902149,-10.2061660700948,7.47859032654836,12.9475657073899,12.9005368306752,12.3080707965749,8.49507227189041,6.78565330925051,10.4547842472494,7.592870503417,8.36996831567232,0.19877667530648155,0.042521857593104596,0.016459381640750843,-0.053784864374387065,0.016164058313627355,-0.015239743907366592,-0.005139753578205622,-0.01660093219657981,0.03210965393832544,-0.1670282548493285,0.2879321541617641,0.27371513331453257,0.07153209938593237,-0.4308904835411735,-0.02968746583625983,-0.9398760528722178,2.0185780755806437,-1.205763878772946,0.1524520517176744,0.25284498824787044,-0.16456089607189586,0.07680811195906426,0.21432773028873564,-0.030715910752962296,-0.016517262141240358,-0.2681523523942835,-0.09381547153231112,0.1187759481842831,-0.03962120795080674,0.012491437140394118,0.06695089818490095,-0.003666023113031768,-0.13962185688539053,0.0401610885208896,0.20768296157432778,-0.21750572240496188,-0.04554989698888724,0.051968994061448184,-0.005265303555649001,0.02140589921390414,0.062100373739286195,-0.1613077770353465,0.027441705607120913,-0.01359239119873698,0.171022418594038,-0.09160285528669432,-0.05068088744983608,-0.5651851851851851,4.119962236735568
42,2.11748442306009,4.23786674139791,8.50703964967727,16.1659120105929,10.1754542015516,3.65869775561984,-0.0688070785735701,0.84107719977747,1.99261243971388,1.33233911981879,-0.102845881509229,1.01098558893596,2.80469095473894,4.50998741029051,7.18615428295134,11.7492081792818,10.7191915833416,8.21007340002838,4.31988273977619,-0.580241812758689,-2.79544644999101,-2.29550314872714,0.776663343302903,5.59597167657794,4.41178069695824,-0.857687672438423,0.945670327367809,1.09656294209156,-0.862064208232125,-1.83584563734108,-2.33020347790614,-1.22925671116145,0.457098351635619,1.64365518366055,1.70156258401925,-4.64539865192434,-8.38442448071566,-5.0971775247337,0.769501454464695,1.65714880800018,3.30680980014462,3.15812244956948,1.34225364724181,1.02547220187442,4.88280273900049,4.64113183754613,5.19144125406186,0.28561518022731386,0.11654835584237155,0.013432106853810553,0.0036685192721275213,-0.02061361747778185,-0.009559918150910377,-0.0405477193740389,-0.0024581553394790495,-0.008171590726195313,-0.036074783890170346,0.3371907841133627,0.03779997678352272,-0.2877297355226174,0.15515570013615707,-0.06386312819415786,-0.28027845978145327,-1.2245641162542473,2.9829066617116897,-1.0043155221405087,-0.38203590157068607,0.15128388646726643,-0.024866044180197517,0.009745281680045181,-0.047080032042007225,-0.028558795196492223,0.014295611556501138,-0.46329547799560605,0.32326249919996514,-0.029812406466737752,0.10706267856605096,0.2217553891003926,0.002616965663615603,-0.27830555798630696,0.1994287820341358,-0.1057139419674324,0.1204341673759296,0.037251913562954986,-0.11130635356371354,-0.1269331472695393,0.25744703421477,-0.23221879461934475,0.029976886215604497,0.0728969886862589,0.005351244618709924,-0.03873143028756193,-0.011243589359199129,-0.02045323966919353,-0.9687037037037036,2.863577028827473
43,2.68828737866471,-0.935592528467698,0.53252669261311,1.35060243934414,2.11260263856294,2.04374082065004,2.93530266433109,4.09230784643948,5.29605183522829,0.830696976771675,1.07122664054508,0.260829862217518,0.99778939168564,2.0032934363028,1.88408394637085,3.41506772719833,3.44479613528001,4.31988273977619,5.46581098339719,-0.120728267226082,-3.68699834741032,-2.93939377983934,-0.655660031911243,5.65204919455036,4.5738252917518,-1.50257895526781,-0.206073973409933,0.48816063198052,-0.594842260615879,-0.741560891691209,-0.314270455182787,0.247063465037499,1.03805712847976,0.0638419276958296,-0.155558367644045,-3.13190280886306,-4.90828775990507,-3.22536374762135,-8.87384821817734,-11.5521797426136,-8.6546103935071,-7.41140908067389,-7.69597801274975,-7.218207506444,-3.18586739308257,-0.366342438743791,1.3637513048686,-0.5780180893701327,0.3606070695266077,-0.14316662320670423,-0.01976013334849102,-0.03956363087779787,0.004414781923986741,0.03225004966845579,0.0992363697269899,-0.13545486501232928,-0.3713789366902065,-0.25292707227388833,0.2456462257019786,-0.2224383157068902,-0.009949760354134493,0.007926557657974244,0.2001131591350699,0.1679139176683449,-1.0125507873058301,1.7423933454986564,-0.43585621832024457,0.32277988114896194,0.047157129493062715,-0.38632779113896976,0.0121630687136801,0.11444383526177469,0.43726033571174405,-0.0874495482231931,0.07222007289748968,0.02402658719250906,0.08819586614457864,-0.36309663342245224,0.019544283922253082,-0.0026113078459914806,-0.13190722244671027,-0.034070876965765266,0.2167825929642222,0.08881202964749761,-0.054425743679290414,-0.016191701215577888,-0.10586075136667289,-0.020353357344425477,0.22747043352750726,-0.04388546961782621,0.011199067173082644,0.11956493442568442,-0.05237473274376807,0.11451789078282297,-0.9555555555555555,2.335767750311916
44,6.73910900333307,9.61041648851245,14.7759817514175,14.4926624409278,10.6437836455681,6.67330558326955,7.88587332554183,9.65541758267819,13.8061230377488,0.329166748662964,1.16729947064044,1.31317699700397,0.850610207208746,3.85195313266034,0.593113658687686,-2.09342697426032,-1.91342807611718,-0.580241812758689,-0.120728267226082,29.4226436781609,13.1346335647391,1.68552956017049,-1.99796970385938,-5.0547951776171,-0.534332409300144,2.84448630909775,4.88125523288206,4.21069801567195,4.22101047795773,3.81147779067707,3.16774268391731,4.17599349780479,5.21605068612239,19.8678862265062,27.9975127030764,45.1449279771767,18.7196717466142,-4.2916054064675,-9.07252322581923,-14.1170156313096,-12.2651700994343,-8.73225822350997,3.474928502115,16.7779250205148,13.3063828623035,11.0528409011058,12.1653377653669,0.025454280141122144,-0.22594346977131807,0.3016347884126374,-0.050307907727906116,-0.206402819945546,-0.0166096259541999,-0.09642110532739895,0.13780270694962996,0.023503077553664913,0.2913493926359399,-0.27398584843981566,-0.1229484553385235,0.10695453501677026,0.0992508039139067,0.030508945217038026,0.032544156238976,0.2516728870849371,-0.39500627529943094,-0.4337848591492976,1.0616925268794268,-0.5024575934744343,0.006161562493442441,0.39354267178862634,0.046244036865297364,-0.12273819598169736,0.013734407565084275,0.024811102510710243,-0.03594362360395395,-0.021818661001079882,0.06529069064714654,-0.006254380932946509,0.048246725904149246,0.0011330159312747715,0.027698989180354912,0.2470682718733018,-0.4445209465619308,-0.1840860895918202,0.3640432362047627,-0.0012975170719888216,-0.060487426300013386,-0.04898755339252403,0.1285130382114627,-0.039489171555890115,-0.004662945941761711,-0.09115111063781593,0.0486902135549821,-0.08401803521784587,2.033333333333333,5.423342482100953
45,1.84903072275112,3.06598923882749,10.715076607077,13.7511575992596,5.87252453347665,-0.289923194712071,-1.57258450291312,-0.584861775171814,1.89212518746597,-1.00567203788795,-2.90092372046715,-1.44083429343615,-2.59030043516132,0.602192462131117,1.5305460569505,-0.0184138890248739,-1.89683534920096,-2.79544644999101,-3.68699834741032,13.1346335647391,26.9645418263091,29.4638770339566,1.7569421084592,-17.7601785472068,-16.7213379809014,3.48554591631497,3.35797780109142,3.00507681274796,7.94905878852816,4.91219500989188,1.71357296562609,1.10472710516682,1.30868624046602,4.65219110358125,-2.53552074003291,1.53945705624576,-9.64933211816825,-10.297291174172,-10.2310868509071,-13.1670194787862,-12.0062091109431,-10.1335391399518,5.97499038617839,19.8827599976421,16.2891191299019,12.8835711367481,2.37879484133396,0.019892726427330854,0.24433434850657149,-0.49957002375561316,0.021054139487684417,0.21448409453081824,0.1380818923971953,0.24580378213557494,-0.04644067533905676,-0.1283716227781062,-0.3013727700919916,-0.04768487082685266,-0.11436078966420186,-0.06219749176539295,0.17633815961620888,-0.009104717492682877,-0.22750597422626506,-0.17530977552019075,0.14392145208516047,0.3146576586708664,-0.4976252982743036,1.1749134882305203,-0.4587880306585515,0.19634953898047583,0.02030239571630952,0.07563835700482302,0.24694161122803,0.005082342814556029,-0.08757718322557609,-0.3043344285002321,0.032433592467577294,-0.13743243785646844,-0.0906083277581821,0.1372983286838488,-0.0049860039741836445,0.2301442937639369,-0.09476278053714979,0.020438245742878548,-0.04497631253157505,-0.029032799779540736,0.02574243031706352,0.09666391029258153,-0.16830942183323824,0.17036920227453348,-0.18877752716710142,0.068263653455683,-0.032974128318374936,0.20091595572287535,1.5972222222222223,5.1917763652057545
46,2.36678868261344,-1.0657330460659,4.88020058221435,12.6095096919635,4.08404726135722,-3.39390456944345,-9.33537013541775,-11.2839242621651,-13.0506242174649,-2.95843771432488,-4.40948089860899,-2.0390707372721,-2.67925716219604,-2.17750458282696,1.62194012813361,1.43264366802529,-1.69913690038073,-2.29550314872714,-2.93939377983934,1.68552956017049,29.4638770339566,53.6129793263091,7.12899038256152,-9.98518819742716,-14.5979869710422,3.51899248179399,2.34958695158882,1.65762615688264,11.7849049857268,7.28384728069307,2.51406730607689,0.564000204135358,-0.839284832296594,-5.1951245437368,-12.5229010492216,-19.5199327174634,-21.8165579756643,-11.2796895855359,-12.6959485628034,-16.1688393463437,-14.0702127323959,-12.5405739894168,-8.70080685473713,-8.19148328958897,-3.58303733180858,1.7660759047759,-8.5671825223594,-0.19471929264722473,0.07244731601909117,0.21804547120844892,-0.03749151560087448,-0.09909717491733964,-0.06442866160993403,-0.12946519349740604,-0.017171241926911725,0.08407937857811217,0.16925608226860178,0.07105912911667904,0.020948701650157334,0.05263881505756103,-0.10602020236711056,-0.022593799249841284,0.10235707761446175,0.09001236904955567,-0.019882013088478652,0.04145437669983487,0.00657728394540922,-0.4569753817146003,0.5640789403242757,-0.49021532294674636,-0.021740375761583615,0.06499976810050193,-0.25382730770469725,0.006895280274495962,0.43622049402396024,-0.22711704690335266,0.01846017426363544,0.22659886619612704,0.022625635404938928,-0.13363155009705388,-0.06960128618424356,-0.1034185752779541,0.14925799828131284,0.02579397160726216,0.015402561608965054,-0.16136613169589215,0.05289018365258162,0.009461954622858829,0.08400510230056371,-0.013640390712711918,0.07844432534502455,0.03180653370247659,-0.05769845650960724,-0.041442092324733434,1.9930555555555558,7.321405556743123
47,-1.06500122051941,23.0280572474172,47.5800614772599,57.8056230895918,40.0053728013982,22.3158448753674,11.732462717829,9.62309020740695,6.91220481555191,-0.362942944111631,-0.745721655285308,0.554356388511244,0.823872513875795,0.199895822562178,3.34667857176286,3.2760620667559,1.78979122177085,0.776663343302903,-0.655660031911243,-1.99796970385938,1.7569421084592,7.12899038256152,7.95237707535121,-4.45507479372917,-1.1199093900065,0.641039807248774,1.42563143677327,1.14924016096373,2.87749970103981,3.11473188990243,2.69270490312373,1.65462546307928,0.481472028754689,2.64686983611872,6.52366216172676,-0.813254271251719,0.774510975311189,0.112432098215394,12.7389649285306,18.3493767811643,16.1389603494353,14.755037939963,8.51628822639768,-0.403887748754394,-0.189310066723091,1.38063494401576,-0.193572622809702,0.22072932862227634,-0.019896415232584286,-0.06108392458054508,-0.017311825449115997,-0.020098336782163436,-0.0020322626114547483,0.0010402195171512689,0.01614627745401059,-0.015303746496866616,-0.12355128598880313,0.07234399417531068,0.28575562339836225,-0.10700402843265831,0.42560122372586706,-0.27647177721849037,-0.2783214688593447,0.20380532821713823,0.0006616199909272958,-0.40820580535706824,0.44126981964474243,0.2114507190405677,-0.5216702543121984,2.6738377778806375,0.13932936623188988,-0.3553445506694985,0.302598989504858,0.023038079354090767,-0.0004281835081339441,-0.30977686835301793,-0.4014935145372948,-0.14831947828521566,0.17015094516634563,0.6045611510386174,-0.11221314067044538,-0.23710270184182733,-0.020457759896832056,-0.10594321035639058,0.03655268286141456,0.21384953562646936,0.006160879070600801,0.028943059613438883,-0.056675214028203205,-0.7239661068323264,0.22555205165350503,0.06549604802438219,-0.12886522939561115,0.24897286267817986,0.23055555555555554,2.8182223253943635
48,35.9459096113508,-37.0663656421249,-58.1836013750622,-65.4406117558115,-39.205102057012,-13.9330031716774,-19.4010649283165,-14.4449685179225,-8.43084572530703,1.3690955908833,-3.71628669874754,-8.59155045535311,-11.4645512493938,-13.6347553359115,-16.1374831697869,-6.08936371757462,3.48266660537996,5.59597167657794,5.65204919455036,-5.0547951776171,-17.7601785472068,-9.98518819742716,-4.45507479372917,281.062244971264,147.704180513605,2.08952719977375,2.81909010611881,0.114053878554777,-2.07137408260789,-5.10218798342161,-9.09935339961752,-14.9122744047686,-19.7287590249037,-18.6858018086845,-13.1436121338479,0.805584028700577,-22.1633228774379,-7.64640295914441,-9.54227538459675,-19.4076257554327,-17.2618740175165,2.90138469541581,-36.9607807852684,-29.8458254060201,-29.1348484746843,-24.2744912331437,-14.8933819456142,-0.1627909158645087,0.12142660400106364,-0.05119034487969812,-0.013801868546907889,0.06686697343932009,-0.13313313374059707,0.1325117204964465,0.046012931983447095,-0.07098997783304518,0.024512577923327103,-0.014487379195514129,-0.057238153856088166,-0.03216739387739715,0.17846266310051867,-0.00013072265109183024,0.015126950710929623,-0.03063812320447636,-0.05111640863579512,0.011067426174795253,0.04971061053971058,0.021398430008949056,-0.025086662092082154,0.13897762672850467,0.17271539201000544,-0.1370215262999718,-0.09161386875079484,0.03038536374056042,0.09509797115234211,0.01625677590434052,-0.002786693509059253,-0.06813408006165307,0.01949231437743066,0.03394274752590992,0.00015517015644561936,-0.05360250544958143,0.009333972032962077,-0.001281654745666087,0.0214950406386268,0.0042042085622133775,0.01936513726114916,0.051278221815236044,-0.09763100002752259,0.012324165923658962,-0.01930785121641766,-0.025875347399127953,0.013770074475171054,0.062239205472244964,2.629166666666667,16.76461287865796
49,18.4697320602331,-18.5349684109041,-30.6302944368331,-32.6637208575651,-16.4506546574561,-3.64542233382937,-6.76545161833011,-5.17345169238797,-2.85896847361639,2.00397638067013,-1.22125168910016,-4.27333658461482,-5.61201359997167,-4.72563644534902,-9.38431018551524,-3.99945297616662,2.16281610508304,4.41178069695824,4.5738252917518,-0.534332409300144,-16.7213379809014,-14.5979869710422,-1.1199093900065,147.704180513605,101.005651740102,-0.29741170449433,3.06708172858773,1.97986700955415,-2.89395731387609,-5.57975239970816,-9.50585934528913,-12.6372902075765,-15.1246754599934,-14.5851106624443,-11.36733171621,-1.68078415570157,-17.0001261797042,-6.831178406591,-3.65534754553735,-10.195126751175,-9.79419815871451,1.96841250763549,-18.7594198693062,-14.544548733074,-14.0112070118522,-12.1905358902191,-6.793439665943,-0.01888724825925498,-0.014488627008290423,0.1981564297783269,0.01832984921585301,-0.17087897788551998,-0.08233207024754947,-0.03593968929600278,-0.10007433116186214,0.08872619787908535,-0.012307493150878514,0.017911782116372458,0.09211686169981606,0.04071057146065418,-0.06826931849761393,0.07249724678335202,0.009751166143659501,-0.007815861409819052,-0.022097850149894814,0.11390563107190682,-0.13336475797278247,0.0781535322481302,0.07503026824124816,-0.3544405717480949,-0.13692880298888457,0.37270548768935446,0.24300708864733417,-0.04271222878750558,-0.07745970669435004,-0.037472897383181845,-0.03972391758296733,0.11309831138381131,-0.0646266820021699,0.02669163684280183,-0.0018051297872461504,0.08769578334555249,-0.02570616408695407,0.014175179810881485,0.022442488716726168,-0.15987322074687046,0.06555289579101677,-0.003101359929673893,-0.018722990049817503,0.1815357808540618,-0.0868456778502475,0.02699220579819801,-0.011370228132198856,-0.05551553332212747,1.7680555555555557,10.049659284776881
50,1.32543320585955,5.87167270081116,11.9120467334906,10.7116889894623,8.96897888297886,7.17198260331488,6.36410471514042,5.9820300499124,5.73740325723835,0.527591784861132,-0.96848178343415,-1.06328509322101,-0.973109492952716,-1.25747748074713,-2.62866481941799,-0.973860306205754,-0.144907091505608,-0.857687672438423,-1.50257895526781,2.84448630909775,3.48554591631497,3.51899248179399,0.641039807248774,2.08952719977375,-0.29741170449433,5.49777937420179,2.84116102927608,1.6542260907594,3.10528013345493,3.60198214936303,2.55836899085843,1.46887527604223,0.347722237853677,0.7063478446152,-1.89605761336273,0.632986717982664,-6.54892693361468,-4.56786008046073,11.1130176138833,17.9497274440615,14.6860742183678,10.4910414130467,9.65019493816492,10.2501609913732,6.59662635072569,3.69368132809256,2.67786355248467,-0.11549232040483706,-0.3638406776445608,0.3076275108850745,-0.010448713278681972,-0.14245332407783529,-0.12233753443150465,-0.008503405348875842,-0.038617997318761726,0.006829693442865529,-0.5767360975912378,-0.023238428866610206,0.03746679103411981,0.11441623196110053,0.12793237800886123,0.7628343547194507,-0.09836876067722825,-0.26895939496090426,0.03647269520031897,0.4313205770011961,0.010697652476885595,0.2590411558943497,-0.25286389940967097,0.29624697079216106,-0.09344615269094164,0.2460960186594402,2.635764757337598,-0.7676776421549879,-0.1462480566954055,-0.20039378182137166,-0.4108058962604544,-0.040799027085523965,0.029359322601941892,0.2644064804610529,-0.036335705249564254,0.06752974355425286,-0.12290107860983725,0.06433366948916897,0.06748931736823495,0.005175086608040698,-0.14370230553781632,-0.43239945029508253,0.4901671657674805,0.17797109296070096,-0.035771749165742946,-0.12600828768488104,-0.018216415296836857,-0.10033392486933278,-0.16388888888888886,2.3426009848460723
51,2.98503848064813,7.9175661992384,16.3370507497894,23.6951300174799,15.6577498425147,7.38597440930587,3.15992772326084,4.0778677412182,5.02476609698273,1.01341422635104,0.396726001438852,1.29410341875411,0.364834547418311,1.40044132711384,1.52156817033658,1.93999215541242,1.68960449315035,0.945670327367809,-0.206073973409933,4.88125523288206,3.35797780109142,2.34958695158882,1.42563143677327,2.81909010611881,3.06708172858773,2.84116102927608,4.87258979885057,4.50788831941999,3.85687454984967,3.21769357299999,1.85329158940156,1.65124452371768,1.32050202661117,5.18882647939303,7.22416541406188,8.592745612296,1.98995550681649,1.32049359337668,3.04116410112355,1.20755772367177,-0.608293547265582,0.942732456095905,2.25685382883263,3.03991299796127,4.35643412119483,4.98905294440648,4.57483624759473,-0.05935690199931405,-0.02779996523049382,0.008447118301734115,-0.023958969749266663,-0.007869315353981788,-0.012584400102779674,0.028668672333413987,-0.016912676293413254,0.000531128898880815,-0.35136534186708157,-0.02685482547480859,-0.37519663405889536,0.2678453656680071,0.07338510867834248,-0.1507558364829453,0.19929320903969497,-0.08797888138442106,-0.43500769990143584,-0.11364876041998773,-0.002935909750153331,0.024127181912831676,-0.013636458826667665,0.024488673609584666,0.03259848950904785,-0.04939080358809325,-0.8033270302631424,2.8947755279580663,-0.6478016414653583,-0.5153123377784734,-0.3531396292414477,0.12321564838547987,0.019958657974811184,0.02589875808973648,0.5266031078306109,-0.10097320543651872,-0.23348671019455214,0.09893990995961563,-0.015282507277864192,-0.8301555417801199,0.556282325165167,0.06276068560756816,0.051336179230921965,-0.1044827677174209,0.04865795235551532,-0.22305008660312173,0.10053907498259,-0.051551695889015405,-0.8291666666666667,2.205128068582542
52,3.24335756887886,4.70978553801418,13.1610324661571,28.0174837443799,15.4698596998178,2.71791608095023,-5.00363947765534,-3.92445870816045,-2.84592956231941,0.344863593906635,-0.64560487215166,0.457386483224825,0.0298044984793578,1.44534157530121,2.25065820475858,3.40960266766133,2.26099855188256,1.09656294209156,0.48816063198052,4.21069801567195,3.00507681274796,1.65762615688264,1.14924016096373,0.114053878554777,1.97986700955415,1.6542260907594,4.50788831941999,8.92637931034483,6.57821627938449,4.76886976214134,2.24360011459575,3.1169366142611,3.88475732851771,7.8266615202634,10.4251789566642,8.21669704198888,-0.919796129760089,-2.64101785072631,-10.997131347285,-15.3438411980478,-13.1559002127009,-10.4151829117166,-9.61703194988806,-9.98627992784532,-4.28984532716575,0.221877634765922,1.61897955764709,-0.4641267087643071,0.5963392752408878,-0.05257670443951655,-0.1774208578751381,-0.06527435609341568,0.009139818498156349,0.04402571687631957,0.03752388176652344,-0.01514741268707914,-0.05766034260033135,0.21391164560288206,-0.08503023672390427,-0.009996959680593158,0.067173749541374,-0.10145080086914837,-0.03167779072305432,0.11243689109641987,0.31579490125277626,0.08885073166715467,-0.02648970794558588,-0.09383704381561818,0.442773661682866,-0.001725868110058774,0.09278823802078251,-0.09261134607369698,-0.16427007488999065,-0.6833331658129067,2.368248942750497,-0.9248590832299735,-0.06833904977371313,0.5894132225074111,0.04240629840765419,-0.2643532254038127,-0.4961241167068962,0.2651538999010571,-0.08893760108153212,0.10266216084220081,0.03316067874411459,-0.06424231608058954,-0.10843758461646824,0.09755036092144197,0.15067297208652444,-0.21612573143974204,0.47499605348180846,-0.3077335944903062,0.030470370379339126,0.17500850801482257,-0.65,2.9860306948095543
53,1.9147553597091,-1.23574342720537,4.03696920532652,15.1606416663679,7.49026790149303,-0.137934647775702,-4.19994710652533,-2.54887324495368,-2.80944066990802,-1.75296018483027,-0.613420185736729,-0.222644460094238,-1.104445034636,-1.06116059180474,-1.07895576550304,0.871028773116515,-0.22189999089165,-0.862064208232125,-0.594842260615879,4.22101047795773,7.94905878852816,11.7849049857268,2.87749970103981,-2.07137408260789,-2.89395731387609,3.10528013345493,3.85687454984967,6.57821627938449,12.0739846743295,13.7405868821321,13.4931520580446,14.1110764942893,12.7346650784244,14.1100357340863,14.3132429924141,11.3502410749702,10.8075802100222,3.40039776481953,-5.7803430661922,-6.87905213945356,-6.60674075788226,-5.53861104252376,-5.8881796289653,-7.9890935583317,-6.09810785643906,-2.65082174006305,1.81586743268615,-0.05296949419693592,0.12855990599640985,0.11708554122929307,-0.014851198406024146,-0.10498030239586416,0.019235509300409865,0.02643198498687979,0.02408720738460108,-0.06744201330091779,0.029303758653781275,0.7457010415683442,0.020654849554158684,-0.45238534581844436,0.06490533502255778,0.16983987987914073,0.026499367363933966,-0.031336063456615874,-0.045861859308451915,0.035257165303827366,-0.01646572966565626,-0.2911541491199167,-0.26519820161791086,-0.28545954882703656,0.0236737918532341,-0.03666707866473625,-0.23319557855510173,-0.5350199836545514,-0.9867717980092444,3.8037151483255798,-1.38545417533672,-0.24416007074941273,-0.10807841612043273,-0.1523126377562262,-0.027470283095658625,0.03116851651579126,-0.006552916399839662,-0.004587273809485605,0.12088911046318886,0.07172333273821264,-0.17219933356087838,0.28732712619293205,-0.05156735899031535,-0.06438407944271042,0.04557951403925399,-0.06372620575015406,0.14199928466882936,0.11626229205484549,0.55,3.4733247291794505
54,0.529752416008169,-3.46163674375324,0.628444603239603,8.57027259806762,4.69281244397488,0.975467690890288,0.260057777276386,2.75095548803098,1.37050830967217,-2.24154277062652,1.34191680670211,0.250716485173061,-1.84366905268279,-1.74149932508425,-2.8559235300631,-0.477879947365006,-1.49111173669825,-1.83584563734108,-0.741560891691209,3.81147779067707,4.91219500989188,7.28384728069307,3.11473188990243,-5.10218798342161,-5.57975239970816,3.60198214936303,3.21769357299999,4.76886976214134,13.7405868821321,20.0643494409258,23.2856706028422,24.8089482519099,22.3668673430952,23.1678567432621,22.2376513097615,19.3926527024872,28.9963363760172,13.6971659657847,4.21827831886949,6.95160272330276,4.54067871179969,3.63361291010083,3.17360707576265,0.312230421916532,-1.32018598334956,0.116681537672538,6.13413347747054,0.04476125751020346,-0.013018672687686049,0.034482041025999936,-0.009958774337743843,-0.02105945223755407,0.0008004114524974486,0.01322106930544533,0.06567507418774228,0.015483799099782258,0.06300185483066431,0.08221644099406235,0.03152014163261692,0.10270720796942161,0.0005681866609940164,0.00806267624795464,-0.0061882977466752335,0.013614255138218689,0.086364886642467,0.1234981912210177,0.023756383825570007,0.022097149724481496,0.04976144582333297,-0.43001199282910585,0.007016493571557674,-0.04031764693506827,-0.3588986469026934,-0.4145135488564274,-0.07256763485474335,-1.4872355757206233,3.6397094004208315,-1.7941188376276223,-0.5069089087805417,0.0557654607135925,0.1812546880382516,-0.014673159217172247,0.06559681578902361,-0.16285609176724394,0.281198737625784,0.15782244360622308,-0.25185122105199975,0.14177062290740783,0.008544138132775077,0.13536251821736822,0.02624784546757568,-0.11645992481086426,0.013447478133076984,-0.11184189468934458,1.292857142857143,4.478208284674329
55,-1.03760133523834,-6.95539637009385,-5.37761283271523,-0.989974651795414,-0.631893181774346,0.0601034039166867,2.9158643363282,6.15974444036666,3.60829777715462,-3.31654774927756,3.4244526384464,1.30296900491751,-1.66295021618103,-1.97623785340318,-4.5963886369175,-2.16292879189732,-2.75892464807263,-2.33020347790614,-0.314270455182787,3.16774268391731,1.71357296562609,2.51406730607689,2.69270490312373,-9.09935339961752,-9.50585934528913,2.55836899085843,1.85329158940156,2.24360011459575,13.4931520580446,23.2856706028422,30.7298505551646,33.8764862749705,31.1321976669997,31.6422588349338,30.4248920443011,28.5688168791523,49.1597307626432,27.898799257024,15.9087038374926,20.2119968178642,15.9495460251624,13.0198072775216,11.8667274731263,6.82604225052381,1.28936027921449,1.05594698671117,8.29672241246738,0.02896398688623001,-0.014548207408731384,-0.026026196282730382,-0.017761595010141133,0.005725044297415041,0.014996216651653292,-0.004450601972143403,-0.019483852219777935,0.015491927722437225,0.4274865296896549,-0.4525747147994384,0.0373622872820001,0.10055748379968289,-0.1747197678580941,0.07439300307295628,-0.0763294640430277,0.06413488648486547,0.15760111079289232,-0.2754336696828656,-0.009268915075349849,-0.12451792735273189,0.24153335750745336,-0.15243726440303476,-0.06197788196770377,0.11717837459853715,-0.02697707517047054,0.06624704754738345,0.7026521453534185,-0.25857139124246087,-1.8196593202316464,2.856814585114137,-1.3402869904794317,0.5017735990416929,-0.13183539859294155,-0.05453913627620205,0.01587544298672572,0.08275004565624652,-0.2118615564743754,0.037620928453087184,-0.028053302030520564,-0.0707305926848676,0.004576255486326402,0.058378549940511615,-0.026038580653099604,0.06912399498319594,-0.045165873659786755,-0.053568825579611505,2.2607142857142857,5.542549102639018
56,0.403544983091103,-8.66842670440429,-12.7175357587304,-10.8523462978924,-5.8419202145857,-0.448913951177926,7.12279599113106,12.4534086075999,10.0605318744205,-0.97403674440488,3.49276343549215,1.4929742583258,-2.3949509278105,-1.02190988608341,-2.56353872890984,-0.91512601891516,-1.80851981899746,-1.22925671116145,0.247063465037499,4.17599349780479,1.10472710516682,0.564000204135358,1.65462546307928,-14.9122744047686,-12.6372902075765,1.46887527604223,1.65124452371768,3.1169366142611,14.1110764942893,24.8089482519099,33.8764862749705,44.5243480334663,47.2163956014087,47.9464078281611,38.146892775314,36.4588181710253,64.4239906835612,36.1926235360254,11.2167624724188,11.1472268427351,9.78012490500147,9.24044561020247,25.1214821124547,33.6462014434803,21.8718536623745,14.9589935671701,13.1045460722568,0.01480974673712198,-0.06219333301168893,0.025516787634728425,0.02782620274902889,0.0833376300804234,-0.02651954420159827,-0.06311100172036184,-0.23034983271856824,0.17543418506703842,0.1735055964453912,-0.3741112597658241,-0.08012323556521644,0.12090377506248176,0.0028846857012658498,0.011905052694312458,0.022598658387558652,0.0006919629737890675,-0.00358520500759889,0.054426133579559256,0.05998322098388593,-0.1316077839655821,0.08123175346770893,0.16120509969771088,0.015768986549758127,-0.05722272479423855,0.09605037060410286,0.03029588187098734,0.07254110834364948,-0.09750497247263423,-0.4188857737967322,-1.362722541539193,3.667364475873859,-1.6542719630382356,-0.4418043443624399,-0.054163456016038565,0.19014549210380724,0.005312042855092762,-0.1139773777489088,-0.02090556794077332,0.15903898049783094,-0.1515971523674613,-0.06901490322687999,-0.020962233590250172,0.005492957358841527,0.12332149370501276,-0.03645340118340282,-0.01921263536507707,3.051904761904763,6.671907375965756
57,1.79051242676648,-7.7425714443192,-14.8342594365094,-13.5622707695911,-7.12567345794711,-0.278681770550723,10.0683724829905,17.226138703402,16.5145173653849,1.72051970751566,2.53391113740822,1.06204508401607,-2.73332056057263,1.50331507516605,1.0463788097544,1.6217600093209,0.149800394357423,0.457098351635619,1.03805712847976,5.21605068612239,1.30868624046602,-0.839284832296594,0.481472028754689,-19.7287590249037,-15.1246754599934,0.347722237853677,1.32050202661117,3.88475732851771,12.7346650784244,22.3668673430952,31.1321976669997,47.2163956014087,55.3264112860661,57.0048215225944,38.8831426046576,36.3544653285445,63.322027194451,34.0342234779865,3.12730403686407,-0.280196128918003,1.58246571482358,3.5570101060861,37.2349129033466,61.7144524525574,44.0431016147328,29.5815155818715,17.5707912942816,-0.032394438206661685,-0.11639893901250091,0.12228439217743861,0.024268818725072677,0.04019976446503509,-0.04024198257705788,-0.09264910163167492,-0.14431366792647973,0.14894502592654094,0.008808858261851085,0.18097646462486353,-0.07718741348885132,0.04889490283160842,0.1995656451291201,-0.07429011786823861,0.38347674159088485,-0.13865836391496625,-0.2965885616855178,-0.002650250503012635,0.001462483157532019,0.1497409738239863,-0.15296741477671003,0.5799194379280328,0.033911364919439115,0.025984261010312697,0.2327031589811556,0.02284996411819015,-0.2801411648961192,-0.1883570841727223,0.06274999883609562,0.4646533826797444,-1.672720441509805,2.0055712959209346,-0.7824685389139796,-0.11615103688198147,0.33379443416709587,-0.0906928044436527,0.11327720398984716,0.003279276084795542,0.06320063429753463,0.1022114938668319,-0.24400600027678485,-0.1047351081428993,0.01160349273115555,0.10057570161926754,-0.11230793029856749,0.03385286581058941,3.638928571428571,7.437500338559062
58,3.92999256189193,-0.572477743076635,0.514141277424279,18.0037475346185,9.68465278470761,2.19389173893775,13.418285770096,31.5130993635429,43.6896408077124,2.80183105923558,2.33904856310665,2.26967438373302,-1.04579807906149,6.67503996985827,9.0752511071107,6.20692505302108,2.65180998184134,1.64365518366055,0.0638419276958296,19.8678862265062,4.65219110358125,-5.1951245437368,2.64686983611872,-18.6858018086845,-14.5851106624443,0.7063478446152,5.18882647939303,7.8266615202634,14.1100357340863,23.1678567432621,31.6422588349338,47.9464078281611,57.0048215225944,81.5306964318294,77.9693423779406,82.1110894208341,87.1290263216045,39.2516711018916,-2.93361670516792,-12.7157796462447,-9.8630225211323,-5.29764159660917,41.4019314990634,80.9002905782956,59.8659004241739,42.3573778468983,33.8936459888927,-0.18384235209834182,0.04883543686459121,0.07390518357053122,-0.15667910992538428,-0.05519370445698127,-0.010129865056499009,0.027634439037162086,-0.01845797415728247,-0.002377257818693429,-0.1388219692060918,0.006328639485278662,0.1550627771547727,-0.06724699635439203,0.20510580400187903,0.16820734685625582,-0.651954147828115,0.02919186441068833,0.20169264540010506,-0.140494068318053,0.031719928339294455,0.009995159337001562,-0.09493850515126086,-0.11258477474749581,0.007042608524355948,-0.01008882229435173,-0.07847816542833147,0.5172049044224895,-0.5600958851738804,-0.02989780881185065,0.16961012042712784,-0.09141981055707347,-0.4315694275211856,-0.7845982690753844,2.474900610274075,-0.6726126514454106,-0.4313506674955708,0.0872970919787876,-0.25673480967035767,0.2781348715704339,-0.04735235429311523,-0.2145300780490705,0.38699873389123435,-0.2523799499879691,-0.35168801143842005,0.06552469654623654,0.024254411185177342,-0.062085433015937525,6.086507936507938,9.02888123921394
59,3.76320153251801,3.91663474212098,9.90295160418129,38.5476226161435,19.2362649742484,0.828498567293156,16.4356366088601,46.426064335239,72.1866320984719,-3.593769359844,5.8170815537819,7.93851728287044,5.58326691654859,1.64501430089743,13.2583321030166,5.05012384493172,2.19008018890458,1.70156258401925,-0.155558367644045,27.9975127030764,-2.53552074003291,-12.5229010492216,6.52366216172676,-13.1436121338479,-11.36733171621,-1.89605761336273,7.22416541406188,10.4251789566642,14.3132429924141,22.2376513097615,30.4248920443011,38.146892775314,38.8831426046576,77.9693423779406,129.916774032697,142.638852786832,124.72358691289,48.8921802444889,-1.20863852544034,-15.1831048208094,-13.4310559433644,-7.14443592651036,-19.1743273781184,-36.661092049236,-23.277693697846,-2.80727433941728,31.5300876696294,0.22132779026135999,0.22271636701730568,0.036306093540288235,-0.10736490536400263,-0.21926426778048777,0.006199889880597121,0.16059202638055223,0.022069257797295603,-0.05929809149238697,-0.2937482953152678,-0.050759974501748385,-0.23818110108412652,-0.14577279443907484,-0.17063229817252937,-0.6730773869512473,0.1345236010031462,0.22037021134169094,-0.14774071754013554,-0.0477286350245201,0.2515232088379369,0.24513736875862296,-0.11533809857978311,-0.235471054772219,-0.05777974046550582,0.09246982508999532,0.07225693202408992,-0.08497149504944489,0.2970819882664282,0.06096837953446549,-0.003212817812321791,-0.011674872884990754,-0.04821144160025078,-0.1148001934429944,-0.6793097614506082,1.6993329450297088,-0.9887601830388363,-0.09228727886875947,0.23596214264843962,-0.018141829474665354,-0.03538377796376824,-0.053729568748196926,-0.09733297734589262,0.39026384177850904,-0.07394883664713303,0.011989628423453469,0.1459800750781414,-0.009549433364041075,6.9424206349206345,11.397665288676334
60,9.89227107620862,-27.0635483199697,-57.6869123240144,-63.8576614120014,-45.1035041874007,-25.3446722403651,24.5125198483846,67.0554223172955,106.997214146761,-5.60106385632358,5.99898928220269,7.00768010207289,4.34931633850741,-6.41752020673091,3.56553571529864,-10.4678383503612,-8.24522575018691,-4.64539865192434,-3.13190280886306,45.1449279771767,1.53945705624576,-19.5199327174634,-0.813254271251719,0.805584028700577,-1.68078415570157,0.632986717982664,8.592745612296,8.21669704198888,11.3502410749702,19.3926527024872,28.5688168791523,36.4588181710253,36.3544653285445,82.1110894208341,142.638852786832,191.648576309068,159.408229719006,61.8985005835471,3.27142007638085,-16.3738726604884,-16.0615208417612,-8.73646449925475,-22.2235670984676,-40.7369250100069,-23.7828492025964,2.08703362398302,37.9677024172372,-0.11249467262942965,-0.1350548295314681,-0.14772437216865428,0.18590498313665282,0.23307639706552358,0.018691127191693198,-0.1094051008476059,0.02317116698735371,-0.007127405416088992,0.25368001288231884,0.05932479030768847,0.15947342143096563,0.019773058136640844,-0.0387711262829829,0.31375750621646337,0.18872219678882762,-0.2230745932929419,0.1538905439875714,0.23357786016321072,-0.46013948940176497,-0.11419772088836416,0.17533932224321377,-0.023782333133085327,0.00990101980655311,-0.02415007025372913,-0.11619320464738073,-0.2444715709946169,-0.08733344484352254,-0.0121193089758722,0.01969506946193219,-0.000938877154901161,0.1580743135523242,0.3386609590552474,-0.42969504701425726,-0.990724530613963,1.1574921757723797,-0.022825072241402483,-0.09786006274945352,-0.12002306450847967,0.11544436593139469,0.06764151321456562,-0.08860311857659425,-0.14339267707938413,0.06147795073376971,0.23612178670834044,-0.22862823959191197,-0.026360153563162774,7.373888888888888,13.843358563190787
61,2.35091333567986,-37.1151373386247,-71.4055255332324,-74.5262272162336,-50.6878808286743,-25.5760319554739,3.4131873347649,23.7700258262741,30.315322640063,-1.98215818605916,10.080868120655,12.639887227619,0.628576660806631,-15.6720215770555,-11.6327100318714,-20.1989296639209,-16.14468902149,-8.38442448071566,-4.90828775990507,18.7196717466142,-9.64933211816825,-21.8165579756643,0.774510975311189,-22.1633228774379,-17.0001261797042,-6.54892693361468,1.98995550681649,-0.919796129760089,10.8075802100222,28.9963363760172,49.1597307626432,64.4239906835612,63.322027194451,87.1290263216045,124.72358691289,159.408229719006,342.843227650064,196.264826125999,35.9310788909243,1.09073053889589,-8.68443446358314,-8.90061985489319,-22.3729406178594,-49.8544824104026,-26.1451523624294,-11.3250180534179,11.2559161469978,-0.011277127828317248,0.02998809195311516,-0.05155943569505223,-0.005951493547403388,0.06244914322612741,-0.038838117302347305,-0.006193839249591065,0.003484561288004104,-0.021356731705489677,-0.22818771090557965,0.14018863388606886,0.010528643028293757,0.06630483217858904,-0.09160167801235668,0.003749256448553521,0.09095019341755012,-0.04547871160854256,0.040771560101022265,0.09565990495827639,-0.19225867189850876,0.02397543229118292,0.03260045444170652,-0.11462618941635269,-0.0013514791589757992,0.014799586932295598,0.05520494334943901,0.09506334452720624,0.11317454042705129,-0.0023693425588666326,-0.1705453075457096,0.0884333823573331,0.002642702101237329,-0.08129622661451807,0.0838736470674492,-0.08964385432572408,-0.023493578433154843,0.2946103561607971,-0.3707313376281027,0.18706611871038561,-0.04464222170527776,-0.0526783930807964,-0.04485338337044952,-0.017942254878370013,0.157606801713244,-0.24554386901566388,0.14144846142009815,-0.029351637270164314,8.972777777777775,18.515756199790054
62,-2.87695507850074,-26.5866330723633,-48.2710457994408,-46.5238858181519,-33.3631120445957,-19.6454815181819,-18.4359640926041,-20.481507336149,-32.9716733145908,-1.44148716422268,7.29813254441971,9.30293411982634,1.49041604164193,-10.4862636823856,-11.7946277519232,-13.0333885344509,-10.2061660700948,-5.0971775247337,-3.22536374762135,-4.2916054064675,-10.297291174172,-11.2796895855359,0.112432098215394,-7.64640295914441,-6.831178406591,-4.56786008046073,1.32049359337668,-2.64101785072631,3.40039776481953,13.6971659657847,27.898799257024,36.1926235360254,34.0342234779865,39.2516711018916,48.8921802444889,61.8985005835471,196.264826125999,139.990333333333,46.5277119008431,24.0532721462368,11.3260064554417,6.64837728771715,-1.91503484915411,-20.4708278332277,-13.2157905137202,-9.30212405583701,-5.60537553006159,-0.1170322289224638,0.02379065466167523,0.19911500221857453,-0.05054271848137774,-0.17703347754248924,0.02357969249502254,0.03949347517172697,-0.03255519743359706,0.04360079540810488,0.24847601405551992,-0.10254615329725802,-0.1109779667776871,-0.06914938451059947,0.26166744257325586,0.2647420469926801,-0.1652334343023764,0.058704618292410034,-0.11841004263589433,-0.06818763770072135,0.3723010923377732,-0.0473646755611933,0.005052020519394009,0.043327404362212156,0.01960660071228015,0.023330486544528312,0.07861576527486816,-0.016093146734624517,0.03521341356077308,0.11564411494183774,0.29814136068488634,-0.21527331662898516,-0.10029507362233846,0.09598176879002672,-0.26200461519648527,0.23526643969905503,-0.09515577663090961,-0.3711634009296867,0.8884947428078156,-0.7907633377917394,0.15690354940053622,0.22486090831241207,0.20451155123681813,0.12416448340320353,-0.07406951974697784,0.05028372399461432,-0.12405480025697771,0.13470574169532587,5.3966666666666665,11.83132846866037
63,-33.7628830065308,-62.9614587983358,-89.9603556838628,-88.7094279307501,-70.0880734407327,-50.5751903744499,-45.6225676707011,-46.5130703181799,-51.0011942199751,-5.66851641533113,1.51342187599659,4.09677627910379,4.58682240749035,5.35878598035536,-10.0670087879888,-0.962957652454045,7.47859032654836,0.769501454464695,-8.87384821817734,-9.07252322581923,-10.2310868509071,-12.6959485628034,12.7389649285306,-9.54227538459675,-3.65534754553735,11.1130176138833,3.04116410112355,-10.997131347285,-5.7803430661922,4.21827831886949,15.9087038374926,11.2167624724188,3.12730403686407,-2.93361670516792,-1.20863852544034,3.27142007638085,35.9310788909243,46.5277119008431,303.975505924507,414.65726364998,345.130385269053,281.863608332948,207.509038816842,130.833524329868,73.1375075566814,22.1535753315772,3.26088194338777,0.05869026540554936,-0.019997357097647724,-0.18714422522664867,-0.05311820832859321,0.17721834746298992,0.11042455360512944,-0.0154779687523847,-0.11585605610442139,0.08174380081097689,0.2058478381664796,-0.1750880711919265,-0.43560928279307126,0.006976711137772002,-0.04744800245479698,-0.47631200247924055,0.2767914446445407,-0.025808912346930574,-0.10859803358825504,-0.007889872596246527,0.011716841127976661,-0.030034404616816054,-0.15273263543771465,0.22289302161496932,0.00909128809850629,-0.16268489956892762,0.0031891919194093053,-0.8604113072522622,-0.06452244132757633,0.048705460586672494,0.1250811153466239,0.032625461097219935,-0.04895054137200379,-0.003616914945893404,0.28786685244713434,-0.02059515940280122,-0.118254397363587,0.1894772154730485,-0.8005233212338296,2.144777722730859,-0.9533449324253966,-0.32442290474178215,-0.1471444623927563,-0.36216076750153137,-0.059361867249868035,0.17555435883584636,0.09792586816711173,-0.10700512927241454,7.370925925925926,17.43460656064561
64,-49.5347245086206,-84.5444284273912,-116.201134829085,-116.015508655737,-92.0705064345422,-66.7949656251688,-58.3867995755324,-58.5938451565122,-61.5626620396235,-7.9939548150161,-1.0910651841294,0.787096545801121,4.51101059976823,8.21382716440164,-12.8299880929252,2.02122943010594,12.9475657073899,1.65714880800018,-11.5521797426136,-14.1170156313096,-13.1670194787862,-16.1688393463437,18.3493767811643,-19.4076257554327,-10.195126751175,17.9497274440615,1.20755772367177,-15.3438411980478,-6.87905213945356,6.95160272330276,20.2119968178642,11.1472268427351,-0.280196128918003,-12.7157796462447,-15.1831048208094,-16.3738726604884,1.09073053889589,24.0532721462368,414.65726364998,585.364475273166,490.756823249906,397.897564100556,292.386798957601,187.686926494636,103.948712373221,30.3077661829903,5.77245174022845,-0.023898561057763012,0.07481804403105563,0.06877355225089782,0.02634586083310232,-0.040334958214561595,-0.1093622847764186,-0.09063788779384375,0.12799856917584257,-0.015039974421790503,-0.3518055857925489,0.16528281743160597,0.2354537130391096,-0.07222435710431044,0.05042585073481744,-0.11209677953715852,0.012153192737297537,0.023781932483794108,0.2539815639132701,-0.10535366133853825,-0.07521915509919443,0.02610992048878159,0.05304793518739734,-0.0033257958323583327,0.0181303138294591,0.06520888487260264,-0.14602233735340703,0.5738195965191474,-0.10566076203966884,-0.16315980741988992,-0.2345833669555967,-0.02530793898973701,0.18098508997544208,0.07583773337774365,-0.033190199881085715,-0.02959237798844737,0.11096147582539172,-0.045220608712465825,0.16170302469072623,-0.9493306397756378,1.0770122128033939,-0.32475876881692367,-0.29842259637877133,0.24703659072719486,-0.12491257588731665,0.07431789493548217,-0.0038483912647869255,-0.1947886090679536,9.492407407407406,24.19410000957188
65,-43.1897342800787,-69.9449861318548,-94.2246097061066,-93.0223409920829,-74.440963071698,-54.7930345845094,-47.0932439037476,-45.9861477925119,-47.2443953920127,-7.84011826323442,-2.33294662444004,-1.33956727713007,2.91190773626325,7.08763916785769,-11.0837058219852,2.73068576497912,12.9005368306752,3.30680980014462,-8.6546103935071,-12.2651700994343,-12.0062091109431,-14.0702127323959,16.1389603494353,-17.2618740175165,-9.79419815871451,14.6860742183678,-0.608293547265582,-13.1559002127009,-6.60674075788226,4.54067871179969,15.9495460251624,9.78012490500147,1.58246571482358,-9.8630225211323,-13.4310559433644,-16.0615208417612,-8.68443446358314,11.3260064554417,345.130385269053,490.756823249906,419.436580140485,337.619574821122,248.307807253047,159.05009380289,88.2934681959774,27.3932212594267,0.781459218226043,0.0789430026607836,0.13381529986650528,-0.058239544570292026,0.013601569919416329,0.003932649839696164,0.04031162236630751,0.08853238470498226,-0.09141026224510258,-0.003542943875393016,0.36355192487872523,0.07084345626303828,0.24168143713277165,-0.009250526764010577,0.10473065381900544,0.24099264870882225,-0.19353837302962837,0.06402801460174481,-0.24044678255475116,-0.028855438076905607,-0.04418612409670184,0.1014958969710265,-0.005770397451881099,0.03224070103921949,0.05264208932240416,-0.005146730736644344,-0.4400927683817039,0.06196355336901517,0.08201528554802621,0.30809137649569424,0.15888839247774209,-0.06047787219990207,-0.15525644803753477,0.0912926587422745,-0.22238092998995587,-0.06180297269121518,0.06556402149438507,-0.053463091428904146,0.22722651031122823,-0.3254765581654875,-0.3254883089665754,0.9694717460033077,-0.32664481787552563,0.01136118984504493,0.15577230916578116,-0.278992852958404,0.03128993731770288,0.3518525836503512,7.832777777777779,20.47990674149873
66,-28.9341516688969,-45.187984695196,-61.5606211251975,-58.6096859016483,-47.0802173551597,-34.858353364209,-29.6590182637659,-26.7761848906885,-26.1148553425097,-4.87333762300117,0.49331922746047,1.43221576795834,3.18677334909194,8.67560172774021,-5.66952033076374,5.27706999520016,12.3080707965749,3.15812244956948,-7.41140908067389,-8.73225822350997,-10.1335391399518,-12.5405739894168,14.755037939963,2.90138469541581,1.96841250763549,10.4910414130467,0.942732456095905,-10.4151829117166,-5.53861104252376,3.63361291010083,13.0198072775216,9.24044561020247,3.5570101060861,-5.29764159660917,-7.14443592651036,-8.73646449925475,-8.90061985489319,6.64837728771715,281.863608332948,397.897564100556,337.619574821122,282.591127465588,209.060927149189,134.449998518955,77.5647572814245,29.3468897145167,6.41853950600879,-0.2139242285421495,-0.1572816755032088,0.11864418680789068,-0.010892002074596584,-0.1330007775296064,0.011833507520498816,0.06287102700018267,0.03591576858027533,-0.0668956561923093,-0.04013603856722837,-0.07770937181726396,-0.18717239354718004,0.08726654484975083,-0.09887388775764513,0.26634420075969756,-0.08590985412113111,-0.15534615594909706,0.024882416184996366,0.2266222743467275,0.13964403545547127,-0.17839669496903918,0.09471629406961234,-0.06092162982329061,-0.09804295291196641,-0.015305330661792694,0.4936402580837642,0.04754123043019901,0.16326710099296166,-0.08638049998838346,0.012909375938963338,0.006856219746946451,-0.07661858623130484,-0.24139483522296556,0.3700940796445341,-0.0973559688250581,-0.08019708039387509,-0.044217705987791185,0.20452003086487502,-0.1465786078885033,-0.29834670190455337,-0.3265061594089572,1.3678736216667957,-0.7500816719393871,0.2753635963078091,0.11548039883116917,-0.12545921918066927,0.013554152255462037,5.453148148148148,16.810149537276235
67,-27.5075167926749,-35.3964863505822,-48.7032501608341,-47.1784081637281,-35.9044433949542,-23.6850770322504,-15.5023136321783,-13.140003854041,-12.337188970571,9.49079476589174,-2.19618661145823,-2.83669417424378,-3.40808804655847,24.657080804001,2.58934750688157,5.95616260257056,8.49507227189041,1.34225364724181,-7.69597801274975,3.474928502115,5.97499038617839,-8.70080685473713,8.51628822639768,-36.9607807852684,-18.7594198693062,9.65019493816492,2.25685382883263,-9.61703194988806,-5.8881796289653,3.17360707576265,11.8667274731263,25.1214821124547,37.2349129033466,41.4019314990634,-19.1743273781184,-22.2235670984676,-22.3729406178594,-1.91503484915411,207.509038816842,292.386798957601,248.307807253047,209.060927149189,272.508075635022,326.833498540539,220.745622077906,118.758654191026,35.314253338634,0.1698599133776178,-0.08205670704305827,0.009151193244085445,-0.0024788459546074624,0.04702072510874347,0.0080590340082886,-0.007677158967339402,-0.006186517974790486,0.01081081480424373,-0.03384601117784122,-0.2038654170876456,-0.13552371922609396,-0.022697818294259143,-0.010864918271020381,0.19195179876800625,-0.06555169587375266,0.026973920713343747,0.07087711680318735,-0.05120226971038556,-0.04227365999553871,0.16539265831860075,-0.01448957892957982,-0.7211177598237514,0.008599152659853523,0.18970160989251525,0.18909568680955596,-0.10306183701980665,-0.23402047974632598,-0.05368578533337113,0.14218691187336552,0.06213144070874523,-0.01977751661114757,-0.10008522725276267,-0.24781712129550817,0.38333357758575604,-0.14440767285175746,-0.030904850780202966,0.14189746335940442,-0.36183819834753994,0.23735905601892407,0.01650154004306549,-0.7481636026548313,1.535031733169149,-0.6291044476795655,-0.09189848850230381,0.02243830375280066,-0.05111438571514973,6.026296296296297,16.50751573178175
68,-20.1158901376047,-29.0913187765619,-38.504578660527,-37.9061675502781,-26.0349812340251,-13.096202174162,-5.04940181660479,-3.00167576064751,-0.206179951289828,23.462858195531,-7.11761671344803,-10.1163840118508,-12.5776320347638,40.5570312293467,9.11580249900727,7.22647316672529,6.78565330925051,1.02547220187442,-7.218207506444,16.7779250205148,19.8827599976421,-8.19148328958897,-0.403887748754394,-29.8458254060201,-14.544548733074,10.2501609913732,3.03991299796127,-9.98627992784532,-7.9890935583317,0.312230421916532,6.82604225052381,33.6462014434803,61.7144524525574,80.9002905782956,-36.661092049236,-40.7369250100069,-49.8544824104026,-20.4708278332277,130.833524329868,187.686926494636,159.05009380289,134.449998518955,326.833498540539,518.418858414928,359.790161882882,199.711010453737,62.9564310397478,0.0999211473769401,-0.03173217129191054,-0.01476756619445315,0.006284789635513886,-0.0015735253911796224,0.00031910896711466236,0.013171457510558364,0.01610935215381644,-0.013059010249255718,-0.1862226038665489,0.22542449316159816,0.3044862028432576,0.11990885290526093,-0.1818786956485912,0.13664580492159678,0.23112689458558522,-0.015723729525324897,0.005687565797924298,0.010042905411346056,-0.006011076864720736,-0.18228753636961953,0.07730569334495675,0.24157981265878958,-0.021701496114113872,-0.09060030232798365,-0.03080327057088118,0.052221600455770525,0.49805549904237273,0.08387848506866982,0.03328533705166888,-0.017697330504559173,0.010833466494722515,0.026370452850857446,-0.34957516066763383,-0.06392758532375914,0.05018139850243916,0.16473923073065455,-0.07943049512241497,-0.056119943908798965,-0.12037375469074428,0.15305316227245006,0.2813781876146128,-0.6324390868663394,1.0081731117485995,-0.9771287431393425,0.38219386937731475,0.019659307186561382,6.502407407407407,22.768593685489854
69,-8.19345342825309,-20.2635544983222,-32.1305028171044,-30.3468033207441,-20.9750098215073,-10.8873207993661,6.7352108451885,19.7530180936665,34.0839068637827,18.6122048346524,-4.36150003368589,-5.42460610209002,-7.68348253324319,30.4072977548427,16.5090465048642,13.7514019583373,10.4547842472494,4.88280273900049,-3.18586739308257,13.3063828623035,16.2891191299019,-3.58303733180858,-0.189310066723091,-29.1348484746843,-14.0112070118522,6.59662635072569,4.35643412119483,-4.28984532716575,-6.09810785643906,-1.32018598334956,1.28936027921449,21.8718536623745,44.0431016147328,59.8659004241739,-23.277693697846,-23.7828492025964,-26.1451523624294,-13.2157905137202,73.1375075566814,103.948712373221,88.2934681959774,77.5647572814245,220.745622077906,359.790161882882,268.50994448879,166.506640741133,57.7321543408953,-0.1570128247505086,0.06670879011750215,-0.006921401682512469,0.0899647390724353,-0.040448636645309774,-0.02853661034087603,-0.02586316530231971,0.03293143777881809,-0.0017189811898930298,0.13942263114642814,0.20435774361231734,-0.26499312775743444,-0.09524433682768661,-0.1502850792586666,-0.47717602588506025,-0.1878795699998295,0.1786024868722494,-0.03217781191820214,0.12917344166890463,-0.0906072318392691,0.05232879633902289,0.043265537452851145,0.0401233242426471,-0.02508048984514545,0.03046932347904004,-0.1275543027022444,-0.23713283336753302,-0.3141602012611808,-0.07049697105071251,-0.181985017356681,0.022226377945917548,0.10086236619898006,0.07661233781330339,0.06806061541975016,0.009159559563592488,0.24537944235414158,-0.25093307456057645,0.04857206257575905,0.18300277114274555,0.0674654957395928,-0.27453028688238756,0.11230875606521362,-0.09543680112051428,-0.973794208277739,1.997268748036002,-0.9222815440793366,-0.11925019959878985,5.654907407407407,16.385967914309777
70,-1.73193157282758,-11.4669037701367,-20.1107300944642,-15.8749069894786,-11.0547879062072,-5.65314662232422,21.4421472417596,46.4578024193805,72.2294709694227,12.0630910770106,0.0226961097940561,-2.15620834936826,-5.23555393743608,16.0040923771962,16.7073371787538,10.9993141958016,7.592870503417,4.64113183754613,-0.366342438743791,11.0528409011058,12.8835711367481,1.7660759047759,1.38063494401576,-24.2744912331437,-12.1905358902191,3.69368132809256,4.98905294440648,0.221877634765922,-2.65082174006305,0.116681537672538,1.05594698671117,14.9589935671701,29.5815155818715,42.3573778468983,-2.80727433941728,2.08703362398302,-11.3250180534179,-9.30212405583701,22.1535753315772,30.3077661829903,27.3932212594267,29.3468897145167,118.758654191026,199.711010453737,166.506640741133,126.741637576274,48.9952836313325,0.06990444798625786,0.026655064324008677,0.005016626042544465,-0.056672480079516474,0.011461932023009892,-0.003797072133691912,0.0025444533788620623,0.020298709950735325,-0.02425068338973392,-0.12521023008747434,-0.22070851105347508,0.12676973278853232,-0.027652642124348568,0.09320012638633689,-0.002003742748561056,0.18540046903449264,-0.09766956146921503,-0.013805047534357125,-0.06085112320732546,0.05163325611061742,-0.028245116798711323,-0.06402381372024911,-0.11467768839137155,0.012761083426410687,-0.010647918702641326,-0.019249384723279236,0.10804370117377714,0.02819232419015373,0.1525980578675272,0.04988240147444329,-0.011877004602700213,-0.020959562091262346,-0.10011450962543794,0.029198802177155644,0.15414563326569658,-0.24076675883979706,0.1428161635943694,-0.11717609557388088,0.09139964878901587,-0.002726553547658334,0.03141137737884301,-0.12011344701362116,0.024639349904522902,0.38038969228616193,-0.9286512501656056,0.6985761454165991,-0.03629236685583933,3.8962962962962964,11.25751471579201
71,4.57054869232111,2.49271510634768,2.20527176833061,9.50643319782289,6.56880317553466,3.90412329128568,39.1723392650704,76.3061866548929,113.490335485187,2.08359672662082,1.44058637380465,0.44929943465879,-0.594594625456746,6.96629781142099,15.8921972105653,12.2441931127341,8.36996831567232,5.19144125406186,1.3637513048686,12.1653377653669,2.37879484133396,-8.5671825223594,-0.193572622809702,-14.8933819456142,-6.793439665943,2.67786355248467,4.57483624759473,1.61897955764709,1.81586743268615,6.13413347747054,8.29672241246738,13.1045460722568,17.5707912942816,33.8936459888927,31.5300876696294,37.9677024172372,11.2559161469978,-5.60537553006159,3.26088194338777,5.77245174022845,0.781459218226043,6.41853950600879,35.314253338634,62.9564310397478,57.7321543408953,48.9952836313325,51.4959295178799,-0.10111558041998216,0.20345551263519845,-0.13077626821644694,-0.05565095851875578,0.04577480588895796,0.07528575940506012,0.050554955133413265,-0.020585943661611504,-0.10846453694868367,0.1805644114496909,-0.20422484885494005,-0.005602304886319305,-0.17252968666227528,0.25271847159383726,0.0822894285121005,-0.2898056626998195,-0.046183251100843856,-0.026914548206505292,0.10706573866680937,-0.07540213568152966,0.20439226082091977,-0.04955256668947086,0.2514548317239671,0.0624885817068893,-0.05627674075344369,-0.10819648136945305,-0.05748321134607438,0.1721286116976768,0.1168369042131784,-0.11217842782201694,-0.03758881871814792,-0.01664954875706176,0.025631201512185658,-0.0733889245508593,-0.017612481920699027,-0.02731439230483803,-0.0290175036247267,0.13291387376678365,-0.11154696586974068,-0.19359587255901958,0.350878373170541,0.017059886836962985,-0.054120953200146336,0.016141411407367884,-0.1124350641586101,-0.04154232693532949,0.6455075178438797,1.0402777777777779,7.1753696432922505
