,Cov_0,Cov_1,Cov_2,Cov_3,Cov_4,Cov_5,Cov_6,Cov_7,Cov_8,Cov_9,Cov_10,Cov_11,Cov_12,Cov_36,Cov_37,Cov_38,Cov_39,Cov_40,Cov_41,Cov_42,Cov_43,Cov_44,Cov_45,Cov_46,Cov_47,Cov_48,Cov_49,Cov_50,Cov_51,Cov_52,Cov_53,Cov_54,Cov_55,Cov_56,Cov_57,Cov_58,Cov_59,Cov_60,Cov_61,Cov_62,Cov_63,Cov_64,Cov_65,Cov_66,Cov_67,Cov_68,Cov_69,Cov_70,Cov_71,C_0,C_1,C_2,C_3,C_4,C_5,C_6,C_7,C_8,C_9,C_10,C_11,C_12,C_36,C_37,C_38,C_39,C_40,C_41,C_42,C_43,C_44,C_45,C_46,C_47,C_48,C_49,C_50,C_51,C_52,C_53,C_54,C_55,C_56,C_57,C_58,C_59,C_60,C_61,C_62,C_63,C_64,C_65,C_66,C_67,C_68,C_69,C_70,C_71,Mean,Std
0,6.78423016886618,3.59839782383882,2.10154171946009,-1.82814800447138,0.853788185687661,2.256381866104,-1.75974280307473,3.39025620517892,4.89130610862868,4.02059888250139,3.16646126577416,1.27195529894375,0.348477406933021,0.212734999830685,-0.97885028272006,1.05507164904979,0.547816368967726,2.20669040667211,1.35281299696502,0.458254792354254,0.0994373651189236,1.08501187099357,0.810989888571955,2.06966005606199,-1.55487109064845,-1.48611280091229,-0.950587675360674,-0.349532498508942,0.0994136910806325,1.78612268417667,-0.693624580997294,-2.05108028289636,-2.84123853866924,0.184373109203982,0.258705909094368,1.18997018575638,0.313932947567655,1.82867974340898,1.5188866360212,4.97205187047794,3.1935331593969,4.22064532989796,-0.643897812378448,-5.42632799371412,-0.848003678314902,-1.76035777470636,-0.309226460997069,-1.25002437584506,1.45453445942614,1.9380897464422822,-0.6337689756957797,-0.6113823022406332,0.14217542616764975,0.14238461147732992,-0.0003348426600035196,0.5911272696523282,-0.4538881458929427,-0.1936310852478444,0.2024903326859467,-0.004686654685676871,-0.12520231767249343,-0.5252601430890169,0.059473029130185054,0.15906768187453738,0.33980944174400135,-0.09875495748361,-0.26697037314111444,-0.03838393009845168,0.18461716358888292,-0.17509297249662825,-0.5058307533113049,-0.03859192147378968,-0.1421878512067695,0.40158386348591446,0.3568887188476485,-0.09109933880541438,-0.069816670269863,-0.20881920070630217,-0.30013816920970193,0.18531771304466346,-0.06537194373040592,-0.021051943581887344,-0.13740235946859244,0.11011845925878216,0.037906540893557314,-0.13051658359175547,-0.3338514178720876,0.005523888829471063,0.010750516088341534,-0.09746380682239345,0.026328168113979075,-0.20416652583880257,0.08930971538009747,-0.022817363088280716,0.2764145945979565,0.2518055350784698,-0.03494679230994228,0.003991332870537537,-1.6574074074074074,2.602735132291833
1,3.59839782383882,11.508754789272,1.8183031354977,2.6552888042987,8.88381442473717,2.0148201608295,-3.66244482969454,-2.12883958348025,-0.529817114576127,-3.23082921701769,-2.95635833626477,-0.678603665864029,-1.70410534665063,0.42038752812918,-1.52903040921944,3.06921158559416,3.65363124493673,4.81966118139961,-0.935014844868428,-1.27242660476867,-0.428367731354017,-1.08318224181285,-3.66950497962498,-0.478873317867266,-1.06441412220528,-2.83911883069756,-3.0765502114515,1.02674995777283,-2.15302767957643,0.112761702607094,-2.13199354032812,-4.26833825496695,-6.33112778551877,-2.64951568374819,-0.232207378785838,1.99784951597162,-0.649303643623357,-2.36199524033892,-5.78410741022307,-9.15031351929155,-1.13970365609439,-2.98812610522089,-1.22255767667001,16.3067117613454,-2.83633613242579,-2.36053820690478,-2.3707244314575,-16.6203240706053,1.73273642372331,-0.6405789145882452,1.531042939215296,-0.016834521574712186,-0.18088031735239418,-0.15417549475643214,-0.14281887748402824,-0.24222594549484425,0.2256768572769089,-0.7071302955915318,0.3186261199010401,0.35474090984917495,0.007342475805934739,0.2705088723357249,0.19599417170822744,-0.0025243633516294616,-0.3929536247315321,0.03778142231262161,0.12985918134691604,0.22654175150559885,0.06719746725461496,-0.03397834017512243,-0.16674684044252258,0.27335467316511713,-0.13237901072374583,0.23119745485960977,-0.056613640655439376,0.08268176190031686,-0.21444216970162355,0.5299585558836897,0.05455802351083263,-0.11782640246774961,0.19791724767499896,0.11875028869233704,-0.26148874360271707,0.1075050605207196,-0.15800854642836365,-0.10419309415373426,0.2318074856514903,0.2454682594204489,-0.04685817077948407,0.07817424867449603,-0.056005914837455116,0.23562419748175695,-0.09244508915770501,0.3057918371238962,0.24623015179202706,-0.06939915262835217,0.03842119005594349,0.14810910906827227,-1.5166666666666666,3.3909813902868935
2,2.10154171946009,1.8183031354977,5.75661558109834,1.56290820318624,4.67511151110887,3.22949927520884,2.60171653062842,4.36722609073885,3.90389621570177,3.69436796592685,5.40981822236814,0.603538961818863,-0.969634774116736,-0.670622836284053,-0.290925554621737,-1.74485571120668,3.03575509710374,2.71077581962354,3.33745870597375,1.92047318545793,1.15678084482356,1.5504191614694,-0.395683671266737,-0.702998414448868,-0.544572216150906,1.29271410311871,0.183719309800193,-0.909340738633202,1.25794493528773,0.165878863121469,0.266416414137612,-0.453615502280281,-0.275124919424006,1.49340596997183,2.50177124954951,0.43650079930239,-1.35017457412801,-0.677071149430553,2.14239743513439,1.40501855472099,-1.31040987346677,6.59953805033284,-0.289720206611195,25.3444386934778,2.24876454519685,-1.6052332029863,-0.62358359751663,-4.05025072286023,0.698004079621488,-0.6283382775658338,-0.0190957086262555,2.997880051125315,0.1409598537961574,-0.018822262805901636,-0.4090013170649157,-0.11105546361786887,-0.49341627149867706,0.1523181247463299,0.02013320375670243,-0.06675180404801534,0.05332848512067567,0.10457847195536397,0.28736596865221103,0.14547207699495712,0.3535583183331391,-0.278328540834692,-0.010062965380860114,-0.011426948025087938,0.048859280355921124,-0.005503994676812276,-0.04625131104777806,0.29133622901136386,-0.24177684581465686,0.04170050454077067,-0.5335662322905306,0.08745870575980884,0.034688208690199444,-0.13463377910643212,-0.021700599614006746,0.3828158816701406,-0.11547936744227341,-0.08040394932547923,-0.0975252243381319,-0.35395149804372555,0.28536438384551616,0.2326088186531016,0.31321874161763724,-0.2708527202990566,-0.38298923453904316,0.20059525090169397,0.13145620421435236,-0.11831918954728528,-0.20790410410568805,-0.03647074097277343,0.20345762569874565,0.032552384943436236,0.26162737079455906,-0.3995081650849827,-2.744444444444445,2.397209957658765
3,-1.82814800447138,2.6552888042987,1.56290820318624,116.511189335888,216.024178404049,9.32298680561219,6.31649726377804,-15.2609217613765,-6.29289387312393,-0.398717789267168,2.28534181399191,4.66604052790909,73.0216199407149,32.9741027780516,-0.846376879839547,-1.1768471875949,74.4117896841902,48.248972578295,18.8426989114588,1.65676545675033,-2.35439323418708,-1.42580696242991,-0.878458570357009,-2.82478869760184,-6.16395925425645,4.01584307538034,11.7702780645396,7.67932169411007,3.11674187193576,-8.36472954428387,-10.104351496298,9.81313870111519,25.0905657550564,2.69769378788024,35.1455218849469,19.4787802436766,2.07413163222763,-7.94564309123435,-1.27662545900043,-9.08190023839904,-13.0317428029023,-0.915708076697953,-1.80517535470839,-4.47324483936809,16.9931155935311,4.7043229725569,-5.47385898640513,7.75455457067092,4.6640173954253,0.13051451626731034,-0.18543863391052987,0.13712401973708618,1.9421183559800694,-0.755281719739548,0.2884343549292952,0.200286269186077,0.55769575243222,-0.1755662797965545,-0.029161235891277944,-0.2468260108820026,0.08160040133571399,-0.4648800601054295,0.0010148178723581656,0.3912118280145604,0.22788949233795286,-0.017070527113055015,0.07224860644062836,-0.08128067296669929,-0.10852263032290503,0.053362183442961626,0.22387341807430047,0.11433456692512275,0.013488848962541837,-0.08327144382326145,-0.13695917006258818,-0.577214209480164,-0.41415787319633046,0.06327134249135677,0.4276336357900129,0.06808183242867039,-0.04479616260977657,-0.11798104709766746,-0.02366776633944875,-0.12030634281011725,0.0345135622136288,0.10326400348602366,-0.09311465208066545,-0.11372920940564464,0.0859598372019855,0.22526251823204826,-0.044881214121440464,-0.013691723385424272,-0.03612579382390857,-0.0715095964297464,0.5689010976689736,-0.430331056811452,-0.016168524392128625,0.3143813444322051,-1.4972222222222222,10.793571667241924
4,0.853788185687661,8.88381442473717,4.67511151110887,216.024178404049,444.013041187739,28.7176951952483,7.11962274326534,-32.6278376545446,-15.6950131165888,-6.03645863653941,-5.63065758499077,8.25461168719505,134.259704908765,66.5534253246228,-1.78802926594145,-4.16745421714934,141.794100932464,95.1388249581673,34.2688978996307,5.79308937029593,-0.4631204536915,0.347897324718279,-1.45710230949184,-6.58940527001923,-13.9734048994412,4.04404238823703,12.3579479703849,12.307432385709,4.56678957533492,-12.60246432739,-15.086733224328,21.8127035737324,50.391898204385,3.20579556711679,67.8350679536374,38.7203075213124,4.51313474847945,-13.8568360700324,-5.52833038033859,9.31200552371879,12.3221561702244,-17.3738201594374,-7.32306780347278,-38.6069487972931,32.4310659054634,12.7348221478638,-13.7269685184916,5.73618202211367,14.1477588041843,0.15249092758193547,-0.15461072830314948,-0.019707894655231487,-0.7561929999242475,0.7203926860001871,-0.6477583779648595,-0.030096706606302325,0.008614990876062488,0.215234629413946,-0.191400707365945,0.09069182076798162,-0.19931578908942604,-0.05881078660451551,-0.49643863583428854,0.004829079069542298,0.24054669455877795,-0.2386932493061868,-0.21495155273804523,-0.12110023755038406,0.07463596947879018,-0.04343371024076829,-0.12297419764675924,0.02926147519661299,0.045563947545560354,0.1764865566300685,-0.07671599623939884,0.22242410925874895,0.01786580288798564,-0.005899260508023539,-0.1992258330077823,-0.04110202490452859,0.09130055875234593,-0.05386627047859475,-0.002612952101821275,0.03423879161845852,-0.0848496267495687,0.08069791057833844,-0.022106117920112942,0.11053702277326728,-0.043246137614345155,-0.1314617554896899,0.07649515815301981,-0.008255698130212848,0.03490285144775491,-0.04216609232297612,-0.37956215567560037,0.18272677561630282,0.018775338891033472,-0.09539793232554604,0.25833333333333297,21.07137966977339
5,2.256381866104,2.0148201608295,3.22949927520884,9.32298680561219,28.7176951952483,17.7570945083014,9.57808974884021,14.5639321798003,20.2752370906973,25.2714726190006,25.4693139052167,4.02294953994171,3.12937096028673,1.27826693417053,-3.51666437360933,-2.66175217346917,-2.65212692563791,2.43348294504642,3.26539513200507,2.18850872282418,1.39143275458892,4.68127820292029,4.08820912515074,-0.45096346791922,-2.06190636582306,-0.440356968086427,-2.57895745604016,1.99662812140422,0.450365196373762,-4.28870233280762,-2.85704887830507,-1.71152406279058,-3.97607617955337,-5.35642889082385,0.239614569995302,2.68243027586788,0.19723969107053,0.877154012887832,2.01001918775969,8.32353667207373,10.1121483310711,24.7250583797909,-1.28056462245116,-6.26817507877391,1.0997696481062,-1.51272222939651,2.38749809268746,5.47696976906734,3.57126784651493,-0.007047754254547451,-0.1397760653850779,-0.4123830044576165,0.2895251854905675,-0.6505687912151277,2.762438076942285,-0.058807477531045586,-0.4671414233235774,-0.14370769066977246,-0.29227988016555545,-0.4392828963883292,-0.22827114735699075,0.35160868577169446,0.2895907616852,0.13037209258460106,-0.18220936458896916,0.36852392317735955,0.05839266284762218,0.09418997979597649,-0.05165231161441266,-0.10628688849967127,-0.022889624216253908,-0.10576602753265942,0.34044513408839466,0.23283067611134362,0.03111650417294554,0.21398248811031173,0.16863784181909486,0.06121054919120756,0.28758473424538034,0.11986804118592205,-0.10929299992530261,0.062391929484150635,0.4830287152692753,0.28756729246865154,-0.09102695398145706,-0.013502444137498881,0.6084375962617892,-0.14793064376690157,-0.19359454755864614,-0.0827221273700296,0.3758404718131359,-0.3978480536909127,-0.010903947905305262,-0.06277423012700821,0.44941075426819677,-0.2344758364545212,-0.03470018319665587,-0.2204813512263962,-4.2555555555555555,4.212730054050628
6,-1.75974280307473,-3.66244482969454,2.60171653062842,6.31649726377804,7.11962274326534,9.57808974884021,29.3834115581098,28.5601897276268,36.2913872187683,42.5819885392319,55.044438130736,7.76501721205388,6.59436865786857,1.26129268350902,1.36241426864127,-2.3962344910281,8.04490364377653,2.29477082683908,2.41243781927018,0.899168271006609,1.37400805988683,3.58518753468732,3.72049751065163,3.56063767819193,2.7651375305359,2.41085871210137,-2.13236419756558,5.88274360742861,1.54840220545715,-5.3932688279706,-2.05615898413911,1.6442460220253,3.7802166251538,1.06168663983516,2.03410226864581,1.57247200797537,3.92138577765778,-0.22770647908938,0.0661443776697276,-4.4843483834938,-9.05923368477626,70.9400365776536,0.881612879386031,-3.61605109435241,2.17578218602535,0.247692169346305,-2.08829400247875,8.07615633492119,-1.29766203250582,0.5926845009486262,-0.23642020108618447,-0.10116640674998009,0.19241222276596415,-0.030881367064095867,-0.057051973085287096,1.8585505456657305,-0.4574946691669701,-0.3784935554134891,-0.007829124187678786,0.10663315639441061,-0.13786862305325953,0.000545002645423382,0.02753828701982218,-0.2335925425250566,-0.06108946079522575,-0.1093321828144381,0.02767779511015896,-0.18161646252240257,0.3617006465853172,0.22976851438542392,-0.29018027295603116,-0.10822399384381558,0.027210970119711898,-0.13841021007552942,-0.5578652324473566,0.21069587870466475,-0.32297459054024763,-0.04399104135926973,0.17087934778671532,-0.1449896602081096,-0.5357539553424614,-0.33402167018733175,0.36474349939432005,-0.16625895485860298,0.007004600095610112,-0.019504879137407498,0.255926174793467,-0.2566344929480745,0.17730738899216167,0.021465570008609266,-0.26716867195728317,0.2482361432532176,-0.001534840873857363,-0.014522117211243921,-0.24172633536409818,0.1893881390389391,-0.09050298706394488,0.03471819329612121,-4.480555555555555,5.4197243064670575
7,3.39025620517892,-2.12883958348025,4.36722609073885,-15.2609217613765,-32.6278376545446,14.5639321798003,28.5601897276268,44.0698927203065,50.8945565709654,62.0244260509186,69.6256343860826,8.33865034937238,-5.11982599165802,-4.73438660190914,-0.617190538331446,-1.50646680385747,-11.3968788379997,-6.04629752470489,0.462362708193816,2.60472993299066,3.40058972675716,4.57704873347939,5.04060493140788,5.49298466471106,3.81160956779055,0.0030754175620212,-5.08864674112004,1.59339408772638,-1.38737145291421,-4.60287323721085,-3.09945140572812,-7.58425361304858,-6.89728811308133,-1.30288136466965,-5.56229187244114,-1.96020716997604,0.0096987480905246,2.69743574873025,1.34481847013956,-4.60191240743339,-11.3447081211299,86.4101435744628,-0.103005558548562,-9.73888848285345,-4.24022205259028,-4.14316461957606,-2.61374675541401,-0.601329772248852,-4.28156393647312,-0.4522808134495459,0.22665269040923047,-0.49489846151815503,0.5590399803315941,0.007698124479272764,-0.4661865521468521,-0.45823261525082537,2.765419870664152,-0.12805393177294966,-0.996812667082167,-0.055008973857121106,-0.038653826072180146,-0.006235844634622518,-0.030078347760731372,-0.10247288835447747,0.041169011332109956,-0.23213053054150298,0.22909620121165022,-0.32917153891039713,-0.08439951201977654,-0.06672730841381888,-0.018639420845644926,0.228605063355061,0.23054114413337387,0.15863971061656704,0.1557506013979686,-0.4629642677474301,0.03287509451395105,-0.00013117448365109673,0.11687270458505096,0.04238946891019621,0.17470313619334735,0.03860448289463015,0.23710748616774077,-0.01397441574813033,0.27550066348155217,0.13597028045495285,0.059813052865474975,-0.01896450989271843,-0.007008712243431052,0.20066018530877383,-0.13797282233607494,0.24140535770805968,0.04854668851240506,-0.015974106258717397,0.04719169122330854,0.5471669487621317,-0.03306161485894005,0.13171102571529392,-3.636666666666667,6.637762629102258
8,4.89130610862868,-0.529817114576127,3.90389621570177,-6.29289387312393,-15.6950131165888,20.2752370906973,36.2913872187683,50.8945565709654,69.3466916418334,81.1419693345596,88.5118176422918,12.4356986685085,2.90495874149952,-2.77869196173146,-1.01610929612506,-3.1273604702172,-10.3913508090609,-3.26460154021244,1.50788030476195,3.85688796559903,5.13689269223667,7.70193961592824,5.80878379597969,7.88663990442739,5.84980947273387,-0.556188624271612,-7.38027951304046,2.19774039512815,-0.377646416728786,-3.53181534582955,-4.55455893447136,-6.51374682073276,-4.16413453898031,0.138539030947745,-2.71549365068681,1.51473932451563,3.94676064473133,4.30859651027602,-0.969630932696769,-7.09050343125698,-10.8304634925403,108.198055623112,0.3150693691502,-11.1927733389606,-1.53355740831599,-2.29191969368933,2.47015197356113,7.50671321969939,1.46115779703887,-0.19191782449371905,-0.7106298467193062,0.15313925639939419,-0.17247689244877298,0.21457965911052346,-0.14300591931140696,-0.37619852809647597,-0.12414631624577574,1.886097539595455,-0.8503835510164406,-0.06429547996808739,0.16229323662111447,0.09086985318368299,0.06583206780320545,0.09851434779706833,0.2565079258469098,0.1677462136431672,-0.3069929112187739,-0.22827905118611025,-0.18316835336249188,-0.03924423669532358,-0.012311199668110272,-0.1725753317141368,-0.01606302488222899,-0.3414166478881526,0.27717260247831055,0.14771589507949706,0.09242635014842705,0.051030552847844794,-0.14552092143820372,0.008950014292342746,-0.2547079459837088,0.060233296558060416,-0.08199581003960545,-0.18557057086951814,-0.28643701704754676,0.07845339324320802,-0.22539239466136843,-0.022340336156592606,0.15299027857233155,-0.07831659974978786,-0.1922547328603683,0.07187346376922435,0.09152060708385129,-0.5348202630560147,0.03340516292852827,-0.16216695142154028,-0.06808947678659899,-0.06045657144663646,-4.3714814814814815,8.326865655325141
9,4.02059888250139,-3.23082921701769,3.69436796592685,-0.398717789267168,-6.03645863653941,25.2714726190006,42.5819885392319,62.0244260509186,81.1419693345596,104.050232723145,107.063444905374,16.4172932802533,10.1033595038996,0.663114929255261,-0.713532909761795,-0.669412118552696,-12.9055035442415,-1.96928168567589,1.08754636994133,2.80280273398755,5.06913497395366,7.21455019131055,7.37082566847515,12.1017611767379,8.8870722850562,-0.504656069767926,-4.87869574069619,1.12668736677356,-1.74349164158761,-5.00656578866276,-5.50634225079687,-6.9224552716331,-1.69883219481573,0.893061738165092,-2.77117066531539,1.35673506023685,2.47923930403279,6.19026642990854,-2.02318689889703,-9.54542131377774,-9.38250568937159,126.616282532196,1.66743835052576,-6.56546606220841,-5.19546622624463,-4.09148397420535,-0.865935393722963,5.8397774804144,-2.0910009102255,0.19634711885779046,0.32255299302595336,0.019206673084154146,-0.02859450603198569,-0.18963341148543422,-0.2944316855345984,-0.0022712455401165043,-0.9983972224014124,-0.8524299412020349,1.970120394119642,-0.3514165105258024,-0.015893584113113472,-0.2036330597616803,-0.4341861752329808,-0.17157338119755336,-0.377973422032609,0.6598733702014614,0.05898213115346113,0.3001829371089327,0.031464137576663914,0.02349426646886257,0.16009745745667087,0.09260953302674714,-0.34849711315029813,-0.07736880363112218,0.03344803149104911,-0.4466191452667181,0.1746851303956133,-0.047168728219743335,-0.10898451126634431,0.0852452795266188,0.1960653066599148,-0.049992663633814514,-0.24397941345494317,-0.014298336215360264,0.06271017430355766,0.0910804710809096,-0.2689418400492517,0.1532339476839561,0.06757371389656258,-0.004708114269219593,-0.07640544153872378,0.09854652239584068,-0.0135930525864058,-0.008650183877811598,0.15280456956996724,-0.004004869059608526,0.05209956786500672,-0.22594894429144038,-4.646296296296297,10.200011407990905
10,3.16646126577416,-2.95635833626477,5.40981822236814,2.28534181399191,-5.63065758499077,25.4693139052167,55.044438130736,69.6256343860826,88.5118176422918,107.063444905374,148.229538952746,21.2287993968484,7.34769935505466,-1.69836098669776,0.88006931514108,-5.18499086873098,12.9148347422176,-0.242385955510631,-1.65034620584059,1.99216789766613,7.10657493616772,7.98435159460961,4.38333017813271,9.05873669749589,8.56615290836775,-1.99273872273705,-9.25766364584413,6.87908190454938,-2.14798886579296,-6.95030903684616,-1.84932153892935,-6.33929639262787,-4.29227867187293,0.677545964300522,-0.469507157448165,5.61735517672018,7.99980572298552,0.0907747764330037,-5.62934941054992,-15.5924977285032,-12.8906972494501,181.88239367082,4.10663101286551,-10.7034404591669,-11.889402876237,-5.02494844561246,-0.727504744532674,2.06350453320057,1.1626753490802,-0.003009940484528131,0.3547886680402142,-0.06451530865676271,-0.25431982252581703,0.09181344569014761,-0.4314068381147208,0.10154055315150458,-0.05589669640471748,-0.06473143702574129,-0.35675909234483755,1.61882763249007,-0.3533846091793611,0.05816405552433602,0.5668914680234675,0.1499037018071845,0.3364855584634956,-0.24738235227691505,-0.16729240360220732,0.5276645938800095,0.08553525920355062,-0.1618889843000804,-0.1665683976168717,-0.2722094160167787,0.04360612682755177,-0.30934890518184327,-0.08711567662303157,0.00025513593316742455,0.11289066594646861,0.018834997561917092,0.305793821540792,0.06652973899596078,-0.0017714083525723445,-0.0388735730650857,0.014495826044074988,0.00823754176274346,-0.3629433468600032,-0.18085503548000967,-0.06291354413294431,0.16266157007795776,-0.06611065198565527,0.020595270797101967,-0.8099662931809245,-0.044328530469190434,-0.023877149085396752,0.39672547708485595,0.2076298140330854,-0.014535146216139189,0.014463087345258408,0.04462187650907071,-3.3488888888888884,12.174544712339177
11,1.27195529894375,-0.678603665864029,0.603538961818863,4.66604052790909,8.25461168719505,4.02294953994171,7.76501721205388,8.33865034937238,12.4356986685085,16.4172932802533,21.2287993968484,12.5435341634738,8.43798943672758,1.61707089110375,-0.71321180857407,4.00467810521302,5.42721130550057,0.832070958748721,1.73065962076789,0.421209819703433,-0.578518297374792,-0.0291700695832678,3.49430598083339,5.46568934944233,1.89190975940419,-2.91622968777836,-5.54840685127309,-1.49531491754419,-0.530124147264905,0.121758406433259,-0.852614306127023,-1.10831538641282,4.11062239369508,2.37292902043266,1.60799686726664,2.48204416593191,2.95041523303104,3.32657934207594,3.03551522483971,-0.218119363428871,-6.97085806663859,24.0919568981883,0.468354474297951,13.1480427846003,0.520910337900826,-1.12413890757418,0.373869290166213,10.7329304387745,1.44078001722001,-0.13682511524574298,0.004490572730887385,0.0552566813489896,0.08153114371820958,-0.20084545174547425,-0.22814093173660782,-0.13793658810504736,-0.03941893686872714,0.16129709765367653,-0.014957743931767983,-0.3532504637780303,1.8481764845949864,0.0007938814898526455,0.295515444254801,0.2764737692229698,-0.5420395600570822,-0.266732352684629,0.5455716600652134,-0.18936862353133693,0.12608127282058723,0.20503991091480853,-0.007731582933881117,-0.14246203517675737,0.09778255770087395,-0.38876281612971464,0.13697325188172718,0.41545023402028275,0.02599404122677054,0.0272022973273894,-0.3044438421790219,-0.2972266172835477,0.18948816842319238,-0.18642723698564553,-0.091115072208751,-0.042729003482936234,0.12113295725467924,-0.5692986143465908,-0.8933066049372266,-0.2457242032377325,0.190561034058714,0.06873622176237859,0.15902111467664057,-0.05238736763896344,-0.04462276041874746,0.00817162517796492,0.3268674968950232,0.11624759252670613,-0.09827181607928435,0.07425332010515652,-7.056111111111111,3.5402731763910285
12,0.348477406933021,-1.70410534665063,-0.969634774116736,73.0216199407149,134.259704908765,3.12937096028673,6.59436865786857,-5.11982599165802,2.90495874149952,10.1033595038996,7.34769935505466,8.43798943672758,60.879087164751,24.5858511978524,0.126850735903777,5.23896586035914,50.1269932469726,30.5748681862037,12.1609819497416,1.96503160434468,-1.44771463683035,-1.05145642894549,3.63507812081084,6.32089950320714,-0.92279590733979,-1.44790624514996,2.52914395178163,-0.475705498455875,-0.318709385399615,-4.06482303375423,-7.87471359923869,4.65395249305842,19.3086158039198,2.26876533063902,21.4341200545121,11.4626483595994,4.19251059059523,-3.82078894238218,-0.632391641825379,-5.5549741042302,-17.6730910005026,10.1423394638895,-3.36379125957466,-0.273740267105872,16.2068463060661,5.33644922122071,-3.17172367341873,10.6221490923234,2.45702595029766,-0.529256127489989,0.2737582088536131,0.10483546211139264,-0.46684253406178683,-0.06032109194010222,0.349547018201338,0.0020134446306221826,-0.007598198550049356,0.09240733348288604,-0.20511636570279781,0.05844767823921525,0.0026267269739445546,1.0142955021297342,-0.261548854920036,-0.13288449624629847,-0.3369507046918686,0.05235655952528737,-0.017745695043217734,0.11872924894410208,0.2705706465143183,-0.16544781187034238,-0.15858656086986284,0.07234371369134678,-0.016157490052151908,-0.13052796175425563,0.16444112449706022,0.11621299439353311,0.2326991781931663,0.12969064807290384,0.08876913925598744,0.03428900195634852,-0.04143025321455577,-0.1482364283310513,0.37710893272784685,-0.18037495799780717,0.06188153281814855,-0.12109662294917035,0.10247969802475376,-0.3264709255960588,0.05529739892865947,0.014977491713391144,-0.06708544972085159,0.1785317901159125,-0.027015803064849856,-0.08548555603609857,-0.31836576619061374,-0.1801060528380957,0.004670265868142534,0.07482531803884986,-3.435,7.80186433903788
36,0.212734999830685,0.42038752812918,-0.670622836284053,32.9741027780516,66.5534253246228,1.27826693417053,1.26129268350902,-4.73438660190914,-2.77869196173146,0.663114929255261,-1.69836098669776,1.61707089110375,24.5858511978524,13.624216155811,0.559721899159435,4.25926855300426,24.8725684679881,17.02899419292,5.74520904135132,0.306886256636259,-1.60791198052833,-2.64906706956092,1.09865222568708,3.38946050434884,-1.25374193375255,-1.35392178633265,2.44820767327305,1.56632538042358,-0.596103754786138,-0.59148294803183,-2.95188788318963,4.91788127998092,9.35943454138872,0.984504602530017,10.5017205805261,5.20956901179929,0.533177685396667,-2.11353469913944,-1.62738692779506,2.48185644985774,0.390094856014772,0.151245512352219,-0.0003216072429681,-5.33356630155576,3.29076953445932,1.57697724198782,-4.63213610681525,2.35120177367136,0.463984915662747,0.06072068921844218,0.1967479134784298,0.277164081242616,0.0015641478088650942,-0.5007863575443238,0.29557000796547434,0.026603688051234167,-0.0311691904147086,0.06090108598451727,-0.4365824919861858,0.5859680934344385,0.2950619597719643,-0.26195348072986346,3.902375780286719,-0.10738449775628466,-0.3172567605576415,-0.05827339046371212,-0.10738107771698484,-0.02753229534114694,0.11583877515759865,0.41155862881731564,0.31907276935503104,-0.3086263683982106,-0.24311563852429086,0.05744630221321637,0.42040187671408025,-0.08368173125026213,0.09518067377355174,0.04778336974119917,-0.5818971944600007,-0.025255580314789874,-0.07221658516297184,0.017965903842672114,-0.0999403232658578,-0.12189504344072354,0.051770514326223496,0.12000151940393662,0.3883023820015535,0.3275437075374845,-0.1980355797856987,-0.03302514494097717,-0.34613789733445344,-0.02946528048879599,-0.002821335366063771,0.044993084234686405,-0.038744708477212814,0.2576186271108253,-0.049065450256753206,0.26211954316107733,-0.9472222222222224,3.6897447277299524
37,-0.97885028272006,-1.52903040921944,-0.290925554621737,-0.846376879839547,-1.78802926594145,-3.51666437360933,1.36241426864127,-0.617190538331446,-1.01610929612506,-0.713532909761795,0.88006931514108,-0.71321180857407,0.126850735903777,0.559721899159435,3.75716634738186,0.181011797221772,3.51964832115901,1.00476418476549,-1.32732548221406,1.00301610868421,2.48820130842596,-0.146103549772557,-2.56534975911564,-0.977302591713807,1.59198132229266,1.37422488985306,2.41668554964345,1.09699813825976,0.708074892591566,2.21387304456355,4.52963271895676,2.49164064671262,4.90424733301284,4.0916364170982,2.21253210303911,0.192588209078827,0.176638821243357,0.29528284135561,-0.161605368093137,1.09263561539007,3.92279855399858,3.56215729808258,1.88818898406424,0.45915152426963,-0.742338766651655,0.979341164258551,-1.18428109021948,-2.83248912933277,-0.301069329848194,0.15687466058527572,-0.00526566410749524,0.1325916927880458,0.38485640380629543,0.0063225598314214934,0.13071533325485893,-0.2514678347948646,-0.10224518558905442,0.104013767794921,-0.1649734057825742,0.14925374594070817,0.2745711874330404,-0.14077240180990946,-0.09747436711058552,3.707168815983041,-0.4168644563331029,-0.20089339699201994,-0.23593334135439942,0.3706727142055947,-0.05651054752753273,-0.4651062099138401,-0.0611396564881778,0.2005096094724341,0.18911199261813932,0.22797690257185502,-0.042621648349562766,-0.460023368450383,-0.10445176682715752,-0.14512294736309,-0.06317403396352905,-0.8425091594099271,0.07483669215454145,-0.47632737511664774,-0.29558008276704617,0.22347187130347748,-0.37242254445433404,0.037564122096198804,0.008784916692879926,-0.040819457165248485,0.036544847132506254,0.06682696764882061,-0.06743189616793854,0.031191237444880004,-0.007537777909612467,0.005022890975250186,-0.3769978778539167,0.05920670696555122,0.011987474363881617,-0.03400769355151799,-0.013888888888888899,1.9357598888761656
38,1.05507164904979,3.06921158559416,-1.74485571120668,-1.1768471875949,-4.16745421714934,-2.66175217346917,-2.3962344910281,-1.50646680385747,-3.1273604702172,-0.669412118552696,-5.18499086873098,4.00467810521302,5.23896586035914,4.25926855300426,0.181011797221772,19.2905236270754,8.70817864025281,9.34532411012821,2.7290907542779,-0.855953614078027,-3.9803829817255,-5.83969057661994,0.454018450689254,7.02018020874709,0.671727624757062,-4.74077324755913,-0.785997314283411,1.3235123179869,-2.45698593462536,0.613549816902045,-3.66035117856237,-0.160761188111581,-3.91902716010625,-3.04022918141483,-2.89416012790378,-2.06148795627726,-1.45751785419264,1.04127224610099,-0.297946078556697,-1.71344413141999,-3.73034256609571,0.61120357288716,3.79434320325615,10.7115706610343,-3.87465514696054,-4.66993750712688,-1.31212737699285,1.7288193796244,2.11881345382144,0.3414019520032305,-0.3949359362450418,0.35568560403849053,0.22719519771092322,0.24077925872854694,-0.17925476310709595,-0.05992051931075696,0.04326379715733009,0.25486675251875757,-0.3803331134067921,0.33527025543384353,-0.5429035379234293,-0.3363328496108608,-0.3206868916542569,-0.4170568926313867,1.4237639643853037,-0.19044788267510787,-0.7156960264899046,0.026062808633507864,-0.09057230455539529,0.11208692448210539,0.09649072774100938,-0.07444787389050851,-0.06978852648024925,-0.01967587587223088,-0.02925719171582704,0.07601667874785874,-0.16123471195979303,0.13947812770045073,0.35456869494671006,0.15261272401387477,0.2581915100104687,0.05499048191029322,-0.07118481594046258,0.02592234522689293,0.2770014203111668,-0.11818325791229814,0.06493221437008428,0.0068647518391967075,-0.19039341780348515,-0.012061973122619857,0.0005196591511177431,-0.3324924960296852,-0.004884325821485843,0.12080870924283252,0.46904845553051716,-0.2969449215730262,0.05432941382723532,-0.07355508311489138,-0.40555555555555556,4.390959306014501
39,0.547816368967726,3.65363124493673,3.03575509710374,74.4117896841902,141.794100932464,-2.65212692563791,8.04490364377653,-11.3968788379997,-10.3913508090609,-12.9055035442415,12.9148347422176,5.42721130550057,50.1269932469726,24.8725684679881,3.51964832115901,8.70817864025281,88.7856146232439,43.2863617084339,10.8755911913845,-0.874131115862038,-2.68765075367892,-6.81480663598032,-7.87287455153442,1.19475449589436,-3.62114402529133,-2.20098963199483,1.96291829670603,5.80799428957909,0.0744917447665936,-2.3140172950574,-5.47257910915895,10.5298305572513,16.7994127825459,3.3524168178772,24.1801459998909,12.8186117183486,4.06739080446969,-12.6520895929251,-7.7511976003344,-15.6298125376271,-17.8047059642086,27.750156697338,1.94841050829406,-12.064587776531,8.5323787037427,1.2753508049972,-5.81787753293264,-6.57574629823177,10.4632618894709,-0.10043648428850584,0.03961720415576559,-0.2783398919427256,-0.017593222884583728,-0.23777019614124723,0.3694688070117671,-0.10480126543874475,-0.23169436220846962,0.1684422486312332,0.6598593911843189,-0.24897308224155384,-0.26697355033353837,0.055335989936734886,-0.06046242806016117,-0.20580864415451372,-0.1919562238602034,1.1034226937965637,-0.41053790604916246,-0.0063833825183669795,-0.002709601290987597,0.07206894096162728,0.016791503263786096,0.0928488203636881,-0.21942687547814232,-0.07114470780693648,0.2599324427561229,-0.32561118700000635,0.2807311587055905,0.11904412346346788,0.1798104557063315,-0.3051419507335685,-0.0851824590619186,-0.006779740549764417,-0.018450361445263776,-0.052176813559536274,0.00907944778546452,0.06553985163646313,0.28410672801885967,0.16335910587877836,0.0688876204540208,0.06568005230228839,-0.25383449874368036,0.16631814197223846,0.07868974055429395,-0.3264907548655212,0.3349736005967554,0.13794487479544298,-0.05110613216366884,-0.37858976501274577,2.9138888888888888,9.422081225676413
40,2.20669040667211,4.81966118139961,2.71077581962354,48.248972578295,95.1388249581673,2.43348294504642,2.29477082683908,-6.04629752470489,-3.26460154021244,-1.96928168567589,-0.242385955510631,0.832070958748721,30.5748681862037,17.02899419292,1.00476418476549,9.34532411012821,43.2863617084339,35.331711366539,12.1594680179346,1.68044126619615,-1.57422068129372,-4.00410844075976,-2.33926672369173,0.890022888925138,-1.8179201899871,-0.169463805060089,5.42445410970195,6.0568925974176,0.8725428852431,0.259677072125442,-6.64195071037836,5.40902305758896,6.85876837786624,-1.7755459847788,15.4023833507745,10.087188209845,-0.298754483627956,-4.12123366663892,-4.16236066461438,-10.6911360130708,-7.7105367070889,3.1754580947356,2.96364616955869,9.95746270399475,2.225105370061,-0.61885027567429,-6.91839563051975,-10.8620749041407,5.18213093795509,-0.2664767187948522,0.12879220326467078,-0.011952226889125828,0.07427498226895192,-0.2175700185644478,0.05981758516953392,0.024684740148574857,0.22636856678154876,-0.30593836300707117,0.06168838266019097,-0.16850002966851363,0.5448450977078266,-0.01717702544501649,-0.10787631247889828,-0.23584185248156966,-0.7164612960469101,-0.40922821528129943,1.7615485896899186,-0.3739149406940529,-0.02055480732868677,-0.21732064250674152,-0.015279470800867126,-0.1645561728486467,0.2546043238672858,-0.23322403065557293,-0.2796233261012189,0.06397889756540245,-0.04557080374787328,-0.30056715683882684,-0.0967776621181407,0.52338167694537,-0.3952216533854324,0.2911954694853124,-0.020103742848999684,0.02619814257973523,-0.4535474608355717,0.28164273363098613,-0.52294139169391,0.09013378218122627,-0.031363766455011044,0.10024050063789117,0.10975847376291212,-0.1420453483688568,-0.04862464369222922,0.09893465180864015,-0.09416002306316823,0.39216789686700665,0.12438126604504875,-0.19379064420424164,0.6277777777777779,5.943207161671126
41,1.35281299696502,-0.935014844868428,3.33745870597375,18.8426989114588,34.2688978996307,3.26539513200507,2.41243781927018,0.462362708193816,1.50788030476195,1.08754636994133,-1.65034620584059,1.73065962076789,12.1609819497416,5.74520904135132,-1.32732548221406,2.7290907542779,10.8755911913845,12.1594680179346,15.0803703703704,7.71906380080971,-0.894589012078401,-0.0144478650286888,4.77819281362081,1.98845236137937,-3.90927945224776,1.20900479725308,2.99523204747288,0.208615257683288,1.98706810976782,-0.228198436402879,-3.5979498410514,1.19451988015968,4.97840453161889,-1.74617704582531,5.82444517061358,4.51596546143599,0.68851440470934,-0.559515757307433,8.40562224845004,2.16979703249044,-4.05371068102606,2.28841061723431,0.900687373298509,15.9724144701919,3.74500296297138,-1.47511562430775,-0.724439081039805,-2.20502337977485,-0.941825203977017,-0.03885440272453842,0.22808661141804956,-0.007959748480500586,-0.08265603078373668,-0.12487278581376561,0.10284366788032381,-0.18371010459493067,-0.3281076019865193,-0.2272464935502374,0.2941334551462048,0.5355839571127226,-0.18154835860561389,0.11266722343149119,-0.02749713794439681,0.3662885191053569,0.024211015463657275,-0.009374615679456718,-0.3730134579173569,1.8832242752509125,-1.0290888977817358,0.3875012298025961,-0.1576423722575139,-0.05732395875561699,0.006421063658361249,0.1603103112797746,-0.23872879034892205,-0.1497072229782791,0.34363007377429966,-0.11908194583996021,-0.18763423645919478,0.46539280626520635,0.003115450624439024,0.063228753033635,0.13565757363081446,-0.08559684733989577,0.1631103153210805,-0.1659722010863707,-0.2355389471358541,-0.34018441153596,0.10370823541249129,-0.09641459422960245,-0.3199423269432847,0.007995678847939173,-0.07455789520916757,0.27440940123834384,0.023092781215335492,-0.18381336029566644,-0.023822809845475666,0.2577674902792635,1.5222222222222221,3.8820574918940047
42,0.458254792354254,-1.27242660476867,1.92047318545793,1.65676545675033,5.79308937029593,2.18850872282418,0.899168271006609,2.60472993299066,3.85688796559903,2.80280273398755,1.99216789766613,0.421209819703433,1.96503160434468,0.306886256636259,1.00301610868421,-0.855953614078027,-0.874131115862038,1.68044126619615,7.71906380080971,12.3838904853129,6.35729814046109,3.02032718916356,4.69549027471235,1.36357893132035,-0.637802994005242,-0.808283146961726,-2.18168556365372,-2.24835126838951,-0.472989321834112,-0.257767883815183,0.752317248063305,-0.763813976469714,9.39831901410561,0.33226260862077,1.94502028713623,0.854771285744979,-0.135381995848858,0.515906948488687,2.53408156450037,7.223461598299,-1.1903814718217,3.2836993756327,-1.18546259674541,10.5084112412457,1.80062379971832,1.34851410211111,0.183454518277778,-1.73829461892226,-1.60146896401523,0.17883481443012883,0.0688125774340544,0.03934963844264315,-0.11480470652366893,0.07648197724913292,-0.052401890309561085,0.3679347716534667,-0.08908078706517764,-0.18487041418920755,0.030689177297266182,0.07530927379553097,0.1171543042953908,0.2753980731489807,0.11799680222067173,-0.05619101086130938,-0.08642146112705029,0.002894223363369819,-0.02033976009995417,-1.0373775666231497,2.1857431640756504,-1.2011170776046323,0.03357648342313452,-0.029359843660476465,-0.05221358930838463,0.03998305591303926,0.3441062822172285,-0.06193165278330925,-0.07019533860588667,0.3239487211288444,0.14736457953144164,-0.005374848855832003,0.35794803567182815,-0.7122367987501835,0.38544233803045996,-0.0804309117457322,-0.029344736009423833,-0.14302775531580575,0.05581760845465953,-0.05443606893116761,-0.17933302437615548,0.06473782000224448,-0.08146392398501691,-0.07700731343788748,-0.010392754958513559,-0.1288736546112309,-0.05359492347044323,-0.1528680694340946,0.0988642343730492,-0.12362665020346536,0.7027777777777777,3.5176541167819364
43,0.0994373651189236,-0.428367731354017,1.15678084482356,-2.35439323418708,-0.4631204536915,1.39143275458892,1.37400805988683,3.40058972675716,5.13689269223667,5.06913497395366,7.10657493616772,-0.578518297374792,-1.44771463683035,-1.60791198052833,2.48820130842596,-3.9803829817255,-2.68765075367892,-1.57422068129372,-0.894589012078401,6.35729814046109,8.20116379310345,5.35149305266555,0.757985640664174,-1.93180311549854,2.80222088166996,1.05887417031011,-1.343226959309,-0.946996215668609,-0.761842371221297,0.243711059083435,4.42987368140951,-1.85436035612966,4.66676962206609,3.12980779542396,2.15865407679962,-0.952064347287128,-1.79522657287627,1.26563808516379,-2.26953207332297,6.6319604935842,2.69005209530412,6.62070249445633,-0.549869872773918,7.21291507838176,1.50826459896594,3.14801883886092,0.213154448995237,3.05519555761038,-0.360454254058986,-0.18535702067798002,-0.03376583752794345,-0.006021247846595004,0.053779539063781474,-0.04401377815264072,-0.09608705657741622,0.22601752596980942,-0.07149288352107895,-0.03869308602911066,0.02208454236388858,-0.17015234820074196,0.2099761491068612,-0.16348683264952282,0.38322358035643844,-0.47497398836188615,0.11073285253395028,0.07855169195337328,-0.22540855698295983,0.38255526046498556,-1.2065607446338198,2.9087716979625142,-0.5085060328869698,0.28802936554416186,0.3288464858314904,-0.4258811527958071,-0.01887451822087712,0.11945495063551953,-0.07847425007843738,0.4061247604866131,0.004142599562501733,-0.4524376842211567,0.24631577720176248,-0.23002364604176478,0.038916319609081144,0.05554843004843201,-0.0017161118743791056,0.24250859413384585,-0.013608863795326793,0.15663714306548152,-0.1713314577644402,0.09896137555532135,0.010411202821510715,-0.3791419098914295,-0.012350940154111218,-0.04689329947552801,-0.4138133761074551,0.07349359696620124,6.24485644665429e-05,-0.03535201369313254,-0.525,2.8620209281386204
44,1.08501187099357,-1.08318224181285,1.5504191614694,-1.42580696242991,0.347897324718279,4.68127820292029,3.58518753468732,4.57704873347939,7.70193961592824,7.21455019131055,7.98435159460961,-0.0291700695832678,-1.05145642894549,-2.64906706956092,-0.146103549772557,-5.83969057661994,-6.81480663598032,-4.00410844075976,-0.0144478650286888,3.02032718916356,5.35149305266555,11.9175351213282,8.48278743066189,-0.446896966964732,1.83948040513211,4.19405136068326,1.55740415315477,-0.539844706424016,1.37503754280439,-2.24516236160329,3.21984077180265,-3.16254248438258,-0.988600090521635,0.499501378851627,0.36128468049277,-2.48846154492244,-0.993535742051923,1.96804604967048,-0.75858102583979,11.4353637895192,4.71613453424991,4.24887589894223,-2.16632006698937,10.810913177583,6.98319945817699,3.60991411067456,3.92202246293021,14.7990076209315,-0.560034184036066,-0.5051115099808474,-0.16731252765829527,-0.04629383915555996,0.22525222537279932,-0.12321283410727167,-0.02256082422400795,-0.2878851411386546,-0.023232498425665334,-0.012522053492426832,0.15603490614214613,-0.1707363106799246,-0.006503105528681749,-0.15776226700261517,0.3287874161956811,-0.060310848328196345,0.09949685787451,0.017231965625584628,-0.014975463182653139,-0.15604184221475775,0.023327606923556583,-0.5098594949623122,2.4736426865219943,-0.9140153087877179,0.10454139396213996,-0.030948775470983497,-0.8011234952912697,-0.16911031828400158,0.12838967618484082,-0.28696755177208033,0.09899046172789039,-0.30804588910196107,0.5874200558647216,0.03726726220425703,-0.026281328590125042,-0.024894939652330972,0.2311650737184,0.028880157568193017,0.0028122425362340285,0.4497269133276039,0.11495100281493806,-0.23100340983023387,0.06271053425667783,0.15901084562070814,-0.019412852226338533,-0.09107925602742538,-0.33943759855550737,-0.47174191527027537,-0.08840899545478324,0.004470547381526983,-2.7444444444444445,3.450729650570764
45,0.810989888571955,-3.66950497962498,-0.395683671266737,-0.878458570357009,-1.45710230949184,4.08820912515074,3.72049751065163,5.04060493140788,5.80878379597969,7.37082566847515,4.38333017813271,3.49430598083339,3.63507812081084,1.09865222568708,-2.56534975911564,0.454018450689254,-7.87287455153442,-2.33926672369173,4.77819281362081,4.69549027471235,0.757985640664174,8.48278743066189,20.6186845466156,7.5077395154324,-0.397980722838616,-0.50385172992909,-0.720497868632011,-1.61635539231998,-0.597906682780144,-2.8834523830341,-1.58260526540232,-3.14901781701965,2.1455351747984,-4.26022191603089,-1.52121355768693,-1.85074499930177,-2.1327383851202,2.07389337726321,3.07918258580367,12.8317389923042,-8.41481202444301,-0.300209660344191,-2.65290236401343,13.1327571920683,4.49014105421096,1.36697570506915,-0.347607067419665,19.9267582858985,-6.2912537418032,-0.038403028850163785,0.2718785894609066,0.2909917218534473,0.11549521113543071,0.031723226310153625,-0.10774351869446801,-0.10508711834569609,0.22584311692022216,-0.1738545691487697,0.09718702022315093,-0.2745711147288437,-0.14221615655015218,0.07266579655247697,-0.3120222480909958,0.19806554523047093,-0.07400379328672398,0.08953914418421323,-0.16473321647126038,-0.05621213240242259,-0.029037916259109873,0.2900302279010725,-0.9157531553837334,1.2064542404759817,-0.35484660232639337,0.24458487352703873,0.3293068782314867,0.01649390884009294,-0.06272735022924483,-0.1167269959136422,-0.0794929157511119,-0.1841422478943133,-0.026111199341814204,-0.1214176787428622,0.3086687905722681,-0.14455929807125079,-0.11040451978877833,0.22814403653283455,0.2594302307250481,0.020649476741086102,-0.14353942432631064,0.1732516790823249,0.20435584442971336,-0.08455228292130686,-0.0047084367226911525,-0.11243405687499727,0.2099259847824983,-0.06743313058596027,0.004322927746387926,0.47097610668074413,-4.411111111111111,4.539678903470551
46,2.06966005606199,-0.478873317867266,-0.702998414448868,-2.82478869760184,-6.58940527001923,-0.45096346791922,3.56063767819193,5.49298466471106,7.88663990442739,12.1017611767379,9.05873669749589,5.46568934944233,6.32089950320714,3.38946050434884,-0.977302591713807,7.02018020874709,1.19475449589436,0.890022888925138,1.98845236137937,1.36357893132035,-1.93180311549854,-0.446896966964732,7.5077395154324,16.149367816092,3.319993894126,-4.00473139345738,-1.4604285875152,-2.61634154595752,-2.77448311424189,0.215924963495088,-4.41313081291709,1.00092306545096,3.46964736673663,-2.0244856709813,-6.19753529826637,-0.968567904701538,3.96225196519615,1.32871188278236,-3.37997131464931,0.68209471885259,-6.1330092542401,11.9640477646164,1.64223917676604,23.4428249880338,1.09243846033101,0.758196868960583,-2.27977038993231,11.8412963442104,-1.01191430857634,-0.13991076273385472,-0.13210667249789065,-0.24275673279597737,0.014077251150863054,0.043054605839921434,0.34388615890129537,0.024720474153054704,0.23047496462471817,-0.01750431109046069,-0.35227363139282863,0.04126546612736675,0.10177089187357471,-0.014597844317478237,-0.2436382388395832,0.18897319911749091,-0.06843991571880716,-0.21312461482792228,0.24604940967426295,0.004743033756029644,-0.04623867158776862,0.3273377687586108,0.10556784666621509,-0.35471704807539983,1.0911024145474422,-0.19431156344243178,-0.22023672266915514,-0.042310132873769904,0.023694404014297416,0.2504631156382221,-0.1534903357708305,0.2770767445593718,0.32484800971074107,-0.3503933158153457,0.14433469506589802,0.404237888221839,-0.07708546122052581,-0.06762652867279839,0.02879363963496152,-0.0471463146254323,-0.08460968136151208,-0.08018441504889096,-0.021362446144969918,-0.1648809751234976,-0.032634783339180407,0.015694522800763663,-0.1348925467107872,0.2531163481691702,-0.038337021250695914,-0.31621569199407323,-4.25,4.017383205034336
47,-1.55487109064845,-1.06441412220528,-0.544572216150906,-6.16395925425645,-13.9734048994412,-2.06190636582306,2.7651375305359,3.81160956779055,5.84980947273387,8.8870722850562,8.56615290836775,1.89190975940419,-0.92279590733979,-1.25374193375255,1.59198132229266,0.671727624757062,-3.62114402529133,-1.8179201899871,-3.90927945224776,-0.637802994005242,2.80222088166996,1.83948040513211,-0.397980722838616,3.319993894126,6.99358876117497,0.57661874862696,0.165325251230171,-2.50406328979141,-1.8675973297878,0.814723024523316,1.09569800238527,-0.186935186262623,1.40646678151171,2.74807952633924,-1.59133555878993,-2.26461312093923,0.462501242740208,1.09569064862052,-6.77826777197007,-6.44750820340729,-2.38059339215285,7.21954420282846,2.08881133226248,21.6850986104541,0.138061360978672,1.93669860012989,-1.54466727426005,1.37547090720355,-1.18287219749875,0.40645068012592217,0.2332395505220578,0.041002872307635906,-0.0839221204844082,0.18126513164553176,0.23066908611729714,-0.13410862938784948,0.15763141469276684,-0.3398014023599171,-0.07788873899906969,-0.30710359180346897,-0.3852068699668045,-0.12955125501778042,0.05540371300438853,0.22789643131095624,-0.019847176189799014,-0.07720454679666704,-0.22899235952909602,0.1611385728874039,0.03538202798296398,-0.4267608413585533,-0.03140325038115175,0.24086706999157786,-0.19108236277136964,2.527088317955792,-0.5007351914206618,0.0046676660429494955,0.1905686632658937,0.8157593572428204,-0.2925593748309675,-0.14225491102747614,-0.19863485410456463,0.21141039790190783,0.05282722239554986,-0.18974419402174578,0.28130244113228176,-0.004478488421165523,-0.3310939944013905,0.44846460376205427,-0.025807797161434675,-0.03595185153551515,0.3474252927122501,-0.27272221990546447,-0.05019903793745666,-0.10370550919548431,-0.24768563865882776,0.12177772403673406,0.04353169091750151,0.04807624657070347,-2.594444444444444,2.642648058515354
48,-1.48611280091229,-2.83911883069756,1.29271410311871,4.01584307538034,4.04404238823703,-0.440356968086427,2.41085871210137,0.0030754175620212,-0.556188624271612,-0.504656069767926,-1.99273872273705,-2.91622968777836,-1.44790624514996,-1.35392178633265,1.37422488985306,-4.74077324755913,-2.20098963199483,-0.169463805060089,1.20900479725308,-0.808283146961726,1.05887417031011,4.19405136068326,-0.50385172992909,-4.00473139345738,0.57661874862696,8.39646232439336,7.52509068526756,1.58712290075516,3.02234942259049,-1.24936080293709,2.31967775615944,0.564236386313402,0.75381793250296,4.23275804318449,3.58778854907573,-0.295654504573534,-0.43589943642382,0.795348386897745,3.96835463735816,3.66751977325979,4.1275431102311,-4.21694758288825,1.41474725934549,-6.71751484494541,3.9974376498385,1.29345278378427,0.163339730916295,3.20602329776733,-2.89835216863172,0.3594409142590292,-0.061485067449885106,-0.5427855288488742,-0.13084457691609147,-0.0814519595080473,0.031105099125315394,-0.5578072125733131,0.15963342830423238,0.27883465296217896,0.03355127675788314,-0.07213712143846858,0.13750951122550487,0.16418494589143545,0.4242179495122952,-0.03861106793974859,-0.030434489623920237,0.25551157737195324,-0.2737535909431519,-0.23379736837732312,0.35046630086446123,-0.01921441001881497,-0.8013630200014444,0.32649329852916725,-0.21768819399298364,-0.502258567027435,2.308249246300158,-0.5165875978878239,0.06133932881965575,-0.3500822458484681,0.04812870375787475,0.1658356438519346,0.19341109754172423,0.07323553000438263,-0.4513064750560174,0.08939131323587725,0.11526477558591461,-0.06082980957680293,-0.036947064454473454,-0.2728706699782917,-0.1120656214321493,0.11836347834433478,0.043790886902345734,-0.2264750838597777,0.11693599275465259,-0.028742781727644072,-0.2883317010500448,-0.1383917556317059,0.1153566718303119,0.22712504323434668,-2.755555555555555,2.895938936578836
49,-0.950587675360674,-3.0765502114515,0.183719309800193,11.7702780645396,12.3579479703849,-2.57895745604016,-2.13236419756558,-5.08864674112004,-7.38027951304046,-4.87869574069619,-9.25766364584413,-5.54840685127309,2.52914395178163,2.44820767327305,2.41668554964345,-0.785997314283411,1.96291829670603,5.42445410970195,2.99523204747288,-2.18168556365372,-1.343226959309,1.55740415315477,-0.720497868632011,-1.4604285875152,0.165325251230171,7.52509068526756,19.5812084929757,6.56542978381618,3.7593346482468,0.698377684530555,3.92910180795259,4.6494236548092,-2.37090022922088,0.994891849346131,4.75076965473271,2.53787053426514,1.53597304031742,0.669898200569377,4.9302850631595,6.25577720831069,13.5773496768941,-12.8401035514441,6.44779570547361,15.6044678972352,1.0095595322596,-0.298751652937531,-1.11377447654011,8.67536529764491,-1.93864181864827,-0.09221195253821844,0.09050882072986899,0.08623248710051427,-0.5846746810605454,0.22360032342498823,0.2167874453762575,0.20984771668863234,-0.46455474686018067,0.14216838965539919,-0.44736375568220366,0.002314614116585002,0.4127102452960068,0.11465882866986861,-0.0855785875119733,-0.4564543758046919,0.07699300482253292,-0.32613124718674313,0.059960438408947096,-0.15006102315720954,-0.06924963724248653,0.12032153787516908,-0.17192178595649893,0.013280955727070814,-0.038889990477165876,0.004027574578091716,-0.5169156214082767,1.4031213588318656,-0.17774132952466493,-0.12028044754998539,-0.054101704983241634,-0.3710061533150444,-0.1849474654469755,0.2363557694517928,0.14269486387322908,0.02703579418900481,-0.08492572004593409,-0.393632384284114,0.0801765891383363,0.030454631497629756,0.030368284637302772,-0.10751125449739302,0.36550913299113086,-0.17496728379426896,-0.0391348823503303,0.18525935578493194,0.36782624875333153,-0.10171645395088007,-0.1304389451416334,0.2844394639580981,-2.6027777777777783,4.423935859952733
50,-0.349532498508942,1.02674995777283,-0.909340738633202,7.67932169411007,12.307432385709,1.99662812140422,5.88274360742861,1.59339408772638,2.19774039512815,1.12668736677356,6.87908190454938,-1.49531491754419,-0.475705498455875,1.56632538042358,1.09699813825976,1.3235123179869,5.80799428957909,6.0568925974176,0.208615257683288,-2.24835126838951,-0.946996215668609,-0.539844706424016,-1.61635539231998,-2.61634154595752,-2.50406328979141,1.58712290075516,6.56542978381618,16.1171280332056,3.37431709705391,-1.22522606184747,1.70223900119666,2.37866682158305,-7.78654003912067,-5.44525158230643,1.52635486176025,2.78437058542466,2.6632636496405,1.86553846114433,2.72237367629748,9.17879325540346,7.35231543559828,13.8306903880886,3.37775088089912,-3.88137611562668,-0.0496659481649657,0.756343458704392,-1.51680738364117,13.9643624195214,3.45694132734866,-0.06636979442498524,-0.2142079638835098,0.03469032445450083,-0.4161066712167704,0.015195531777277988,0.17368044055582582,-0.32368406773892894,0.03347938518707654,0.09398226336773273,0.17489131329422827,0.11568180942019494,0.027516584320612242,0.23359583489922123,0.09470003817781177,-0.10618525539536867,-0.16268622229686858,0.28043245525055677,-0.044759212712825444,0.34592817678924176,-0.07100998206691388,-0.0771808196429714,0.13087127353067407,-0.06362885159898256,0.024129958069920857,0.18971253944423505,0.05998999297973551,-0.17856672777651916,1.2883033085217412,-0.656005640853458,0.07720765047957115,-0.1380019388239672,0.041638484783222664,0.014161837233746026,0.6131244286138383,-0.22261809329219875,0.15282760336971546,-0.10627652822438025,-0.42860830906540787,0.1162505356727471,-0.07607199093020427,0.04203266689427823,-0.2774545245258093,-0.31499732933164604,0.034541028830706776,-0.09558608829262531,-0.014037402783965442,0.4682218426869073,-0.015438113151004962,-0.3191154607865326,-2.952777777777778,4.013368664003548
51,0.0994136910806325,-2.15302767957643,1.25794493528773,3.11674187193576,4.56678957533492,0.450365196373762,1.54840220545715,-1.38737145291421,-0.377646416728786,-1.74349164158761,-2.14798886579296,-0.530124147264905,-0.318709385399615,-0.596103754786138,0.708074892591566,-2.45698593462536,0.0744917447665936,0.8725428852431,1.98706810976782,-0.472989321834112,-0.761842371221297,1.37503754280439,-0.597906682780144,-2.77448311424189,-1.8675973297878,3.02234942259049,3.7593346482468,3.37431709705391,4.40211366538953,1.20557197810823,1.91048124193738,3.50812719163125,1.10863483437348,1.39782961512643,1.74624942684318,0.715429362823745,0.983443173291239,1.95274268364608,4.51381602460116,5.5364739794143,4.63057405580205,-1.73512786664592,0.470242692932453,0.613339177287513,2.85657202222837,0.226441850591682,3.61046103717061,6.60655432321775,3.03397465358615,-0.22133796589171065,0.5359543211517078,-0.1408253086366498,0.06515400367362918,-0.006169575740283702,0.06256535666006825,-0.04187686291322609,-0.0016652633762591215,0.05025572635257227,-0.05015049835612453,0.02083017294193227,0.030400792861863264,0.13229989216780919,0.04890591429657866,-0.14762324037033625,0.13809563409522876,0.12130730295940129,-0.3050352494563361,-0.11267073923451555,0.3186407818365625,0.4021132518282701,-0.27935364418711467,-0.12288837988186538,0.25288476984216574,0.8145671410414616,-0.3477160985154424,-0.12693637332943977,-0.6546883253655079,3.342001047744019,-0.08521175890156746,0.07368901385771293,-0.13871583341215718,-0.2699782899886485,-0.3908289049715426,0.03205162193273575,0.004136112773811355,-0.11674208172883606,-0.4666469941159938,-0.06878096119280026,0.07411381926466062,-0.005670805068947241,-0.032553160599872275,0.2116769054350895,-0.07333939602833166,-0.22571724082344122,0.017957890346925565,-0.4032868052607982,0.10141618911902936,-0.40040817521719885,-1.6222222222222222,2.0957370220019325
52,1.78612268417667,0.112761702607094,0.165878863121469,-8.36472954428387,-12.60246432739,-4.28870233280762,-5.3932688279706,-4.60287323721085,-3.53181534582955,-5.00656578866276,-6.95030903684616,0.121758406433259,-4.06482303375423,-0.59148294803183,2.21387304456355,0.613549816902045,-2.3140172950574,0.259677072125442,-0.228198436402879,-0.257767883815183,0.243711059083435,-2.24516236160329,-2.8834523830341,0.215924963495088,0.814723024523316,-1.24936080293709,0.698377684530555,-1.22522606184747,1.20557197810823,12.6772034642401,5.90233819606726,0.606341182182496,-2.52475324795491,0.744767701904674,-0.414063937860287,2.5982032783498,0.762625473809972,0.428442571100313,2.45259903603672,-5.86604367127893,-0.0032419957098864,-4.58413306236965,4.1758077072132,6.8704591501534,-5.34002988275979,-0.77592666756558,3.83734462364876,-13.3032587006275,5.7000498357513,-0.30356805077647603,0.05190350914198392,-0.01589599548849135,0.4211744136890957,-0.20229982295237783,0.28837288843640485,0.1752344379831886,0.11843710697915945,-0.14872552126299363,-0.11145690999133788,0.299884981955445,-0.30164436596940664,0.08933936255933096,-0.5777915446760908,-0.06514273753395569,0.35515796575675435,0.17919935219099445,-0.10174083250618429,-0.1853281219306502,0.13469292158795132,0.005864127204065147,0.10041371428948904,-0.07862939870214786,-0.15310340057814775,-0.29376882457319775,0.04951122835140421,-0.05417661349874845,0.0796318614879947,-0.0833461617852154,1.8366284812807732,-0.7552741471115682,-0.3265721128526304,0.2566341051920029,-0.08104885290012569,-0.10605013545314589,-0.04472820814867317,-0.145776965306345,-0.08526404081913941,-0.02525291676587801,-0.16213182120215283,0.3849048454241492,-0.1221570774952819,-0.45541971733533526,-0.0007158463373237343,0.3452222673462112,-0.16845997035158855,-0.33056342993965354,0.23449822579984245,-0.40656389795576037,-0.6652777777777777,3.559101496760116
53,-0.693624580997294,-2.13199354032812,0.266416414137612,-10.104351496298,-15.086733224328,-2.85704887830507,-2.05615898413911,-3.09945140572812,-4.55455893447136,-5.50634225079687,-1.84932153892935,-0.852614306127023,-7.87471359923869,-2.95188788318963,4.52963271895676,-3.66035117856237,-5.47257910915895,-6.64195071037836,-3.5979498410514,0.752317248063305,4.42987368140951,3.21984077180265,-1.58260526540232,-4.41313081291709,1.09569800238527,2.31967775615944,3.92910180795259,1.70223900119666,1.91048124193738,5.90233819606726,13.6327729885057,1.15858827936871,-0.387691781806191,4.4890966254045,0.663186870807266,-0.889883213195343,-0.724471057754934,1.95543961876374,5.71966714483485,12.2318544955417,20.7659954384504,0.717079406639611,3.07287183398335,11.9688501203285,-0.665731398432571,0.607254046834145,1.42612410222122,-5.26176451822289,-0.614343881876304,0.18463816011841214,-0.12289909111761695,0.38429446713708487,0.06558415252173555,-0.03861666492335713,0.1162707628232959,-0.1514463027718848,0.04310435801386121,0.014654049815217366,0.08810808562515626,0.06781694070729344,-0.30298710874627754,0.03633599784141483,-0.02554683970080535,-0.8407515736509543,0.14956740384089548,-0.30090985486200117,0.5234350720553786,0.47557947979614024,-0.0041436902432936485,-0.4365807155092747,-0.3083994241573742,-0.1847591357210974,0.2824135048214481,-0.13962337930785332,0.16131386007821166,-0.3739533632984616,-0.13237828505570687,0.06943156576172871,-0.7568696629332089,2.3844956459530944,0.05917808305286923,0.0025052130049328623,-0.036657718189023976,0.05030640746231155,-0.05873886459217419,0.44841549389947627,-0.09883895022483172,-0.48012571088306477,-0.1500327356256375,-0.23829616537580747,-0.10368564739718006,0.0005157250062507593,-0.08556740539253813,-0.0416387298270372,-0.025980525765402048,-0.08774904453104165,0.17513478618477385,-0.0030652305826253646,-0.9916666666666667,3.690904088229028
54,-2.05108028289636,-4.26833825496695,-0.453615502280281,9.81313870111519,21.8127035737324,-1.71152406279058,1.6442460220253,-7.58425361304858,-6.51374682073276,-6.9224552716331,-6.33929639262787,-1.10831538641282,4.65395249305842,4.91788127998092,2.49164064671262,-0.160761188111581,10.5298305572513,5.40902305758896,1.19451988015968,-0.763813976469714,-1.85436035612966,-3.16254248438258,-3.14901781701965,1.00092306545096,-0.186935186262623,0.564236386313402,4.6494236548092,2.37866682158305,3.50812719163125,0.606341182182496,1.15858827936871,15.9424393358876,14.6750295117142,4.68422254517674,3.1279573654156,0.180403602599589,3.32771266910893,0.954726529363519,-2.00111481679491,11.7155835630612,17.6708216990199,-7.05756217135989,2.3618095873372,-2.01801978755211,0.294080516814106,1.51361411757863,1.19321004265798,12.8553306521539,3.85892608855193,-0.06826408584633073,0.1956593640679997,-0.12083078769354463,-0.04447749709503275,0.09339338631694195,-0.10681926850148085,-0.5349705562358367,0.1709043374087925,-0.2562775006618485,0.19022446180083308,-0.003975341725881368,0.19077876993892715,-0.038779882465931614,-0.07157708766330223,0.07468170793858456,0.26056474601261514,-0.08246601160578794,-0.3953653641101909,0.0042165958128602115,0.3598309059081482,0.2501211044259682,0.5854191825116972,-0.027315229097105986,0.32502782089362175,-0.19670858000290378,0.19160184464708177,-0.18758041832928854,0.0416171011903982,-0.13808149533205014,-0.32996583785339323,0.0600212443549345,1.7690319851665257,-0.7391569703243972,0.172084125589315,0.32816513317549817,0.24702286118211245,-0.21362005901893077,0.1264354334853213,0.22186065991627218,-0.2030710833853786,-0.1964612808746431,0.08566552179076332,-0.2233714124791634,-0.03291414553032917,0.02254929528161245,0.2279826947152182,-0.2166720425716764,-0.07943412806774021,0.029821727179834823,-1.3111111111111111,3.9915459831859157
55,-2.84123853866924,-6.33112778551877,-0.275124919424006,25.0905657550564,50.391898204385,-3.97607617955337,3.7802166251538,-6.89728811308133,-4.16413453898031,-1.69883219481573,-4.29227867187293,4.11062239369508,19.3086158039198,9.35943454138872,4.90424733301284,-3.91902716010625,16.7994127825459,6.85876837786624,4.97840453161889,9.39831901410561,4.66676962206609,-0.988600090521635,2.1455351747984,3.46964736673663,1.40646678151171,0.75381793250296,-2.37090022922088,-7.78654003912067,1.10863483437348,-2.52475324795491,-0.387691781806191,14.6750295117142,43.3924464311054,16.7371584892152,13.8059659445172,2.11321398679848,0.411418039201037,1.10637242184393,-4.41566016094759,6.08658078722735,1.3885043926074,-11.3940552664016,-3.17905700478601,-13.7113087851301,1.81752560228461,4.11888411315359,-4.60449286972992,4.38583763535758,-4.9767407746808,-0.018114093267490427,0.11916642170994045,-0.07931676108385374,-0.1136515005932302,-0.05688889295846463,0.06365075345694773,-0.33541191416794647,0.04001530909754928,0.06402050433426183,-0.04490546261917044,-0.03740679195423481,-0.18586852467126214,-0.15053938331147673,0.017881176298520027,-0.47779302770772986,0.05253781793153748,-0.005178760217962669,0.289802757927224,0.06508309161081507,-0.7184121064192227,-0.232407351991545,0.03694811803859152,-0.12026497193383134,-0.3504476590343962,0.21075039208492563,0.07379215783244261,0.23638370758380278,0.014314640643109947,-0.26810555287584403,0.2584383793555942,5.668425333294774e-05,-0.7382577635831687,1.2190010772912285,-0.6794185393085282,-0.009829522042121022,0.017608013093693874,-0.017748824763539006,-0.09295153744224639,0.13315266360747893,0.07367704697502349,0.055172534124905914,0.2288654035481157,0.03231047440329111,0.029754011602536764,0.2649405799141606,0.014948329077610779,0.05304177885697266,0.06522592206635935,0.04564862358261155,-0.2018518518518519,6.586535237217322
56,0.184373109203982,-2.64951568374819,1.49340596997183,2.69769378788024,3.20579556711679,-5.35642889082385,1.06168663983516,-1.30288136466965,0.138539030947745,0.893061738165092,0.677545964300522,2.37292902043266,2.26876533063902,0.984504602530017,4.0916364170982,-3.04022918141483,3.3524168178772,-1.7755459847788,-1.74617704582531,0.33226260862077,3.12980779542396,0.499501378851627,-4.26022191603089,-2.0244856709813,2.74807952633924,4.23275804318449,0.994891849346131,-5.44525158230643,1.39782961512643,0.744767701904674,4.4890966254045,4.68422254517674,16.7371584892152,18.2097303817227,11.4323843710819,-0.842314710524955,-2.27593880878195,3.33403310262568,2.16417019147428,10.445423767976,5.63819405885825,-0.496275944873579,0.466802875147806,-7.11797039450874,0.137271505169275,0.922346111466915,-1.51142581428832,12.5803620164974,-3.1827796374037,-0.13519279700951478,-0.25751351785453863,-0.095765153418482,-0.022810978337062318,-0.006477712054386202,0.48695846433958906,0.36756251863052536,0.2372581052613552,-0.0855107447304748,-0.243605699946079,0.016597447782225317,-0.09450379610992724,0.37883895443427457,-0.10094167445179808,-0.29298952939273276,-0.06818933916657069,-0.018511700228682915,-0.021829160809685794,0.1350171227890398,0.3871974895760672,0.04044171194813975,-0.025951937676964153,0.30820687022082016,0.14542280921863815,0.05056891565175023,-0.4492518819335954,0.14098998487299552,0.6119534097406019,-0.39009856333307535,-0.07914241207397239,-0.03544461633269551,0.1728174534641722,-0.680339841408753,1.823721277599433,-0.4856707120795653,0.02171566264821094,0.08540467356420085,-0.10968001002667428,-0.03119603067541481,-0.04620944643283984,-0.040411885544737985,-0.19150866862829377,-0.22873544563594736,-9.604124460319821e-05,-0.28749267498072617,0.19043818494101888,0.006530771767826192,-0.14503061996183533,0.3299291663919708,-1.7592592592592593,4.266114201673781
57,0.258705909094368,-0.232207378785838,2.50177124954951,35.1455218849469,67.8350679536374,0.239614569995302,2.03410226864581,-5.56229187244114,-2.71549365068681,-2.77117066531539,-0.469507157448165,1.60799686726664,21.4341200545121,10.5017205805261,2.21253210303911,-2.89416012790378,24.1801459998909,15.4023833507745,5.82444517061358,1.94502028713623,2.15865407679962,0.36128468049277,-1.52121355768693,-6.19753529826637,-1.59133555878993,3.58778854907573,4.75076965473271,1.52635486176025,1.74624942684318,-0.414063937860287,0.663186870807266,3.1279573654156,13.8059659445172,11.4323843710819,27.8170952178232,10.1184830003839,-0.190110897011054,-1.41694792235198,4.38943237732776,11.1520684762541,0.649640207965043,-3.50449053920847,-0.391901254243544,-11.2112266909722,1.85406759908024,2.39659162370924,-4.20259573336318,15.2166697761841,0.934741843477496,0.11429663843464595,0.11047744862879376,-0.3563522048609228,-0.1230293573482495,0.03585993380142304,0.2845592207911229,-0.16849631457335895,-0.01739352095413028,-0.18941742053733257,-0.016631211492876764,0.009301483302600673,-0.0381890994016487,-0.18079714549580622,-0.12088575736614336,0.21983092225417575,0.026231856243467983,-0.05233497690846884,0.025107970131129347,-0.08470183382721626,-0.0786428956920644,0.05536365678785281,-0.026188476714589536,-0.1445497171839728,0.4037658198467974,-0.18966814284549763,0.08472152810032114,0.02650057733937088,-0.22195817904087373,0.03132034429238456,-0.10662106106741227,0.05079258881502536,0.3289619623512484,-0.009690150970023383,-0.4858062594801564,0.8807781576985864,-0.23204586523733453,-0.031211983347707375,0.43309509793519735,0.050294406377934794,-0.11364584101587022,-0.08260253547206615,0.16193952589034863,-0.002544964238722008,0.008778252029738335,0.19274818188203363,0.12389487918300467,0.19569422021471092,-0.041987468615615524,-0.2345817205854846,0.11851851851851856,5.273243330041123
58,1.18997018575638,1.99784951597162,0.43650079930239,19.4787802436766,38.7203075213124,2.68243027586788,1.57247200797537,-1.96020716997604,1.51473932451563,1.35673506023685,5.61735517672018,2.48204416593191,11.4626483595994,5.20956901179929,0.192588209078827,-2.06148795627726,12.8186117183486,10.087188209845,4.51596546143599,0.854771285744979,-0.952064347287128,-2.48846154492244,-1.85074499930177,-0.968567904701538,-2.26461312093923,-0.295654504573534,2.53787053426514,2.78437058542466,0.715429362823745,2.5982032783498,-0.889883213195343,0.180403602599589,2.11321398679848,-0.842314710524955,10.1184830003839,12.474484887186,6.6520449628431,-2.44237152294475,3.52849974393201,-6.08400551971212,-0.490401803210789,4.7348137768386,1.52801523499164,-2.6603236425227,-2.03233534435099,0.66878442349192,-2.86717991521411,-8.43198162178953,2.71730882411243,0.02428985159713403,-0.15717707073215545,0.2886332720603968,0.03665970864229498,-0.08686009361565093,-0.08624955900848219,0.007906923848366677,0.27950661944256705,-0.28430357765773856,0.05887693830576551,-0.3602273298282859,0.11734201150014169,0.0615893488288977,0.049312151594777885,-0.3725006735281299,0.2799308040606675,0.010828282653075118,-0.452325453136157,0.1640669225127714,-0.03401251752982998,-0.0014064408108555816,0.23420517705526508,-0.11568027527057617,-0.0793046716747517,0.27907512767636955,0.12042525752622059,-0.08658052052165871,0.15462300377692884,0.004308786909823972,-0.045763489502593936,-0.061076525856293536,0.2482517200564925,0.019129708117193018,0.02154199809988473,-0.23263368718311034,1.8795386796293023,-0.7700135673372398,0.0755672483353723,-0.6597390448282998,0.13648226697568447,0.02099584779725271,0.2500046252431039,0.16327645784243122,-0.03660217113007035,0.37295896448294164,-0.25018505024468846,0.2724033824980037,-0.020565548333422192,-0.23383313097910274,-0.4888888888888888,3.530507737873695
59,0.313932947567655,-0.649303643623357,-1.35017457412801,2.07413163222763,4.51313474847945,0.19723969107053,3.92138577765778,0.0096987480905246,3.94676064473133,2.47923930403279,7.99980572298552,2.95041523303104,4.19251059059523,0.533177685396667,0.176638821243357,-1.45751785419264,4.06739080446969,-0.298754483627956,0.68851440470934,-0.135381995848858,-1.79522657287627,-0.993535742051923,-2.1327383851202,3.96225196519615,0.462501242740208,-0.43589943642382,1.53597304031742,2.6632636496405,0.983443173291239,0.762625473809972,-0.724471057754934,3.32771266910893,0.411418039201037,-2.27593880878195,-0.190110897011054,6.6520449628431,14.583155243366,-1.31754413262781,-0.0021548342430989,0.258199271428987,8.35250465030119,10.8117535289707,0.868616180863187,0.301285601533244,3.72513416997488,3.2740543679687,0.390077607024717,-1.87378596295765,2.83331531756082,-0.1230031899449204,-0.10857177893043671,0.23577521978708504,0.11013403577249663,0.0813187210383404,-0.022717394441742724,-0.02023462042483041,0.13255139690607853,0.08271631935304269,0.09965601964587056,-0.18665415639408137,-0.5697393078166919,-0.11856663270613103,0.11873179318777971,0.03164020975496522,-0.1195296252744337,0.06695192789449578,0.2829567794406382,-0.16481134784065662,-0.1429086933096377,0.24123723448238035,0.030057608382531974,0.23205994624560142,-0.06716229360874756,-0.00509436224302745,-0.06059618980354142,-0.39472856198642764,-0.10746630486457302,-0.11849715061048365,-0.1464303519119543,0.44806646828746177,-0.21520354245741863,-0.01730903068440642,0.08551584956176812,-0.031824940929884256,-0.7709161198699623,1.3205983356704678,0.3178845754974178,0.29801989451558153,-0.17936785071384126,-0.053404535723193064,-0.0531924412388886,-0.011283425489576353,0.020934741581740284,-0.39732618127366875,-0.5497503956992039,-0.05533677592987938,0.13216428375337877,0.012707582400653387,-0.8018518518518518,3.8174802217386756
60,1.82867974340898,-2.36199524033892,-0.677071149430553,-7.94564309123435,-13.8568360700324,0.877154012887832,-0.22770647908938,2.69743574873025,4.30859651027602,6.19026642990854,0.0907747764330037,3.32657934207594,-3.82078894238218,-2.11353469913944,0.29528284135561,1.04127224610099,-12.6520895929251,-4.12123366663892,-0.559515757307433,0.515906948488687,1.26563808516379,1.96804604967048,2.07389337726321,1.32871188278236,1.09569064862052,0.795348386897745,0.669898200569377,1.86553846114433,1.95274268364608,0.428442571100313,1.95543961876374,0.954726529363519,1.10637242184393,3.33403310262568,-1.41694792235198,-2.44237152294475,-1.31754413262781,9.08296455938697,4.71104912089759,19.3358688358423,7.70872002146478,-2.24714003633803,-0.923070958548588,0.698620749610659,0.0523039373742155,0.838308913423604,1.64823365520199,25.0946706555104,0.269751967941525,-0.33446162888093295,0.23091181062000773,0.3104265156799815,-0.092377274873377,-0.017600431778413476,0.6006310738627719,0.261451148362623,0.058743111813362794,-0.22751056360421718,-0.272713099936777,-0.06531884478577006,-0.8924144942083089,0.10528076261319604,0.38554006608346425,0.008915053989759992,0.06349385058019898,0.27965573456599346,-0.5187978767352022,-0.23736845566890538,0.05673158845219113,-0.012554613122393973,0.006567861798280433,0.25582478002306025,0.02828945953042515,-0.33055498966406455,-0.03713996808749165,0.07796623331403615,-0.42738487275446607,-0.46671010768983817,-0.08253511048226272,-0.09843406110601023,0.12552121341203454,-0.09550583714765605,-0.1085784298273207,0.4324034788026746,0.07780827950737239,0.3196058398819701,2.3952490895253606,-0.11737404482713532,-0.1820113080027141,-0.11716547054701774,0.18961741151383427,0.5225566188295893,0.0018014012323692493,0.09676592804416018,-0.00114330868756929,0.14596123588434676,-0.1363467521428687,-0.014178928402195904,-1.158333333333333,3.012136211957715
61,1.5188866360212,-5.78410741022307,2.14239743513439,-1.27662545900043,-5.52833038033859,2.01001918775969,0.0661443776697276,1.34481847013956,-0.969630932696769,-2.02318689889703,-5.62934941054992,3.03551522483971,-0.632391641825379,-1.62738692779506,-0.161605368093137,-0.297946078556697,-7.7511976003344,-4.16236066461438,8.40562224845004,2.53408156450037,-2.26953207332297,-0.75858102583979,3.07918258580367,-3.37997131464931,-6.77826777197007,3.96835463735816,4.9302850631595,2.72237367629748,4.51381602460116,2.45259903603672,5.71966714483485,-2.00111481679491,-4.41566016094759,2.16417019147428,4.38943237732776,3.52849974393201,-0.0021548342430989,4.71104912089759,26.4310488505747,23.4043471509963,8.40726013391034,-0.557703104476504,2.41303986897257,-10.0644490450619,3.98567557813446,-2.94736069853445,2.88934124357663,15.6861925814547,-1.99619407095646,0.003985693966355015,0.24838789627341099,-0.26787437026828387,-0.11155669562331093,0.111778867775738,-0.1492087675411163,-0.2616780193799867,-0.018481095374796995,-0.022110581274026493,0.15166300690315612,0.1608671855887818,-0.2400603723574736,-0.32270467051973956,0.3264816606622937,-0.038792538169234114,0.006736079393424024,0.16100190054052527,0.09044350710902496,-0.34124883787697224,-0.057841369060130425,0.1523652938393456,0.45449930392462495,0.023030557498026388,-0.04679913771945174,0.4469046099820111,-0.2757510441585896,0.030391279464301986,0.11404230052831116,-0.06811949610504321,-0.02567805972733031,-0.47929409424505776,0.2243252818922477,0.13159525903967337,-0.031020960733200428,0.049459644496804976,-0.6600034072236889,0.29963725529357954,-0.11261509832247851,1.2554273295900173,-0.19888943476427537,-6.41570069224567e-06,-0.07544374559686533,-0.3433050206205107,0.046703764029335404,-0.24320493855570066,0.3699194592541635,-0.005148045511621949,-0.02248546726603917,0.08210027239910347,0.35833333333333334,5.140140936839642
62,4.97205187047794,-9.15031351929155,1.40501855472099,-9.08190023839904,9.31200552371879,8.32353667207373,-4.4843483834938,-4.60191240743339,-7.09050343125698,-9.54542131377774,-15.5924977285032,-0.218119363428871,-5.5549741042302,2.48185644985774,1.09263561539007,-1.71344413141999,-15.6298125376271,-10.6911360130708,2.16979703249044,7.223461598299,6.6319604935842,11.4353637895192,12.8317389923042,0.68209471885259,-6.44750820340729,3.66751977325979,6.25577720831069,9.17879325540346,5.5364739794143,-5.86604367127893,12.2318544955417,11.7155835630612,6.08658078722735,10.445423767976,11.1520684762541,-6.08400551971212,0.258199271428987,19.3358688358423,23.4043471509963,128.711612068966,63.837044188165,-18.5128764386784,-7.98921223036638,-28.9966396813778,11.0734322810025,8.97747193708696,5.83278592020058,119.135272369605,1.59657441004932,0.010588025239991253,-0.04421379965320641,-0.3823747461227473,0.08823893264325662,-0.044265108644479946,-0.19031257510534916,0.17691460395335287,-0.0051274520206716365,0.1550643233789599,0.06900359765762618,-0.06713013891649292,0.1909750471976724,0.05284602411417377,-0.1962608871964887,0.03503552210018121,-0.18950820906537727,0.07072745773904894,-0.0313779676916993,0.10345195479680236,-0.1808472869665934,-0.17148453392769064,0.11293548652841365,-0.14260803752152004,-0.08572359937140386,-0.025466345372602464,-0.11158641919638324,0.03178847057872095,-0.0780002315527077,0.07521527665444395,-0.16257165747417635,-0.15038617529711024,-0.2026967729808762,0.07355928914292376,-0.04539246442108813,-0.1126681712706263,0.13593711474922995,-0.181511016649507,-0.1823802840954651,-0.1977869398796293,0.5535482417622418,-0.15479089014303704,-0.08906297515719294,0.5159167530246592,0.036800188247480506,-0.06161784087579262,0.005050239477429368,-0.005515210098099288,-0.22127676178365527,0.21341992915089472,2.4116666666666666,11.344673290534441
63,3.1935331593969,-1.13970365609439,-1.31040987346677,-13.0317428029023,12.3221561702244,10.1121483310711,-9.05923368477626,-11.3447081211299,-10.8304634925403,-9.38250568937159,-12.8906972494501,-6.97085806663859,-17.6730910005026,0.390094856014772,3.92279855399858,-3.73034256609571,-17.8047059642086,-7.7105367070889,-4.05371068102606,-1.1903814718217,2.69005209530412,4.71613453424991,-8.41481202444301,-6.1330092542401,-2.38059339215285,4.1275431102311,13.5773496768941,7.35231543559828,4.63057405580205,-0.0032419957098864,20.7659954384504,17.6708216990199,1.3885043926074,5.63819405885825,0.649640207965043,-0.490401803210789,8.35250465030119,7.70872002146478,8.40726013391034,63.837044188165,125.15419412516,-16.7679939831699,6.99084720740676,-17.9822202751286,-4.6113285104399,-0.339102731814503,-1.73259784093941,-5.99170880986993,-0.358821952616714,-0.09912976171891782,0.0754586342615236,0.20083654254308397,0.22489261985949285,-0.13254680308530759,-0.08241896102921543,0.02339702091642251,0.2010364547702666,-0.0788668907291502,-0.004588200961641712,0.01964640175580654,0.06877528643972271,0.014920232911731123,-0.034077593634794866,0.06711843443491625,-0.012743855721764086,0.0653360999845755,0.09980561265435546,-0.09763448913398753,0.06455675044634812,0.0975919549073734,-0.23023276856537997,0.17414603605573747,-0.08207324336398815,-0.036367960242022275,0.11992899710983983,-0.10693913611486101,0.04311765264009934,-0.005779096846528202,0.38528257008138417,-0.23816648282543157,-0.19724949991998048,0.05516504227570356,-0.04053409513023805,-0.08335627077690584,0.021180455044653566,-0.05280484012238688,-0.11759772864101473,-0.00032003977893712985,-0.15424601745648364,0.3515479576677978,-0.042809001083155815,-0.20844158631375825,-0.008311299595137173,0.0672171294162654,0.0494577153113376,0.06345354398827127,0.12289523051628758,-0.116305202735907,1.2511111111111113,11.186786586198899
64,4.22064532989796,-2.98812610522089,6.59953805033284,-0.915708076697953,-17.3738201594374,24.7250583797909,70.9400365776536,86.4101435744628,108.198055623112,126.616282532196,181.88239367082,24.0919568981883,10.1423394638895,0.151245512352219,3.56215729808258,0.61120357288716,27.750156697338,3.1754580947356,2.28841061723431,3.2836993756327,6.62070249445633,4.24887589894223,-0.300209660344191,11.9640477646164,7.21954420282846,-4.21694758288825,-12.8401035514441,13.8306903880886,-1.73512786664592,-4.58413306236965,0.717079406639611,-7.05756217135989,-11.3940552664016,-0.496275944873579,-3.50449053920847,4.7348137768386,10.8117535289707,-2.24714003633803,-0.557703104476504,-18.5128764386784,-16.7679939831699,246.215693344686,7.81867382157435,-17.7798596658064,-12.4867557716304,-7.6072056509777,-0.285883360646064,-7.00524350088682,3.04092319267422,0.026391019638120863,-0.058024879788652325,0.12972666403047625,-0.039646963714267104,0.0782181300977625,0.36920370019437,-0.26140786270103133,-0.1414833262237673,-0.19429928706818564,-0.07164791291370931,-0.8120514844286552,0.15702248168554125,-0.0692245107642914,-0.34642081520130025,-0.06626839174331169,0.0011815323269159777,-0.25494299998538095,0.10995494391067204,-0.31926734536137763,-0.09095317243134624,0.012689047686623683,0.06319154205319559,0.20182443134663203,-0.0192341547605415,0.34720713380108414,0.042189598447797544,0.3675061843048852,-0.2755065997574112,-0.03334091864914906,-0.12100313123658633,-0.10618815708907935,0.08629127452026548,0.22925755041995302,-0.18906491342591783,0.16293968860093258,0.2490994690932174,-0.052451461432089425,0.19033397474517796,-0.073783835065047,-0.08979631665190987,-0.04297653006906333,0.9075936697603347,-0.1872758816423968,-0.024070004519879857,0.08704301957759743,-0.16057011850859382,-0.1882342328694688,0.03765969537747157,0.13883081402769423,2.5025925925925927,15.690943035543967
65,-0.643897812378448,-1.22255767667001,-0.289720206611195,-1.80517535470839,-7.32306780347278,-1.28056462245116,0.881612879386031,-0.103005558548562,0.3150693691502,1.66743835052576,4.10663101286551,0.468354474297951,-3.36379125957466,-0.0003216072429681,1.88818898406424,3.79434320325615,1.94841050829406,2.96364616955869,0.900687373298509,-1.18546259674541,-0.549869872773918,-2.16632006698937,-2.65290236401343,1.64223917676604,2.08881133226248,1.41474725934549,6.44779570547361,3.37775088089912,0.470242692932453,4.1758077072132,3.07287183398335,2.3618095873372,-3.17905700478601,0.466802875147806,-0.391901254243544,1.52801523499164,0.868616180863187,-0.923070958548588,2.41303986897257,-7.98921223036638,6.99084720740676,7.81867382157435,10.8790882999858,13.6198170117149,-4.54733704582141,-2.2530690659407,-0.413603361705449,-1.85880978441237,1.90372713742369,-0.2063668315657878,0.2385282504812884,-0.12087213174059916,-0.006989253858344065,-0.00719937138313525,-0.3968015783613993,0.2484663031983348,0.24172171077388577,0.07423942945523751,0.10245621354372088,-0.048445240722682935,-0.054025398161290546,0.1771955518148271,-0.030604867663196502,0.02987257147591112,-0.3336506648834151,0.16962708472711688,-0.13718190753793827,0.007863161051645603,-0.07721290401258027,-0.3778410248811926,0.15949133513549985,-0.08404085948281236,-0.16652676940280423,-0.2716128067689314,-0.2264849516317314,-0.17539915016124105,-0.31655627519266166,0.21267378873449555,-0.45286890747945746,-0.00042747420578301596,-0.22372028104491165,0.032355195147818275,-0.2281208482891099,-0.0009773788957599784,0.16132441750979004,-0.01330295208010129,0.5215335072736099,-0.3432359439412683,0.516282674733948,-0.20836703466795187,-0.18621057559509896,1.5091528754290855,0.018549266645125795,-0.06949571292975097,0.06423899273472568,0.2061993829663523,-0.24922486148135278,0.09205717087499175,-1.5375925925925926,3.296830038079884
66,-5.42632799371412,16.3067117613454,25.3444386934778,-4.47324483936809,-38.6069487972931,-6.26817507877391,-3.61605109435241,-9.73888848285345,-11.1927733389606,-6.56546606220841,-10.7034404591669,13.1480427846003,-0.273740267105872,-5.33356630155576,0.45915152426963,10.7115706610343,-12.064587776531,9.95746270399475,15.9724144701919,10.5084112412457,7.21291507838176,10.810913177583,13.1327571920683,23.4428249880338,21.6850986104541,-6.71751484494541,15.6044678972352,-3.88137611562668,0.613339177287513,6.8704591501534,11.9688501203285,-2.01801978755211,-13.7113087851301,-7.11797039450874,-11.2112266909722,-2.6603236425227,0.301285601533244,0.698620749610659,-10.0644490450619,-28.9966396813778,-17.9822202751286,-17.7798596658064,13.6198170117149,539.458124201788,25.4828560271938,0.63096542330517,-10.0034534206423,2.26183005491867,-3.77718956587113,0.09043707572486041,-0.09233902045999824,-0.2071192236825329,-0.035147825976867976,0.034256177847052094,-0.010634136594774864,-0.0023993495986043547,0.04977560975369148,0.09241958035185749,-0.013646315452100457,-0.02376270916626551,-0.04388011813705727,-0.02674868017848837,-0.0025453970267966526,-0.007925730823102913,-0.004927770622492303,0.07827285818515513,-0.04806566771277697,-0.07450296857462939,-0.010859436602718408,-0.013254492567190631,-0.0191369840784561,-0.004383704232492989,-0.03284494204908227,-0.05065483920204519,0.11758382149991974,-0.03899225127651923,0.034236101515830314,-0.07314086999787636,-0.0007621224152386475,-0.08526349077013877,-0.03281571117763324,0.029675806279311746,-4.502291829884577e-05,0.008843859175378476,-0.036357317889561515,0.020665611088188936,0.002097568994079162,0.04679827017736709,0.036551355367565534,-0.008315521659409653,-0.02382432886211278,0.01844846479284358,0.08168648257466869,-0.06666209176149364,-0.0016504059736287759,0.05459983721318211,-0.027315585035203753,0.003342491553507251,3.4527777777777775,23.226022565256155
67,-0.848003678314902,-2.83633613242579,2.24876454519685,16.9931155935311,32.4310659054634,1.0997696481062,2.17578218602535,-4.24022205259028,-1.53355740831599,-5.19546622624463,-11.889402876237,0.520910337900826,16.2068463060661,3.29076953445932,-0.742338766651655,-3.87465514696054,8.5323787037427,2.225105370061,3.74500296297138,1.80062379971832,1.50826459896594,6.98319945817699,4.49014105421096,1.09243846033101,0.138061360978672,3.9974376498385,1.0095595322596,-0.0496659481649657,2.85657202222837,-5.34002988275979,-0.665731398432571,0.294080516814106,1.81752560228461,0.137271505169275,1.85406759908024,-2.03233534435099,3.72513416997488,0.0523039373742155,3.98567557813446,11.0734322810025,-4.6113285104399,-12.4867557716304,-4.54733704582141,25.4828560271938,27.5214297307365,7.47928065684072,2.53157585127151,20.2869745933198,0.495909471640082,-0.018352743849286337,0.3071980298697422,-0.0364436784258791,-0.07870751131283871,-0.042241629554979974,-0.059156072325938135,-0.014544050508748343,-0.019555408477652223,-0.5370540548126886,-0.011367055591030085,0.39938067415517253,0.008960486472525175,-0.0869086463265089,0.045812583941477254,0.005180882254183717,0.1211886183871195,-0.3257888535772919,0.09736033529301781,0.27221143319575897,-0.12474658164195818,-0.0481836365853351,-0.09693008939382537,-0.11178185093462002,0.015146553511291103,-0.10372251075572857,-0.029824476872250958,0.1866824978465591,-0.09499819868726801,-0.22544755552259932,0.3445011093367291,-0.04183949921446249,0.02229756956338828,0.26658986670454227,-0.2885566683670249,0.19217959390983216,0.3737204599693402,-0.3973595506065581,0.09545599349315093,-0.24370662193454506,-0.06045324684259277,0.06741517073181531,0.08715942069644289,-0.06855405918372404,-0.0665862253691805,0.9062538795539788,-0.23815640316133843,-0.002329608842696313,0.06365571359053897,0.00887738917420579,-0.2125,5.2451339097049265
68,-1.76035777470636,-2.36053820690478,-1.6052332029863,4.7043229725569,12.7348221478638,-1.51272222939651,0.247692169346305,-4.14316461957606,-2.29191969368933,-4.09148397420535,-5.02494844561246,-1.12413890757418,5.33644922122071,1.57697724198782,0.979341164258551,-4.66993750712688,1.2753508049972,-0.61885027567429,-1.47511562430775,1.34851410211111,3.14801883886092,3.60991411067456,1.36697570506915,0.758196868960583,1.93669860012989,1.29345278378427,-0.298751652937531,0.756343458704392,0.226441850591682,-0.77592666756558,0.607254046834145,1.51361411757863,4.11888411315359,0.922346111466915,2.39659162370924,0.66878442349192,3.2740543679687,0.838308913423604,-2.94736069853445,8.97747193708696,-0.339102731814503,-7.6072056509777,-2.2530690659407,0.63096542330517,7.47928065684072,7.40629363558961,0.513479358589051,18.7202284587536,1.33521027839848,0.26774286877213244,0.24438330915372788,0.18749392644807425,0.5668287054079063,-0.377370802312376,0.4475096206197747,-0.23993152418896277,0.04600067459162004,0.03433891244716125,0.1502850480167705,0.21200326959806454,0.33694754448216063,-0.3207650319458659,-0.03832458899758828,-0.3661423679406432,0.4619192045361233,0.3314030653201891,-0.09028227828912311,0.0239705965751852,-0.05764742137370362,-0.4090149805059673,-0.3351456762760588,0.20391155523252033,-0.1409239215952427,-0.24879352416475475,-0.2905126763206969,0.3714607083150928,-0.012953421043200589,0.016987489444859893,-0.1675695394236104,-0.024243636294622742,0.2220748673139451,0.015135174324470492,0.18705604439611215,0.11940375447481764,-0.2500652806317211,-0.5527873338609794,-0.0008497457120065638,0.3677953267306333,0.0045746476505770526,0.0485181329634598,-0.16122326809985316,0.06307670207075522,-0.0014193156963079252,-0.23884900194761552,3.1527163759879735,0.23791051954004094,-0.2917876074785329,-0.022995227375564614,-2.575,2.719612773096496
69,-0.309226460997069,-2.3707244314575,-0.62358359751663,-5.47385898640513,-13.7269685184916,2.38749809268746,-2.08829400247875,-2.61374675541401,2.47015197356113,-0.865935393722963,-0.727504744532674,0.373869290166213,-3.17172367341873,-4.63213610681525,-1.18428109021948,-1.31212737699285,-5.81787753293264,-6.91839563051975,-0.724439081039805,0.183454518277778,0.213154448995237,3.92202246293021,-0.347607067419665,-2.27977038993231,-1.54466727426005,0.163339730916295,-1.11377447654011,-1.51680738364117,3.61046103717061,3.83734462364876,1.42612410222122,1.19321004265798,-4.60449286972992,-1.51142581428832,-4.20259573336318,-2.86717991521411,0.390077607024717,1.64823365520199,2.88934124357663,5.83278592020058,-1.73259784093941,-0.285883360646064,-0.413603361705449,-10.0034534206423,2.53157585127151,0.513479358589051,18.4865006385696,23.181479033522,13.388637033884,0.26011507995807365,-0.06827687195313566,0.03611532549421499,-0.4316644296813193,0.18400563798558847,-0.23077215886577482,0.18468937676520822,0.5478384412176811,-0.16145750946281637,-0.005677899442245686,-0.01344325891580877,0.11662697664723898,-0.17927156121147567,0.25012197688037446,0.05474068099371462,-0.2963978050050683,0.1358130526513831,0.39469304727462134,-0.18617739974367534,-0.14556962760331155,0.06851052071371674,-0.47179270174218263,-0.06834789564797171,0.2514459141739893,0.12000362787670665,-0.13606025654587225,-0.10137991297734927,0.46649143487420575,-0.4037337031739064,-0.33211897611768904,-0.08793136749760502,-0.21760415511212344,0.05565609950591913,0.005866217740736457,0.19604586014661668,0.2749551417071405,-0.055270634063644984,0.14754911638612506,-0.005197154196280637,-0.0066153443520328556,0.06356236772436141,-0.18737596045276544,0.2057149651363721,0.05469884036649857,-0.002251994321814024,0.23687238821276568,1.8127899386391326,-0.07672234999212649,-1.0116747661141756,-1.9222222222222218,4.298430020201516
70,-1.25002437584506,-16.6203240706053,-4.05025072286023,7.75455457067092,5.73618202211367,5.47696976906734,8.07615633492119,-0.601329772248852,7.50671321969939,5.8397774804144,2.06350453320057,10.7329304387745,10.6221490923234,2.35120177367136,-2.83248912933277,1.7288193796244,-6.57574629823177,-10.8620749041407,-2.20502337977485,-1.73829461892226,3.05519555761038,14.7990076209315,19.9267582858985,11.8412963442104,1.37547090720355,3.20602329776733,8.67536529764491,13.9643624195214,6.60655432321775,-13.3032587006275,-5.26176451822289,12.8553306521539,4.38583763535758,12.5803620164974,15.2166697761841,-8.43198162178953,-1.87378596295765,25.0946706555104,15.6861925814547,119.135272369605,-5.99170880986993,-7.00524350088682,-1.85880978441237,2.26183005491867,20.2869745933198,18.7202284587536,23.181479033522,260.529228927203,21.2556768837803,-0.03426109977744048,0.03596264812734767,0.26314601630523826,-0.017964273327013773,0.01939639652575706,-0.037134289587075105,-0.08904142403125832,-0.03351475089450808,-0.06823322018379323,0.052458668517952195,0.014756344457646106,-0.1000649542953118,0.005432035882421445,-0.047770825052869975,0.012217829639954781,0.05402769425599092,-0.05130721246390932,0.12337753938316044,-0.02262155003461929,0.09888568416876584,0.0003511069586077561,-0.08891263114028138,0.005097682396221938,-0.03757343380271967,0.043465829606671426,0.1157043538502379,-0.13061483206123445,-0.013993519676654053,0.10059549912837967,0.23425682349834695,0.17439056231461408,-0.07968342458575697,0.06497760257375931,-0.14481577673859772,-0.04195873771457138,-0.020893282084260667,0.13300734734705194,-0.136045969986237,-0.02271652280673979,-0.22098200137512117,0.1230243634516521,0.037347128120984535,-0.2487455427890622,-0.027345787402035006,0.06403762254864676,-0.2920578161766142,-0.07647648317389413,0.26959634681141653,-0.21127248997733028,1.3583333333333334,16.140608071792187
71,1.45453445942614,1.73273642372331,0.698004079621488,4.6640173954253,14.1477588041843,3.57126784651493,-1.29766203250582,-4.28156393647312,1.46115779703887,-2.0910009102255,1.1626753490802,1.44078001722001,2.45702595029766,0.463984915662747,-0.301069329848194,2.11881345382144,10.4632618894709,5.18213093795509,-0.941825203977017,-1.60146896401523,-0.360454254058986,-0.560034184036066,-6.2912537418032,-1.01191430857634,-1.18287219749875,-2.89835216863172,-1.93864181864827,3.45694132734866,3.03397465358615,5.7000498357513,-0.614343881876304,3.85892608855193,-4.9767407746808,-3.1827796374037,0.934741843477496,2.71730882411243,2.83331531756082,0.269751967941525,-1.99619407095646,1.59657441004932,-0.358821952616714,3.04092319267422,1.90372713742369,-3.77718956587113,0.495909471640082,1.33521027839848,13.388637033884,21.2556768837803,19.8371037320846,0.002236287440857754,0.14960174173019167,-0.40407768780011366,0.3189431504058526,-0.0983285096523898,-0.2196293081818649,0.03232614339815026,0.13219442369049492,-0.05923885598773087,-0.22186294876152812,0.04772127939194388,0.07404816601184233,0.07185703796255029,0.2618768851563667,-0.034086136950192455,-0.07248823838314288,-0.37634633631137315,-0.1918948830735348,0.25171729660354714,-0.1194963508115872,-0.036492263037899056,0.005636711568595044,0.47168931106912154,-0.31841847957603014,0.04854195582841299,0.22604340761567573,0.28704137781005384,-0.3186535067506413,-0.40161853220266447,-0.401220200043223,-0.002010173648652293,0.030802675740072304,0.04797408861917054,0.3305192628129861,-0.23602707960868774,-0.23324637312390076,0.010585282417531447,-0.014690868602363204,0.08288053215331861,0.2143438432769251,-0.1163688992898336,0.13994163842958676,0.09386634205970758,0.003586244555639458,0.008301369534263501,-0.018922689060115128,-1.0131322884208258,-0.21160252545252728,1.836875616281619,-1.525925925925926,4.452763606130981
