,Cov_0,Cov_1,Cov_2,Cov_3,Cov_4,Cov_5,Cov_6,Cov_7,Cov_9,Cov_10,Cov_11,Cov_12,Cov_13,Cov_14,Cov_15,Cov_17,Cov_19,Cov_40,Cov_41,Cov_42,Cov_43,Cov_44,Cov_45,Cov_46,Cov_47,Cov_48,Cov_49,Cov_50,Cov_51,Cov_52,Cov_53,Cov_54,Cov_55,Cov_56,Cov_57,Cov_58,Cov_59,Cov_60,Cov_61,Cov_62,Cov_63,Cov_64,Cov_65,Cov_66,Cov_67,Cov_68,Cov_69,Cov_70,Cov_71,C_0,C_1,C_2,C_3,C_4,C_5,C_6,C_7,C_9,C_10,C_11,C_12,C_13,C_14,C_15,C_17,C_19,C_40,C_41,C_42,C_43,C_44,C_45,C_46,C_47,C_48,C_49,C_50,C_51,C_52,C_53,C_54,C_55,C_56,C_57,C_58,C_59,C_60,C_61,C_62,C_63,C_64,C_65,C_66,C_67,C_68,C_69,C_70,C_71,Mean,Std
0,45.8561375922016,32.0788997810232,16.7425692831675,12.0650057019727,6.78077248666987,4.22207050007829,2.76098710869257,5.84576427951045,8.69961449584474,13.1600666970732,15.3744564591984,17.9091109995655,19.2353932471344,18.4260599581413,14.6762942345092,12.5862419394667,11.8766538167614,8.58225298151476,5.24626269384008,6.07787169837414,6.25435068790915,6.79900023429213,5.8998069379398,4.09555775869586,3.74852709456048,-0.830389579852863,-1.78120993904675,2.39149106805568,7.99446529579981,11.5718367595181,10.0648358409693,-2.39321599417605,-8.16208659765683,-14.8776941392384,-1.45930184170791,-9.23570153864877,-14.9166040251618,-20.5163280254632,3.84584265561172,13.4620368366148,28.3481783767492,21.8929405034094,15.113107659018,5.99120166734218,1.14880923518572,-0.276620775434777,-2.17254990210206,-2.36109677978674,-2.69944558592943,0.7980614715139829,-0.808290397976031,0.18564891276109363,-0.03237566416622427,0.03266367551382235,0.03020561312824198,0.040812480205241315,-0.024710329650701753,-0.13185454624263437,0.0145816104237518,0.04639019071497794,-0.1107131461916189,0.11800227683183477,-0.0842786459396061,-0.04224121436914645,0.05837737550539769,0.04586815402239827,-0.16337458539688438,-0.03659248154891464,0.151358895023329,0.13522763447713165,-0.3327088459343563,-0.0639378847398367,-0.0014298078943265349,0.18925738128442804,0.007990738789104628,-0.136198186873109,-0.017077300824997612,0.016109488265536036,0.12000981142326937,-0.21986397939444988,0.07595341610211653,-0.08468107519410537,0.12018876878577078,0.0593688499827621,-0.011885558638888455,0.010381416064873635,0.11211182317050578,-0.11753016974095122,-0.07777497183416676,-0.06406079238829177,0.3681619822289167,-0.40114982642316926,-0.01822760579135069,0.03258882230982549,-0.05481557963581368,-0.05737464161159321,0.11964884735132235,0.021811273891118928,-0.2687301587301587,6.770977595015481
1,32.0788997810232,32.4256019061349,24.7949331493809,19.8697604499103,13.7967012793933,8.99663931406834,5.39279164299494,5.74262173241438,6.196678460274,8.33441466910748,9.69626802134425,10.7538008162768,10.5363725294998,8.34573038264029,6.2520415432939,4.93829385125726,4.77933110769853,4.76704394723816,1.30426398716332,2.41007409632716,3.67549795097987,0.813825518303328,1.86817803855201,2.29511600064764,-0.0287270836745223,-3.12636584575886,-3.80051146341364,0.196938827754008,4.94034560213166,9.37047284471497,7.45214243683621,-3.601848286505,-9.00901629981166,-12.7456057585968,4.25402506135622,-1.92956489863776,-6.2495574776637,-10.1795843560804,-0.101124995408705,11.6598742101291,20.7667332673883,15.3500974965476,4.99030867148322,-1.25332175626025,-4.34856175778145,-4.53361149767627,-6.16424660813059,-3.54171377406712,-1.75130846167768,-0.8099752619495885,1.6602368276747264,-0.9607560788768149,0.006321453769109856,0.16666947968721726,-0.04164469859805506,-0.06344612644060611,0.04701510056972518,0.07312461118698135,0.1799970682605146,-0.017462375454988823,-0.004344314431523981,-0.23836497671688303,0.022256352923808113,0.2205542296091015,-0.036343588951598664,-0.13017516553735156,-0.04545219989882767,0.194025306694228,-0.17319985184677142,-0.23634147482441278,0.48349104962342826,0.09968740113130549,0.14838002707300016,-0.48676537902444683,0.0824557731267693,0.111642831887803,0.08448083046743247,0.07440063971850193,-0.14382547756590902,0.08204021266963886,0.06854565330150013,-0.04023441723011182,-0.04954942001559754,-0.24152068162033635,0.08811761349094217,0.041092626057134915,-0.030648690428692917,0.08582360059271213,0.20806126956233237,-0.03924954055817794,-0.11465962320588906,0.0954722226828541,-0.06762613390245367,0.004894707300193951,0.056327689475863196,0.14691870733338827,-0.04078696815650978,-0.17964006681821507,1.8225315425315423,5.693470111112805
2,16.7425692831675,24.7949331493809,36.0476125716327,36.6864425760126,27.9768520121535,18.4571680539861,12.7252603571796,9.03394872616394,5.55786794111224,2.60876468694546,2.48418662399568,2.25501216439428,1.54005540466195,-0.442992108827124,-0.0083607129226889,0.948042841916129,3.00690523185497,5.82158419540783,6.16075246289853,5.34596431571432,5.14532771978687,1.91542692133554,7.15005759656833,12.3286278963281,-2.33547981921762,-6.26690586841965,-3.98407157012111,0.867115026129969,5.53660225820087,9.75850092385958,8.9621633568771,-4.31835772233195,-12.1207293702172,-12.7346144059507,2.3574875813264,1.69459838755863,2.99476933154262,6.3759326187537,16.3518914601384,29.369312327868,25.2654087190388,14.6760114525121,-3.98369685012056,-8.01843032411249,-9.38023990968052,-8.92094379756082,-9.75127650724727,-4.47016590936899,-2.00363434221049,0.19486560754201987,-0.9736095792387314,1.7909152227648477,-0.6698720330267853,-0.200579271506529,0.0003554983804150192,0.12389657301319494,0.019957757944500876,0.05175653641314778,-0.20454697244216002,-0.011865683015870071,0.015491340180424635,0.017920577565422452,0.1764895178054239,-0.08905901419258112,-0.05897957672456152,0.039660781859509636,0.06868363362294176,0.07624076685954677,0.011751256487149397,0.033894350527571816,0.0514237419593235,-0.1812792642670368,-0.3251993603517687,0.5668993445209556,-0.18549654175470748,0.011712422376138365,-0.004111447879368313,-0.046011303796866077,-0.12472831251388089,0.0581614321736086,0.1498802914441133,-0.017109070230313345,-0.049781828516665315,0.1492038890174718,0.11621044626958922,-0.23652874827121145,0.08787563049965191,-0.023010658752388797,-0.04516046661349993,0.11897789964188293,-0.4779931145749923,0.630765686818637,-0.08132355662012099,-0.030052419107625624,0.12715600779036104,-0.138249062284537,-0.041765105295093724,0.16659655298882772,2.883793243793244,6.003133562701459
3,12.0650057019727,19.8697604499103,36.6864425760126,44.6839796399261,35.738579051386,24.2931547170958,18.1268106100905,12.5730044651121,7.43174641065933,2.11194419024383,1.78727545275026,1.41529025408307,1.54534887472711,1.08101910141137,3.4833756425997,4.8420276361276,7.07720603742901,11.9913766734386,13.4646903105879,12.3372766809234,11.3495629300142,7.07508627116793,11.012204903733,15.3612119184608,-0.466634654055583,-6.31998911947102,-1.52921287435678,4.20510058865689,8.99413988593815,12.8733164698631,13.0441724875989,-1.74487670581681,-11.6704279376123,-8.93688254258656,3.96370223842053,4.01161678489325,6.15486382907145,11.8930861687211,22.2186893817019,34.3426038089749,20.1083703664736,6.85425042292008,-10.7968129086996,-12.9193094795484,-12.9972884199316,-11.3144873696056,-12.2591230456209,-4.86465575881545,-1.87966396594642,-0.033558774089230595,0.006207574852477471,-0.6708181455076211,1.7439672153046204,-0.975934957616421,0.06420864571093865,0.017655031267086275,0.11617934065150577,-0.1185455584919266,0.05121554595817036,-0.20489912331486215,0.13117274021080624,0.07708455648520646,0.020097739518690007,-0.16462209892841245,0.055231271793741495,0.06889995459607448,0.038119660685630774,0.11661858179204011,-0.03787972018005828,-0.09931872416941702,-0.18733179406707642,-0.03858622587650249,0.09338037291620535,0.16611513325915908,0.22023504173744965,-0.027363997349074024,-0.01910305401494768,-0.06308490842828494,0.1642111436548346,-0.1983284478952969,-0.22527246716018232,0.4000825213635684,-0.21043923465563555,-0.05686832230389732,0.006964798422941561,0.2814183601556074,-0.18385303512965712,0.0009043473467215282,-0.2819926221816943,0.02161496294949205,0.012118764171154104,0.03300233279981933,0.29059426200582317,-0.05342346023658198,-0.34129792536331166,0.08391411681663963,0.23764311974826444,-0.1849541615358085,4.578507326007326,6.683859636462011
4,6.78077248666987,13.7967012793933,27.9768520121535,35.738579051386,36.0602925274256,31.3892901994014,27.8912689905138,22.7686520975382,17.7545724152355,12.1950233255491,11.0744659992621,10.047503955691,10.0753338985088,9.71038515328878,11.8693572842245,10.3205777199033,9.71249499978387,11.4906346216329,12.5448975016721,10.8061499713847,9.19366255547429,4.40361433387256,6.94269903453739,10.6161984319489,-0.083725187916643,-3.46315150663093,0.768572321610793,3.34347241472156,5.08510073411484,5.63523419443353,4.67882610466267,-4.53167944344531,-8.74866158906515,-9.91134541623256,-3.38108190694063,-3.05376326948577,0.185208570335007,5.11313281651753,12.0776082097148,16.172675949594,11.9227875753521,-1.42477609165566,-13.4571121761739,-14.8564509368526,-14.0159316583042,-12.0649963471102,-11.4089937424918,-2.01680148110891,0.174096696830924,0.03528192737969077,0.1667876040286126,-0.19034408417935114,-0.9865247528727918,2.3313476921706577,-1.5829942906724548,-0.05971295948140279,0.1334268963839878,0.2351498996652159,-0.012333743349248765,-0.04927450893293847,0.01539613026402358,0.08055999700621069,0.09197650308410557,-0.19917646797719615,-0.018776971019213974,0.06753066654216455,-0.08646748648373316,-0.19003811961925807,0.031790568805842925,0.011763754232860232,0.026753915523258873,0.2713653515272889,-0.009291846491343,-0.15034926411464508,-0.3157957543218351,0.24357543428721395,0.13682303441790805,-0.03518579208775738,-0.029673934944826726,-0.058464409423491695,0.10068699071832292,-0.11909730413003544,0.0457154920948218,-0.020217494271105668,-0.1858702048748386,-0.019815527842475603,0.15900586017138113,-0.11936180955301458,0.030596960563316268,-0.11522145540989052,0.24273669619444135,-0.18457319100861522,-0.019389783537065892,-0.11277578225081279,0.11759087553291724,0.11908034893755724,-0.2244603248499816,0.15273814501640506,5.195840455840456,6.004189581236219
5,4.22207050007829,8.99663931406834,18.4571680539861,24.2931547170958,31.3892901994014,35.4170604967319,36.6474105651122,33.6948192958557,30.4398411326645,23.4940207456329,20.7287913941794,18.3129375271135,17.3446955322535,16.1880411403841,16.7710684235022,13.3459040833996,11.0488017915842,12.1532554930598,12.7692490161217,11.2360281785489,9.64929490895312,5.05575606934524,6.32477925213628,8.4463005460984,2.1019240183458,-0.657612473999902,3.48363911723918,2.90806366203875,1.51272592646974,-1.28903014638604,-2.89553794331444,-7.22284007173426,-5.86283369506345,-8.57690952036701,-9.47009070059305,-9.98053235551702,-6.12291162148902,-2.48785702987763,-0.176935179990787,-0.98824220707948,8.57549080928991,-2.14842329668616,-11.1329281873818,-13.3874396581515,-12.7714320438049,-12.0813068116349,-10.8156933761781,-1.4078422535895,0.942310856381152,0.03767820245452675,-0.049688053064546496,-0.019791285093832205,0.05865990457955079,-1.5906136083223203,3.3892567496615666,-1.4096745957717838,-0.31017165744247605,-0.027053923855694897,0.008245564585323361,-0.056187712925933886,-0.013476518979520829,-0.022874888805950934,0.011414914005723817,0.048860167364943426,-0.011911341192150633,-0.03804749950784386,-0.10586729855896118,-0.07077949938299512,0.014112557385195465,0.11207544661866407,0.10793028958373446,0.15776048263751535,-0.22504345425708178,-0.03360772489616909,0.1095885567792772,-0.09602403282217217,-0.018473658114480908,-0.030321912107965546,-0.15611036520082078,0.2577890318247893,0.20027058880182108,-0.19399793132993806,0.11597663423568297,-0.036492609801935645,-0.040785525166461896,-0.0853211854121144,0.03496045807613803,0.002586272666706806,0.14232026403694387,-0.04914485303484589,0.10109507817992484,-0.04959776990916062,-0.09805170360812775,-0.008755108395913846,0.1367348552247881,0.0696152318896902,-0.12807226217485906,-0.035182394097576807,5.182618030118031,5.950383222678347
6,2.76098710869257,5.39279164299494,12.7252603571796,18.1268106100905,27.8912689905138,36.6474105651122,41.387963778853,39.5847311192137,37.1825899178762,28.1328884145992,24.221104104617,20.8235515186302,18.9298747628096,17.064406962768,16.4776849551386,12.6152689334212,9.94958054926906,12.5731913081731,13.0397281756672,11.9141789013446,10.7098115373798,6.64524046604884,7.13115827564639,8.06798844133053,4.2473190606598,1.05942102055575,6.28049054309402,4.0905634520093,1.19066644476345,-3.3914469906372,-4.82374552738073,-7.20129151448105,-3.53991372028533,-6.94505210671054,-11.9155937059216,-13.099386167324,-8.91431479114042,-5.75932213753339,-5.66965570561221,-7.78639791783809,7.85349310123173,-0.9792981255523,-9.31137191537061,-12.0357159420083,-11.5982107312188,-11.8688655150156,-10.9557573363432,-2.50995622567309,-0.415207149506586,0.056529097270365924,-0.07805688076860415,0.13966878468575014,0.01255096283839929,-0.0620548088605097,-1.4225336337274561,2.701408367624858,-1.1188880556913934,-0.18696538122450057,0.20354877602050891,-0.01151065552427916,-0.029792418676102744,-0.14707088275724392,-0.04614426157113077,0.09567311266098023,0.024730907374285818,0.03225149802820967,0.06409141957588234,0.23525757956682958,-0.08344749239611082,-0.20091674266071072,-0.011672103812363289,-0.15243862639431108,0.04497193374791106,0.026075253744736807,0.7930694830662561,-0.7865111156835792,-0.1895781955746519,-0.005173356696599333,0.21176490255483155,0.07838240386875456,0.008864585523938826,-0.158269685873658,0.17899385256795342,0.11554157562750923,0.01084510777403487,-0.010403652703594389,-0.10313169326839901,0.030025522396844653,0.033568568692004475,0.016418139120029193,-0.01461804222460451,0.002984098556706603,0.0007336441738865496,0.10289258583468927,-0.019517563448537584,-0.017661676118161686,-0.008118062270548714,0.09786266385292755,5.619395604395604,6.432570542081373
7,5.84576427951045,5.74262173241438,9.03394872616394,12.5730044651121,22.7686520975382,33.6948192958557,39.5847311192137,44.0375283742535,47.3377485570949,40.827969981444,35.7861388473666,31.4445063859178,29.1175545773994,27.0091870708101,25.2284228475779,19.5511782653384,15.2700625342957,16.8868667992894,16.9311251950173,16.3135895251213,15.3395439375666,11.7099437338119,10.7313355243371,9.94424790513972,8.3973151089157,5.46311043506756,4.9645015988111,3.23256632940341,0.750386050422258,-3.57687895485795,-3.26476913072458,-2.76260318687666,3.31367568745227,0.435261403310058,-10.9107136042904,-14.9983841828714,-12.0668908679897,-10.9322466560098,-8.69529108061189,-9.72537603088221,15.7946944254652,10.5383639535722,-0.680464419719597,-6.2802610730193,-7.96843102087572,-11.4751765841393,-11.7813696554169,-1.93683416301646,1.50771613294648,-0.02336181941898731,0.04007022212248279,0.020434701326531354,0.10957613134077161,0.15357890093197532,-0.3046523188432522,-1.1183060893155823,2.7724550684901197,-1.4604916929223026,-0.16069459292577903,0.17592309483928018,0.0337176779736752,0.03725591281577391,0.047158877745851376,-0.03287460749203442,-0.026829952506230156,0.008307018525986472,-0.0025069913232914835,-0.05523572446434619,-0.010722953966443611,-0.048489445562495966,0.1840051001836466,-0.0646683985709405,-0.1394943939974864,0.2634479015094174,-0.13186911322475584,0.020004539364079667,-0.018673670075026086,0.01915580295239824,0.10912896968825858,-0.32146582063591667,-0.17869749931090934,0.1768254856011927,0.12728215351107255,-0.0773463760271593,0.15570830781514064,0.045366578031413064,-0.050966979145771,0.1179601663279172,-0.0466452024064301,0.053142056890844454,-0.01722649625410257,0.02087857866015217,-0.04702968754014917,0.03710919224544516,0.18894712480337542,-0.03805564065337301,-0.17656885665902275,0.03261807165502217,5.416913919413918,6.635324285538238
9,8.69961449584474,6.196678460274,5.55786794111224,7.43174641065933,17.7545724152355,30.4398411326645,37.1825899178762,47.3377485570949,57.1698267290616,54.0404805015245,48.8231507167661,44.0324019906635,41.5355897965775,39.4621721938992,36.6525258913672,28.4770626141095,21.9402356804805,21.3922078019244,21.0499038772063,21.1012973588802,20.4525340005767,17.3027403631085,14.8059638283286,12.2787195598847,12.7040655602552,9.42663156385158,2.95064674194412,1.26443029106585,-1.28325788751641,-5.78878522313246,-3.32519703952782,0.908615755963059,10.4080861108462,9.1929618774282,-9.49809577039961,-16.4127394359815,-14.3923770743554,-14.9322483598133,-11.3276278232715,-10.9002075823295,25.2641045012245,23.6273560502438,9.206919074503,0.847878867833172,-2.72103442307753,-9.30768919886523,-10.8426161876724,-0.0768010902976516,4.14631418824141,-0.13397912361522216,0.0788588477420133,0.049049224213890706,-0.11965743916318602,0.2298421622266264,-0.02879331729292017,-0.18826361741764205,-1.4567962987929453,2.442134536091477,-1.044667696184331,-0.13904643050411766,0.09350662423780225,0.1624882303532503,-0.04720516655357023,0.0023699066799301553,0.02596410639773157,0.04875893917216827,0.06406018430736848,-0.10440026290880153,-0.003191117849314354,0.0028036705270829358,-0.06151279382168668,-0.008290078060357834,0.13460011916328668,-0.15653157678676127,-0.3075521324174081,0.15122979540720213,0.029974003940309312,0.0337187238538483,0.10632029565740504,0.041581636707333204,-0.003785481757075988,0.029774318625905183,-0.2073317841947714,-0.3835966955415468,0.42781885989948115,0.10689200492306046,-0.22268393989710247,-0.009706580265742344,-0.007898111072702736,-0.17406487077469274,-0.032253608383340945,0.24286355647205632,-0.02345379791243526,-0.33712080897709945,0.04797028232762821,0.02628837460481125,0.2362423040029302,-0.1083647427403232,4.9624481074481075,7.560411809489055
10,13.1600666970732,8.33441466910748,2.60876468694546,2.11194419024383,12.1950233255491,23.4940207456329,28.1328884145992,40.827969981444,54.0404805015245,63.0526399231576,62.5815537219801,62.311877783894,62.6589137512602,63.1735922950837,60.6015200862257,47.0874354065458,35.5447929134096,19.0785413874618,17.8835123648493,18.6260946515484,18.693053506058,16.7892213951691,13.1783780903494,9.90387222006136,14.9320549132286,13.2685437201457,3.42697350590456,4.13992329522036,3.70394138967334,1.25862711149513,0.188919223871207,2.2432505504601,9.48941284532795,9.64503310668553,-11.7413335290373,-17.6586373324774,-18.3521016894599,-22.5904828035956,-14.013517175762,-13.8821974590208,29.0105044499383,27.8411561684908,15.768123488345,4.20418591399801,-1.61297420369769,-8.34244284230028,-9.13607585798926,2.55274939822713,7.97333933827804,0.014993849180718248,0.1766972474405487,-0.20196946993134615,0.053658277311454845,-0.011667579396680085,0.00919628023452149,0.19602781071473738,-0.16325607112783744,-1.033453357818194,2.5489607331294093,-1.3569947599707437,-0.3254159174998229,0.02112042264704389,0.15683282769310317,0.07057297320834587,-0.0035358461295311792,-0.10632383841654647,0.1487500639110407,-0.0798446926413635,-0.028254333931323317,0.0036163259571338475,-0.2242154605527427,-0.016213053546051463,0.06750442569750416,0.10798583561653838,-0.13461238912020385,0.500069846377878,0.08748971004586582,-0.041928477429402304,-0.3019174360218891,-0.038126396183616636,0.21241676444524407,-0.16458175497573332,0.06144252017658508,0.2751416989588784,-0.22352676896691187,-0.18213740940035653,0.3135637520308893,-0.09306952917028354,0.16287877550033888,0.13672704047983855,-0.06253898068373917,-0.02901058066394856,-0.05247610834536642,-0.03949455863011801,-0.0809637635352601,0.21512116584752944,0.017170701315948497,-0.22654850375172322,4.176223036223036,7.939939541530376
11,15.3744564591984,9.69626802134425,2.48418662399568,1.78727545275026,11.0744659992621,20.7287913941794,24.221104104617,35.7861388473666,48.8231507167661,62.5815537219801,68.1899513253912,73.6104402789969,76.680822126266,79.5742495910318,77.4684196082997,60.2788150710158,45.2788749921111,15.4744676329308,13.3780338964474,13.7537002994096,14.4933352277929,13.8260214245059,10.3576465315406,7.43797765173134,15.3817725667494,15.7150539644367,6.48522263842283,7.15671483528777,6.53665352267892,3.76141489327498,0.635176576144391,1.63175878231482,6.7209146845679,6.62041776769493,-12.127219749619,-19.1876292850422,-21.051761412404,-26.2158922172003,-14.5112023273365,-8.94629134927345,34.0177116380012,27.7604462939449,15.4005934539677,3.18585499783896,-2.70757770771743,-7.06776089552022,-5.95109872290545,4.84638711172549,8.42113961277586,0.04649825217696967,-0.01602278147927083,-0.007078386447901398,-0.199478736358477,-0.04030516733028887,-0.05371592013107278,-0.0068717967265955375,0.15938936053460817,-0.14031327285520068,-1.3668223884669122,3.299927345667742,-1.327531540606793,-0.6563017900375813,-0.0709139023883062,0.4250152799766907,0.03762414724771975,-0.1071857011021419,-0.019665541378155762,0.11591679012099723,0.018637507132618854,-0.033789730743961334,-0.06597600560153333,0.010613115227674408,0.11744515405622795,-0.2876266634896808,-0.02967554803234826,0.05418456482299802,-0.04784847473253414,-0.05241175486450942,0.0882286665798118,0.07814523507756095,-0.010934580201060655,-0.1358887161067446,-0.02435631959596717,0.208251858272805,-0.20009522429237847,-0.0635310007219635,0.07731895904700889,0.011392430401724957,0.09803512187395463,-0.0012381613214060467,-0.050204929893421124,-0.037504020060531634,0.007604960035170041,0.05507285277245751,-0.12336707235457886,0.0024733725508179656,0.004260811693623944,-0.049380703515783754,3.9179359991859997,8.257115193903449
12,17.9091109995655,10.7538008162768,2.25501216439428,1.41529025408307,10.047503955691,18.3129375271135,20.8235515186302,31.4445063859178,44.0324019906635,62.311877783894,73.6104402789969,85.1712588855329,91.2468298355055,96.7818843875583,95.2802209504206,74.0205237147015,55.1576986821485,11.8638875040643,9.02668692904499,8.63933794893125,9.71157369118392,10.8944411070055,7.73102146091318,5.23142256224703,15.2274252084084,17.3761054427387,8.79303905877906,9.54946417296782,8.89500669105939,5.89231574595774,0.660854797265786,0.335844061474487,2.76981191696966,2.29315683136894,-12.7399213117001,-21.3162902773014,-24.3339244728284,-30.3737296513753,-15.3649740329464,-4.12728511242902,38.4650313292559,27.2501997489905,14.8379965426773,1.5947733401785,-4.82242726620792,-7.22883295994131,-4.37227540200818,5.66303856117821,7.68072723050851,-0.11416140112910689,0.0006607827058775446,0.016100008197847297,0.12123025932068168,0.013856890866141535,-0.014398836655308821,-0.023927431069850316,0.030797774860308158,0.10274226232583081,-0.3300202607801629,-1.3335102819265332,2.9564453678033646,-1.109108339778164,-0.21755590721632745,-0.16176011837741283,-0.03403718881874,0.12853887523527582,-0.1254260520147659,-0.0033427020044861622,0.058043849801717756,-0.12041343788216827,0.46266115557319276,0.049965281954027795,-0.16581903760140393,-0.07329310914195816,-0.10420130766810365,-0.03331008936454595,-0.18328141329411915,-0.008843011950093063,0.1563565447693602,0.006213249056190953,0.0490617185726673,0.03226883892366044,-0.018233117314567886,0.048959641570268664,-0.12213383578200948,-0.19717256295928975,-0.005469568086135812,0.19587047333791988,-0.24032956614678247,0.023607619581639677,-0.027991887286665396,-0.18472722144615078,0.05182035523290684,0.5399452522689007,-0.22880770630449557,-0.24000308510570795,-0.004646560245275496,0.37105089439678357,3.804810744810745,9.2282858042831
13,19.2353932471344,10.5363725294998,1.54005540466195,1.54534887472711,10.0753338985088,17.3446955322535,18.9298747628096,29.1175545773994,41.5355897965775,62.6589137512602,76.680822126266,91.2468298355055,100.615735816112,108.984324362786,108.848284780233,85.7852256151292,65.1771881682838,12.0054676781482,9.43205642138615,8.74220906816258,9.19067426418145,11.1541870421371,7.86719845325877,5.44307675019591,15.2041642472901,17.975302861334,9.35596818644168,10.1463347222335,9.53601519516848,6.28895290936625,-0.146848097738822,-0.125761835630384,0.87117461445165,1.05685202421828,-15.1868014000322,-23.7659722631629,-26.9559506971494,-32.4352921368908,-12.9587443669926,-1.8726080607747,39.8652927324701,25.642627831078,14.8232208844681,1.38475613377544,-5.24177186823315,-7.64187980318888,-3.18734118178414,7.50265622462416,10.0854343526966,0.11083840057990206,-0.22891344835919722,0.019072619806106295,0.08717425504091872,0.06976142676519484,-0.022365119445083757,-0.12433360678029039,0.039437085967099675,0.16786510055505743,0.022370148587917135,-0.664286171895542,-1.1164173489798543,3.5498148120228583,-1.42350419935371,-0.3391249164384629,-0.23502082818298847,0.010013419185217415,-0.1850614061730267,-0.003460858654999694,0.1412342511858635,0.15310072846600858,0.13801606483683998,-0.05152869869627113,-0.10936146769846174,-0.14272421340515126,0.17033986844822427,-0.0036784092406413485,-0.028528503086334457,-0.04576639340903656,-0.019226401735644463,0.04310760585431546,-0.04638589858553248,0.07870879545735765,-0.08044950284159433,-0.22274099755136467,0.09653682422345908,0.2409462756928255,0.0313625610237162,-0.1422139613948756,0.0650710311179536,7.893407885882321e-05,-0.07885456646770357,0.0015951156994056589,-0.007713071162993006,0.0485084194004174,0.0458164105806752,-0.08632942090039164,-0.057958777024289546,0.1924015294776887,4.408272792022791,10.030241064705859
14,18.4260599581413,8.34573038264029,-0.442992108827124,1.08101910141137,9.71038515328878,16.1880411403841,17.064406962768,27.0091870708101,39.4621721938992,63.1735922950837,79.5742495910318,96.7818843875583,108.984324362786,120.461343201055,121.875802209809,97.2701457734689,75.147549053066,12.3590498161201,10.253345596735,9.59372910746564,9.72867436589235,12.3252960329766,8.58081102746563,5.86313512948277,15.6149426598122,19.2573920288999,10.3141968504915,10.8665209457248,9.91183184527984,6.19846173502557,-0.970852743834814,-0.0400105197489906,-0.005497963030042,1.18463344329808,-16.719693252963,-24.6895164776938,-27.8380807512609,-32.7079003270813,-10.1008423467762,0.355874287610238,40.5748066795975,23.3780597351866,14.2298569651731,0.84198298393307,-5.78137849321115,-7.93861161752853,-1.57968865179805,10.2043421635193,13.7278379452955,-0.08851300276985084,0.02517659468025171,0.16422236439034074,0.01919220405493896,0.09063596462861373,0.012677673152197885,-0.045005026610297365,0.043737730102298415,-0.0485200027104164,0.15591055720693614,-0.0754053830405765,-0.22088518979343055,-1.4200904088497464,2.8255141463232167,-1.1670827755064896,-0.2288527481281611,0.1470486037550396,-0.051854179072546504,0.0036854498878822113,0.0663382150809661,0.3036181060180642,-0.37997831180831887,-0.036515720966581934,0.17350846147140228,-0.03490504599800896,0.3807449855832541,-0.02961231632956939,0.0022957458430168,-0.055087354289399044,-0.12134958171176917,0.05981039962784453,0.00576320845420425,0.015761483814880056,-0.07799682177937871,-0.07774846102341648,0.02127721377859033,0.1063187835303761,0.015233731664005245,-0.14430486483828564,0.05801548852099488,-0.06920363458625384,-0.14789080627662857,0.18067779268009634,0.2114871818893057,-0.200890432258659,0.49733478906168704,-0.2809781671495186,-0.08530108458419626,-0.1313164411442099,5.025068172568172,10.97503271981706
15,14.6762942345092,6.2520415432939,-0.0083607129226889,3.4833756425997,11.8693572842245,16.7710684235022,16.4776849551386,25.2284228475779,36.6525258913672,60.6015200862257,77.4684196082997,95.2802209504206,108.848284780233,121.875802209809,128.431053010678,105.094146287534,83.4641096348658,11.6665906650671,10.0537967107878,9.7803783135098,9.76506878003481,10.7295584911817,7.29304522555589,5.26694857105955,15.6902077874734,21.0838749252441,11.3526867576663,10.5478381560377,8.01591204692553,2.69279998367497,-3.96731969087513,-1.65373460258204,-1.55609281133133,0.807569465465992,-22.3977226333893,-27.68785421134,-28.6470693924336,-30.6518296301289,-10.0103731570839,-0.362028902902949,30.8919548018656,12.0533932885193,7.7165054732647,-1.19870045994917,-5.83207684145123,-6.22333918567112,-1.83902446948492,11.1653792153015,16.1352906623705,-0.04432859127296006,0.2224383160985741,-0.08241000381256887,-0.16829200592214066,-0.19206699058632876,0.052065877488350225,0.09601912078396435,-0.03732294411574362,0.0054311664166738615,0.07059758136775182,0.40472765826929863,-0.16703604095777358,-0.35037094895013304,-1.176480288908407,2.1352699516001703,-1.439362983482057,0.5707509147585701,0.1853577284727396,0.04732678036683862,-0.050409373094176424,-0.24776104595786275,-0.03579643294774934,0.04131032047851526,-0.017289053963513004,0.12284857859440655,-0.269703486597855,0.01917531163817639,0.13116563731740655,0.043531611244631764,-0.006932710827374004,-0.04529401430458956,-0.09149236376216914,0.027581165260705597,0.05900612810469014,0.056627132627455556,0.2156511241250935,-0.09692353736584873,-0.105979635444961,0.16863537855915645,0.06588850427365944,0.038934486539869945,0.05623040660466399,-0.10679908787946298,-0.00162582402031043,-0.03894277470858384,-0.26345460507801743,0.3173381327343868,-0.026947106764818346,-0.14393534081803275,4.943591269841269,11.332301311325853
17,12.5862419394667,4.93829385125726,0.948042841916129,4.8420276361276,10.3205777199033,13.3459040833996,12.6152689334212,19.5511782653384,28.4770626141095,47.0874354065458,60.2788150710158,74.0205237147015,85.7852256151292,97.2701457734689,105.094146287534,96.9312678927453,88.9833430709181,17.1795667180783,16.7508695953416,15.8103062734975,13.9346578739982,13.8005781346502,9.46926663374255,5.74090929216204,16.0628504485925,21.3658226840928,12.4314846615299,11.9192266481035,8.9904762545283,3.59651113065114,-2.32126215065638,-1.53017128910989,-3.45184326196566,-1.49499268393779,-23.4359373088932,-24.7314974684276,-21.9676664713141,-19.4767773828808,1.52786252176951,5.65821632223889,20.2125861818934,-2.83635742738613,-4.91923082237669,-8.21284482223359,-11.2406958172203,-10.3506245278162,-7.44067620975981,3.88142214733601,11.3643993940061,0.07045371972209223,-0.04500354034137671,-0.05222473624861274,0.04604182235101377,-0.023005092725109744,-0.025758882459855068,0.021962754389856932,-0.04148877949992661,0.04302733089350584,0.0010042098108652222,0.041322026082283976,-0.027693663040132297,-0.14713870663822776,-0.2213668110081506,-1.4542620250457856,3.7165540238555237,-1.8260318686108161,0.039642422457196944,0.005996212933789649,-0.09750668404482046,-0.05104861009945509,0.009429746734797474,0.0048921153958597086,-0.0028492968662995268,0.0838793051897808,-0.14755083742741187,-0.07417804700906457,0.022664978377073954,0.08393610212686552,0.025726717341696907,0.014369244704920743,-0.021526272766012634,0.015060774654995192,0.04722637378597898,-0.019458516730873867,0.03250217119677108,-0.010236999379409455,-0.030425641308682687,0.0014341621208875288,-0.15791209791884558,0.14584063981330822,0.13320614188599056,-0.023957933164328333,-0.2795311620729598,-0.05504598248601918,-0.03836929760210605,0.1621185157606835,0.022509078390640695,-0.069183542072987,2.767669922669923,9.844859973242146
19,11.8766538167614,4.77933110769853,3.00690523185497,7.07720603742901,9.71249499978387,11.0488017915842,9.94958054926906,15.2700625342957,21.9402356804805,35.5447929134096,45.2788749921111,55.1576986821485,65.1771881682838,75.147549053066,83.4641096348658,88.9833430709181,94.5856687565999,22.9146390089316,23.6069477985826,21.8252844004154,17.961863992987,16.5985717820816,11.4370819412416,6.01943152000648,14.331049385124,20.2939783928974,12.5674778428621,12.9106160731102,10.1961319677987,5.31590626217807,-0.572697677422095,-1.71309798816962,-6.232263390719,-5.11395438594033,-25.0633242495419,-22.4588548813833,-16.2111719330261,-9.51093704695186,12.3483430287552,11.989568856407,20.6627597416287,-9.2146141639569,-12.2442327809234,-13.4250899127794,-14.9096626876934,-12.6435694467107,-11.4734997274031,-1.72955511014842,7.16618305705852,0.04321183668700599,-0.12510783416003474,0.03640245487324675,0.0654146875015392,0.06711272785951043,-0.029776282703544425,0.03416245487018362,0.006926983129241006,0.05588424904268109,-0.10327476614664619,-0.12224893579223281,0.09226677095393664,0.024944331166897503,0.11652881076018007,0.5747296796063909,-1.82467107691283,1.2587376650775268,-0.006823085178027466,-0.030468758823926582,-0.12480349602865799,0.03989034691593842,-0.045361842304105573,-0.01594423086929627,0.020250865058467796,0.10948632965580223,0.0017766076828603587,-0.09810852214155814,0.00201450353253077,0.014925381341158955,0.0005046222091717241,-0.04027099691146194,0.007472789366083808,0.03379560687115286,0.014749395569091646,0.025247506080605806,-0.04120877901443642,0.03948228986364251,-0.06306925768988811,-0.015952266499925916,0.012753046485948273,-0.2707225694224899,0.21186317207769123,0.08219527767299657,-0.04750295900189786,-0.0322605433045991,0.05182605770208889,-0.05324610749922046,0.10615091688697605,0.0035203405982343677,0.7917485754985755,9.725002249696393
40,8.58225298151476,4.76704394723816,5.82158419540783,11.9913766734386,11.4906346216329,12.1532554930598,12.5731913081731,16.8868667992894,21.3922078019244,19.0785413874618,15.4744676329308,11.8638875040643,12.0054676781482,12.3590498161201,11.6665906650671,17.1795667180783,22.9146390089316,52.6554691169356,50.1153495977567,44.1718157809916,34.3193825897386,27.9307344138415,16.4298875103706,4.32854064862958,6.88405882962944,6.32708643869582,3.93415406150922,7.53285705503326,7.05991596606825,5.03931616089682,3.18985058719291,1.77232389550596,-2.16289397316802,11.2018976779497,-4.3894616423402,-7.64013707356246,-5.76917470187048,-2.4880010274409,5.89036750361493,0.470712910702994,5.0095177201017,11.0574693761733,-2.267783874395,-7.3004435332279,-11.8481847346958,-13.9287670451611,-16.8424954849638,-9.67258225982227,-2.62261763682431,-0.1619455587603855,-0.046820328586292766,0.06593498579028906,0.03673225631504246,-0.07865907144787636,-0.10393743367493202,0.06332360968263724,-0.00016582601853968923,0.06401227052464695,0.1456402293469118,-0.021088539797274663,-0.1138079097828877,-0.17582521268162496,-0.05778916154858879,0.18264080131345115,0.042338287007050356,-0.0027803398161926297,1.4907250270750028,-1.2155526975812474,-0.2680882003605802,-0.03993459478043765,-0.1528980006903891,0.021873860440480966,0.17740221786235344,0.08261840575415834,-0.17222954443701533,0.12018340881223029,-0.06193954867756904,-0.0264672298616878,-0.02235431603539678,0.202311610694664,-0.37714877164179816,0.05230297886352023,0.21274266065368289,0.05392844328735257,0.009697630419548306,-0.01931840137954014,-0.2163540207715864,0.28660163340132583,-0.07969699945564518,0.1300324391356979,-0.2066432530684024,0.24056301028790117,-0.008087585538552508,-0.3307979900246547,0.15289675014794818,0.10876502344893041,-0.12671651830156963,0.033068184932968966,-3.1383394383394383,7.255719751818946
41,5.24626269384008,1.30426398716332,6.16075246289853,13.4646903105879,12.5448975016721,12.7692490161217,13.0397281756672,16.9311251950173,21.0499038772063,17.8835123648493,13.3780338964474,9.02668692904499,9.43205642138615,10.253345596735,10.0537967107878,16.7508695953416,23.6069477985826,50.1153495977567,50.89870471846,45.194920802553,35.1815765443617,29.2217019741207,20.4094839279799,10.9736079338615,7.46264154257133,4.57625630768043,2.25469805760822,5.83885801645367,5.16909521338448,2.86818851534471,2.69619864199903,1.03274283771199,-1.79089355210174,13.4971417856533,-6.34968186316593,-7.17648017382135,-3.26753317374504,2.65277232761319,13.5848480027525,4.58839803342842,6.055377571513,9.79820399183836,-2.20986183714823,-6.72801824369135,-10.9914985684368,-13.5169222500548,-14.5251808293857,-7.23181861171332,0.0410430320846181,-0.02823073257913183,0.18343386570633727,0.08020909272496227,0.12141523943828639,-0.1894634556169916,-0.07604157158610184,0.20388419427691945,-0.047635008253141195,-0.07678590080125475,-0.06844579917360775,0.08124998404937876,-0.010177176840986674,-0.00873846369268175,0.0036369605770451203,0.03940427337098013,0.00502968629985721,-0.021778416902971578,-1.2134512707112746,2.552643209516162,-1.2584633195056298,0.26765878421700445,-0.07342726800742673,0.06570347489151859,-0.1612177817982173,0.2599790011094695,0.019126187365840878,0.11635332747029523,-0.009465929936605022,-0.010500756762708225,-0.15197336397503303,-0.011222710856350467,0.4854510589358287,0.03687769053383287,-0.43542403169042954,-0.08937326554564544,0.3403274897498065,0.12903463573711824,-0.020417788823033713,-0.2496536883353195,-0.021060031531533803,-0.0093929987941343,-0.055971726925550955,0.009413917760950625,0.11313979902841105,0.33472265322691824,-0.1593081742424084,0.0202425765953006,-0.04256662222213605,0.07744457801068239,-2.935358669108669,7.133631944420738
42,6.07787169837414,2.41007409632716,5.34596431571432,12.3372766809234,10.8061499713847,11.2360281785489,11.9141789013446,16.3135895251213,21.1012973588802,18.6260946515484,13.7537002994096,8.63933794893125,8.74220906816258,9.59372910746564,9.7803783135098,15.8103062734975,21.8252844004154,44.1718157809916,45.194920802553,43.2675127607987,36.623762525916,30.3106977873364,22.5806718329861,13.9043851901794,10.3688326359966,4.71674699813882,1.5763630180517,4.653933317312,4.55298517364901,3.11264514633576,4.41869946438114,2.69830437947549,0.894777532519661,14.3321511160022,-1.83059084079269,-3.12181201828172,-0.970469238160394,2.96901992568534,12.949914399001,4.80918323847317,5.26579007341654,9.96276203014816,-0.0123169580318816,-3.76238229968338,-7.78841297341556,-10.5142818467432,-10.7376859434702,-3.63638867415152,4.22529829076173,0.14582960676744092,-0.174763838881838,0.015092778106317534,-0.03245925493674058,0.08475070798221754,0.012154673353715291,-0.1175658683905329,-0.015190902301078781,-0.002438600267966685,-0.025939158382316287,0.012013146533050984,0.060361548925018646,0.14217446696509325,0.07707096283812609,-0.016744569514862133,-0.0799209930177066,-0.1370389919355049,-0.2687318760026041,-1.2626808248840313,3.2697365914663936,-1.340675524113786,-0.4359618948678342,-0.08112810140748652,0.11437404130418541,-0.033246833887081634,0.2587783900163919,0.017070631700546606,0.007386664751384689,0.007055861154140562,-0.011821740016586547,-0.09971702766722963,0.027173933208676417,-0.060834031321145926,-0.0791333968315595,0.005617409084193656,0.11882101780558103,0.10394275847668981,0.06112959933256612,-0.20846680761329744,0.12739155986803316,0.16563770536495565,-0.18906089177705507,-0.08220298042391351,0.043300586862596274,0.3473826799894165,-0.2808860321171696,-0.03503738857520554,0.002722016457829326,-0.1279313423137601,-2.26253663003663,6.57704437880715
43,6.25435068790915,3.67549795097987,5.14532771978687,11.3495629300142,9.19366255547429,9.64929490895312,10.7098115373798,15.3395439375666,20.4525340005767,18.693053506058,14.4933352277929,9.71157369118392,9.19067426418145,9.72867436589235,9.76506878003481,13.9346578739982,17.961863992987,34.3193825897386,35.1815765443617,36.623762525916,34.459190929162,28.8041629059635,22.9398423065048,15.886159830181,13.4037677361325,5.52371493943086,2.01428371328088,4.71191592962052,5.27240383987027,4.86963740371145,7.27095099514784,4.71017010122448,3.45344559651416,14.3625821827819,3.89548721467135,1.5799329513279,1.50848768942098,2.7033510879503,9.96711741844761,6.30750729663574,5.16046786201107,9.31129085582926,0.5925208619872,-2.46800713649224,-6.13830209609853,-9.07728219467389,-8.38423324696753,-1.78764809452931,5.93475477271694,0.1398498669985349,-0.23665100705755848,0.03409770227964788,-0.12098111529313178,0.012638853088475236,0.08152277167110278,-0.18643257999479002,-0.0506410730337984,0.007192509945610479,0.009713849935283842,-0.033340738619167136,-0.12296848328146522,0.15302337266532315,0.29937708500238813,-0.2755294248503788,-0.051616845021233246,0.03824489055403621,-0.04183320769918999,0.2636216302100874,-1.3424199527765501,1.6990401950584784,-0.22464206130302594,-0.1635794327045074,0.15803367009680036,-0.4196534099793349,-0.06829528318909885,0.15060151363048702,-0.07853051084235259,-0.03611717873555048,0.1405982003351053,0.051088053847440966,-0.39856399667928977,0.2358049146102948,0.0041655409640904825,0.10624093193134253,-0.20844109763218824,-0.14369876312531032,0.08968534628777723,0.09127051811382154,-0.03581192129080453,-0.08649120497959625,0.1651763551911987,-0.23882735929423443,-0.02242178089798064,0.061447005985575544,0.14713039642277084,-0.2847825156182139,0.09369635350386392,-0.06693732810034077,-1.889714590964591,5.869343313281482
44,6.79900023429213,0.813825518303328,1.91542692133554,7.07508627116793,4.40361433387256,5.05575606934524,6.64524046604884,11.7099437338119,17.3027403631085,16.7892213951691,13.8260214245059,10.8944411070055,11.1541870421371,12.3252960329766,10.7295584911817,13.8005781346502,16.5985717820816,27.9307344138415,29.2217019741207,30.3106977873364,28.8041629059635,30.009618953426,25.0440723943617,18.6227397845331,15.6916614545287,5.66675258925733,2.03076013974592,4.76897075527244,6.34370572302162,7.01250528698262,9.95011684418445,6.12833041330104,4.81030219038217,12.7898121149592,7.90736511755673,3.91967195064305,2.70410708648391,2.20839885216926,9.81123599308872,8.99130733423749,4.42892866580643,7.3276963069499,-0.886530163134324,-4.18511129456445,-8.49104560895158,-12.57814572242,-11.939437717932,-6.82356242373366,-0.0669825050521652,-0.3375287265290322,0.5027620424781856,0.04737433617654332,-0.21055994315701473,0.036322725343446154,0.13567449971798673,-0.00819283320110602,0.19785353423293112,-0.05756720532002424,-0.2288090112822685,-0.061685006079323895,0.4645576560963019,0.13670598674669607,-0.3908180414693885,-0.03910135309940368,0.01054910431409093,-0.04114269587353554,-0.11190665349098929,-0.07823800819672568,-0.42758897210111924,-0.22846937144459353,2.2788078720567952,-1.2925996605486363,0.17474737012217484,-0.27750064814658376,0.021260515468842615,-0.28714222385600596,0.05690895106620016,-0.028250417233890497,0.0956320012267486,-0.01108116049641499,0.2687928992693275,-0.21541067822602583,0.11604398007945858,-0.09706261925090788,-0.4763592627768777,-0.15356136572758533,0.36361405073762487,-0.022594059850927016,0.13385439629173962,-0.07076495650912024,-0.14333459587536226,0.21053370993984669,0.10053918542812797,-0.2735229083032455,0.02010972223792445,0.10384767365036988,0.12600265915015368,0.12351525770962837,-1.4549877899877899,5.477190790307197
45,5.8998069379398,1.86817803855201,7.15005759656833,11.012204903733,6.94269903453739,6.32477925213628,7.13115827564639,10.7313355243371,14.8059638283286,13.1783780903494,10.3576465315406,7.73102146091318,7.86719845325877,8.58081102746563,7.29304522555589,9.46926663374255,11.4370819412416,16.4298875103706,20.4094839279799,22.5806718329861,22.9398423065048,25.0440723943617,26.8415296683985,27.0525675720777,14.4300329302685,0.945999054039966,-2.72232215838829,-0.661581026363781,1.12264307122649,2.16621549052744,7.6373714134488,3.57952012366943,3.96733925459855,9.39864785547263,6.07088186763968,4.21468258989357,4.80106973090468,6.88509187705182,16.3187672212608,17.9872166653805,10.6579586859191,9.39672224840187,0.889055035731835,-1.93313076496084,-5.55254344584681,-9.98024317756826,-7.20297814767517,-2.78172188386902,2.80363434693117,-0.06304344710050265,0.10099006298107302,-0.19987086711305882,-0.032525060588884526,0.28302418121501877,0.1369787067974384,-0.17803004007037984,-0.054131259794173936,-0.006125285266856253,-0.016153625144887863,0.011598666208805578,0.0474530692433138,-0.054262747012101466,-0.037499821328982906,0.04761294903328828,0.004080839259768161,-0.02207118331707396,0.01906174222636574,0.009264043378618319,-0.08658608085287803,-0.15911374493029143,-1.2845562220618405,2.9438808205763825,-1.3694506970737828,-0.09845052827768049,0.05960396192541046,-0.02209697680572997,0.01390283404720708,0.01198251133353982,0.1309101989463028,-0.0222785558205551,-0.1278318899893698,0.21819015135627992,-0.029493903456564826,-0.015729395324725868,-0.05520126042876868,-0.05709182471912887,0.03210758994404518,-0.04154047766878572,0.02837511696983829,-0.04661400350869049,0.033600380178890686,0.006692572559714994,0.018024379267017675,-0.009868984069626554,0.030063549637947846,0.11918471078565991,-0.19793034389762829,0.13402152884160332,-1.8480387667887668,5.17991599047692
46,4.09555775869586,2.29511600064764,12.3286278963281,15.3612119184608,10.6161984319489,8.4463005460984,8.06798844133053,9.94424790513972,12.2787195598847,9.90387222006136,7.43797765173134,5.23142256224703,5.44307675019591,5.86313512948277,5.26694857105955,5.74090929216204,6.01943152000648,4.32854064862958,10.9736079338615,13.9043851901794,15.886159830181,18.6227397845331,27.0525675720777,34.6532668781114,12.888765761018,-2.96343383129358,-6.26022977948034,-4.74738186561956,-2.60246557988072,-1.09345038724278,6.37035429637406,2.46220712085789,4.67611113204478,7.43027758539561,3.21696761465918,4.00039710630451,6.5859882854567,11.4304116995803,23.0873644095117,26.1021655959175,15.4430997184453,10.3152619257087,2.30286248781797,0.357661861225868,-2.35547430766729,-7.13382615159614,-2.38224923064344,1.81465520149766,6.31519844105551,-0.0034355846274129447,0.15182388120299548,-0.3204772735876108,0.0943998294649083,-0.0077432217040652755,-0.22471784026965558,0.06158606894718204,-0.14783054279918698,0.1308777992950981,0.06667877682856484,0.11839383752456323,-0.16283538225164984,-0.10537370271139841,0.1770342254949193,-0.024069045626406008,-8.256838735403528e-05,0.021174245516512896,0.17472098773240066,-0.1374965830884705,0.12003876833725172,0.15656481726955454,0.16738859142646365,-1.3663257397944186,1.3076944898862475,-0.28959016070293664,0.021422396276036728,0.18322722803894653,0.09793535014506705,0.005672520562301212,-0.15480599263795428,0.05960585895905045,-0.02311100300309066,-0.09627894147589962,-0.07626832655842918,0.01612053241912807,0.21917450391356258,0.011010140510868497,-0.14522133386006694,0.05169021323590094,-0.09102827466355574,-0.00823044868340345,0.1351654313667633,-0.2567099206665287,-0.04545935423396089,0.1672211231601651,0.010346070891128246,-0.15803173689671346,0.129444787716608,-0.1923515715658976,-1.965674603174603,5.885853113874946
47,3.74852709456048,-0.0287270836745223,-2.33547981921762,-0.466634654055583,-0.083725187916643,2.1019240183458,4.2473190606598,8.3973151089157,12.7040655602552,14.9320549132286,15.3817725667494,15.2274252084084,15.2041642472901,15.6149426598122,15.6902077874734,16.0628504485925,14.331049385124,6.88405882962944,7.46264154257133,10.3688326359966,13.4037677361325,15.6916614545287,14.4300329302685,12.888765761018,23.9898645014759,15.052236042094,11.6293931526492,12.33278924173,13.0429748484051,12.9210991116957,13.7641094985774,6.2794809804125,6.37541335121351,6.22563059217577,-0.169440592796858,-1.74628019474617,-2.34106164097603,-2.73314083328762,3.76166292389973,3.25886538640794,-16.2385055742544,-14.9617187058761,-14.2045564140562,-9.21216401012843,-10.6820463799823,-11.9583286526461,-11.4644761331108,-7.24491390434728,-1.09137525070783,0.19522739901555722,-0.4979717153589481,0.5701526285750085,0.17223601216025444,-0.15650414153598352,-0.033100285514527344,0.025525539066736404,0.26878014577992715,-0.1582383032305758,0.10324566215847591,-0.2927224424630716,-0.07319851574675834,-0.13592007508302634,-0.03565016297763418,0.12776851061952574,0.07898764485518783,0.11081754900433091,0.0723772996255562,0.25173435500560015,-0.03462094769569206,-0.42442544824247974,-0.26910373791536296,-0.10042817385799448,-0.28224730852741803,1.4396311460759785,-0.3993828764051618,-0.12045241101038756,0.11466632306866789,0.015985314923810386,-0.11827269157037668,-0.3245072659486141,0.40934402785246354,-0.1348769477691469,0.06244325415894056,-0.027286264548063505,0.18999800543181056,0.3174644498418617,-0.28209312135144854,0.010448547539233277,-0.19701084368507032,0.08265985602569538,-0.010211453165341583,0.39091443844683105,-0.07780075025217278,-0.2921254749450546,0.06386301307723645,0.135508303307132,0.05506874587995885,-0.038602707004214296,-1.8270833333333334,4.89692398363257
48,-0.830389579852863,-3.12636584575886,-6.26690586841965,-6.31998911947102,-3.46315150663093,-0.657612473999902,1.05942102055575,5.46311043506756,9.42663156385158,13.2685437201457,15.7150539644367,17.3761054427387,17.975302861334,19.2573920288999,21.0838749252441,21.3658226840928,20.2939783928974,6.32708643869582,4.57625630768043,4.71674699813882,5.52371493943086,5.66675258925733,0.945999054039966,-2.96343383129358,15.052236042094,21.8391944965726,19.463008561999,19.1183484688493,17.8417861987092,15.8383767261265,11.5182366643137,9.05788013653917,7.87659049972496,8.25554735400761,-5.9754795330918,-6.09946272606652,-5.48371980683787,-6.49654516302396,-1.88174338345709,-5.82356760900851,-11.4431761427863,-11.2648460272548,-10.7598411782616,-7.08127677869948,-7.69486986630906,-6.87564774743529,-8.05725206079304,-4.12620899045587,0.710893626351284,0.012223910931429497,0.07258552842768877,-0.192467991141209,0.225641529684312,-0.3164745101867283,0.1040802500188648,0.790616120689438,-0.1278443310702412,-0.303623900834373,-0.1387698166800073,-0.032300961680969215,-0.11271782720906133,0.16428172145564318,0.3804882665316894,-0.2722872638582675,-0.1511033160181857,0.0037183791736678483,-0.15045551945133287,0.02247688505419752,0.2747791393405564,-0.06090683506074013,0.033726873394152784,0.04670616912844191,0.020239250816366842,-0.4042484713830677,1.5111909196458717,-0.751156165905806,-0.35335549549958245,-0.07842183833338769,0.33040338835844923,0.029968868241226496,-0.13448287154656213,-0.07088417032651895,0.1152252633008898,-0.1482285882836414,0.23435557255900952,-0.1373927383945867,0.09172821930486738,-0.08528885145964404,0.11320777043479405,-0.036659556863475364,-0.06282382740965932,0.06927370777493597,0.008031976552942006,0.13168357300317476,0.05316684522079257,0.09797196697047986,-0.2349224707577458,-0.026420071781757235,-3.358968253968254,4.6721723530465535
49,-1.78120993904675,-3.80051146341364,-3.98407157012111,-1.52921287435678,0.768572321610793,3.48363911723918,6.28049054309402,4.9645015988111,2.95064674194412,3.42697350590456,6.48522263842283,8.79303905877906,9.35596818644168,10.3141968504915,11.3526867576663,12.4314846615299,12.5674778428621,3.93415406150922,2.25469805760822,1.5763630180517,2.01428371328088,2.03076013974592,-2.72232215838829,-6.26022977948034,11.6293931526492,19.463008561999,29.0734171358198,30.7170163728258,30.8174431612129,30.0128129037985,20.1617698750529,9.57505954088411,2.13178630841467,7.61016676847832,-6.15859582094367,-3.12318888157658,-2.0204441134678,-2.28826843688845,-0.304165486624908,-7.93199890397866,-15.728235732203,-15.2269081054042,-12.9602919765123,-9.53883299462217,-9.39614146020164,-7.75186048055947,-9.21825470962603,-8.01780080722466,-4.2666575036332,-0.14178710613011805,0.1280397625592528,0.014987631253991452,-0.034089821165997146,0.2691277885642587,-0.09157508437486715,-0.7845610845586077,0.011276627497442036,0.14450273192559743,0.519236086406881,0.05892722683512349,-0.036172036173072894,-0.0001687067940949709,-0.012951668350006587,0.023227032507927823,-0.07025265837754664,-0.10217239448998909,0.09766081102510096,0.10761398462755793,0.025080874798988795,0.14661576369008758,-0.30415420893199613,-0.02230268583488353,0.18481125031824983,-0.11984150754953969,-0.74802464891687,2.5037175973463404,-1.554560305872801,-0.30793269329814227,0.1751430635643078,0.12994587884720396,0.21413436816203688,-0.24646464327962023,-0.11409568943797185,0.08014269775516157,0.04069482155553781,-0.02246086597404208,-0.010768350833645043,0.04870417072077913,-0.010692141597580815,0.22507981457096812,-0.384665411849167,0.11087015928278514,0.02306821185401159,0.22058305992308697,-0.22381394939221674,-0.06004143144233662,0.0585358394597774,-0.12087024012887598,-3.347857142857143,5.391049724851353
50,2.39149106805568,0.196938827754008,0.867115026129969,4.20510058865689,3.34347241472156,2.90806366203875,4.0905634520093,3.23256632940341,1.26443029106585,4.13992329522036,7.15671483528777,9.54946417296782,10.1463347222335,10.8665209457248,10.5478381560377,11.9192266481035,12.9106160731102,7.53285705503326,5.83885801645367,4.653933317312,4.71191592962052,4.76897075527244,-0.661581026363781,-4.74738186561956,12.33278924173,19.1183484688493,30.7170163728258,37.4707383689108,41.8029188558438,45.2194973318863,32.7451130880348,15.2653117461582,1.83723507939248,11.4183278213688,-2.01097272285554,1.69337618548296,1.59943670737375,0.482586949175507,4.78421056156372,-4.00181790533438,-11.6155256461971,-10.9644880078581,-11.3099791891342,-11.0928753513693,-12.5966614660156,-12.4751837747788,-15.2401367376296,-13.3391184114022,-8.10583990155006,-0.01868805626497385,0.08910945690133612,-0.00040910322205874717,-0.020897599090273607,0.14004839305728636,-0.019288940077154804,-0.19175335666878252,-0.020437771296378714,0.02945440754884395,0.0921387943793963,-0.04268051680969199,-0.20275598373246834,-0.02813118863380549,0.006343051706335062,0.13186571409951983,0.016777807903506275,0.011721582536856439,-0.1000521177931764,-0.013040650084868401,0.01847534103856538,-0.074191491952177,0.066745518016774,0.01640592381519069,0.09587146807126513,0.09967846088494058,-0.34691610807750956,-1.5548264787882586,3.871606509928869,-1.6129609874606237,-0.3453496730565486,0.029094609519088207,0.012960242892362665,0.4034066521592805,-0.40445092120181614,0.13107387897712866,-0.003626316584962591,-0.08173093786886215,0.03812141601707543,0.00619861666496996,-0.09198563156042398,-0.07795192992157383,0.15163361939414824,0.012025164041705894,0.008457672719614675,0.04332556996035977,-0.006012080208634337,-0.0780559563289951,0.05670430238584713,-0.00788467543447829,-4.1395238095238085,6.120517818690734
51,7.99446529579981,4.94034560213166,5.53660225820087,8.99413988593815,5.08510073411484,1.51272592646974,1.19066644476345,0.750386050422258,-1.28325788751641,3.70394138967334,6.53665352267892,8.89500669105939,9.53601519516848,9.91183184527984,8.01591204692553,8.9904762545283,10.1961319677987,7.05991596606825,5.16909521338448,4.55298517364901,5.27240383987027,6.34370572302162,1.12264307122649,-2.60246557988072,13.0429748484051,17.8417861987092,30.8174431612129,41.8029188558438,50.9053164242709,59.0243780146945,44.8765039597309,21.2432552258152,2.67613541324154,11.7960626036685,3.42822192868497,6.97757242916085,5.05031699309006,2.46253999519058,10.6999570064742,1.82605027060317,-5.02111457239971,-4.32906465604933,-7.69058080982235,-10.7524797187658,-13.8341666262669,-15.2413093480668,-19.4311713947615,-17.2763462042965,-11.2869932734567,0.014907258952300871,0.07630277672638892,-0.04343582960507788,-0.07858564331400653,-0.05656121929290993,-0.0324176330503588,-0.003967981707249722,0.01825719229256735,0.03471387973958406,-0.04282346758816236,-0.053810461749402884,-0.013185869264605648,-0.030013500767001735,-0.04881070701395938,0.03878736992217873,0.04460930070323296,0.015669508669218714,-0.03078489344357508,-0.006427114658939463,0.038893392088224524,-0.04317658642312299,-0.014544908571638487,0.01599481268996278,0.003624497876143554,0.01466058266944243,-0.07979373354266764,-0.3095234091815971,-1.6244706776839304,3.9074920714337513,-1.7080266071890289,-0.1867656227397423,-0.27862775397315354,0.2821072798042152,-0.020268954338615645,0.07093076104104153,-0.043441012635469914,-0.04020038635372908,0.26650933496573825,-0.17112591820331471,0.057904791559379575,-0.07069174580080494,0.12142539080640488,-0.010343234090431983,-0.05888912328767941,-0.1671661816676154,0.0660987144506161,-0.12780024434733614,0.19605542720149763,0.04601399955775413,-5.1378571428571425,7.1340953472932265
52,11.5718367595181,9.37047284471497,9.75850092385958,12.8733164698631,5.63523419443353,-1.28903014638604,-3.3914469906372,-3.57687895485795,-5.78878522313246,1.25862711149513,3.76141489327498,5.89231574595774,6.28895290936625,6.19846173502557,2.69279998367497,3.59651113065114,5.31590626217807,5.03931616089682,2.86818851534471,3.11264514633576,4.86963740371145,7.01250528698262,2.16621549052744,-1.09345038724278,12.9210991116957,15.8383767261265,30.0128129037985,45.2194973318863,59.0243780146945,72.6390498605573,57.1628655652713,27.9516001385901,4.66516631750689,13.9999150495597,12.2201302532011,15.678340073871,11.800390251783,7.58995352915148,15.6155937686249,6.0747150737312,-0.681867744811446,0.950058307963647,-4.89531468246172,-11.0021334200312,-15.5295349111563,-18.3098845128439,-23.9211657512213,-21.3282431303368,-14.2061903317615,0.11657703010609458,-0.14643825307409686,-0.11631467909023988,0.1707444760672385,-0.03358214852484809,-0.1485543946816277,0.2160068178381864,0.10914379302907039,0.10222706482478126,-0.3064413106095003,0.0903427749277642,0.15893547191646332,-0.014413022487648478,-0.12285786914749056,-0.0011239601515292336,0.020604515493413755,0.002360287627728967,-0.028360400888662648,-0.15131585980685272,-0.005892774755547798,0.13402790151426394,0.08848210010994503,0.12428326024692612,-0.16139199744416022,-0.11676222336993278,0.3400520480099677,0.1808891743731016,-0.34603573184995157,-1.7101719303287373,2.1991524131034805,-0.7322095527368866,-0.2062212119347656,0.05000652713314339,0.26091934101616054,-0.13709822669660918,-0.098690576837472,-0.029154642617081776,-0.006500376983407727,2.43895845831113e-05,0.16967752638346958,-0.0955017002977406,0.002053828599433182,0.031611466591356496,0.003009622054725972,-0.0837158494839203,-0.02405446361340751,0.05670392547585641,0.23813546108743308,-0.23040931982614873,-5.980634920634921,8.522267882468682
53,10.0648358409693,7.45214243683621,8.9621633568771,13.0441724875989,4.67882610466267,-2.89553794331444,-4.82374552738073,-3.26476913072458,-3.32519703952782,0.188919223871207,0.635176576144391,0.660854797265786,-0.146848097738822,-0.970852743834814,-3.96731969087513,-2.32126215065638,-0.572697677422095,3.18985058719291,2.69619864199903,4.41869946438114,7.27095099514784,9.95011684418445,7.6373714134488,6.37035429637406,13.7641094985774,11.5182366643137,20.1617698750529,32.7451130880348,44.8765039597309,57.1628655652713,51.3057050394871,29.534907224029,13.1843822382722,20.2788666656769,17.8862483045254,18.8391435387749,15.4039100288659,12.4898411136696,18.1912476186964,12.7082776804354,-2.07571181369651,0.25577546250499,-4.45468451570948,-7.91372128731767,-11.6169980098555,-15.3993224362647,-20.5654178207684,-17.7875997470402,-12.5558146685866,-0.21993450722114155,0.08526371503631357,0.05519609535939286,-0.20066277250289458,-0.0569107899703873,0.2567940674118485,0.08241668099349246,-0.32102837944629564,0.040045622812288496,-0.03844328175897166,0.08070538682467567,0.008706155125475148,0.036415522022440014,0.05785314324561949,-0.04791919580540362,0.03314825089715165,-0.038456224901147855,0.20821511830145106,-0.008686840410006788,-0.09764439422984007,0.05505940118260114,-0.006908028586033405,-0.02475181517267734,0.0612801861283543,-0.3247476192844294,0.030547104673388815,0.12695982572582437,0.029858929719164488,-0.18759783877079317,-0.7311476847195618,1.3894118385284036,-0.2403126984842987,-0.040091643115910756,-0.10270998736695164,0.0995893907689608,-0.22149197607623794,0.11746814959058276,-0.14756508856990766,0.04173747550532177,-0.10528192718562361,0.1290601223321283,-0.10522721322302513,-0.1411793611740609,0.15896878356512323,0.11630022875909884,-0.07884831085358426,0.20258184353797384,-0.5419429921966132,0.38960743335879033,-4.6902380952380955,7.162101998679373
54,-2.39321599417605,-3.601848286505,-4.31835772233195,-1.74487670581681,-4.53167944344531,-7.22284007173426,-7.20129151448105,-2.76260318687666,0.908615755963059,2.2432505504601,1.63175878231482,0.335844061474487,-0.125761835630384,-0.0400105197489906,-1.65373460258204,-1.53017128910989,-1.71309798816962,1.77232389550596,1.03274283771199,2.69830437947549,4.71017010122448,6.12833041330104,3.57952012366943,2.46220712085789,6.2794809804125,9.05788013653917,9.57505954088411,15.2653117461582,21.2432552258152,27.9516001385901,29.534907224029,34.5628890974014,31.4919541215559,34.042804227872,17.6640590132524,15.4337510169201,12.7999972127276,9.40468995466269,6.35899421330063,0.446972476453814,-7.51246523012417,-2.82734419018246,-1.52734501715689,-2.84615266674488,-5.4350504736686,-10.940708188701,-13.9795677543694,-11.2794562303201,-6.67807303119823,0.07969428668131656,0.06446668445925835,0.15527228592805686,-0.22828047777110527,0.10053532758007182,0.20072224877846878,0.012110242479018127,-0.17945584164886602,7.234770552160131e-06,0.21301313336138974,-0.01634344211831802,0.051889198251415566,-0.04521684891096019,0.005119209162637394,-0.09184507459742526,-0.02257264365438088,0.00909611901093201,-0.3730727437326762,0.48388290082948804,0.01761221546486909,-0.39810640865508196,0.27630991418408185,-0.13350151200678534,-0.019741353299805166,0.41386158273403156,-0.13020628191854092,0.21070507878455996,0.012110767433895608,-0.28194296802513397,-0.20479703257929605,-0.2405364280369487,1.7195404294243064,-1.0972303634997025,-0.027507695480157055,-0.11033094709259085,0.00907951336602551,0.1464131503113741,0.04824129439211536,-0.12437012748680504,-0.020926823880990764,-0.028548346108819893,0.04139464968683598,-0.04580558245597883,0.0296900438911725,0.018944139771995012,0.006083510376266161,0.03184745864445041,0.2048536841300772,-0.039652379976289974,-4.518730158730159,5.878170557018691
55,-8.16208659765683,-9.00901629981166,-12.1207293702172,-11.6704279376123,-8.74866158906515,-5.86283369506345,-3.53991372028533,3.31367568745227,10.4080861108462,9.48941284532795,6.7209146845679,2.76981191696966,0.87117461445165,-0.005497963030042,-1.55609281133133,-3.45184326196566,-6.232263390719,-2.16289397316802,-1.79089355210174,0.894777532519661,3.45344559651416,4.81030219038217,3.96733925459855,4.67611113204478,6.37541335121351,7.87659049972496,2.13178630841467,1.83723507939248,2.67613541324154,4.66516631750689,13.1843822382722,31.4919541215559,41.7432056194125,40.7827823407414,15.6460208525677,11.6107878611953,10.4134150712999,7.1231441251873,-2.59496086971459,-10.9051490621424,-13.9553333992595,-6.53817197388751,0.0874096585486063,2.16448555284075,1.45262236781943,-4.62988997792966,-5.59675988057365,-2.55755233230872,-0.167407003168985,-0.08682566952073394,-0.03846130875033881,-0.020911248545156188,0.40543844060464157,-0.11813683119727339,-0.19498215003054348,-0.16070415229354706,0.1791364418318839,0.030827979232685432,-0.16387792775427185,-0.1362137033562001,0.02634995599872044,0.08015414093301543,0.017415593814116802,0.031105934816040584,0.01808870196551641,0.030657483371557756,0.04549998351003577,0.030066394458585298,-0.05623847882808691,0.23801425356736314,-0.21436080021710816,0.22237729836350287,-0.09696143493738081,-0.13839552961486382,-0.07112137067465951,-0.24773378850811195,0.4030616596131737,0.2830736989565263,0.051137639528381115,-0.03886401195055776,-1.0983737647955736,1.3186969469216838,-0.3754982568588937,0.03321743134452389,0.02215964297204255,-0.11155853314424817,0.12238849993699327,-0.10080070263430653,0.0009069445371555072,-0.04498309600146664,-0.08451415599471448,0.27793083054029094,0.03241845102577899,-0.012258421468020185,-0.17615756636080557,0.05220416996391918,-0.014397296316885615,-0.03872750134276307,-3.6055555555555556,6.460124272753003
56,-14.8776941392384,-12.7456057585968,-12.7346144059507,-8.93688254258656,-9.91134541623256,-8.57690952036701,-6.94505210671054,0.435261403310058,9.1929618774282,9.64503310668553,6.62041776769493,2.29315683136894,1.05685202421828,1.18463344329808,0.807569465465992,-1.49499268393779,-5.11395438594033,11.2018976779497,13.4971417856533,14.3321511160022,14.3625821827819,12.7898121149592,9.39864785547263,7.43027758539561,6.22563059217577,8.25554735400761,7.61016676847832,11.4183278213688,11.7960626036685,13.9999150495597,20.2788666656769,34.042804227872,40.7827823407414,70.2132247765006,21.2608290772639,19.852016005315,19.1709914481201,16.9356089234199,-5.37666806020138,-20.022935232128,-26.0576221115855,-4.44888306225015,6.41008425848083,7.83383602303036,5.0053038285284,-6.40795982530655,-7.48730795051296,-4.6399938214495,1.27606278278101,0.12001760928755303,-0.049478176054076284,-0.05082340609952943,-0.2159855468009985,0.04261319997661244,0.1189671250357101,0.17854023231410215,0.12735662293824057,-0.21054442796921624,0.05765398000501384,-0.017072919404126346,-0.01844205899107042,-0.07691406726634775,-0.07964750213062355,0.054131298133952815,0.044338560231726346,0.014287824640282247,0.21576061334238777,-0.428747401126726,-0.08433178707814483,0.0031447987465568093,0.10739692511890434,-0.029630568985425213,-0.07795666323972919,0.06190508978239897,0.1133119158086285,-0.11076626719874481,-0.4036059567272707,-0.016463110886453865,0.26001169990199646,-0.10335443904470694,-0.029166808603678946,-0.3754323338800991,0.6433931302306738,-0.045375267404614894,-0.02831673419181622,-0.03083171318331388,-0.16708485707013193,0.21019256544406975,0.03916451203558812,-0.009969034284661157,0.22855075956388604,-0.23862247940427353,-0.15457329529547276,-0.20450403148117946,0.3042413101458049,-0.0095899576437219,-0.06378506229976315,0.011536766565374551,-4.138888888888889,8.378736466586155
57,-1.45930184170791,4.25402506135622,2.3574875813264,3.96370223842053,-3.38108190694063,-9.47009070059305,-11.9155937059216,-10.9107136042904,-9.49809577039961,-11.7413335290373,-12.127219749619,-12.7399213117001,-15.1868014000322,-16.719693252963,-22.3977226333893,-23.4359373088932,-25.0633242495419,-4.3894616423402,-6.34968186316593,-1.83059084079269,3.89548721467135,7.90736511755673,6.07088186763968,3.21696761465918,-0.169440592796858,-5.9754795330918,-6.15859582094367,-2.01097272285554,3.42822192868497,12.2201302532011,17.8862483045254,17.6640590132524,15.6460208525677,21.2608290772639,53.2900526819923,39.3925017418562,29.4353931431336,18.9474688900489,0.351519506652755,7.60700869875425,-8.8837644431341,2.14180590680824,-0.418478387176059,-0.704242755972809,-3.03898360889845,-4.33541491603296,-1.25389476926329,-3.02366548700519,-4.63853853052976,0.0611234023902151,-0.24061109172578946,0.15017161375681778,-0.06324569444611247,-0.02127461359698793,-0.03696406592776356,0.12055746722107619,-0.0821014246845152,-0.3841873718897435,0.27691692889903563,0.21177373554374745,0.04849947765301122,-0.2223509804341188,-0.07968070007842427,0.06009666326006964,-0.00833119579206246,0.02668201390388236,0.05482985468863225,-0.08620018888692127,0.0069197303286411575,0.10749018919545818,-0.09240802323939054,-0.015499041507607763,0.017604084446284866,-0.027622832830452096,-0.14836213331166392,0.07761185207842439,0.12602778348196164,0.06958954514687236,-0.1363414389442678,0.09972923653156125,-0.11082570005814125,0.03237642029196242,-0.042822403943516815,0.7506477364550034,-0.8243160526976334,-0.038094927174482276,0.182905684358065,0.019833173183418158,-0.03825677964299732,0.07782005542699875,-0.09698981957954717,0.053100822545424545,-0.05663498350606435,0.22309973086179327,-0.16544192779240252,-0.13783197978041697,0.012763288015826008,0.15981928267905327,-9.958333333333334,7.299318645051216
58,-9.23570153864877,-1.92956489863776,1.69459838755863,4.01161678489325,-3.05376326948577,-9.98053235551702,-13.099386167324,-14.9983841828714,-16.4127394359815,-17.6586373324774,-19.1876292850422,-21.3162902773014,-23.7659722631629,-24.6895164776938,-27.68785421134,-24.7314974684276,-22.4588548813833,-7.64013707356246,-7.17648017382135,-3.12181201828172,1.5799329513279,3.91967195064305,4.21468258989357,4.00039710630451,-1.74628019474617,-6.09946272606652,-3.12318888157658,1.69337618548296,6.97757242916085,15.678340073871,18.8391435387749,15.4337510169201,11.6107878611953,19.852016005315,39.3925017418562,37.2896044061303,32.9209906858434,28.4008489765065,10.3231069221102,6.90813582820927,-12.6635692848268,-3.22916771586969,-2.18946166226051,-1.01384903871215,-2.05001087472293,-3.70845187147132,-1.29551375755005,-2.42116918816352,-1.38026380738178,-0.0033041427750270707,0.07338708100323182,0.12148333536801538,0.006531698452349237,-0.17829280822502916,-0.03743856090603085,0.009684696191174496,0.1386159056173413,0.43775028410807987,-0.21951409685932588,-0.20152630665311533,-0.12795993366418557,0.09423139052557958,0.01766908067665556,0.2158010540348933,0.03435490004903424,-0.046427121346736204,0.009369086600541348,0.3291699271074941,0.1107353111015373,-0.20571757725902953,-0.46959328771833597,-0.056731171978867456,0.2190094939014455,0.18752003044019144,0.23751763896486916,0.03291864411984179,-0.0013865117188299962,-0.03092564248385766,-0.09862086809950975,-0.22002888652541908,0.008467970221057698,0.013779722984734878,-0.013448929214559393,-0.8264432084603791,2.764477375769377,-1.3975692847429348,-0.09490313514845161,0.2685446502271782,-0.14975573326282038,0.08601132111981946,0.0013825018100772943,-0.12087893007518415,-0.0122507441277424,0.04205317981675767,0.30766445062111064,0.0006959778141750825,-0.18104140204856825,-0.31551590134209395,-6.551666666666667,6.105702613633444
59,-14.9166040251618,-6.2495574776637,2.99476933154262,6.15486382907145,0.185208570335007,-6.12291162148902,-8.91431479114042,-12.0668908679897,-14.3923770743554,-18.3521016894599,-21.051761412404,-24.3339244728284,-26.9559506971494,-27.8380807512609,-28.6470693924336,-21.9676664713141,-16.2111719330261,-5.76917470187048,-3.26753317374504,-0.970469238160394,1.50848768942098,2.70410708648391,4.80106973090468,6.5859882854567,-2.34106164097603,-5.48371980683787,-2.0204441134678,1.59943670737375,5.05031699309006,11.800390251783,15.4039100288659,12.7999972127276,10.4134150712999,19.1709914481201,29.4353931431336,32.9209906858434,35.5686155810983,38.3842588658079,20.5089140036453,8.70247305956833,-12.6264974876547,-6.42139944390735,-5.85983372292571,-2.36060708476092,-1.86599260604214,-3.14100809533618,-1.92115836498254,-2.65684462209484,-1.31372798456515,0.011876954344960949,0.039391135604252815,-0.24023442557480254,0.2770439610253483,-0.017129822398325594,-0.07420908168939294,-0.008757131196066371,0.04229488649243955,0.11608407080637664,-0.19810731394978615,-0.06621362175297077,-0.20507299865441297,0.237336630766277,0.10228977878523947,-0.09864839859391554,-0.008257508812013634,0.04039549656610547,-0.017088369557022587,0.11608311696241334,0.10747840597630275,-0.1452939631435136,-0.14840468378807178,-0.05323281232764309,0.009015348377363126,0.31732313299632653,-0.137856885933127,-0.02036722021016664,-0.07326162489059344,-0.045751863866686095,-0.025931249074919983,0.11698450648390708,0.14649921862362672,-0.11419810744517443,-0.028986801617259122,-0.0368006987445771,-1.4025807315449204,2.7022025071948974,-1.1683610166858365,-0.13060670634126606,0.029747780255814094,-0.03002452647955501,0.08520955386656708,0.0003599134975315487,-0.031844634379615086,-0.046974776670642565,0.015660520181389324,0.010634034383250458,-0.007722830206377224,0.13609834188240447,-2.1688888888888886,5.963104525421162
60,-20.5163280254632,-10.1795843560804,6.3759326187537,11.8930861687211,5.11313281651753,-2.48785702987763,-5.75932213753339,-10.9322466560098,-14.9322483598133,-22.5904828035956,-26.2158922172003,-30.3737296513753,-32.4352921368908,-32.7079003270813,-30.6518296301289,-19.4767773828808,-9.51093704695186,-2.4880010274409,2.65277232761319,2.96901992568534,2.7033510879503,2.20839885216926,6.88509187705182,11.4304116995803,-2.73314083328762,-6.49654516302396,-2.28826843688845,0.482586949175507,2.46253999519058,7.58995352915148,12.4898411136696,9.40468995466269,7.1231441251873,16.9356089234199,18.9474688900489,28.4008489765065,38.3842588658079,50.8154230523627,35.5671272706059,17.1721549599304,-10.3885062397269,-8.70688039627924,-10.064228102313,-3.85908324775378,-1.54802121669496,-2.09946385279713,-2.01434770142825,-2.13933824453786,-0.245554191792971,0.11185244693061519,-0.030983464918582757,0.0912033291326879,-0.18523431434059007,0.16259884994075322,0.030018088962954728,-0.11240084068762934,-0.05255723404577435,-0.22282896542146735,0.3222886929391628,0.08463355278324478,-0.003664773549785769,0.03166921845197115,0.018662634103022043,-0.10420631036440635,-0.02864411167618887,-0.06692844897907255,-0.21297421848572295,-0.022254686350697335,0.06309196939721196,0.09131057577263468,0.355347919446102,0.03187389728894589,-0.14443646647372124,-0.2794926905950675,0.08345877711945082,-0.012652888727619853,0.03865709258086503,0.25297498785003053,-0.006231091498301624,-0.14735850939654102,0.0486689781104357,0.12647395016889468,-0.17205636479386602,0.18701440859321689,-0.09291087186618642,-1.1701005416549703,1.2985827419887523,-0.3608104277303083,0.16927803927154597,-0.03593242833453134,-0.1358697366497338,0.15120161002658944,0.1774034430626099,-0.0889050543389731,-0.2750910750736081,0.11018277882330545,0.1934965300259682,-0.0589278562100759,2.2861111111111114,7.127792298626742
61,3.84584265561172,-0.101124995408705,16.3518914601384,22.2186893817019,12.0776082097148,-0.176935179990787,-5.66965570561221,-8.69529108061189,-11.3276278232715,-14.013517175762,-14.5112023273365,-15.3649740329464,-12.9587443669926,-10.1008423467762,-10.0103731570839,1.52786252176951,12.3483430287552,5.89036750361493,13.5848480027525,12.949914399001,9.96711741844761,9.81123599308872,16.3187672212608,23.0873644095117,3.76166292389973,-1.88174338345709,-0.304165486624908,4.78421056156372,10.6999570064742,15.6155937686249,18.1912476186964,6.35899421330063,-2.59496086971459,-5.37666806020138,0.351519506652755,10.3231069221102,20.5089140036453,35.5671272706059,71.3093425925926,55.5102575983485,30.3533476449008,19.9691675043915,5.53583378749542,5.26947634723844,2.85928522802322,1.15843837064778,6.96122512401285,7.77789868208148,9.52002341897838,-0.1182406458054549,0.0875894992722645,-0.02289576593856486,-0.00042091210397291395,-0.12159341251869359,0.005236148042862767,0.035809370756495096,0.11593359984973513,-0.008226935388750245,-0.09448587053892442,0.012945751138966932,0.19675565777654033,-0.1419843614518688,-0.14786544780618238,0.16565613440657811,0.004391099850231602,-0.01531925073572323,0.2858305214626269,-0.24415626864955126,-0.20979167229649168,0.08926467627299765,-0.026723094327986224,-0.03883298185431595,0.050153358992915745,0.009602989296059312,-0.08364506802426105,0.052955872799221294,0.008391592922601917,-0.16458380794355684,-0.00047125010949218457,0.041134838816518984,-0.12445349567910396,-0.10167872829173812,0.21093755079616971,0.016732803127445628,0.26788203193952376,-0.12953677397832647,-0.36138535142809197,0.5577931253643844,-0.19273306370445498,0.05780747010401618,0.041768201627461275,-0.10856157436819008,-0.18107393172056901,0.10087741512069436,0.21134875539681744,-0.15361643874902886,-0.12918438008603036,0.0212664837973352,3.462777777777778,8.443893805146569
62,13.4620368366148,11.6598742101291,29.369312327868,34.3426038089749,16.172675949594,-0.98824220707948,-7.78639791783809,-9.72537603088221,-10.9002075823295,-13.8821974590208,-8.94629134927345,-4.12728511242902,-1.8726080607747,0.355874287610238,-0.362028902902949,5.65821632223889,11.989568856407,0.470712910702994,4.58839803342842,4.80918323847317,6.30750729663574,8.99130733423749,17.9872166653805,26.1021655959175,3.25886538640794,-5.82356760900851,-7.93199890397866,-4.00181790533438,1.82605027060317,6.0747150737312,12.7082776804354,0.446972476453814,-10.9051490621424,-20.022935232128,7.60700869875425,6.90813582820927,8.70247305956833,17.1721549599304,55.5102575983485,87.1604632626997,64.4493933885019,44.3570311860682,11.7661554236189,6.5349103065024,2.91583144950408,1.98050210184538,6.06575127260633,5.97675780874968,4.49261865511007,-0.07789966891208847,0.20831003390404848,-0.04649912231144988,-0.27955910074977836,0.03120021738734446,0.14419498663931835,0.028736212870854923,-0.04375269991381088,-0.00613452210950552,0.16233322500875397,0.09635468398108712,-0.24397284045515513,0.06472033572806533,0.05511438300557206,0.06973417379828799,-0.17071199641795032,0.011412674512651984,-0.07726285439177805,-0.02389155747254003,0.12862718659443806,-0.03577649313067776,0.13364920890242912,0.02730161642837522,-0.09178986885474642,-0.19568865503222385,0.11142480836519857,-0.013996871577863794,-0.09991623605196231,0.049550863938552334,0.1679078608172298,-0.10618431070573563,-0.021119096404857002,0.0024477443512372684,0.03794655720209294,-0.03955813073650266,-0.15293613536093456,0.03077655042175543,0.16994886420175936,-0.19310710970256842,0.48299231711609303,-0.13624704731684634,-0.12021240387365606,0.3128703247970594,-0.2630724155065657,0.00949576127804611,0.049716390009011124,0.03620911600159683,0.06236987525704684,-0.07366850374101605,1.68984126984127,9.33544124627753
63,28.3481783767492,20.7667332673883,25.2654087190388,20.1083703664736,11.9227875753521,8.57549080928991,7.85349310123173,15.7946944254652,25.2641045012245,29.0105044499383,34.0177116380012,38.4650313292559,39.8652927324701,40.5748066795975,30.8919548018656,20.2125861818934,20.6627597416287,5.0095177201017,6.055377571513,5.26579007341654,5.16046786201107,4.42892866580643,10.6579586859191,15.4430997184453,-16.2385055742544,-11.4431761427863,-15.728235732203,-11.6155256461971,-5.02111457239971,-0.681867744811446,-2.07571181369651,-7.51246523012417,-13.9553333992595,-26.0576221115855,-8.8837644431341,-12.6635692848268,-12.6264974876547,-10.3885062397269,30.3533476449008,64.4493933885019,177.927892127349,147.517346490933,86.4434964498325,44.5890286637919,36.977799211187,30.4738949940577,29.9790958805802,29.5865013808755,17.6444052095288,-0.06473192290394306,-0.041489563057534644,0.11980369221271477,0.026535436640047146,-0.10934082303120572,-0.047503572837256654,0.017137555790952472,0.04976987555630133,-0.17934629061923427,0.13836390681448407,0.0013520590115749839,0.029831879580878438,-0.0015199515071462888,-0.06664747167926809,0.04081512612216703,0.16084032897372857,-0.2679334737681998,0.13599181975068153,-0.007680282516508614,0.16784699328791267,-0.08542475536982513,-0.06722360661561187,-0.04671961648735938,-0.007840934208578319,0.07932304170518575,-0.033214882605985756,0.22933596556464694,-0.071944304435868,-0.06938150605970636,-0.09591127095366601,0.1296247347940089,-0.03020538083988876,-0.044199321667184356,-0.0101115393666754,0.08006707976962175,0.09114231710834277,-0.03011748336205592,-0.03493080539707104,0.05768702814073121,-0.1357080645328418,0.5426313276150909,-0.47564724171420175,-0.22464314470468538,0.6133469277144424,-0.06244213122009124,-0.08255940175696778,-0.05757705676639473,-0.20119112525541247,0.12509590043254146,1.01436507936508,13.338586586567148
64,21.8929405034094,15.3500974965476,14.6760114525121,6.85425042292008,-1.42477609165566,-2.14842329668616,-0.9792981255523,10.5383639535722,23.6273560502438,27.8411561684908,27.7604462939449,27.2501997489905,25.642627831078,23.3780597351866,12.0533932885193,-2.83635742738613,-9.2146141639569,11.0574693761733,9.79820399183836,9.96276203014816,9.31129085582926,7.3276963069499,9.39672224840187,10.3152619257087,-14.9617187058761,-11.2648460272548,-15.2269081054042,-10.9644880078581,-4.32906465604933,0.950058307963647,0.25577546250499,-2.82734419018246,-6.53817197388751,-4.44888306225015,2.14180590680824,-3.22916771586969,-6.42139944390735,-8.70688039627924,19.9691675043915,44.3570311860682,147.517346490933,155.900834950753,100.811194808982,61.6003934272301,48.9314941318649,33.9665186102555,29.8241297036854,26.62366128284,18.2014530696153,0.36745728325157906,-0.1103802818374572,-0.4815396241527469,0.010325826455007396,0.22862586998625797,0.09252399220755796,-0.01970431621292211,-0.01832540335475667,-0.027450122565659985,-0.061863782998390494,-0.04995984637370663,-0.030061024857185703,-0.07433324206384737,-0.140047700894102,0.048012666838547956,0.1265912143513001,0.2088983312149122,-0.21216339381971444,-0.05643527371491675,-0.19243111012941516,0.161294232575947,-0.15493361069005923,0.03378141773528868,0.13798298431196776,-0.007587311235424426,-0.06557269063320495,-0.39117336510787504,0.1546159088455557,0.13473097068116846,0.004162297665195115,-0.1059148432228622,0.04086881953451951,-0.08430421703608355,0.2282541439143339,-0.10470136341268668,-0.00043949129774738943,0.08096126718417754,-0.1366134440223515,0.04243067063674919,-0.12246722503927719,-0.47327063937127306,1.2048125614281946,-0.7488879379297398,-0.44899943022520394,0.01891365745367546,0.09669819746760147,0.10536927399144898,0.13578254764989897,-0.10159495691154605,-2.8070370370370368,12.485625132557573
65,15.113107659018,4.99030867148322,-3.98369685012056,-10.7968129086996,-13.4571121761739,-11.1329281873818,-9.31137191537061,-0.680464419719597,9.206919074503,15.768123488345,15.4005934539677,14.8379965426773,14.8232208844681,14.2298569651731,7.7165054732647,-4.91923082237669,-12.2442327809234,-2.267783874395,-2.20986183714823,-0.0123169580318816,0.5925208619872,-0.886530163134324,0.889055035731835,2.30286248781797,-14.2045564140562,-10.7598411782616,-12.9602919765123,-11.3099791891342,-7.69058080982235,-4.89531468246172,-4.45468451570948,-1.52734501715689,0.0874096585486063,6.41008425848083,-0.418478387176059,-2.18946166226051,-5.85983372292571,-10.064228102313,5.53583378749542,11.7661554236189,86.4434964498325,100.811194808982,80.7657074518611,55.8665717918127,47.9888083425886,35.8904589516959,33.4027959948752,26.7044631468349,18.3350733503609,-0.39670462469872214,0.09394174616550523,0.6309272454854372,0.03333045421859303,-0.17808503428735917,-0.041280937829265514,0.008785168216043774,0.019734380206371412,0.25911176655955154,-0.03675249592238199,-0.04616666514548601,-0.19556004539809346,0.0015394405909453638,0.1734857588257171,-0.11491542255298164,-0.019709149654884857,0.06036531427232461,0.2244716767536492,0.012981275589621616,-0.08600885854438617,-0.23681866653391206,0.21829220771990984,0.0061894565318334396,-0.2572210626220227,0.391254734774612,0.07020332358304857,0.09836038577092987,0.008222170087375445,-0.008285869776961696,0.009333855656928423,-0.1413354856423259,-0.04513771817655594,0.28382114092842975,-0.24542955050472792,0.05611696992341464,-0.12560999801481224,0.002507905762556939,0.15378707982586678,-0.11405373786739789,0.3135529852214161,-0.22646591320258544,-0.7456551672122199,2.1628760142025083,-1.211502225549076,0.04042249233748793,0.006866350545018945,0.15416790956057166,0.10018360753807176,-0.1498907670076764,-4.038439153439153,8.986417943310958
66,5.99120166734218,-1.25332175626025,-8.01843032411249,-12.9193094795484,-14.8564509368526,-13.3874396581515,-12.0357159420083,-6.2802610730193,0.847878867833172,4.20418591399801,3.18585499783896,1.5947733401785,1.38475613377544,0.84198298393307,-1.19870045994917,-8.21284482223359,-13.4250899127794,-7.3004435332279,-6.72801824369135,-3.76238229968338,-2.46800713649224,-4.18511129456445,-1.93313076496084,0.357661861225868,-9.21216401012843,-7.08127677869948,-9.53883299462217,-11.0928753513693,-10.7524797187658,-11.0021334200312,-7.91372128731767,-2.84615266674488,2.16448555284075,7.83383602303036,-0.704242755972809,-1.01384903871215,-2.36060708476092,-3.85908324775378,5.26947634723844,6.5349103065024,44.5890286637919,61.6003934272301,55.8665717918127,46.7586190997472,43.8971737033842,35.8811318029385,33.9943526627557,25.6988795086184,17.3700358236592,-0.021991355317432713,-0.06683068560606589,-0.08204028010694372,0.2958890288191756,-0.016508252908568194,-0.07626889553708617,0.0008752296275652068,-0.06609229133500782,-0.024649852334356338,-0.05885607756372628,0.00917179516908894,0.051791400120066736,0.01553223523185743,0.20394626531492208,-0.0026866993371017973,-0.2264082979483217,-0.03794796586054432,-0.008204783302306947,0.12807891992530515,0.04803172910661441,-0.021256299258286235,0.10619577672706365,0.017291625945149866,-0.05062716222259068,-0.07781253011622273,0.010393826437153947,0.02364404728600758,0.014688125454382583,-0.027033473481483394,0.00929987788953218,0.15657558431544152,0.03211486106177189,0.029599147559976727,-0.15311767707486237,-0.05525620909956516,-0.010910584171940855,-0.015215962981199935,0.17493407811656478,-0.18470298049937378,-0.260574012777599,0.6092206828475679,-0.4478929925960796,-1.2122061388498622,2.9780283057053976,-1.353751545676102,-0.1014508719547208,-0.06274230726746698,0.016450806784950322,0.07442825738942806,-3.5887301587301588,6.837296183415429
67,1.14880923518572,-4.34856175778145,-9.38023990968052,-12.9972884199316,-14.0159316583042,-12.7714320438049,-11.5982107312188,-7.96843102087572,-2.72103442307753,-1.61297420369769,-2.70757770771743,-4.82242726620792,-5.24177186823315,-5.78137849321115,-5.83207684145123,-11.2406958172203,-14.9096626876934,-11.8481847346958,-10.9914985684368,-7.78841297341556,-6.13830209609853,-8.49104560895158,-5.55254344584681,-2.35547430766729,-10.6820463799823,-7.69486986630906,-9.39614146020164,-12.5966614660156,-13.8341666262669,-15.5295349111563,-11.6169980098555,-5.4350504736686,1.45262236781943,5.0053038285284,-3.03898360889845,-2.05001087472293,-1.86599260604214,-1.54802121669496,2.85928522802322,2.91583144950408,36.977799211187,48.9314941318649,47.9888083425886,43.8971737033842,45.9182095435024,42.0837459437002,39.8615371548826,30.1131478244981,18.3623571544713,0.03519330776942063,0.004356147598918115,-0.03194522078011731,-0.050678003276194046,-0.12544537406414505,-0.008623887926644492,0.09107466575824101,0.04372187297129721,-0.3313092837760764,-0.04070129510194437,0.056777520403224147,0.5370827108514293,0.05018409850346598,-0.21336550201455964,-0.04244071301582211,-0.05072774135830453,-0.04382138251224268,-0.3307398746183087,0.3261719335007076,0.361660461547356,0.065598462803102,-0.2494239202571235,-0.009002315826413702,0.16493490090096505,-0.30149505498740603,0.13449476327104695,0.21840130154345844,0.03693903873187234,-0.18946465262932738,-0.0835790502210293,0.12238258655454912,0.020411222837722894,-0.011199464902130397,-0.20333942346850822,0.2279843126187157,0.04155872731228021,-0.04301278217550791,-0.08990714573565836,0.10239611790614309,0.010307119934923973,-0.0627200994885319,0.022090881686866598,0.0418098147778497,-1.3581338956948992,2.1229026492477954,-0.5440758515793347,-0.30779737755360564,-0.14301218776883773,0.1713704660932265,-2.475132275132275,6.775559721787003
68,-0.276620775434777,-4.53361149767627,-8.92094379756082,-11.3144873696056,-12.0649963471102,-12.0813068116349,-11.8688655150156,-11.4751765841393,-9.30768919886523,-8.34244284230028,-7.06776089552022,-7.22883295994131,-7.64187980318888,-7.93861161752853,-6.22333918567112,-10.3506245278162,-12.6435694467107,-13.9287670451611,-13.5169222500548,-10.5142818467432,-9.07728219467389,-12.57814572242,-9.98024317756826,-7.13382615159614,-11.9583286526461,-6.87564774743529,-7.75186048055947,-12.4751837747788,-15.2413093480668,-18.3098845128439,-15.3993224362647,-10.940708188701,-4.62988997792966,-6.40795982530655,-4.33541491603296,-3.70845187147132,-3.14100809533618,-2.09946385279713,1.15843837064778,1.98050210184538,30.4738949940577,33.9665186102555,35.8904589516959,35.8811318029385,42.0837459437002,47.8858363060848,46.2300965231263,35.0949722092914,19.3058226039113,-0.05593597468906371,0.05793598549421579,0.12495929193571612,-0.34828324084854756,0.1212312181654022,0.1348261497543952,-0.012432913118853814,0.19140461906229062,0.04897940116378343,-0.08367630524603578,-0.12654075719796667,-0.23019533994199542,0.04335163809406349,0.49745828192411384,-0.2785509808783158,-0.03802742429889197,0.05106401492737475,0.15445710624786127,-0.15207837440583527,-0.29401662684813884,0.14363500816232086,0.021038446951899305,0.028094410550475537,0.0097896610403821,0.06641689788752562,0.049945217479926855,-0.22554465679559424,-0.005521585692098672,0.0701208757247132,-0.02568433515039533,-0.0823397338536192,0.005621718820243977,-0.17824636601829916,0.30651445795808135,-0.17229441112936383,0.30268348278289514,0.0142458013302488,-0.2725259779693077,0.21212870973497736,0.050417748485034664,-0.08269818647375647,0.09596987975298744,0.009930168277126887,-0.10262939186389376,-0.5468844197429811,1.1307722985292532,-0.3796687175215624,-0.21563592811614288,0.09366868486294783,-1.898201058201058,6.919236685219318
69,-2.17254990210206,-6.16424660813059,-9.75127650724727,-12.2591230456209,-11.4089937424918,-10.8156933761781,-10.9557573363432,-11.7813696554169,-10.8426161876724,-9.13607585798926,-5.95109872290545,-4.37227540200818,-3.18734118178414,-1.57968865179805,-1.83902446948492,-7.44067620975981,-11.4734997274031,-16.8424954849638,-14.5251808293857,-10.7376859434702,-8.38423324696753,-11.939437717932,-7.20297814767517,-2.38224923064344,-11.4644761331108,-8.05725206079304,-9.21825470962603,-15.2401367376296,-19.4311713947615,-23.9211657512213,-20.5654178207684,-13.9795677543694,-5.59675988057365,-7.48730795051296,-1.25389476926329,-1.29551375755005,-1.92115836498254,-2.01434770142825,6.96122512401285,6.06575127260633,29.9790958805802,29.8241297036854,33.4027959948752,33.9943526627557,39.8615371548826,46.2300965231263,54.7263073474601,44.0598417045036,28.0829237705264,-0.05961988682676732,0.149556792631079,-0.13912368260413646,0.0872971315729889,0.11805592135275393,0.07663850216606406,-0.0197822073920886,-0.03396352383557177,0.022346204859892204,0.2115457071429615,0.0050518221788763236,-0.23618274135768252,-0.08728580207486147,-0.27503646896166534,0.3290121491385102,0.15984570483677513,-0.05246651255225609,0.1022628945067763,0.020124871745630248,-0.03321065642819947,-0.28627011890705056,0.09460211352746578,0.11752810175026453,-0.15767370615045362,0.13687428331571208,0.09982917626512658,-0.055284634593086336,-0.07686567085507702,-0.12491526103327674,0.05646944074327152,0.20329362387296146,0.033508752106148745,0.05111690925847149,-0.012540023315676564,-0.13830340488025974,-0.00017316374253952796,0.011261408799880197,0.10960433699852497,-0.15595410355382303,0.0368294901357017,-0.05764539353686475,0.10356862161734276,0.15584916295755852,-0.0610623847306725,-0.30471959321460274,-0.381372565916118,1.2136049550048706,-0.6043672191525353,-0.0017031619797460585,0.31920634920634966,7.397047204625644
70,-2.36109677978674,-3.54171377406712,-4.47016590936899,-4.86465575881545,-2.01680148110891,-1.4078422535895,-2.50995622567309,-1.93683416301646,-0.0768010902976516,2.55274939822713,4.84638711172549,5.66303856117821,7.50265622462416,10.2043421635193,11.1653792153015,3.88142214733601,-1.72955511014842,-9.67258225982227,-7.23181861171332,-3.63638867415152,-1.78764809452931,-6.82356242373366,-2.78172188386902,1.81465520149766,-7.24491390434728,-4.12620899045587,-8.01780080722466,-13.3391184114022,-17.2763462042965,-21.3282431303368,-17.7875997470402,-11.2794562303201,-2.55755233230872,-4.6399938214495,-3.02366548700519,-2.42116918816352,-2.65684462209484,-2.13933824453786,7.77789868208148,5.97675780874968,29.5865013808755,26.62366128284,26.7044631468349,25.6988795086184,30.1131478244981,35.0949722092914,44.0598417045036,41.8927979600525,31.6382709533366,0.12115672332984039,-0.041163191378722624,-0.038140143236315566,0.23670797726801968,-0.22347878499174847,-0.13707280909534805,-0.013577274356683853,-0.1806065178418618,0.2414915681710713,0.019620320668247086,0.00640303428235939,-0.00367501052691711,-0.05962642790420146,-0.08319435367882431,-0.03861449363279457,0.020585294006629302,0.0914677081901867,-0.12909523807717974,-0.04369257839279613,-0.0022513166621541984,0.0910234966477058,0.12278461489889594,-0.19466515255981762,0.13082354666212728,0.05953986787732246,-0.23681838378863715,0.048364651080844305,0.05480477656789118,0.1934184729719646,0.2397647104191858,-0.540408105925726,0.2070934749271325,-0.014236676984019292,-0.06345533908757015,0.013407928654108366,-0.17943048838035386,-0.0077971730488367265,0.18958573898363143,-0.12788803658038925,0.05852411042617503,-0.1977840915394496,0.13613849578254655,0.0918118719243885,0.01620383335865286,-0.1430465322434751,-0.21492254242577177,-0.6041758984647347,1.572962002193308,-0.6921900274757297,0.8584126984126983,6.471692047683703
71,-2.69944558592943,-1.75130846167768,-2.00363434221049,-1.87966396594642,0.174096696830924,0.942310856381152,-0.415207149506586,1.50771613294648,4.14631418824141,7.97333933827804,8.42113961277586,7.68072723050851,10.0854343526966,13.7278379452955,16.1352906623705,11.3643993940061,7.16618305705852,-2.62261763682431,0.0410430320846181,4.22529829076173,5.93475477271694,-0.0669825050521652,2.80363434693117,6.31519844105551,-1.09137525070783,0.710893626351284,-4.2666575036332,-8.10583990155006,-11.2869932734567,-14.2061903317615,-12.5558146685866,-6.67807303119823,-0.167407003168985,1.27606278278101,-4.63853853052976,-1.38026380738178,-1.31372798456515,-0.245554191792971,9.52002341897838,4.49261865511007,17.6444052095288,18.2014530696153,18.3350733503609,17.3700358236592,18.3623571544713,19.3058226039113,28.0829237705264,31.6382709533366,32.6656101489127,0.021268072978913217,-0.1788460245110623,0.1681188755552343,-0.19006210138417967,0.14766210082088332,-0.031106213500108667,0.10511944445373274,0.036479718937829086,-0.10963634518240721,-0.23135176769165589,-0.04999568242689173,0.3694679744820471,0.19430133007078126,-0.13387094537059835,-0.14702588620432383,-0.051681569592121696,0.008122952088677646,0.0339222077208668,0.08449676862527482,-0.12382766860168175,-0.06388738658582482,0.12898648676809465,0.1315678427710488,-0.192873741001018,-0.040540733744660884,-0.02660782843986676,-0.11126806080444963,-0.004240009476032862,0.04716123552961846,-0.2314668795882106,0.38797723634412745,-0.039077979199672964,-0.039594259763654875,0.010653169156128689,0.16008213195115156,-0.3167418301278927,0.13753468960972512,-0.056960261064756365,0.02097324216196802,-0.07266295161437254,0.12617803121874643,-0.10295201432990954,-0.1488826267240994,0.07499848425811939,0.16942917043989703,0.0938876813208243,-0.0032756363230415086,-0.6915655985600686,0.8699028288516524,0.2337301587301587,5.714508740820394
