,Cov_0,Cov_1,Cov_2,Cov_3,Cov_4,Cov_5,Cov_6,Cov_30,Cov_31,Cov_32,Cov_33,Cov_34,Cov_35,Cov_36,Cov_37,Cov_38,Cov_39,Cov_40,Cov_41,Cov_42,Cov_43,Cov_44,Cov_45,Cov_46,Cov_47,Cov_49,Cov_50,Cov_52,Cov_53,Cov_54,Cov_55,Cov_56,Cov_57,Cov_58,Cov_59,Cov_60,Cov_61,Cov_62,Cov_63,Cov_64,Cov_65,Cov_66,Cov_67,Cov_68,Cov_69,Cov_70,Cov_71,C_0,C_1,C_2,C_3,C_4,C_5,C_6,C_30,C_31,C_32,C_33,C_34,C_35,C_36,C_37,C_38,C_39,C_40,C_41,C_42,C_43,C_44,C_45,C_46,C_47,C_49,C_50,C_52,C_53,C_54,C_55,C_56,C_57,C_58,C_59,C_60,C_61,C_62,C_63,C_64,C_65,C_66,C_67,C_68,C_69,C_70,C_71,Mean,Std
0,440.8939348659,620.7779269109,802.017213518281,292.147174001829,255.001570642669,122.303665007788,71.2296908994724,17.9102593336513,3.17165933491325,11.9784719467468,3.26551880942767,4.93721116681475,9.73985306792315,13.661097009558,14.7807872331009,4.4999933657365,-7.21591673944202,-15.6418854219218,-24.8134314735954,-34.0971308635783,-7.12044446692923,28.1340896758778,22.5357402987546,24.104563891034,26.4023250952007,29.0346614480262,30.4272299997276,29.5669852412998,32.5536818299199,28.779148296753,28.787004838048,35.3036446277317,23.3252710181362,0.548342003786271,3.03823471996216,4.19755398983739,5.01300555726708,3.56106861692377,10.735185842136,11.9950597062884,14.7991509614917,-16.0529210593352,-25.1237786883864,87.1391008747546,229.836230037999,384.475136803852,19.7829899173193,1.7039805216603754,-1.173894561456884,0.21899343499440366,0.12557340385018514,-0.10211711386956264,0.048000917362257985,0.058605013970102725,0.07343682505643194,-0.24224290322672043,-0.14483544120935588,0.15955652321456645,-0.01614951462092566,0.0036352466478238653,0.04315052199298274,-0.08428779393116341,-0.22174181689331504,0.14742770718240367,0.019144603981798566,0.06482860241603741,0.1714880313402396,0.08265155175960551,-0.022285955658995507,-0.013604496189694419,0.24059081041471866,0.059320461330967515,0.011894449062565577,-0.029946284516453692,0.0019788722183872445,-0.1912295214961755,0.10201386198212856,0.20350280953635838,0.002659276495469121,-0.05787473230080565,0.014960847992169292,0.0893723799779323,-0.12822680805805498,0.14875408338215293,0.15841941707824783,-0.10079738710058711,0.05834133030465022,-0.233309483873658,-0.06194627003388845,-0.05988584933118818,0.14066151842583774,-0.17262383690267846,-0.42068866752419837,0.07859249373011185,5.403333333333334,20.99723636257639
1,620.7779269109,1030.76799424799,1442.68451902153,440.82590716419,405.964991680107,160.274564850109,95.3704154157131,25.6539512807295,4.59139993628506,8.16160215160816,2.80398319990442,4.11900198593923,13.1574900558708,22.0178275937357,30.5003630003308,14.0435616715175,-4.82176163293286,-19.3436365336242,-34.8501942048531,-50.4975627129042,-10.5971952569411,47.479045584926,42.0438632677634,39.5875800595345,37.3657441616008,35.6446644878033,32.2706061131282,25.8832715221043,22.7108494557586,17.988145343195,13.9554983910968,22.9943162842478,13.1944614656813,-12.6252931064401,-7.6372186340834,-12.9849045117301,-17.7829352707917,-25.7193327938578,-17.5631479697116,-18.2360604560277,-2.57570761494665,-36.1971448462709,-50.5695364963696,44.5519412577545,159.532626376621,294.200307353415,-4.97586895989342,-1.202842853203968,2.881945719624493,-1.5020000334489003,-0.027525735735531506,0.026563165351007764,-0.20103931281870582,-0.039782750214669475,0.007390557401249891,0.049915752756233604,0.11133318499857502,0.11686896177687986,0.0023150195348729985,-0.08958011527815066,-0.13765622532445246,-0.24941409626868546,-0.05750097355977957,-0.04086539430257448,0.00047470092912823934,0.012217817437596227,0.02934396430939463,0.2131068379590724,-0.014122009463004582,-0.13396939345496192,-0.008247695178291823,-0.002776299779576313,0.0018297831093694458,-0.012011898327739792,-0.012394622335856953,-0.007072167995514647,-0.005705516264230993,-0.11108418010371773,-0.3268010180055619,0.3097417735305592,0.17565531451561894,0.021307570691771197,0.05843078901465466,0.062380036204980095,0.02684855165448008,-0.1021162993793309,-0.048474006819279845,-0.035150660007010046,-0.165850834623474,-0.033467449498312075,0.06606555230828062,-0.019676214949329435,-0.046573227718596365,-0.030573596403312635,7.732738095238095,32.10542001357382
2,802.017213518281,1442.68451902153,2087.58803829463,589.482428937675,557.307443264865,197.369966718181,118.986264411276,33.4007351320684,6.27976321794427,4.838246125134,2.48148290915389,3.39265856142526,16.5477358158898,30.1955303619355,45.7830219208157,23.0583848817429,-2.95000408298135,-23.6862957154449,-45.6006373725851,-67.6809739303358,-13.1043886791106,67.1345926873191,61.4476302558511,54.9424895522026,48.0943118792712,41.8966297357345,33.6914256069118,21.785312181771,12.401489663474,6.59170766706413,-1.52172817790104,10.044671864695,4.20181535278356,-24.643742570391,-17.8123733769203,-29.6012068593277,-40.1565833717041,-54.6297260246835,-45.3616136482484,-48.21834426885,-20.9544437217018,-57.3151917483798,-75.6867792088447,2.26280991843068,90.165234972991,204.83629313329,-29.8865438138048,0.22016991686186504,-1.4856398753809326,0.9559287043827113,-0.12088134824242346,0.07415668732953999,0.0382359860346567,0.008089438939261057,-0.03865139337897963,0.06592287396498196,-0.009845786151511318,-0.13576919314116634,0.025264136447727622,0.005549554565948975,0.02468019786644218,0.14982106217711932,0.10352899330233946,-0.026103010648283635,0.02411686027870063,0.00993394738861737,0.009755612342043399,-0.2295595041574935,-0.06904191916458108,0.0864455231035298,-0.10633630113480534,-0.025439883892709583,0.009473779193871793,0.026439007684038066,-0.002902686775437683,0.04074397254773646,-0.020798920098579164,0.01695845671107322,0.23716839195298295,-0.2089026924462072,-0.11060298856417787,-0.016777160247723084,0.004218698064827009,-0.08898748919780128,-0.06550958833877661,0.07768531612683974,0.009935131752725118,0.10700197508990114,0.1185123190906636,0.07340251417588457,-0.10377430719565113,0.07658012448901827,0.19565345823229224,-0.002619185864843363,9.78547619047619,45.69002121136111
3,292.147174001829,440.82590716419,589.482428937675,454.293199186883,504.324350485664,61.5649174484755,47.8766219176821,29.8747902613855,-0.383692604916783,25.6144176791825,13.2637910418233,14.3127987027469,15.2458141877197,16.5667766166316,18.4949068699123,8.76612954080504,-2.92417144030037,-11.3706377829747,-20.5523903106409,-29.8173548502783,-25.0891885598813,6.56678007718054,14.3198041657927,16.8012824954829,18.9363864108999,21.34384723512,22.7644584057905,22.0442599046096,22.9282331669612,24.809497560943,26.2813379912852,29.0972126204142,9.78538600524713,-5.49027616948657,-0.393476584577101,-9.57305272373476,-24.006659489361,-40.3145293302109,-24.2573814339727,-20.4823048569565,-9.55419093137162,-34.1988352614767,-30.4434440444928,36.545517621776,112.942488011844,202.123471571284,-11.0679956371107,0.1341367429148343,-0.028083276311176495,-0.11515950181861494,1.5458081799442482,-1.2086848784222999,-0.2721127581893435,0.037576544842172065,0.039238554258678504,0.3096651000408848,0.034670576781256186,-0.11815156127099402,0.1052706149800456,0.2889476905471644,0.35621308234054905,-0.11463499560600497,-0.09922481168842213,-0.12653359324878985,-0.08870767690572212,-0.047597349615640584,-0.055724046115952566,0.29051915115101307,0.07506542330088381,-0.003437480048897052,0.2819828310553335,0.0310354299076146,-0.12660391737977075,-0.047455623925956064,0.014534273903323925,-0.09917529682221371,-0.02296745604466874,0.05948105010299321,0.047798638048894164,-0.09971955445264995,0.1686170897412801,-0.07397021982103238,-0.0034420246348477483,0.008162543681333527,-0.005728200844428335,0.01648353222804629,-0.08254822056147962,0.15913717433526503,-0.27068578530824916,-0.11601391623658354,0.10109838917132101,-0.08854139754105778,-0.1636968195187064,0.10669540469805684,4.118353174603172,21.313920314829055
4,255.001570642669,405.964991680107,557.307443264865,504.324350485664,582.981495394805,43.015910962435,41.4647817965424,34.2865612709258,0.760401075495922,29.7990748161608,16.4976970463459,18.1977297656853,17.9530844164458,18.1781240002393,19.8273476455758,9.83549196833001,-2.17204996458274,-10.8130861596343,-20.2041416493112,-29.7073713391051,-29.3468602392823,1.98629123063423,14.1750201795212,15.7953108201932,17.9542689082005,20.3982391773928,21.7170539845341,20.8139638405562,21.6330441739972,23.5892975839443,25.0114833466553,26.4273573370486,6.10428692962883,-8.20020638010704,-1.58535552037927,-13.7001809331699,-31.5261293819223,-51.2835445408326,-31.7636689922915,-33.3773305769949,-20.4963386245626,-43.3675745001614,-36.2605295594405,14.8656249994852,71.470819609912,141.091674814715,-13.1336654331638,-0.10649820173901972,0.019907537790918802,0.0725500248108788,-1.2022095194561777,1.033864702149434,0.3408796625416272,-0.17987712641194264,-0.04515434322497615,-0.20123489578810483,-0.1179887610246664,0.079014578532459,-0.16680481997166882,-0.2397701689094474,-0.25867397994732,0.10875045608144265,0.07588911350462454,0.1552844050201243,0.08037146989493098,0.036349767560906965,0.01596226526334127,-0.14256430129182385,-0.04161964659404664,0.0010123074853266632,-0.22447654347684995,-0.032685811672679324,0.07160995924820768,-0.0040541074857407535,-0.027223006063440854,0.09301343513465285,0.004736842833828938,-0.07390620853213316,-0.0033273198644835646,0.12236146052841411,-0.13287745260188305,0.08426807676174528,-0.049748709018884424,0.002310904699440634,0.13366544079183337,-0.07036200858818502,0.04857185281412476,-0.11334476215498251,0.24340443149253999,0.08148425741428152,-0.09256721001412352,0.09127722088836861,0.10540122360479412,-0.07781430607887467,4.750674603174603,24.144802658021565
5,122.303665007788,160.274564850109,197.369966718181,61.5649174484755,43.015910962435,57.6056359587178,33.9739388308474,7.42944500449873,3.78550654584196,-0.157790126986702,-0.107945308492138,-2.9585033401693,-0.799589936214089,1.7349898364264,4.44111942349031,2.00505041107342,-1.21153637491067,-2.95838935468743,-5.04206696436298,-7.13981237230238,-0.0271540046664936,7.97843281413937,5.02311792109532,7.62260476040332,8.68425879733696,9.74166457351361,10.6478321340363,10.7660166026864,11.7350799921024,11.3767864721011,12.3493854807537,14.1249213858787,9.42507593479432,-12.553316754249,10.2673513402279,8.49984016482302,1.39854532381657,-5.67640357489628,-14.1852615172081,4.5420331403687,15.8753873741061,-31.0826634941691,3.05832170234988,41.6699761895579,86.0227558695362,130.003088328993,2.99518395917831,0.05514034822455716,-0.2187068714372372,0.04980906424436064,-0.27100434284801844,0.3408124092563207,1.448905495968944,-1.3288785525682543,-0.0963704720567171,0.1702794186489853,-0.3725733060377403,0.08736472770430026,-0.010176719475278984,0.15355321204316005,0.09111071594712443,0.1417614540092957,0.0587999446971671,-0.006718626783289492,-0.07545459565482238,-0.116108605917814,-0.27446768909558167,0.29035561241964875,0.09263371149495224,0.1411836539889123,-0.005616136523138327,-0.03814047153506376,-0.11305694606690726,-0.008775496188008654,0.07141756172512428,0.049171289834736676,0.027905689043950715,0.07028273327511775,-0.18675647379824645,0.2125597288323231,-0.16244015229806832,-0.06700307850617929,-0.012531979182405274,0.03135136950514629,-0.08302580071132293,0.10880906476616685,0.048926544201598025,-0.06129974319561991,0.26199385553642895,-0.06623058357231781,0.02450659043206014,-0.03948735508718515,-0.05536958299373075,-0.005168890562684262,-0.6436706349206348,7.589178872494558
6,71.2296908994724,95.3704154157131,118.986264411276,47.8766219176821,41.4647817965424,33.9739388308474,22.3604674850783,6.55350713412493,4.17035627451787,-1.15692529522712,1.08413645835227,0.155895849502537,0.50463872270723,1.32215191361714,3.04119075390838,1.50548323476194,-0.786236058747147,-1.58530453119067,-2.70621870942902,-3.85907469130711,-0.286183630306667,4.98066901082286,3.75757366708072,5.31997255010521,6.11401340990137,6.89384035577087,7.41632817778451,7.13684918074491,7.78411901438886,7.15080087324635,7.8221351215401,8.68382809116272,5.40032719517077,-4.22747247816204,7.06767301315894,4.70837752912502,-2.04182676495937,-8.74858486616897,-15.9544646867581,-0.0525963487089369,9.94473225751777,-15.3938691825367,-1.16837746196088,22.0284381703102,47.0628589552517,71.6200208893079,2.03737510678991,0.04278712421295213,-0.0334309706850512,0.012414808754712653,0.03720240679370662,-0.18333804882015034,-1.3337343279414162,2.631408112898279,0.0020275517037723454,-0.8884577636662573,0.771806253268359,0.04506571623576686,-0.07508514153302719,-0.013755031582892398,-0.06808842526056286,0.010846141141424117,-0.09891960099142136,0.056339898263018745,-0.05796326838803913,-0.047245241104911836,-0.0742758740648233,-0.21585545486052707,0.12015627997364936,0.08657812432104331,-0.002134533216838049,0.014833402493552802,0.09389656478897246,-0.00286009919553478,0.008669176103106377,0.26223834741064694,-0.005660318043691096,-0.21775303740827168,-0.013790505728252229,-0.03375747217871047,-0.14632660747768111,-0.036622482688406545,0.04213418218843411,0.012126994038761172,-0.09157885209791242,0.012157334419807897,0.13058621131494552,-0.2722084800016682,0.06758876844030562,0.026254742222381656,0.043552155588103776,-0.05026356172603294,-0.004812625269855015,-0.0717764644385147,-0.19079365079365082,4.727628103507966
30,17.9102593336513,25.6539512807295,33.4007351320684,29.8747902613855,34.2865612709258,7.42944500449873,6.55350713412493,17.1445206936462,3.77892928016086,3.65535045341657,2.85213597396168,2.61880467107847,1.64495787973248,1.25808371204318,2.71338433802975,1.93122892556613,0.205015259006026,0.290812737001538,-0.0340903139364765,-0.382817972756505,1.37421614303982,1.59369984741472,2.30688045366822,2.79013491713192,3.51818048476611,4.27294433184803,4.58417209733455,3.90459664585469,4.28265601102341,3.78453297637317,4.32366328026396,4.15038711541757,4.69531548080269,3.89212130466787,1.76582125172904,-3.43338903489125,-9.72686665097445,-16.1187009605418,-21.6527489978995,-7.66684679047541,5.22599527263269,5.98973934239873,5.35694329224208,-0.960069630432701,3.98732560908726,9.75598460801804,1.07721125409235,0.06866243346857157,0.008758531310588418,-0.039834969523778366,0.035206749670338135,-0.0500259306755644,-0.11218564068077239,-0.001555293169884295,0.8260708837528443,-0.27935274565486035,-0.6010531544291575,0.11372254772147602,0.04793601263059362,-0.2268950947274673,-0.0984116500571041,-0.03148828395457182,0.05783227571061099,0.09099697602217703,0.030169442642334777,-0.021171030702603864,-0.11550866563518475,-0.18067890141641038,0.5435330178973344,-0.4828513291638013,0.08452082718735135,0.04886174259031353,-0.005883217710814724,-0.04617006879730939,0.022864627497515017,0.009286487215775817,0.0377818700087443,0.006573174227963264,0.12936901165364034,-0.07667674207191402,0.1527741757519374,0.03495375447845915,0.08499605118066285,-0.05137976087105458,0.05391038411520901,0.22376796392881723,-0.027514096138594346,-0.0789311589626642,-0.14287322416999174,-0.09036924599813581,0.015551867994920853,0.02535233337189065,-0.06054734763845366,-0.09917969758708031,0.9148611111111111,4.1393865117486
31,3.17165933491325,4.59139993628506,6.27976321794427,-0.383692604916783,0.760401075495922,3.78550654584196,4.17035627451787,3.77892928016086,7.91052083333333,1.37885257783909,2.34050146242928,1.52866212495746,0.599452794016987,0.430768070220016,0.298197747189625,0.383713033650963,-0.429485010353675,0.112799990776633,0.2959959531847,0.420682844736984,2.12030184325042,2.45316976633228,1.47348281452332,1.56345436006413,2.09595535616209,2.63271285693818,2.67481691289433,2.07204894035927,2.3921592546954,1.84228487746934,1.84807570645921,2.54217025254966,2.5329835222431,-1.67987240214307,-0.431560344364804,-0.0159531283923478,1.22368699509624,2.40680338958466,0.446476379625618,0.312305514424197,-4.32336849779427,-5.0607954481799,2.01133427809594,-6.33202187208435,-3.14272170076964,4.08847666787868,1.2733775017426,-0.2487652042270168,0.06860262617139543,0.055559930905060124,0.31089653069213524,-0.19968473638269402,0.1740665299496111,-0.8902488347480678,-0.27797551696045614,1.4141063281290143,0.08671493679152208,-0.46315782034589553,-0.25025806484888236,-0.03416723505873989,0.2820157894166923,0.01878481535296131,-0.15979763224555307,0.042875332318398164,0.015259656041079523,0.08549502259929385,0.24819918657556805,-0.06720279840970746,-0.14669655921591643,0.0064690189265422336,-0.20220407236138357,-0.03426058149642887,0.14867674031712128,-0.09934812280186102,-0.23499736490623135,-0.1468359388669286,-0.01955835931003377,0.1593145016433511,0.011610887455923232,-0.11811122757845685,0.17500630402359688,0.040800608247999304,-0.008811452937322994,-0.14948535667318558,-0.19309839873455287,0.08080523069768338,-0.12170011522016595,0.374846516084872,-0.10189675714491825,-0.0014998702111584604,-0.008448149878460447,0.07700723743955301,0.077002535947988,0.14992271550831796,1.1791666666666667,2.810786515076044
32,11.9784719467468,8.16160215160816,4.838246125134,25.6144176791825,29.7990748161608,-0.157790126986702,-1.15692529522712,3.65535045341657,1.37885257783909,11.1701517600575,2.88933112588762,1.52368992524432,1.91663843790613,2.36679287307692,0.545394558783708,0.508547638400652,-0.316580129613405,-0.52238460512665,-1.02586457505521,-1.56037344504032,-0.729469030978109,-2.24890740594686,-1.32088486584435,-0.359032518599794,0.805485188038762,1.86305441963066,2.59077051202113,3.33873232354783,4.32025658312987,5.39520794695135,6.19788034945288,6.86364353284082,6.45644119597068,0.092816154353948,2.38398679334634,5.26492884961722,9.29248393379846,14.1531859876583,21.9955264131534,10.8393703347099,-0.798498609961233,-4.13448583597778,-0.0807178019291138,0.0862247313127611,10.4582718849065,25.9471827895696,3.78967346318785,-0.145497897918281,0.10838219942251637,-0.00653863534139865,0.03558873841262101,-0.11359089075679359,-0.35864479940208416,0.7782033062016266,-0.6001481716946216,0.08484247299147848,1.6896422638848083,-0.3897978028579516,0.032447982324006724,0.14202772482677378,0.027769117549415967,0.04805980604532513,-0.06682438518990656,-0.24288585196723864,-0.0710361472400773,0.015140285761353818,0.1445843739936573,-0.18571114908252706,-0.08863835188140089,0.44634970715224553,-0.26725244339049564,-0.05923146689436252,0.017877611409548664,0.01974584645512916,-0.05134047213033926,0.04524892697657607,-0.1336466086312535,0.07832029915912121,-0.274939431309981,-0.060064329192850326,-0.19579362458702462,-0.021605680908506782,-0.0553713735363358,-0.05347356778320937,-0.010592063453546203,-0.3989021326956304,0.16543805941077885,-0.08293003490485126,0.1289632544368035,-0.012911753908559106,0.09260391729843713,-0.006947873130734198,0.03056272901819781,0.16007218037366436,0.5604166666666667,3.340681331713258
33,3.26551880942767,2.80398319990442,2.48148290915389,13.2637910418233,16.4976970463459,-0.107945308492138,1.08413645835227,2.85213597396168,2.34050146242928,2.88933112588762,5.41833333333333,1.240527501079,0.593574502313241,0.53234057292821,0.751604532206946,0.129599410359871,-0.884616292763061,-1.0716569968419,-1.41919809171464,-1.79370501194535,-2.66645717953052,-1.96038380191288,-1.36691504074221,0.133091590899633,0.736442661708812,1.05722637035115,1.30916011703304,1.51126075094794,2.05222235945894,1.56982499232512,2.69409362429183,4.94176744335634,4.986340192854,2.92335178339429,2.83811590836768,0.338940757961706,-1.68972278110482,-1.81912951351266,-2.09205613273391,4.76687098786668,3.86657605419194,2.55754901696003,-6.05411648695048,-3.16690814370056,-2.76750820591011,4.41804729901135,2.19942374474294,0.1630854251741929,0.12357903449691686,-0.13803591658464465,-0.11290519951196015,0.07769330054251108,0.08382519705124813,0.0473147763937361,0.11291256552971855,-0.46326432241692,-0.3926194326029551,1.4032991729242739,-0.23458311729963685,-0.0030319934824950623,-0.003395762419515567,-0.0433371626022689,-0.19889559589419636,0.3536080105137821,0.052634788939023076,0.030256638935996734,0.015452859331806318,0.1425642634299075,-0.06486731795119005,0.23929226264145576,0.20287662281831498,0.024334683885364874,-0.028244407105515262,-0.0826751885893946,0.049113833489559125,0.027383669835058914,0.2148872904447513,0.1488595395960712,-0.41136588550694275,0.07513570679002195,0.13860263044732407,-0.28774094040901094,0.19916222309476062,0.08664788432925148,-0.13084349970394735,0.16133741817556047,-0.02856984505643499,-0.08621816561064467,-0.08169185461237775,0.04429715238495459,-0.04955627290079988,0.052897869100819804,-0.09838232775338994,-0.08458873202307932,-0.7166666666666667,2.3255823643408835
34,4.93721116681475,4.11900198593923,3.39265856142526,14.3127987027469,18.1977297656853,-2.9585033401693,0.155895849502537,2.61880467107847,1.52866212495746,1.52368992524432,1.240527501079,8.47536558109834,6.05674302570831,3.65501151974426,1.23251285986448,1.31644202032956,1.13394864720918,1.5031210582337,1.74127704006255,1.86405566633043,2.42329227192169,2.71761616016258,0.864324807901912,-0.489449256253512,0.860947871853309,2.0463414907046,1.84990747774424,1.5867878047901,3.14931542456326,1.89153170256528,1.8378423218962,0.706928917820506,-0.372533389297282,15.4773170917875,1.25771958751098,-1.25786907244334,-1.43360095254113,-0.520335856390923,1.5677404811048,-8.54898019250256,-7.2004663962903,18.4091125913823,8.02299026159023,5.54230716841804,8.53730941678975,7.83421043154416,5.28458612411048,-0.01955105253955659,0.0029275228091135575,0.020005056507369567,0.11275926639890879,-0.17114571653068328,-0.008233654894844353,-0.08219871077837783,0.054939411211163816,-0.24785983722700103,0.03104290611792375,-0.24205233764586573,2.761781589689825,-1.3833369940345557,-0.5522714286019861,0.15669878766412682,0.37518560664250933,-0.08471520779116935,-0.026443749239582884,-0.1433669983047,-0.195473191042392,-0.07212019554098861,-0.35214056277581646,0.25633582875887273,0.28837746673652764,-0.09135518204605828,-0.5334817044529376,0.022901090277289145,0.2564322723952958,-0.514194968652967,0.1694753767609901,0.17755281712500587,0.02971153633970036,-0.015470601486842064,-0.19121532070212782,-0.1868192456360458,0.05996860143564842,0.29779189853372,-0.2522905099267986,0.0013078405720623283,0.10202604377221029,0.037576283313578894,-0.12940077082369592,0.03931679835201402,0.08756731630448349,-0.2239827131510817,0.1288917963699384,0.09284774054181426,-0.8694444444444444,2.9095301306393684
35,9.73985306792315,13.1574900558708,16.5477358158898,15.2458141877197,17.9530844164458,-0.799589936214089,0.50463872270723,1.64495787973248,0.599452794016987,1.91663843790613,0.593574502313241,6.05674302570831,5.44541517001916,4.17443339757638,2.50453155180888,2.11737872512584,1.70686766160432,1.41665091937489,1.07772704498533,0.655851975436483,0.978429096193361,0.593880872481197,0.254544824063103,-1.17295378692756,-0.0761381254325863,0.950155269392546,0.935147090031548,0.970905331390018,2.47923624492129,1.27965557449977,1.01298533092731,-0.154733157432377,-1.10399554486812,9.98855411157899,2.00347836651148,1.32139627980206,1.9729093619311,3.08483090561844,6.13535133826019,-4.90375531548272,-7.33901523634486,9.52722249641476,4.18136884990876,5.89162887843261,8.10328790736903,10.6163912255524,6.01238049136647,-0.00799848414931406,-0.07769089367824783,0.005021804279483399,0.2917051207945978,-0.23745529149969155,0.15811891429255187,-0.013736665859917915,-0.22795444988127458,-0.035374365778107354,0.13364203010600667,-0.004599748502672337,-1.3950984566333466,3.476747760755515,-1.0118051333433313,0.05883966354549332,0.00370112160180237,-0.5836042830753604,-0.11793026907594442,-0.07910494738341117,-0.03540039697102901,0.2862908796773036,-0.2428634623613649,-0.038814462537410825,0.34449554472340804,0.18933223955736542,0.1845163160737691,0.250314567366655,0.05284368586482767,-0.10636023894790766,-0.2865315591138585,-0.0021019833787661642,-0.006067256105266608,0.08303021316905514,-0.17347212076486235,-0.010452892549185317,0.0020063005990502013,-0.05087882443782453,-0.03450222388705675,-0.013654242286022855,-0.023593962593994964,0.008661888324587062,0.07070505473622805,0.0029773165360823264,0.021855428436249727,-0.09980822819685105,0.007930804324778388,-0.06408432985403908,-1.2937499999999997,2.3313976859427386
36,13.661097009558,22.0178275937357,30.1955303619355,16.5667766166316,18.1781240002393,1.7349898364264,1.32215191361714,1.25808371204318,0.430768070220016,2.36679287307692,0.53234057292821,3.65501151974426,4.17443339757638,4.49636055236271,3.93289869327971,3.08813146879953,2.0668960036362,1.39929143726992,0.62604329967627,-0.195304389346354,-0.0316580379185731,-0.802099101095412,0.385195452139863,-0.730407360910204,-0.0664442031397297,0.541507306936759,0.472974935839423,0.323288345966277,1.05565915774058,0.520303138891344,0.488599556774166,-0.12006268714357,-1.15153001872719,5.05458044420157,3.0535434740037,3.01402918272631,3.46047668508234,4.32125929026682,7.25210796114552,-1.84302770352023,-6.85812407019736,1.85757356105018,1.05459996374803,6.56238687541297,6.44097650065798,10.5438028456254,2.17219379485934,0.05120536587735162,-0.12543489292404242,0.02504375434892731,0.3463737917644692,-0.25362387321360647,0.09537354072468925,-0.07796672505303448,-0.09746327854308974,0.2901731522391078,0.02770452640369991,-0.004880992955541413,-0.5593188200979118,-1.0174029144671948,3.2329295999113206,-1.0515322652422476,-0.20876446992774514,-0.11459806233601223,-0.059466066583029935,-0.0464962034100041,-0.033616692887715675,0.122481713789289,0.267510713597514,0.03103039432991508,0.018492332490818345,-0.09035973687102097,-0.2002887836251479,-0.05299837802589462,0.08535074881431166,0.352933368356388,0.21263486660952113,-0.20321743961863353,-0.15729808658880845,0.0027771466919459652,-0.06421563715925142,0.08828305406482698,-0.06752666963509796,-0.07731496394562526,-0.10088309848617916,-0.022239983049716656,0.0274116533013171,0.03072620982827179,0.09100698351955998,-0.0847428814083001,-0.0010133261251479523,0.05786496432129439,-0.09552847893812845,0.025393544074523877,-1.743055555555556,2.1181030551799664
37,14.7807872331009,30.5003630003308,45.7830219208157,18.4949068699123,19.8273476455758,4.44111942349031,3.04119075390838,2.71338433802975,0.298197747189625,0.545394558783708,0.751604532206946,1.23251285986448,2.50453155180888,3.93289869327971,5.88491469109195,4.49537165766496,2.84305277265343,1.70757365116267,0.442226151746427,-0.829595401247869,-0.773563437899968,-1.08372333274789,0.910808706144112,0.185940009699862,0.284887582638043,0.315081801251234,0.0972105980021174,-0.277921840622234,-0.392504473891271,-0.470439178921813,-0.336978218381567,-0.558769680628216,-1.34459475669632,0.760500179978783,4.24820461304857,1.61487232233304,-1.73669725920758,-4.57369051821875,-5.21996361340152,-4.682359411344,-5.3005440652778,-4.28254870298363,-1.29788428245523,3.32161761393804,-1.9847722399859,0.144361841583483,-3.06863046866709,-0.0834570287535936,-0.2623344190464601,0.1591903601840898,-0.1293946448550184,0.11921303334403585,0.15604968645557094,0.012459739012592917,-0.03368526677265872,0.01792730956010645,0.05097743373026414,-0.04469919194020565,0.15063505444147096,0.04747057976132489,-1.0542238628578893,3.1141262027869594,-1.3599740248260899,-0.35240387742364343,-0.17625236874720987,-0.03789725882548779,0.18110170963771643,-0.0347750684399648,0.3732988501617146,-0.008436866334289967,-0.02222388763131063,-0.04629023864592919,-0.15322170561688772,-0.26679398365894885,0.06073378215161476,0.21889316546728557,0.2698699735050524,-0.015292818648160445,-0.19171806052107063,-0.013905221056495873,0.18047739162237897,-0.18755732783393503,-0.2174216409711725,-0.012149866268478917,0.21233182948979454,0.09463614711300661,-0.07988351122420354,0.2825903853176935,-0.05345502287604056,-0.04737852120410206,-0.10180428078109544,0.16596357175844226,-0.017797858719434432,-0.10063373747857994,-2.5145833333333334,2.42382233076023
38,4.4999933657365,14.0435616715175,23.0583848817429,8.76612954080504,9.83549196833001,2.00505041107342,1.50548323476194,1.93122892556613,0.383713033650963,0.508547638400652,0.129599410359871,1.31644202032956,2.11737872512584,3.08813146879953,4.49537165766496,4.07090018114525,3.01694740659844,2.50483784833427,1.79529233361421,1.07045462443625,0.696809199649447,-0.628293555481603,0.467342219986547,-0.128730772655399,-0.0034097195344996,0.0675057864602872,-0.24663572358468,-0.651037457825424,-0.904664208390465,-0.371046529903075,-0.455546956957803,-1.11938101964899,-1.76967611852476,0.778474439386314,3.17973423434291,1.09051715351919,-1.22252573555524,-3.12726595091242,-3.58027288392708,-2.98088163770339,-3.99853941774767,-2.21293242213963,0.663916869618471,2.13774487151393,-4.64130944341556,-6.05734806215934,-5.20287173492856,-0.2092817094906229,-0.05687085395315002,0.09797406044471309,-0.09815823892389115,0.0700591823325397,0.04451238650173866,-0.09621258569054845,0.058648396832316464,-0.16307274490230741,-0.06560416164419393,-0.19889319849225714,0.36794839545455527,-0.0014779847487598418,-0.21048885016014915,-1.3605884609475682,3.187578058995475,-0.5007628476719617,-0.993469480353123,-0.2231903041207817,0.01647104862141556,-0.0022404897409068207,0.11855040970318295,-0.08471502120436371,0.003953147542941168,0.029020819012121866,-0.008650283832128163,-0.23993096631496272,-0.03958392871127698,0.13885015557669536,-0.2307234590138922,0.08791557378570579,0.19112411965781545,-0.08062916572023142,-0.1036844767233655,-0.06550254019320016,0.03141447402163688,-0.049900616832914496,0.158530769755063,-0.1138948838302343,0.03546002407229254,0.016356792305140328,0.033493692352418857,-0.01819568870079795,-0.044770269584378096,0.03665218806714345,0.09998519140137428,0.021452342437048216,-2.1048412698412706,2.01516753178123
39,-7.21591673944202,-4.82176163293286,-2.95000408298135,-2.92417144030037,-2.17204996458274,-1.21153637491067,-0.786236058747147,0.205015259006026,-0.429485010353675,-0.316580129613405,-0.884616292763061,1.13394864720918,1.70686766160432,2.0668960036362,2.84305277265343,3.01694740659844,3.19339944687166,2.91185841225232,2.683886013947,2.43261834509012,1.51495022379921,-0.74985572518892,-0.560515877267891,-1.12714059357989,-0.988949750447874,-0.864183673695331,-1.25989865965557,-1.35437444371014,-1.36592646686051,-0.700359350532408,-1.14542390115478,-2.45122203276045,-2.74930874951205,-0.0654298576439761,1.38871748203056,-0.234537468359065,-1.37496385869145,-2.3616295909688,-2.66236219540579,-2.99935988300747,-4.24382187772851,-1.87919753629002,1.04256790854958,-0.581086345701479,-8.20612817432168,-12.1877060202482,-5.29670730036914,0.16216800797061687,-0.03769881774216466,-0.03492142346838943,-0.12932607561216874,0.15737231533920515,-0.005968531808585981,0.06379817916684573,0.09398502717983609,0.04253270694452551,-0.24743141125177795,0.35943891994035876,-0.08488271779536155,-0.5784846838733195,-0.11329942879714537,-0.35992388263483444,-0.5019198582824946,3.443683084729208,-1.0501361661364719,-0.2432741286833217,0.026270294536421972,0.12059853287555071,0.0005026344702572775,0.18409503165084773,-0.14902482531673258,0.018736514030897614,0.055403056923482505,0.4008560520091854,-0.07962788497617475,-0.3438701807582313,-0.48824111321830027,0.14813271679669482,0.2419870865280969,0.11959969411803331,0.12989751192133708,-0.15170492597744742,0.03968900155231388,0.02358783541637889,0.21610409741871947,0.007419998391114852,-0.1025636511272286,0.07236866182168783,-0.003976893771875334,0.011028038995865736,-0.07342285093451881,0.14223256843890458,-0.09658998857019488,0.07524544061437828,-1.4867658730158726,1.7842083529878625
40,-15.6418854219218,-19.3436365336242,-23.6862957154449,-11.3706377829747,-10.8130861596343,-2.95838935468743,-1.58530453119067,0.290812737001538,0.112799990776633,-0.52238460512665,-1.0716569968419,1.5031210582337,1.41665091937489,1.39929143726992,1.70757365116267,2.50483784833427,2.91185841225232,3.58636945324107,4.09619581367292,4.57489939418169,3.46424233741511,0.322757306330191,-0.545251003097281,-0.858750024241681,-0.635760444111166,-0.414287948425736,-0.814222995172729,-1.27062203851234,-1.36506487330556,-0.843071362506275,-1.22333272067183,-2.624272734192,-2.69631670053809,0.781525928123733,1.20261341335341,0.388045484587797,-0.0469741556656857,-0.458202722553175,-0.888912126704304,0.665139220138504,-1.87424763700054,1.24409299761496,4.01091766151035,-0.751289342069805,-8.70071501175295,-15.3442497514722,-4.01152447306969,0.022759274935866818,0.0005247223636772894,0.02332426513146331,-0.10847094134077218,0.09889445662737571,-0.0803298974103325,-0.05068377519220121,0.03710217344642677,0.006583287675662165,-0.07308904839444413,0.05083194642416883,-0.0264762520458606,-0.1367345732448374,-0.05876250003440647,-0.1796037917955036,-0.9980505856971643,-1.0578995351769165,4.995491636394706,-1.7738041844346017,-0.4587459484136136,-0.07082969472802654,-0.1094687077641845,0.07098081420699046,0.0059657778104994525,0.013239026230892166,0.06080038627213436,-0.004533409824186167,-0.09568503405766399,-0.06520473653942133,-0.28384762063800983,0.06179410737542708,0.25903242596569237,-0.0007739288436843756,0.02627515732755152,-0.017262763295977528,0.06303473629191823,0.009173027096342086,0.08771084821825793,-0.10104491955555668,-0.016757304164225134,-0.020553710769906634,-0.02073940950604033,0.03454818883641527,-0.02151388867053576,0.02711585044312954,0.01993459485420027,0.05035665638988369,-1.1920238095238096,1.8911291476895666
41,-24.8134314735954,-34.8501942048531,-45.6006373725851,-20.5523903106409,-20.2041416493112,-5.04206696436298,-2.70621870942902,-0.0340903139364765,0.2959959531847,-1.02586457505521,-1.41919809171464,1.74127704006255,1.07772704498533,0.62604329967627,0.442226151746427,1.79529233361421,2.683886013947,4.09619581367292,5.37889230205971,6.5616860026171,5.20112909173464,1.20150049619897,-0.761469493778461,-0.876460954847697,-0.603476585512526,-0.312296408977671,-0.732626379693718,-1.42621984379041,-1.55492918788768,-1.15603891314798,-1.4962031951744,-3.02309593528489,-2.85938949242273,1.26337509054164,0.610784333426732,0.478240843823475,0.711304985700816,0.806683069150534,0.179677038931881,3.47052208793683,-0.134377216933936,3.72341389315986,6.39514883201001,-1.43382949861089,-9.78265117935652,-19.1058391911956,-2.98436935092913,0.06594912193807179,0.01108346553559437,0.00833414964100799,-0.05632480743418265,0.0448323853852192,-0.1256215889366473,-0.04682756327419494,-0.01829175441941839,0.07743276679018658,0.012887332171635138,0.02976445390182417,-0.13665987060409224,-0.09617527921104109,-0.04545355898883944,-0.039668808984855766,-0.22501420546754053,-0.2473697612324704,-1.7727258436458626,4.966304178306668,-2.155178318156856,-0.17390595870634565,-0.12593382546073367,0.03035336685570513,0.012644068394052767,-0.01104426881298902,-0.03192741261538566,-0.09635325942048048,-0.009547538413005758,-0.03806311771546879,0.012841385420497215,-0.001828451535660791,0.04428457133458552,0.003075173529415447,0.0851559212447286,0.03755864506213933,-0.006114437071648206,0.014214575714255731,0.01873396349295513,-0.048961869015130485,-0.027390915734285384,0.008293093634013253,-0.05939441724382172,0.04589018332599571,-0.007110912778257527,0.011281044073106344,0.008324048798230727,0.02667626018892724,-0.8306150793650796,2.317087029453083
42,-34.0971308635783,-50.4975627129042,-67.6809739303358,-29.8173548502783,-29.7073713391051,-7.13981237230238,-3.85907469130711,-0.382817972756505,0.420682844736984,-1.56037344504032,-1.79370501194535,1.86405566633043,0.655851975436483,-0.195304389346354,-0.829595401247869,1.07045462443625,2.43261834509012,4.57489939418169,6.5616860026171,8.50556911538562,6.87686125184655,2.02069737847676,-1.00258885022966,-0.906573381270534,-0.618665507766523,-0.290695603104336,-0.720537156826396,-1.6423539819494,-1.84851028984652,-1.54389277600806,-1.82771354235409,-3.46740615304579,-3.05350896890278,1.66716825154002,-0.0463507239123973,0.508184808589297,1.38999134437756,1.95456456175248,1.1201933033747,6.16635763231432,1.56975224219775,6.12478587381434,8.69600058571571,-2.23028987542914,-11.0256121903605,-23.0075023089309,-2.03611178820395,0.1721130127224195,0.027743190432797795,0.010707079411000953,-0.05508670351938135,0.01920664078125346,-0.2714847419656822,-0.07302939324833796,-0.10977767966584907,0.24659228763875876,0.13930304508622401,0.01625290084646018,-0.17843747489760683,-0.03692361160815069,-0.030227384528052185,0.1805031612014811,0.019434163418460014,0.035410730788424064,-0.4595601061463237,-2.154469303030308,3.079839597430244,-0.42031234779245874,-0.3020878737051938,0.03620499283285578,0.009706166861362917,-0.02763150919590249,-0.06384303923227895,-0.2104172891150574,0.04197333470761148,0.04409972138802735,0.3782988708332571,-0.07503907979524505,-0.15180578310034948,-0.02582452263637504,0.18348694659948694,0.15173156840652988,-0.11264406293084896,0.04301536955081933,-3.269748623340334e-05,-0.08743177613623067,-0.0412322205624109,0.05035953545395399,-0.15740837191507961,0.10324791181438968,0.002215025655726357,-0.013479464995350276,0.008064368211795087,0.005186017004374939,-0.45531746031746034,2.9147159579255093
43,-7.12044446692923,-10.5971952569411,-13.1043886791106,-25.0891885598813,-29.3468602392823,-0.0271540046664936,-0.286183630306667,1.37421614303982,2.12030184325042,-0.729469030978109,-2.66645717953052,2.42329227192169,0.978429096193361,-0.0316580379185731,-0.773563437899968,0.696809199649447,1.51495022379921,3.46424233741511,5.20112909173464,6.87686125184655,15.3293621406417,12.7395067443336,1.54875984252421,1.68527852448848,2.14927043717777,2.61426933947984,2.27045834817093,1.16092624390906,0.916461614939427,1.26847101803426,1.17541108766331,-0.136757689014911,1.42992262519916,1.27435962896976,0.0946835124715169,-1.54702867920297,-0.226956667575544,0.55463797390855,-0.137873853723559,7.38942413099804,0.346683224329462,0.656591960601432,39.5296727770343,13.347746123595,8.37649446880319,-2.03466604580458,1.57160356586546,0.08643434165758378,0.2193546607503645,-0.2322238373638365,0.2928145096961135,-0.14189758239692976,0.2988394014964789,-0.21178634223696338,-0.18188070590727276,-0.06398200878635014,-0.18619140671787215,0.14449586851344887,-0.0769803079974081,0.2844486776510226,0.12694773970367504,-0.030058543208255312,-0.00040940427552988817,0.12505633225861493,-0.07074784980011357,-0.17219736798274066,-0.41877414066466867,1.2263691490824553,-0.5178469067640585,0.19724314245485394,0.23363958658308873,0.03626390361170779,-0.08360973692841363,-0.11752698585895133,0.015646977130322093,0.14217485149170125,-0.03909772403074436,-0.4317242607822559,0.3438524764166615,0.017750515788507542,-0.03806333233075737,-0.09733141233432971,-0.010025183899408064,0.027805225955516703,0.19699840921155987,-0.08048172913894823,-0.11491846914257771,0.10892036459447892,0.035602814589694595,-0.024129603355678108,-0.013694282743866925,-0.08562849577163421,-0.09086115756869073,0.006591839584946337,0.14039682539682533,3.9139956745813733
44,28.1340896758778,47.479045584926,67.1345926873191,6.56678007718054,1.98629123063423,7.97843281413937,4.98066901082286,1.59369984741472,2.45316976633228,-2.24890740594686,-1.96038380191288,2.71761616016258,0.593880872481197,-0.802099101095412,-1.08372333274789,-0.628293555481603,-0.74985572518892,0.322757306330191,1.20150049619897,2.02069737847676,12.7395067443336,24.9319029374202,6.62393934168711,5.5761517282835,5.34483300276809,5.05515013430477,4.06422829905498,2.25700023308839,1.35103699994435,0.653711678134332,-0.0046155189497724,0.146891914627631,-0.112058547880756,1.23125573551294,-0.991434130626952,-4.14402618803145,-5.79011641787033,-7.79780850714784,-11.6563629826141,-4.3455453459395,4.25282053611295,4.75814528626564,60.3683778523994,6.06633256612555,3.88254512215667,6.87887080682798,3.07275355804051,-0.02474490608816817,-0.01316858118838772,-0.06724833646029459,0.06199684881022638,-0.04641598689955393,0.08704348041000672,0.11089174211338117,0.5417172488947561,-0.15058623906447094,-0.09140688177147617,-0.06215133421591676,-0.3536105366859796,-0.25442703379747333,0.26541381330714464,0.3772417233476206,0.11819303935947771,-0.0024197692679041975,-0.10636751617408377,-0.12509207952159684,-0.29873703555766284,-0.5140581987977735,1.893188778423729,-0.7394824042754936,-0.19527671200039665,-0.07233913569035853,-0.057194018905293915,-0.02795592196494802,0.02206709678753941,0.17892325901462713,-0.06439458451158418,0.31202296571747645,-0.3467051970293238,0.05270738328579956,0.07822696725526068,0.10993324964411542,-0.06529725842552077,-0.08158321370466146,0.1357688809652303,0.12427166253922801,0.08749547728969954,-0.18625727053146104,0.0022494633803290605,-0.36769683812690357,0.10166030890594313,0.17912386791866478,-0.1995729683207801,-0.06583703172126952,-0.3555555555555555,4.992184185045679
45,22.5357402987546,42.0438632677634,61.4476302558511,14.3198041657927,14.1750201795212,5.02311792109532,3.75757366708072,2.30688045366822,1.47348281452332,-1.32088486584435,-1.36691504074221,0.864324807901912,0.254544824063103,0.385195452139863,0.910808706144112,0.467342219986547,-0.560515877267891,-0.545251003097281,-0.761469493778461,-1.00258885022966,1.54875984252421,6.62393934168711,8.30182630906769,5.22358022809927,4.70857615604603,4.24389266096041,3.40448286198872,1.92559555390177,0.995192214855206,0.295903519087241,-0.361467805423792,-0.951942572320183,-2.40951028424025,1.40678054686631,3.3518815988656,1.66109760083601,-0.0055910698933067,-1.956356744605,-4.17453103608802,-5.8547002319379,0.702765791750154,2.1908752141516,-0.35214643393329,0.0794801692273398,1.75058231641947,3.5654154461621,-1.68414145920141,-0.013136285126556825,-0.12853930452661366,0.0871840919554803,0.0032942195294684905,0.005344325478998956,0.14904565371571504,0.09695609877090876,-0.4820330790002111,0.00820124617994189,0.4465741247228469,0.23871329635034744,0.2595789118266128,-0.02969836846715571,0.030001478500820206,-0.0064042659582277135,-0.0791249376645507,0.18516869536986846,0.06942153849354439,0.03151108606198647,0.03700872281407383,0.19593380068600727,-0.7414892811451999,1.520125009221701,-0.11565862206282884,-0.1414623945008468,-0.3381152277347636,-0.2823142102416592,0.043694426424970796,0.1712819635827112,-0.02866549738155228,0.08584610567539148,-0.157464792130522,0.15209799115041442,-0.08737486335721334,-0.41016158271931147,0.21893745655685465,-0.16330727412344148,-0.003903692205825505,-0.16071142036339295,0.10347795431882499,0.06341071999981293,0.07783250555677923,0.14205962898085295,-0.0054108399561957465,-0.06181977339301296,0.07358018757339195,0.10132437159701178,-0.027777777777777797,2.8795531439908673
46,24.104563891034,39.5875800595345,54.9424895522026,16.8012824954829,15.7953108201932,7.62260476040332,5.31997255010521,2.79013491713192,1.56345436006413,-0.359032518599794,0.133091590899633,-0.489449256253512,-1.17295378692756,-0.730407360910204,0.185940009699862,-0.128730772655399,-1.12714059357989,-0.858750024241681,-0.876460954847697,-0.906573381270534,1.68527852448848,5.5761517282835,5.22358022809927,6.73154591714559,6.16383653048025,5.68259996903128,5.1092462889384,3.79724514763936,2.92587858632387,2.08567477899479,1.68691919301803,2.36419413656599,1.6973032946454,2.05511877199333,3.95319788632909,3.27333581652474,1.09176557887026,-1.37814837437551,-4.62164508009238,11.1644759108581,10.5263016102715,1.92747768822705,0.377872463485144,3.30182718598793,7.91128931740448,12.5516983727095,1.53644223811181,0.24504378965476928,0.00010787204226718301,-0.10267376244114189,0.2823815948483391,-0.2272156310328779,-0.006302135623639788,-0.00414352844700284,0.09545465194768671,-0.20827759209250524,-0.27113722419165565,0.20373682560626527,0.29474177904991594,0.3615443900212905,0.019938905385295195,-0.025050297865370573,0.01639708819267629,-0.14868367522107798,-0.004241425403747513,0.007134059696461046,0.00715850861859797,0.2225066070854015,-0.2073031828556254,-0.11221160588410321,2.6334968079805487,-1.7411680011841424,-0.062006499354217155,-0.188674124855272,-0.7688590039138345,0.47019993818946754,0.29191434400165145,0.04432110628043784,0.0680074958625502,0.11848096349251348,-0.06118621995218811,-0.055457108393638856,0.02900441551622536,0.10108419411540603,0.075597854526096,-0.005450470758025345,-0.06092676298395651,-0.034843896975759195,-0.05854210201024466,0.005580253241824719,0.025997293334429454,-0.08960470169008944,-0.08319643690628956,-0.002084126026000648,0.358472222222222,2.5925944374594327
47,26.4023250952007,37.3657441616008,48.0943118792712,18.9363864108999,17.9542689082005,8.68425879733696,6.11401340990137,3.51818048476611,2.09595535616209,0.805485188038762,0.736442661708812,0.860947871853309,-0.0761381254325863,-0.0664442031397297,0.284887582638043,-0.0034097195344996,-0.988949750447874,-0.635760444111166,-0.603476585512526,-0.618665507766523,2.14927043717777,5.34483300276809,4.70857615604603,6.16383653048025,6.59135766069944,6.99551049965537,6.76631291410497,5.8104691711899,6.13447667636586,4.88869232052155,4.64860750607934,5.14988181602345,4.15243710601963,2.68768138927084,4.77175311953131,4.17631630228651,2.38646833691192,0.474296709536415,-2.2328057856728,11.2446517061271,10.2236932848958,1.32987066934957,1.20228784430627,7.20442618155039,16.0556656198179,24.0812592514035,5.96169251165657,0.05723043213691392,-0.014236632787414277,-0.0244237885637993,0.03015059830132032,-0.03163154642679289,-0.03696635002051247,0.013132407981818797,0.03627404644166672,-0.03317455509764344,-0.06150947875714334,0.036032360935938354,-0.07835702514748033,0.17689003720620877,-0.09690842193302635,-0.0513525399450377,0.043285823912161646,0.017315121621114052,0.0060405368216247275,-0.011796927125604182,-0.02805598052708865,0.043423424606314855,-0.07303752132509211,-0.1401583530182318,-1.7366373029870898,4.339966985953381,-1.4280140537979789,-0.567148457864138,-0.19698652953120968,-0.0697672415197371,0.09104260595517479,0.07036443241846417,0.022702115660462083,-0.027695954550565508,-0.0064053653546043456,-0.1429683512134808,0.05655244400407354,0.19676987716322286,-0.17912134110858743,0.05269981948915142,-0.031137585202919364,-0.030890947370724474,-0.01802366845872475,0.0026939462641405393,0.01643427667839702,-0.025040389485687937,-0.0028135251449154424,0.03763907714470007,0.2894312169312168,2.5654156896494267
49,29.0346614480262,35.6446644878033,41.8966297357345,21.34384723512,20.3982391773928,9.74166457351361,6.89384035577087,4.27294433184803,2.63271285693818,1.86305441963066,1.05722637035115,2.0463414907046,0.950155269392546,0.541507306936759,0.315081801251234,0.0675057864602872,-0.864183673695331,-0.414287948425736,-0.312296408977671,-0.290695603104336,2.61426933947984,5.05515013430477,4.24389266096041,5.68259996903128,6.99551049965537,8.41057604756728,8.55033345334805,7.92020596156384,9.45509609152989,7.76675074228636,7.52445019971533,7.70755709752457,6.2312737264185,2.89575673491261,4.99956698845845,5.27364535138382,4.24565265639985,2.80929039047157,0.530544936179459,11.5841548486882,9.83919121749157,0.541024781303076,1.60818456708954,11.3960375175373,24.6572222831719,36.1302833335701,10.7392509003854,0.009547207302305443,-0.001581284964749296,0.01671682834735231,-0.13649896527950492,0.07951626764019601,-0.11690970529246088,0.082121162166502,-0.014316335251323246,0.1541626080197316,0.018269589820642983,-0.019656781527477307,-0.5193435583819995,0.18561512673165267,-0.2089693078862843,-0.18436569425327207,-0.015396555727683829,0.05000029216730529,0.021851836161490747,-0.03596069093896419,-0.06645250728349747,-0.07699313528165001,-0.0542910629809644,-0.32955453240151716,-0.06543271758741186,-1.4306080777945527,3.743908852405853,-1.2253958909744422,-0.14168207205578712,-0.6936702641036752,-0.041750296895876775,0.20196842065708354,0.03445495976392454,-0.1536289212375681,0.057901066688961014,0.06042627155979188,0.09654142897505123,0.00365628384841491,-0.5071837914814958,0.33023998336346333,-0.05509386184321373,-0.015119948884040866,-0.0028992982776261255,0.017523801542578127,0.011264291873586164,-0.013407321659319927,0.04532018745131444,0.08459922763843397,0.16483465608465617,2.898374725180869
50,30.4272299997276,32.2706061131282,33.6914256069118,22.7644584057905,21.7170539845341,10.6478321340363,7.41632817778451,4.58417209733455,2.67481691289433,2.59077051202113,1.30916011703304,1.84990747774424,0.935147090031548,0.472974935839423,0.0972105980021174,-0.24663572358468,-1.25989865965557,-0.814222995172729,-0.732626379693718,-0.720537156826396,2.27045834817093,4.06422829905498,3.40448286198872,5.1092462889384,6.76631291410497,8.55033345334805,9.37039292230302,9.21764082876116,11.2855911785981,9.58993658110273,9.73897691797557,9.95323981870471,8.00095454047888,2.3723211459847,4.53960299086786,5.45856736731647,4.88280638902009,3.57706604609601,1.86421612426093,10.6100557195887,9.01359469599451,-1.07137093224601,0.99355415322,14.2206010607442,31.5291755953792,46.4919536551692,14.5500157555848,-0.038395975922547634,-0.013721319373357547,0.026334235039691945,-0.04399932372952701,-0.004174862697895692,-0.007533925139435882,-0.0040786515267536,-0.04390745562293336,-0.09987144376899065,0.020551693322673256,-0.08727106517212133,0.00717677136345089,0.25363395891135215,-0.05241534579745211,-0.252038041341367,-0.2233727746890342,0.4173459051837729,0.0004908659415223941,-0.05975619959442304,-0.19795503118827798,-0.12510413076597415,-0.031466605447276544,-0.28556618226198677,-0.18721341872604091,-0.5746168313588521,-1.2184544990790853,3.9513711142462116,-0.5693401448376657,-0.3786819026300422,-0.13987709696565706,-0.28931566675405435,-0.11027944086132056,-0.04400674139580398,-0.010803557571543075,0.23161537007317756,-0.04747785052983978,-0.17257281704553254,-0.1012575017698486,0.15683782452891618,-0.006157542708845574,0.0011631421665749327,-0.022706696434059412,0.02248164656953826,0.002584233091111361,-0.07227357793600679,0.05047084335280215,-0.13342188399966157,0.2069047619047618,3.059475922817995
52,29.5669852412998,25.8832715221043,21.785312181771,22.0442599046096,20.8139638405562,10.7660166026864,7.13684918074491,3.90459664585469,2.07204894035927,3.33873232354783,1.51126075094794,1.5867878047901,0.970905331390018,0.323288345966277,-0.277921840622234,-0.651037457825424,-1.35437444371014,-1.27062203851234,-1.42621984379041,-1.6423539819494,1.16092624390906,2.25700023308839,1.92559555390177,3.79724514763936,5.8104691711899,7.92020596156384,9.21764082876116,10.0984412442207,12.8632273091934,11.3918196143342,11.8241747856918,11.8706376627255,9.7410383847621,1.54858596414363,4.09245825874665,4.49263218033998,4.29159867301031,3.59154233850347,2.86470887190681,7.34687347422596,6.94995805706734,-3.84130239795742,-1.07876380916302,15.141140944326,35.9728321638698,54.4375316037195,17.059732051345,-0.0013724151066716562,-0.01864409104424898,-0.003207091578273359,0.012855558242202688,-0.02247869049324768,0.07328902653737573,0.00991256970301229,0.02642506164210149,-0.23894809515776383,-0.05405823753251215,0.048561423827968755,0.2582832757375506,0.05373567992682158,0.08442140857838339,0.053028549921483106,-0.039746128434158555,-0.07936172543504395,-0.09699691783555037,-0.006402770090632275,0.04353797429618479,0.016181339895683898,0.022125293452524324,0.05019801767249628,-0.753052364794024,-0.19426491709155577,-0.13347255133327765,-0.5716984721119583,4.652766997661542,-0.9973613011248923,-0.951668695077184,-0.519548218706312,-0.07441754139337604,0.06528984018536922,-0.017274186689592484,-0.04777637232586034,0.020838069748899974,-0.03524813906695707,0.04164785298559702,0.029540363908462822,0.02950765892647389,-0.01968770923798796,-0.008942383472913438,0.008656023490418384,0.010538271593013562,-0.062416673678671736,-0.002665973279976484,-0.22587206415164296,0.49897486772486793,3.1762306660915947
53,32.5536818299199,22.7108494557586,12.401489663474,22.9282331669612,21.6330441739972,11.7350799921024,7.78411901438886,4.28265601102341,2.3921592546954,4.32025658312987,2.05222235945894,3.14931542456326,2.47923624492129,1.05565915774058,-0.392504473891271,-0.904664208390465,-1.36592646686051,-1.36506487330556,-1.55492918788768,-1.84851028984652,0.916461614939427,1.35103699994435,0.995192214855206,2.92587858632387,6.13447667636586,9.45509609152989,11.2855911785981,12.8632273091934,18.0051824710834,14.2773594729323,14.3731498444002,13.6637718013724,11.9047681821994,2.09011321058018,5.54261302908405,6.74211220425843,7.95445862596848,8.59853647337373,9.11652086159964,8.09416379610677,6.15504957450577,-5.41249289807626,-1.91216805120668,17.492958768314,45.4782316009217,70.6823504337366,30.5000391419893,-0.1954508961558305,-0.006871707647043519,0.042796390960124366,-0.1060711875997645,0.09997471673859692,0.05112583367304706,0.27264115337729167,0.006410697328231242,-0.15097162756419363,0.04669362995319312,0.025961342658847274,-0.5209277341923882,-0.10614388914008877,0.3570494457940595,0.234379634020985,0.14225238564572618,-0.33810469936479753,-0.06367126087786161,-0.02627615183156028,0.04529404003376011,0.14151857360833647,0.1774654537798729,0.17275947642682943,0.4833270106735101,-0.06775149974399411,-0.695052476733203,-0.37725142227684627,-0.9941257968663142,2.7306350641228883,-0.8362861232233332,-0.15758655807979108,0.1480878311265364,-0.010888331421778408,0.10363145411169145,-0.2112073374861101,0.057887997624288284,0.00421196684759625,-0.1714587168805556,0.1872618635030575,0.0019050316313117767,0.026578346261536327,0.06183394961045138,-0.0005036112881147708,-0.02985496817321931,0.029385830697541433,0.021999608180789193,-0.3363030060670641,0.6443783068783071,4.242072897898311
54,28.779148296753,17.988145343195,6.59170766706413,24.809497560943,23.5892975839443,11.3767864721011,7.15080087324635,3.78453297637317,1.84228487746934,5.39520794695135,1.56982499232512,1.89153170256528,1.27965557449977,0.520303138891344,-0.470439178921813,-0.371046529903075,-0.700359350532408,-0.843071362506275,-1.15603891314798,-1.54389277600806,1.26847101803426,0.653711678134332,0.295903519087241,2.08567477899479,4.88869232052155,7.76675074228636,9.58993658110273,11.3918196143342,14.2773594729323,16.1927100621139,17.3773683310896,17.525677184544,13.3850214119952,0.108691903391083,1.66925221785793,1.42549041774857,1.0715880018031,0.301517835028952,-0.0621446059025028,1.68476703418659,4.25230623079678,-6.84650449381218,-1.68544174823182,22.1320433896627,45.2690184431946,64.3395925140644,6.67347761228774,0.11216690807487487,-0.0037982436689992277,-0.02157359639694428,-0.030553935194749995,0.00447778867020912,0.027214196044046488,-0.004273481057029683,0.03351127261841922,-0.02240744102576891,-0.12887849438464197,0.21795071069854527,0.15801011495321696,-0.2878459043733545,0.2091585280638594,0.2730074945842577,-0.23645567382402907,-0.4937126920249287,-0.28855696617582716,0.012294442453616132,0.3697006412855058,-0.038168806056956606,-0.06639660814297661,-0.030120485167344013,0.2777742637347527,0.08235585766615329,-0.04337934239263183,-0.1444461390095727,-0.9540525056489539,-0.8374749575655781,2.921093027863636,-1.1331865221025195,-0.1609066253686041,0.031042264057988947,-0.16955581104754378,0.17963921819939654,0.21736584028794131,-0.32284979965022437,-0.012577506450515946,0.048560448551422566,0.0657143055397687,-0.17244378745864644,0.10145386011383352,0.003471744362228558,0.027977927846212128,-0.036786788292138266,-0.021208293253770313,0.20234374899581697,0.3620039682539683,4.0227739262993545
55,28.787004838048,13.9554983910968,-1.52172817790104,26.2813379912852,25.0114833466553,12.3493854807537,7.8221351215401,4.32366328026396,1.84807570645921,6.19788034945288,2.69409362429183,1.8378423218962,1.01298533092731,0.488599556774166,-0.336978218381567,-0.455546956957803,-1.14542390115478,-1.22333272067183,-1.4962031951744,-1.82771354235409,1.17541108766331,-0.0046155189497724,-0.361467805423792,1.68691919301803,4.64860750607934,7.52445019971533,9.73897691797557,11.8241747856918,14.3731498444002,17.3773683310896,19.985007946644,21.1236550197275,16.4120994206335,0.832288336746248,2.30132614748489,0.160903318771042,-1.7226647798195,-3.0218411524108,-3.36277803762969,-0.471011820802952,3.92950230159896,-7.25413642768197,-1.64342346989682,25.1254184752527,50.1360410260797,70.4112297910341,3.88872471516533,0.21514703727499823,-0.11034582657657321,0.020185737922065586,0.06572262482108653,-0.06918635641034278,0.07061497918623612,-0.224501069481632,0.006931618128358775,0.15958862588567532,0.07643026388614711,0.1479730031115024,0.18870156759125822,-0.0013724030734373223,-0.20789735641042542,-0.015036175767942394,0.08286502562563336,0.1413670568842217,0.06132883568029664,-0.0012893539229554165,-0.07470176130443466,-0.4308317862136816,0.31256935531468855,0.08446991373446348,0.04323407634842316,0.06534727397152851,0.19882027522105516,-0.28916873634277324,-0.5217216168348816,-0.15615717772125942,-1.1342175123350342,2.8517334014691107,-1.2000766047775675,-0.002738794491066983,0.008536750190213618,-0.15143496840976886,-0.02459509397901528,0.07815421648879983,0.11046927317840975,-0.16643435139662516,0.14421195729946865,-0.059003917539583235,-0.04303700019373227,-0.041358715377372256,0.045769492424159036,0.03662855029970599,-0.11146631224317663,0.11838513342163219,0.3862962962962965,4.4693408850348355
56,35.3036446277317,22.9943162842478,10.044671864695,29.0972126204142,26.4273573370486,14.1249213858787,8.68382809116272,4.15038711541757,2.54217025254966,6.86364353284082,4.94176744335634,0.706928917820506,-0.154733157432377,-0.12006268714357,-0.558769680628216,-1.11938101964899,-2.45122203276045,-2.624272734192,-3.02309593528489,-3.46740615304579,-0.136757689014911,0.146891914627631,-0.951942572320183,2.36419413656599,5.14988181602345,7.70755709752457,9.95323981870471,11.8706376627255,13.6637718013724,17.525677184544,21.1236550197275,25.2348253157372,20.5017612840705,0.443922049163072,1.97860478979048,-0.735339927186986,-3.4064221117504,-4.55557720339788,-5.14303752404465,7.00149592535007,8.34943303123826,-7.43123911554656,-1.60785063341321,26.8548147755898,52.708351958124,73.8817926087871,-0.0183646515436454,0.0064320502411863816,-0.35012288807399244,0.2462969514979169,0.03572978732753572,-0.004522895627019989,-0.18612569347598992,-0.01644151155099936,0.13424639059208646,0.012477243713145783,-0.2793837076292448,-0.41255127869910474,0.03531801440932844,-0.0036223541973513062,-0.15290640219022372,-0.1893816913452513,0.19478070157932312,0.24603932378526766,0.25838348398902183,0.03820685844768216,-0.15399676770126308,0.3445114415402469,-0.34546634108035734,-0.15529771636465683,0.0711678453840522,0.023396364837678586,0.03467476502609705,-0.10317184102586956,-0.07209663136795265,0.15563820670861309,-0.16050660397123526,-1.2005427753468445,1.7944872425762084,-0.437553700355584,0.09257130285076819,0.16297298389776124,-0.22700841549085796,0.14525205798084612,0.2748202963150946,-0.0963169837288965,-0.18459927251107888,0.20714053032294077,-0.07706351930219876,0.06105123119600741,-0.13623770977286992,0.04447456968692156,0.07894485013186195,0.013238527730822798,0.7737037037037033,5.022432211163949
57,23.3252710181362,13.1944614656813,4.20181535278356,9.78538600524713,6.10428692962883,9.42507593479432,5.40032719517077,4.69531548080269,2.5329835222431,6.45644119597068,4.986340192854,-0.372533389297282,-1.10399554486812,-1.15153001872719,-1.34459475669632,-1.76967611852476,-2.74930874951205,-2.69631670053809,-2.85938949242273,-3.05350896890278,1.42992262519916,-0.112058547880756,-2.40951028424025,1.6973032946454,4.15243710601963,6.2312737264185,8.00095454047888,9.7410383847621,11.9047681821994,13.3850214119952,16.4120994206335,20.5017612840705,23.2893933588761,1.04141980750437,2.49257826823834,-1.07947366113015,-3.29567053350216,-2.95014366344309,-2.87970344407427,13.4204929424942,9.59568513841926,-8.29629672401333,-3.53025301519815,7.62536143728732,32.1531345897303,51.2636902937842,8.80298138407787,-0.05663338744913999,0.31467908847333204,-0.2117292094067927,-0.09491331684192492,0.12095878213798082,0.21709915001457847,-0.034000270169575304,-0.07871375519756386,-0.11873719564322502,-0.05889114879416631,0.07643468926951956,-0.01991058248192371,0.08016881808955088,0.004226550514823309,-0.01502369704903132,-0.08178519057896269,0.11731935907724601,-0.0025123371633478343,0.001979401377990741,-0.025189263895304983,0.01626879940629372,0.051805186784156514,0.15310580373753901,0.12188339335784387,-0.02842943373729747,-0.1581129643147954,-0.046232716406333696,0.062307774140389106,-0.012640020390244632,0.028189070142928548,-0.002120558911098705,-0.43855392283781447,0.7254275374175649,-0.1531871957817579,-0.002282277848789626,-0.04138077183898192,0.20976020835206416,-0.02635964419366231,-0.04779705918662771,0.03020138676837243,-0.15036555648788966,0.14855096481371724,-0.018984065010239734,0.06997297008022042,-0.05316432678254479,-0.04323683445584924,-0.024215539061438824,0.7944444444444445,4.8248723671073535
58,0.548342003786271,-12.6252931064401,-24.643742570391,-5.49027616948657,-8.20020638010704,-12.553316754249,-4.22747247816204,3.89212130466787,-1.67987240214307,0.092816154353948,2.92335178339429,15.4773170917875,9.98855411157899,5.05458044420157,0.760500179978783,0.778474439386314,-0.0654298576439761,0.781525928123733,1.26337509054164,1.66716825154002,1.27435962896976,1.23125573551294,1.40678054686631,2.05511877199333,2.68768138927084,2.89575673491261,2.3723211459847,1.54858596414363,2.09011321058018,0.108691903391083,0.832288336746248,0.443922049163072,1.04141980750437,75.1091521424662,14.5804932463164,11.7142682405143,4.47494170091329,0.191241929515945,-3.2593087882948,10.9139474652234,10.388230983599,92.6963832900745,-4.61472749068244,2.32666827191059,3.92748280637304,14.8575871485191,12.2755084011857,0.010374971508117076,0.17407651993162077,-0.11252685410215665,0.1691489915618982,-0.13372500124898717,-0.16199130399208128,-0.14864985802053085,0.15400003208566038,0.17347309394809993,-0.19876766449026753,0.1381781351958996,-0.19357497372640575,-0.17549529456281113,-0.061681797789335004,0.18097117999013249,-0.10143298544267618,0.13205731260152254,0.02720634653082335,0.08542864524462274,0.18259293504268348,-0.03973314482501971,0.07910703840726453,-0.08737785453531578,-0.06126344959395014,-0.007634580242945114,0.05723240605620634,-0.007089673314298866,-0.015028645673786749,0.10344254556070864,-0.16793425453856178,0.010790546809228672,0.09196937809751532,-0.15315468483750516,0.6332810925930632,-0.16800024864905666,-0.03650718458655865,-0.03402832257349105,0.07338720170588213,0.10593256496357473,-0.1536443726190159,0.2693612261712446,-0.4016836216041515,-0.0071926100258540935,-0.03355531213943013,0.07197877548897776,-0.061090948942184156,-0.041214964232743935,3.0407142857142855,8.665976698703163
59,3.03823471996216,-7.6372186340834,-17.8123733769203,-0.393476584577101,-1.58535552037927,10.2673513402279,7.06767301315894,1.76582125172904,-0.431560344364804,2.38398679334634,2.83811590836768,1.25771958751098,2.00347836651148,3.0535434740037,4.24820461304857,3.17973423434291,1.38871748203056,1.20261341335341,0.610784333426732,-0.0463507239123973,0.0946835124715169,-0.991434130626952,3.3518815988656,3.95319788632909,4.77175311953131,4.99956698845845,4.53960299086786,4.09245825874665,5.54261302908405,1.66925221785793,2.30132614748489,1.97860478979048,2.49257826823834,14.5804932463164,38.1159141254203,37.2890355403113,24.1568257403685,15.0468159120227,8.72419668834942,37.9997121484814,33.698845029415,1.77458625724821,4.64910609831039,22.855491303467,18.6766573705444,24.3606049319892,14.8021278676789,0.09499599103189786,0.018651743338699584,-0.015157128333586416,-0.07924561917770792,0.08256955671951745,-0.06313323196561194,-0.046898458086880965,0.038121625992434786,0.03972367751731163,-0.021659340265253235,-0.28751848129678625,-0.19005028607115537,-0.016564962325333665,0.08969427713585737,-0.18605210434052774,-0.06515169340616896,-0.1526329914646534,-0.015834323004460922,0.03704343949941613,0.15169007213965918,-0.10096387337121271,0.11320801914797815,-0.41015923318799896,-0.04892528102237827,-0.13874836414262123,0.05926710946622811,0.23202159593687288,-0.04815983384760686,-0.21103889752264246,0.17790670840334907,-0.15094641505626832,0.1619942996980776,-0.0020595556219298677,-0.1680997374705222,0.8118452964564351,-0.6852983642370087,0.48741053999702183,0.15659928415016725,-0.23971577320010992,0.014368647092005806,-0.15958702158630605,0.1310925424107308,-0.018904489580198393,-0.027168233693873858,0.03912674630784665,-0.04957014259329918,0.006698681690635668,2.8730952380952384,6.17299879519025
60,4.19755398983739,-12.9849045117301,-29.6012068593277,-9.57305272373476,-13.7001809331699,8.49984016482302,4.70837752912502,-3.43338903489125,-0.0159531283923478,5.26492884961722,0.338940757961706,-1.25786907244334,1.32139627980206,3.01402918272631,1.61487232233304,1.09051715351919,-0.234537468359065,0.388045484587797,0.478240843823475,0.508184808589297,-1.54702867920297,-4.14402618803145,1.66109760083601,3.27333581652474,4.17631630228651,5.27364535138382,5.45856736731647,4.49263218033998,6.74211220425843,1.42549041774857,0.160903318771042,-0.735339927186986,-1.07947366113015,11.7142682405143,37.2890355403113,56.3817671908802,52.2844852170792,47.1797034858868,44.5067483567779,66.6870812397143,43.2128148153742,3.15054409432988,-3.29616051892661,24.989840190084,26.2535912385403,39.7140305002847,27.3234790875427,-0.14198297909784047,0.06440242573954898,-0.00022283418799150744,-0.007469128703875188,-0.03354682843368062,-0.009873077915569836,0.04456134646532171,0.08478379921077597,-0.010198552167732869,-0.0644562143139196,0.2109263332832872,0.062482968383228,0.005803962267388069,-0.06617838609352619,-0.22285604204238088,0.025564726558212614,0.031118994566590244,0.05900155239524461,-0.0070253327415976,-0.11148426227307896,-0.008293907509223446,-0.06187874875858054,0.21639113471769186,0.028589309688368095,0.055572240397809725,0.09023347169389119,-0.056328425894935495,0.022021800698763534,0.06500055796135189,0.22596009633349168,-0.022410449640220837,-0.23553475006614813,-0.03432959785214484,-0.03897857061265679,-0.6855326848851574,1.7377981942191763,-1.6598594242896176,-0.062205510592079655,0.4318953944582435,0.06504603032559614,-0.12325269061215528,0.008129715876629704,0.020059840128794748,0.0791879030461551,-0.10382720843892547,0.10392950233810466,-0.004641954315064385,4.142420634920635,7.508113424215179
61,5.01300555726708,-17.7829352707917,-40.1565833717041,-24.006659489361,-31.5261293819223,1.39854532381657,-2.04182676495937,-9.72686665097445,1.22368699509624,9.29248393379846,-1.68972278110482,-1.43360095254113,1.9729093619311,3.46047668508234,-1.73669725920758,-1.22252573555524,-1.37496385869145,-0.0469741556656857,0.711304985700816,1.38999134437756,-0.226956667575544,-5.79011641787033,-0.0055910698933067,1.09176557887026,2.38646833691192,4.24565265639985,4.88280638902009,4.29159867301031,7.95445862596848,1.0715880018031,-1.7226647798195,-3.4064221117504,-3.29567053350216,4.47494170091329,24.1568257403685,52.2844852170792,66.3637597675085,76.9124358803128,87.5376222194207,76.9060441875671,27.8836022538428,-0.559287742271496,-6.53724790777843,23.3173555131221,34.6726921236213,58.529856043974,41.9730038620695,0.1473106274077398,0.1033545036981677,-0.1094576705427684,-0.01014380036144897,0.0022278298227679113,0.03822409822489858,0.010253353160496047,-0.05533871452303129,-0.1630370099811242,-0.041846916509120036,0.08812724649908134,0.2968663903906049,-0.0416294963975285,-0.07944155597750424,-0.008755550257135761,-0.04107681150799048,0.022663402548092303,0.008683758334092257,0.015403643405227018,0.042565188280640036,0.03211168769540262,-0.08326692654043706,-0.1594653200089446,0.0973518344120681,0.1967992599671807,0.01054119040286594,-0.17525064651693434,-0.036118804697139614,0.007081801467451488,-0.31893103302479037,0.07274502238798741,0.13683207025469435,0.21538326643238662,-0.0434633688779066,0.4914941323355282,-1.6571859172795727,2.692575382921957,-1.0149030450823364,-0.09285485117145433,-0.07040929572472007,-0.016179081535899538,0.005483358760119049,0.013211402842620741,-0.022148738409243796,-0.02480588413997052,-0.07108215004594376,-0.04877587879530829,4.471746031746032,8.14578171617117
62,3.56106861692377,-25.7193327938578,-54.6297260246835,-40.3145293302109,-51.2835445408326,-5.67640357489628,-8.74858486616897,-16.1187009605418,2.40680338958466,14.1531859876583,-1.81912951351266,-0.520335856390923,3.08483090561844,4.32125929026682,-4.57369051821875,-3.12726595091242,-2.3616295909688,-0.458202722553175,0.806683069150534,1.95456456175248,0.55463797390855,-7.79780850714784,-1.956356744605,-1.37814837437551,0.474296709536415,2.80929039047157,3.57706604609601,3.59154233850347,8.59853647337373,0.301517835028952,-3.0218411524108,-4.55557720339788,-2.95014366344309,0.191241929515945,15.0468159120227,47.1797034858868,76.9124358803128,103.866355821735,128.376374274703,85.4536273548147,13.2013549694768,-2.78389767730904,-9.9548052499757,19.5220814051754,39.9182823563449,73.8537733816024,54.2070344856343,0.15285662941863729,0.03153659532366087,-0.06877971955483758,-0.005437208095127407,0.13509937831443208,-0.08234312055270113,-0.08641326707161126,0.05643502825934672,-0.18692877836766214,-0.010536081140327728,-0.13285963414958551,-0.270686847597261,-0.040159045925571936,-0.10801342647368872,0.2180844333619364,0.15092106653166595,0.20059157463262178,0.069879143191591,0.01401014786977174,-0.0034524801252311106,0.19289779083424485,0.1289855988895195,-0.001650443834987326,0.08045166476686078,-0.17766824628961153,-0.5007923956420306,-0.09986020262381451,0.03453228794220126,-0.17488344451369775,-0.01528767725273252,0.10523702246866928,0.2783074113398344,-0.025769408705476806,0.07608929991935626,0.15650025757946387,-0.06027135384468941,-1.0156847814877508,2.497479328758817,-1.2423318819432847,-0.03734530951073979,0.0010175817346913896,-0.018032231189252165,-0.03248341347330055,-0.157583814267474,0.2752759973827276,-0.20637397377254105,0.09049033331853559,5.123293650793651,10.190993858389614
63,10.735185842136,-17.5631479697116,-45.3616136482484,-24.2573814339727,-31.7636689922915,-14.1852615172081,-15.9544646867581,-21.6527489978995,0.446476379625618,21.9955264131534,-2.09205613273391,1.5677404811048,6.13535133826019,7.25210796114552,-5.21996361340152,-3.58027288392708,-2.66236219540579,-0.888912126704304,0.179677038931881,1.1201933033747,-0.137873853723559,-11.6563629826141,-4.17453103608802,-4.62164508009238,-2.2328057856728,0.530544936179459,1.86421612426093,2.86470887190681,9.11652086159964,-0.0621446059025028,-3.36277803762969,-5.14303752404465,-2.87970344407427,-3.2593087882948,8.72419668834942,44.5067483567779,87.5376222194207,128.376374274703,171.55940050043,93.8742254950837,-3.52188596307689,-8.13292201012377,-13.7631441578205,17.156124855139,49.3733618474237,88.760980169028,66.8952547619184,-0.09815734269711887,-0.11059716511261569,0.0815863648905061,0.018221000939605735,-0.07151950404755404,0.10076684107189732,0.007944798471326111,0.22311524263193633,0.08157440015266483,-0.4022432856742444,0.16309762844693326,-0.002482859299098447,-0.014657597714639082,-0.025279187958931238,0.09675748848846222,-0.11147263786177258,0.008142790362473513,-0.08405112084854073,-0.04443945664569974,-0.08188748976355753,-0.07949549258511084,0.1305132305204954,-0.16475778309165623,-0.009341642024714453,0.051418510235018484,0.3285385324258179,0.15339035205309265,0.03201391317931579,0.19384446592535787,0.05119080668104579,-0.16423935802811485,-0.09638267414333689,-0.050637169606595686,0.1098503626199488,-0.2415189346877843,0.43248114934349435,-0.09374754571058569,-1.2383177307676374,1.0880707738258033,-0.06956927050524093,0.1056524947039214,-0.06721844615533797,-0.008422574802922246,0.07350437646190809,-0.1405364579301618,0.10894523088147998,-0.14516569536738955,5.8776190476190475,13.097686837775212
64,11.9950597062884,-18.2360604560277,-48.21834426885,-20.4823048569565,-33.3773305769949,4.5420331403687,-0.0525963487089369,-7.66684679047541,0.312305514424197,10.8393703347099,4.76687098786668,-8.54898019250256,-4.90375531548272,-1.84302770352023,-4.682359411344,-2.98088163770339,-2.99935988300747,0.665139220138504,3.47052208793683,6.16635763231432,7.38942413099804,-4.3455453459395,-5.8547002319379,11.1644759108581,11.2446517061271,11.5841548486882,10.6100557195887,7.34687347422596,8.09416379610677,1.68476703418659,-0.471011820802952,7.00149592535007,13.4204929424942,10.9139474652234,37.9997121484814,66.6870812397143,76.9060441875671,85.4536273548147,93.8742254950837,215.597332375479,99.7297053204111,7.11855178294028,-6.34109733132573,29.9251078431824,48.4394587381609,75.918200549667,37.0822015410022,0.058861073399106185,-0.04530654253204338,0.009652192868268187,-0.08272434111074334,0.04936064106542108,0.04886277485749112,0.13126094955976142,-0.027560085615266374,-0.12197277138543086,0.16620582508322893,-0.02838551697683648,0.10563934584396584,-0.023483777944228627,0.02631313046473802,-0.08074683191094968,0.03414988755880417,-0.10385030775345999,-0.016124360446680596,-0.026594727902158326,-0.03988628385124999,-0.11427743170293454,0.08752711256841782,0.10314532724938322,-0.061000958145834394,-0.02985935155989905,-0.05514373157900972,-0.007062256840854852,0.028369783212670148,0.001375956654730315,0.06500499930598046,0.14348386688631987,-0.18437769324786926,0.030691035456965485,-0.15371807189750444,0.01500493288652478,0.06203518305632476,-0.07076008231869281,-0.03734798182182701,-0.06930086085183268,0.21937151739926897,-0.21198530125255302,0.11365630238191735,-0.014509287313611287,0.04964211386997949,-0.03962351361457463,-0.015409495042467662,0.018274229295116982,7.075000000000001,14.682892507114493
65,14.7991509614917,-2.57570761494665,-20.9544437217018,-9.55419093137162,-20.4963386245626,15.8753873741061,9.94473225751777,5.22599527263269,-4.32336849779427,-0.798498609961233,3.86657605419194,-7.2004663962903,-7.33901523634486,-6.85812407019736,-5.3005440652778,-3.99853941774767,-4.24382187772851,-1.87424763700054,-0.134377216933936,1.56975224219775,0.346683224329462,4.25282053611295,0.702765791750154,10.5263016102715,10.2236932848958,9.83919121749157,9.01359469599451,6.94995805706734,6.15504957450577,4.25230623079678,3.92950230159896,8.34943303123826,9.59568513841926,10.388230983599,33.698845029415,43.2128148153742,27.8836022538428,13.2013549694768,-3.52188596307689,99.7297053204111,99.7500143678161,26.2793280816331,8.5978634357991,33.4080193981027,31.5709607979318,33.0293757050365,6.52159720545688,-0.23548669550380724,-0.04430310286857901,0.1108508878818409,0.1601498117057131,-0.11370689863040497,-0.060336147560552715,-0.27320873805217993,-0.07888750174449015,0.3757157067916787,-0.08252309309675546,-0.08981035844986134,0.030737170880784356,0.009412087292949947,0.0323182511437471,0.28691880354638893,0.02064478893008132,0.0771705413369539,-0.017966656462100262,0.008402921015790366,0.05073364136440612,0.10634753352810457,-0.1869118726422313,0.06298760196296617,-0.034593804262095976,-0.034050762666622846,-0.0154573670749412,0.002567149478895069,-0.019848200933876944,0.0271461234603052,-0.1704015359130612,-0.057201912629167774,0.20897911080778,-0.15306308688812123,0.26912305165037687,-0.16120724205508025,-0.11434130532161434,-0.014201468093192948,0.0015437979863353404,0.1058074055859993,-0.2115404742187032,0.5588580766955207,-0.22222992940695122,0.03848932042126962,-0.10034209452018679,0.0811376234983754,0.09934593518146327,0.002707925896263884,3.5583333333333345,9.986992258323626
66,-16.0529210593352,-36.1971448462709,-57.3151917483798,-34.1988352614767,-43.3675745001614,-31.0826634941691,-15.3938691825367,5.98973934239873,-5.0607954481799,-4.13448583597778,2.55754901696003,18.4091125913823,9.52722249641476,1.85757356105018,-4.28254870298363,-2.21293242213963,-1.87919753629002,1.24409299761496,3.72341389315986,6.12478587381434,0.656591960601432,4.75814528626564,2.1908752141516,1.92747768822705,1.32987066934957,0.541024781303076,-1.07137093224601,-3.84130239795742,-5.41249289807626,-6.84650449381218,-7.25413642768197,-7.43123911554656,-8.29629672401333,92.6963832900745,1.77458625724821,3.15054409432988,-0.559287742271496,-2.78389767730904,-8.13292201012377,7.11855178294028,26.2793280816331,157.025703703704,-2.90905196735994,-4.6228676497709,-15.2623586752954,-18.2459423868526,1.09822764865781,-0.06287361790002823,-0.1578424002436327,0.11642497143422663,-0.2718983344530139,0.24511678664382144,0.2634104569297409,0.06989279730057293,-0.14570983241846566,-0.09986338434204454,0.13125429603338803,-0.08073097829171581,-0.1284700977361872,0.06996389830512198,0.08920387487519137,-0.05288246471863756,0.03227827241715222,-0.0057615720741212425,-0.02100672195964745,-0.05990493476075131,-0.15820990115931127,0.03834177802499836,0.0031977702594457556,0.07705166305436001,-0.056840226038490406,-0.017295930393537697,-0.00404889130759894,-0.023357489908645362,-0.01056423560670321,0.06152712042898901,0.09893140382971394,-0.04682041395300633,-0.07729700397398202,0.14985728960298336,-0.40052483338986156,0.131572086968993,-0.0010357233269683427,0.0031056287024798495,-0.01699686926165462,-0.06604871490814697,0.11292287211094662,-0.221239783982306,0.43421227501180765,0.007630805737926199,-0.002405772254507252,-0.002243268462575452,0.044023349832420844,0.0048221574324515465,4.424444444444445,12.53059071647078
67,-25.1237786883864,-50.5695364963696,-75.6867792088447,-30.4434440444928,-36.2605295594405,3.05832170234988,-1.16837746196088,5.35694329224208,2.01133427809594,-0.0807178019291138,-6.05411648695048,8.02299026159023,4.18136884990876,1.05459996374803,-1.29788428245523,0.663916869618471,1.04256790854958,4.01091766151035,6.39514883201001,8.69600058571571,39.5296727770343,60.3683778523994,-0.35214643393329,0.377872463485144,1.20228784430627,1.60818456708954,0.99355415322,-1.07876380916302,-1.91216805120668,-1.68544174823182,-1.64342346989682,-1.60785063341321,-3.53025301519815,-4.61472749068244,4.64910609831039,-3.29616051892661,-6.53724790777843,-9.9548052499757,-13.7631441578205,-6.34109733132573,8.5978634357991,-2.90905196735994,300.842578943167,113.360009379951,50.7577269310708,-19.2353528499218,10.8709477712769,-0.06023845302486736,-0.036389520898160284,0.07405881858227019,-0.11410125702511065,0.08316674414242217,-0.06663546979207238,0.027176874338825947,-0.08971659964318342,-0.001706787292121654,-0.013230523143571715,0.0441502987991425,0.0400031893169389,0.005491788196695568,-0.08503468175279437,-0.04735486281096182,-0.01797515898237873,0.011411731262154789,0.0342191708880369,0.04472654334473,0.10249090110616163,-0.02509316034214443,-0.36767021055239146,0.14133465249934823,0.004985281722774069,0.0011065789933023338,0.015697046111104014,0.02188238076116963,0.008108131595230801,-0.00036322973717818136,0.0033065743947968975,-0.04123352934093611,0.061807101553285046,-0.019560415771850765,-0.006483565344398893,-0.018889562337803676,0.01987090582821373,0.012420446010727622,-0.03167974759536834,-0.008145533277096193,-0.014768537085960775,0.03864179568902726,0.00749871180410929,0.16646184286479435,-0.07164904590212871,-0.003815910877682405,0.0837589198927812,-0.019099080921625,4.469722222222222,17.344525907131835
68,87.1391008747546,44.5519412577545,2.26280991843068,36.545517621776,14.8656249994852,41.6699761895579,22.0284381703102,-0.960069630432701,-6.33202187208435,0.0862247313127611,-3.16690814370056,5.54230716841804,5.89162887843261,6.56238687541297,3.32161761393804,2.13774487151393,-0.581086345701479,-0.751289342069805,-1.43382949861089,-2.23028987542914,13.347746123595,6.06633256612555,0.0794801692273398,3.30182718598793,7.20442618155039,11.3960375175373,14.2206010607442,15.141140944326,17.492958768314,22.1320433896627,25.1254184752527,26.8548147755898,7.62536143728732,2.32666827191059,22.855491303467,24.989840190084,23.3173555131221,19.5220814051754,17.156124855139,29.9251078431824,33.4080193981027,-4.6228676497709,113.360009379951,256.947623243934,252.83656728057,209.742477198339,-9.58862687838008,0.14219190489552463,0.06915038520045758,-0.10477096382105976,0.1022271962131369,-0.09314573403068088,0.025207784140057185,0.042921327363345696,0.015744649975099962,-0.008691796039485156,0.09265682153010006,-0.049585855150641726,0.09019906119207725,0.021632702943661642,-0.0009603539311994957,-0.10358965661551901,-0.045618901283352456,-0.07477524162014841,-0.019999360406585977,-0.006015802894006977,0.0034609073640119565,-0.012851696885285317,0.10268263592045773,-0.0053277990368148925,0.026416584710672205,0.018562121261424844,0.011963338716724451,0.0018485517296725194,0.011310468088313656,-0.03022061950102058,0.027671348412620558,0.046980512721665514,-0.13709538912722666,0.07060287632678841,-0.03406773380558086,-0.025900636244596733,0.07831393041869752,-0.022224487105129358,-0.15670787131373887,0.07266566516174804,0.04988227413959512,-0.10077531181228193,-0.0016825819927753342,-0.071596197293094,0.22564601089321323,-0.17071277170641863,-0.043781669001513604,0.03698149566991737,5.428888888888889,16.02927394625014
69,229.836230037999,159.532626376621,90.165234972991,112.942488011844,71.470819609912,86.0227558695362,47.0628589552517,3.98732560908726,-3.14272170076964,10.4582718849065,-2.76750820591011,8.53730941678975,8.10328790736903,6.44097650065798,-1.9847722399859,-4.64130944341556,-8.20612817432168,-8.70071501175295,-9.78265117935652,-11.0256121903605,8.37649446880319,3.88254512215667,1.75058231641947,7.91128931740448,16.0556656198179,24.6572222831719,31.5291755953792,35.9728321638698,45.4782316009217,45.2690184431946,50.1360410260797,52.708351958124,32.1531345897303,3.92748280637304,18.6766573705444,26.2535912385403,34.6726921236213,39.9182823563449,49.3733618474237,48.4394587381609,31.5709607979318,-15.2623586752954,50.7577269310708,252.83656728057,397.266118773946,472.463503021776,35.2428616455447,-0.17668613596790084,-0.020867073538292553,0.07750078020105138,-0.09174780692195418,0.09201652937805292,-0.038626069185528036,-0.04988110989248175,0.02433856156319301,0.077587878198889,-0.007040542654976883,0.05275066340890293,-0.22755261041368954,-0.10129191904671134,0.05846401284978218,0.16839774242007813,0.036594792022461145,0.14163730335828525,0.02745769763609671,0.009459605982883486,-0.015679245505871495,-0.08638285450541129,0.1780274799601047,-0.06121267835078752,-0.09022768789045882,-0.02641594763365911,-0.015746811489449022,-0.06962780871039824,-0.06298322189035686,0.029752321921210186,-0.03626466257398398,0.034735489367185554,0.045182991661643294,-0.05362799851846199,0.07210942476580437,0.037150466071271045,-0.10295460864565832,-0.025615529855373513,0.2738012033145388,-0.14014193770479433,-0.039914831348765306,0.08238805939754394,-0.0029239278893174675,-0.0037007294387666058,-0.17123985620806634,0.32135180627381127,-0.04032103770620649,-0.0022659555353588784,7.079999999999998,19.931284925311424
70,384.475136803852,294.200307353415,204.83629313329,202.123471571284,141.091674814715,130.003088328993,71.6200208893079,9.75598460801804,4.08847666787868,25.9471827895696,4.41804729901135,7.83421043154416,10.6163912255524,10.5438028456254,0.144361841583483,-6.05734806215934,-12.1877060202482,-15.3442497514722,-19.1058391911956,-23.0075023089309,-2.03466604580458,6.87887080682798,3.5654154461621,12.5516983727095,24.0812592514035,36.1302833335701,46.4919536551692,54.4375316037195,70.6823504337366,64.3395925140644,70.4112297910341,73.8817926087871,51.2636902937842,14.8575871485191,24.3606049319892,39.7140305002847,58.529856043974,73.8537733816024,88.760980169028,75.918200549667,33.0293757050365,-18.2459423868526,-19.2353528499218,209.742477198339,472.463503021776,755.820256704981,87.35619348659,-0.4231135546181096,-0.052687242151590694,0.19738613390433413,-0.16369739057773758,0.10687667306016582,-0.06032702351342783,-0.005673794641087245,-0.06169379188085706,0.07604760087941485,0.03170257283873883,-0.09922313429954731,0.12737096921820681,0.009781812712090257,-0.09525984681634452,-0.015667388926519164,0.10168354983370013,-0.09441846132043688,0.02333007935961398,0.009403900003559578,0.008199881975578055,-0.09295185492900757,-0.1983983528348924,0.07164213232536573,-0.08623768258909235,-0.006224166764950454,0.042935232907279394,0.04955824325441491,-0.002719702658864948,0.02312994145124311,-0.02076238451036571,-0.10992873114067091,0.07995084596688821,-0.04428672908302589,-0.0596857014792138,-0.04998392659776341,0.10367005687977487,-0.07217361605229622,-0.2043926350818025,0.10970986725147441,-0.015618797014310598,0.09913022618896962,0.04383410444098106,0.08403703853801223,-0.04423279866504714,-0.040430136862280655,0.2973458325682378,-0.03539948982891238,6.536666666666667,27.49200350474627
71,19.7829899173193,-4.97586895989342,-29.8865438138048,-11.0679956371107,-13.1336654331638,2.99518395917831,2.03737510678991,1.07721125409235,1.2733775017426,3.78967346318785,2.19942374474294,5.28458612411048,6.01238049136647,2.17219379485934,-3.06863046866709,-5.20287173492856,-5.29670730036914,-4.01152447306969,-2.98436935092913,-2.03611178820395,1.57160356586546,3.07275355804051,-1.68414145920141,1.53644223811181,5.96169251165657,10.7392509003854,14.5500157555848,17.059732051345,30.5000391419893,6.67347761228774,3.88872471516533,-0.0183646515436454,8.80298138407787,12.2755084011857,14.8021278676789,27.3234790875427,41.9730038620695,54.2070344856343,66.8952547619184,37.0822015410022,6.52159720545688,1.09822764865781,10.8709477712769,-9.58862687838008,35.2428616455447,87.35619348659,139.49793813857,0.08090053406830297,-0.02709195359469143,-0.0038225492115601936,0.10840738905803092,-0.0791759892857672,-0.0036889390870858576,-0.07141482971926197,-0.09900730839976582,0.15183835455050318,0.16037089796011164,-0.08501567983940934,0.09634128218995872,-0.06154137560382709,0.025577413384328607,-0.10252058405458343,0.020285541228930313,0.0741763033214215,0.0474419912888606,0.024504357047152717,0.0042153265945872355,0.008228445784929546,-0.06667436413463174,0.10085738465734478,-0.001947869294548256,0.035239912503527863,0.08488475554533594,-0.1330228686780139,-0.22648245561863278,-0.3370963424886625,0.20269906164727147,0.11890336805313582,0.013310469701254348,-0.024073268843686112,-0.04093192395862115,0.007010756029059785,-0.0031282715823327434,-0.048607917992882166,0.09096661609847125,-0.14504363661348643,0.01796811245736605,0.0032304071879719126,0.0045736818863563395,-0.019088613136317826,0.037038767013087184,-0.002211274435686742,-0.035075063190860546,0.23763482502845532,1.8663888888888887,11.810501180668398
