,Cov_0,Cov_1,Cov_2,Cov_3,Cov_4,Cov_5,Cov_6,Cov_7,Cov_8,Cov_9,Cov_10,Cov_11,Cov_12,Cov_13,Cov_14,Cov_15,Cov_39,Cov_40,Cov_41,Cov_42,Cov_43,Cov_44,Cov_45,Cov_46,Cov_47,Cov_48,Cov_49,Cov_50,Cov_51,Cov_52,Cov_53,Cov_54,Cov_55,Cov_56,Cov_57,Cov_58,Cov_59,Cov_60,Cov_61,Cov_62,Cov_63,Cov_64,Cov_65,Cov_66,Cov_67,Cov_68,Cov_69,Cov_70,Cov_71,C_0,C_1,C_2,C_3,C_4,C_5,C_6,C_7,C_8,C_9,C_10,C_11,C_12,C_13,C_14,C_15,C_39,C_40,C_41,C_42,C_43,C_44,C_45,C_46,C_47,C_48,C_49,C_50,C_51,C_52,C_53,C_54,C_55,C_56,C_57,C_58,C_59,C_60,C_61,C_62,C_63,C_64,C_65,C_66,C_67,C_68,C_69,C_70,C_71,Mean,Std
0,27.7672050517951,19.3270498517093,-5.95111733120265,6.92422439431081,20.6069233562103,7.72098760460771,-0.445543709559704,-4.70774252840927,-3.03847725944055,2.40020842141748,4.32192396039534,15.5998424129163,3.30895341271826,7.60360825468697,6.0271821933388,5.72030283601231,2.06692919400438,1.774121190743,2.1160788000413,-1.01527016013161,4.62967661837743,0.751269464713199,0.808117918027149,-2.99597685087052,5.38617158230837,3.41776291586743,0.447198039470743,3.42754377057099,2.6571058721698,5.06881428481387,-1.31292969934086,15.1296328311282,2.60670664735814,-2.26356240712769,6.82693509762156,2.33006003948185,-1.93868607768718,1.90404402408316,4.66891744172555,-4.25148932504695,16.3485370517691,0.815127092248355,1.3626998096243,0.335492702198568,0.482086507100263,1.18974134465702,-6.3112597235632,27.2528115491852,4.91268688790322,1.8735625166081464,-0.3852022844415857,0.22502967656163272,0.2694602939619268,-0.5712705873885062,0.2121469222697274,0.08757236740171088,-0.007158992313992728,0.11859487999992913,-0.498957140092269,-0.09031286731611853,-0.42458413012342333,-0.1290820612935551,-0.23142649257310124,0.046722323875231356,-0.01574425290880737,-0.038767144381448945,-0.0061968045836758795,-0.44028098223061496,0.4472566459545377,-0.3611100023477435,-0.17443298674221383,0.32454432653850657,-0.034624093362315395,-0.282298542180001,-0.10065239481932568,-0.07987415421410739,-0.025502828423618056,0.01745765203333942,-0.2100721557123612,0.4043362643470862,-0.5123918241596936,-0.23784758937895664,-0.06482938883224008,-0.027125993558540257,0.27114809851767746,0.16950879470450206,0.03078698389784047,0.009324965246480342,0.023370983147431575,0.05432766048982752,0.27813867839447465,-0.3515036165164822,0.19815053231520346,-0.05036923553661884,0.05744641385137421,0.31543480807423924,-0.17117894267665076,-0.09807611371031971,4.075687830687831,5.268510705293774
1,19.3270498517093,40.7123282312925,10.6452126461815,18.336227100008,18.2650731547946,15.2197898247055,8.12840587100324,7.18478230537637,1.02297293599524,5.1469025224619,18.5646990757401,19.8231695525278,1.82030500828351,10.4977921356263,11.9272813668464,5.86750339360781,1.54129286434625,4.10921660598048,1.09920923400287,-1.72429616656233,-2.04217390223568,1.02369295319577,0.0845308000115489,-0.76400281725869,0.872978651023927,1.43443980181029,-0.1621573402062,6.24612904321077,-1.14893975542252,5.62097488094254,0.851010648285668,15.0064221774924,0.639025390140606,-0.153989002635124,-2.07655822659903,7.91192612018197,6.79714210767505,2.34128896067486,12.3404556298041,-4.33373344102991,5.20755061102453,-4.07226281386027,7.3857232154132,14.5348173311149,1.05823250658742,13.283366540392,34.2856678321032,45.2712121251182,15.7296672158435,-0.38670024087268556,1.8469564274716068,-0.2574334345137954,-0.3711392726120843,0.08310514055317321,-0.46554711435180784,-0.2491998445978251,-0.08810157904290068,0.24298125985129546,0.5031978416807511,-0.05849275451104902,-0.10396846250488043,0.06909469911266919,0.027838526178198833,0.09502313008395415,-0.17846548236877846,0.020578805714336717,-0.030996813840966354,0.07717676439413576,0.19150418104902828,0.07779449507996486,0.012576847947631269,0.07839036272672181,-0.038756266274662304,0.21296582207673678,-0.46364701047910306,0.3743450504693373,0.01778785022027435,-0.04467219540409931,0.013392689134309146,0.2966348751469864,-0.7965248893180864,-0.0329970376319284,0.3196531805845325,0.1140665050957516,-0.10938351580120324,-0.20490683451354005,0.1824058762503704,-0.08830491989358816,0.3364834048816203,0.2419327969137359,0.18221687939375936,-0.12962920983335804,-0.26290605927032085,0.09269833879073268,0.0515294265104738,-0.21154994616640643,-0.436681728097037,0.08818312942763266,3.7507142857142854,6.379837633615179
2,-5.95111733120265,10.6452126461815,58.5931125672598,-1.24999855985078,-0.982926811804929,1.34946453940258,1.31286131873563,14.0998948048621,5.14219343987938,7.74777074051695,1.64793915087705,-6.89372493603564,11.9048026931161,4.91701354309128,4.42470070450509,23.4674081717853,-0.760136309242025,0.701286975994867,-1.67048572636857,-4.17303257415472,7.3310553869788,4.2952031595651,-2.53797510847255,6.88372574685607,-1.29549559586894,1.56951379490864,-3.4351331914158,-0.83855359264565,7.90944100164267,-10.5159298830563,7.71346603710298,1.0541415970687,4.97450381747205,15.2129603078143,-3.82929155122724,18.2027426099038,19.609443383565,0.786324826285095,3.35104621221775,-4.07538131978208,-16.3168524955987,-6.60406191539662,4.93333514211783,11.7682124238851,8.93244387428095,44.8578236338755,-0.658608232840676,-3.99856485559536,25.1387777721321,0.22577561256645204,-0.25243772440257817,1.2331782344554654,0.00449857686941675,0.1615691648601964,0.4808994228338746,0.08165363344105896,-0.3470405010465621,0.2238736077684037,0.09214953702684817,-0.062298424846315155,-0.09671673565818784,-0.024911429378593728,0.32680977952596196,-0.17346638798964062,-0.30617539943344246,0.08847986358588202,0.008462701392973488,-0.029232579381459626,-0.013345899372640361,-0.3233877343977925,-0.47154286100044546,0.3148804632395321,-0.16801494282310986,0.2291354350266659,0.19008541470994447,0.08647995563022166,-0.23097707365210027,-0.28991984026667433,0.08562134841934047,-0.05752844744067923,0.07798052117577803,-0.02253402000014558,-0.18540554940919332,0.5371541993413693,-0.23998230020960645,-0.6273511498254137,0.10135139826792264,0.09086188351447633,-0.064522012338462,-0.11830545805755407,0.11014931020616722,-0.003203614519537439,-0.11355935393027485,-0.24820358170973633,-0.3362373269876161,0.2191388045018668,-0.09407000332628093,-0.22233518108518857,5.699378306878307,7.653960580461581
3,6.92422439431081,18.336227100008,-1.24999855985078,68.9757605378824,12.4030983508388,8.19279024967806,4.74109076986397,-0.0603168169780844,5.5251592520551,7.33608609934386,5.92209936534273,0.78614109767794,9.20477896558537,20.5972313297923,9.55711731003503,19.1997868325879,0.269876903530871,-0.0512506070496632,0.532839733482329,5.1383272174548,-1.60092530952217,-1.97551692234688,-0.538985780199061,-0.623617981840662,3.37482703920365,-3.16931247207968,-5.5247378159712,4.43106040663248,-0.783402603961125,64.6679095558396,5.11335121642385,0.0554334482000674,4.72799993183547,-5.25298773338386,-4.92097183884616,-0.526119933219359,0.809755011942389,-1.29505316479637,4.91967278573189,-10.4745271257376,6.71415836326239,0.746923168099408,3.14466543643729,6.2763654667606,-4.5278274944443,16.3229509300666,-2.57227065090611,3.21866281742956,1.41616153510476,0.26977030330973717,-0.3693342148546227,0.0042241937856398555,0.8483079431320729,-0.33149752100323665,-0.0514215059844371,-0.2890178233819175,0.08541163669385772,0.12414498991685989,-0.18413505591215232,0.0019077005553388658,0.19788377798060516,0.15511328389400497,-0.2122218897245783,-0.01055022794830019,-0.15320880557923494,0.12540765958740144,0.32673163751619616,-0.3395647033887541,0.1452610547640719,0.07939643449148456,0.006935146796266996,-0.0856505481459532,0.1084996513050005,-0.3477188910949444,0.09505490158421492,0.40511455915744876,-0.23407727735820893,0.1061200350806044,-0.3830969507978096,-0.04855819041419172,0.25997136428581763,0.12520298327656154,0.1275922503191964,0.1662478506134369,-0.10619398884312586,0.06972501438142915,0.38747594276049485,-0.009890510299392514,-0.026574356476665388,-0.2414161075190626,-0.021334657175939638,0.0024920505890876714,0.03615148635259372,0.18030581325412956,-0.16320965808457422,-0.028648790808169025,0.09607190151189754,0.15760741628176855,3.7436026936026936,8.30456263375034
4,20.6069233562103,18.2650731547946,-0.982926811804929,12.4030983508388,55.9858915474236,14.298699765041,-1.76284517656746,-5.6224534223772,-0.204208109561067,2.38114135683684,10.2663806811209,5.97354161914503,-8.58094116373103,-0.744077568374204,0.860396421566418,17.627816831953,0.345267054663622,0.436750363640659,-1.41039423104218,4.81876503174326,11.5646703468616,2.93130082504995,0.372515825715894,0.855736062424887,-1.0792805075984,1.29473874113105,0.787118227725969,8.1415597329952,1.05727742491195,-9.25616843788125,-0.810820989459481,7.65744443634303,6.62189329150682,3.27219675790358,17.8740450398034,6.13616887365769,7.13579694761356,0.575151241972529,5.15041558094484,-9.59641296963503,8.79922337322959,9.53990420308136,2.71786624915762,10.9049953028266,-2.07763690398065,4.3652164109264,13.7122424340275,17.7818549664962,27.4588575075983,-0.5720039699834594,0.08424329111508402,0.16435287322822323,-0.3299646621060729,0.8964071067061148,-0.15214643977837197,0.3803953820126219,0.1241963480635149,-0.018426774088642864,0.0933193469138182,-0.1445458844062443,0.10206304798844398,-0.0420972544425453,-0.08760953764798453,0.04039262624840793,0.0011481465260157113,0.05396601546807444,-0.14736020847531694,0.15108897390508075,-0.39254568485362784,-0.04377291728526585,0.048589930021431346,-0.05045164882256295,0.10345625352308908,0.10603064024428288,0.1015610909622553,-0.166189618372869,-0.5899734571882689,-0.1052436271783618,0.2855839536652121,-0.04596792701256192,0.08302012662792303,0.11507871918652658,0.11318426027475073,0.003331437521199612,-0.23241841293590143,-0.2172202537510341,0.08572243877034504,0.1461501045417675,0.12481098871340245,0.04549914250723361,-0.14564122326741596,-0.06949883961411464,-0.14571217238517378,-0.16068169439552296,0.21789485883389983,0.02908110991803801,0.08680747289755598,-0.5375148060515103,4.200476190476191,7.481703786399431
5,7.72098760460771,15.2197898247055,1.34946453940258,8.19279024967806,14.298699765041,40.4307622609708,3.7977090513595,1.28216844173226,-3.61796289063379,3.06879479274449,12.8935165103259,18.6932545982009,-9.44133873846077,4.51374352174877,-3.14428838880945,-6.67507496616642,1.7912691618455,-0.919594675579897,-1.75345826482145,1.48543385639664,14.329670703358,1.02633806281388,1.60468757454324,-3.4287633173991,-0.412916916183652,1.70170303079681,1.23243111595825,4.61368138356212,1.94974738072118,-1.04531730055,-1.81761211205859,1.04027765453056,4.26067076188182,9.78991462919063,1.99631889461029,3.44131445091528,6.20902623534805,6.12221935366306,14.1552860374288,0.956625948287657,3.74076149626312,9.02818187725348,2.79026159488708,12.5756528614146,4.73547573828876,29.0609785744228,-1.68544691221562,7.94082970397521,4.60108267712639,0.21256852897031533,-0.4633913861362065,0.48109758490618915,-0.048330768675143014,-0.15011104690832583,1.280025384357942,-0.18667450174516936,-0.0337408377997649,0.13241428676119035,-0.06526271273146243,-0.2577282094745832,-0.43844721906399464,-0.12632290462098816,0.28956948907279,0.13532994282159536,0.1419959110716901,-0.16741842487870764,0.014415343740362269,0.07653402205312995,-0.2962018615730669,-0.29505837381966443,0.021423129991590715,-0.09867489016676571,0.061928677166220344,0.23715326740520004,-0.4354411362826226,0.18907284917199044,-0.014325913253884034,0.08106266676298345,0.02751777322746687,-0.26752329244429823,0.07897740141253015,-0.04774436631282666,-0.38967943631901825,0.062585598159596,-0.10742987039212187,-0.18382416025184897,-0.4562467193844972,0.03672639213495046,-0.14203936242427714,-0.01988836779956315,-0.17664722931073806,-0.2088242130362962,-0.26220215412010095,-0.12991574993064073,-0.35365718403172536,0.14690476388218204,0.1598370318153388,0.20861643353510395,3.257777777777777,6.357732477933529
6,-0.445543709559704,8.12840587100324,1.31286131873563,4.74109076986397,-1.76284517656746,3.7977090513595,18.4475495152084,9.80245530049735,-1.17681319730984,4.62939760943885,9.91592196372034,10.8887366575022,5.59302985927147,1.24968232667047,19.1027167919129,-1.95856619648773,1.65160975609024,0.878053827239374,3.34300960915202,-0.782611012852096,-3.13077785588737,1.71123118048054,1.73011049259854,-1.38519598324366,-1.68691140494444,-1.08663043835751,0.117158129358736,0.365380126358772,-1.42699932561574,11.8314056549066,2.64312789198486,-1.61967270466076,2.51559121113187,7.63655219860937,1.12939078175361,-4.26851549229523,5.98048462281756,4.26203949505237,-1.58392598986645,-4.89951549864305,-1.38561828911347,3.02581275684226,5.0418107647136,-2.25419948616749,-0.213402408303206,-3.74641417194192,44.9578624792852,9.33396067984164,21.4402260831821,0.09122435828225214,-0.2499646454142272,0.08025620894549931,-0.2878581057756837,0.3805723918558315,-0.18921729897499812,2.0589819135244904,-0.055347751200105,0.0868576963404662,0.057523785266001395,-0.20247950075138887,-0.08790529713589064,-0.3488146634376453,-0.049091928367374575,-0.229930630156161,0.08964478768287291,-0.007419127115408623,0.3059283556478351,-0.5005861285035458,0.5060423655565995,0.10116733887676416,0.3077660039743355,-0.2791945598751418,-0.2776212632522755,0.1543311461640457,0.3918310032152856,-0.0256531926170799,-0.29872087868294317,-0.27095423541542024,0.20258601793347214,0.035595587653886734,0.4896670215171423,-0.216002556162249,-0.0022226696286752196,-0.3304473467356173,0.2666537273516512,-0.07303822271225477,-0.6708749205285013,0.015574957759960501,0.293555784907844,0.1772294359855613,-0.18716674251582904,-0.4123106667580427,0.2517381867317858,-0.22424739941755398,0.1841929519164593,-0.07412822602165953,-0.0906378699119569,-0.24411687015217706,0.5849999999999999,4.293896775099324
7,-4.70774252840927,7.18478230537637,14.0998948048621,-0.0603168169780844,-5.6224534223772,1.28216844173226,9.80245530049735,19.8924732517528,0.63771502471292,4.33384887553544,7.64577775441055,7.27069305587797,-0.980770953183731,5.59515984089088,14.0634352293386,0.0307378928340745,-0.448757301371074,0.0364146815338333,-1.10231220981464,-1.41708649679426,-2.47582442064468,1.93567629213171,0.215337221735969,-0.582341137690976,-3.09899741529236,-1.14478545673502,-2.32403710490449,-0.862416635265116,-2.63422096670379,0.344882510255716,5.94200063057586,2.25919343443117,-0.982277696223173,5.76113568963393,-2.87821046219121,2.54355745342304,7.40025553357185,2.22740778751237,-5.03340782976796,-5.71350965529328,-5.73771788508466,3.93244611833437,3.71906753552463,-4.23359398692599,3.72631045232183,3.88892924819522,27.1033058246727,2.96880875446689,11.8296437852152,-0.007024146636952582,-0.08870621987422718,-0.35088265205405716,0.08805706797421362,0.1214124814762791,-0.03461030660809845,-0.05564506692039089,1.970620439368575,-0.22474600489407875,-0.41849621125285885,-0.10697112206996504,0.06460122719950533,0.19601935181588964,-0.7331197300323623,-0.1430673673087852,0.28097310567898465,0.37960757969914993,0.0324872616426161,0.13968223485533787,0.009944035208331902,0.00033259560906869406,-0.04531721173135113,0.10365101246979062,-0.21408018425981146,0.24181706667373595,-0.08772121260203394,0.3289359380342773,0.1989421270128498,0.22277595631220073,0.14551615149401217,-0.2071273297249077,-0.20681679086584476,0.14087579002228803,0.048692153552990454,0.3666035437738273,0.11955815015509803,-0.18955281622166015,0.06964911764112369,0.4083633468184415,0.2588116565810744,0.10506735574321004,-0.6647131418815125,-0.5907764968137363,0.21817756831036514,-0.3299352782831785,0.015006329650026724,-0.19186556809461186,0.0492456689636478,0.09892283484207155,0.7623015873015875,4.458976704553725
8,-3.03847725944055,1.02297293599524,5.14219343987938,5.5251592520551,-0.204208109561067,-3.61796289063379,-1.17681319730984,0.63771502471292,29.1268522688769,5.36669518528067,12.3006192531374,-0.0989111537041203,14.2414130895423,5.13055115939066,1.95313401131506,44.6332601909586,-0.73619353300795,-0.0013973003720106,-3.39331731605997,-2.76089795253555,10.4503578256982,-2.80839595529464,-1.78736196478564,0.167168658163373,0.365366794735546,0.520341512853968,-2.10159996227818,-2.13123664225465,-7.72408837455423,-3.8029301748151,9.46453701648516,-4.9285219739895,-4.27696937926568,-7.48698220707067,-2.0420810203896,7.1519434667159,-1.38246314396957,1.95576180493032,8.02481340303253,5.29239814991888,-5.14960041200363,-1.26386020243215,2.72749123449977,5.12402579747977,-4.56094394701457,-4.11205730569772,6.48433034764263,6.64716299125731,-4.02871419789093,0.11421230976196875,0.24270787376714895,0.22660444314490008,0.12346754154756215,-0.01832880323692924,0.1348061086000457,0.0878836894585402,-0.2235745299021622,1.4884071297636143,-0.6056099806175373,-0.006877182656646779,-0.1720986442517024,-0.04979472359069114,-0.028695125583953218,0.40644091335661525,-0.5367663910737688,-0.09471096321187387,-0.21322023946387691,0.1705389000897258,0.04582118565180767,0.0676030572952452,0.36846542802819704,0.12064735818308443,0.1121796098572598,0.00035057324669588157,-0.11412498705393549,0.3398192351074048,-0.09545429825591098,-0.05725247119846093,-0.03997029732344783,-0.0251869323085804,0.33617223929801565,-0.22235924837115456,0.39377317750780483,0.29676315909490997,-0.3914413071241507,-0.32555007285699006,-0.38671597920200856,-0.3786127151953286,0.03178618345543075,0.003869036242439615,-0.002808278953480516,-0.08540078045911614,0.13779955915349115,0.13022547766139286,0.043773369882962834,-0.10843264883862144,-0.10266867531429405,0.04558653462237563,1.6167460317460318,5.396003360717717
9,2.40020842141748,5.1469025224619,7.74777074051695,7.33608609934386,2.38114135683684,3.06879479274449,4.62939760943885,4.33384887553544,5.36669518528067,12.5086326816254,4.03184113157103,3.90578254734471,2.54469490264403,7.39889608314216,7.65030267166304,13.3639718914438,0.283838205557502,-0.0640511675344678,3.84296622582835,-0.796342752497384,1.86688250663258,0.490311953372528,1.99606386900403,0.495465512347513,3.31441267942888,-1.63389569432991,-0.635470562636601,0.920507609037749,0.406390246398494,-3.83477879157938,1.8082280106459,3.01698863003887,0.191283972455898,12.9183020481885,2.96383947712335,4.78137038680934,3.86338793766799,2.03294629446695,4.57478270808768,-3.70401476731336,-1.95397064559336,-3.56305769543936,0.831442775378006,7.31838592309348,-0.331139232232426,15.0360678081557,22.0476039273124,5.50444569770505,10.6122333656606,-0.49474999113993157,0.5047875070853347,0.10097735877288132,-0.18066319576028583,0.09490881387888941,-0.06292024590059729,0.04183070062785365,-0.41703918764768194,-0.6079963768443665,2.0180292623607525,0.06385762002958852,0.21252410369400626,0.008973639843163149,0.3057194189122646,-0.19156769000375198,-0.010279147714498263,0.11970054211615706,0.06239319662410295,-0.4749449580518182,-0.07011558162822872,-0.006529699117206146,0.06598776071462636,0.16044377560383902,0.01041511095125316,-0.17253014615242754,0.2011332990452556,0.29407840184580314,-0.060239087265429384,0.16784747266439418,0.009808598925009817,0.07521856950950015,-0.2286407860969154,-0.07691673811115687,-0.5163341734904577,-0.04823259076959504,-0.1274090919442344,0.22867154773182347,-0.17990795963089526,0.214110240929475,0.1574472881542522,-0.17905844783938246,0.11767252329099219,-0.21709205090539024,-0.25293723066412177,-0.06837485745485766,-0.39564847861838803,-0.20666062696469215,-0.10785070261147772,0.165908906629915,1.3810673585673585,3.535340532625597
10,4.32192396039534,18.5646990757401,1.64793915087705,5.92209936534273,10.2663806811209,12.8935165103259,9.91592196372034,7.64577775441055,12.3006192531374,4.03184113157103,29.5874400709305,22.1983646789739,-4.21347582177287,4.26571215198861,16.018578906789,14.9275863527613,1.50493346517607,1.99149658735577,-1.60657835327615,-0.527208282735677,2.30587360787502,1.49177816744517,0.563483819864621,-2.21186087759845,-3.2614965827372,-0.722541082586576,1.25441756548423,2.79187854228379,-11.7987827555198,-1.1688689729999,3.06618293175589,-0.590863199412599,-3.31826801629524,-0.423409521375896,-2.37632199137311,4.09121505736234,2.30022572876961,6.71092587782642,11.7297933651168,6.35965299605421,3.27566583893251,2.38967374199858,5.69836267905742,7.03391109380846,-1.78658737867873,-2.78094211231442,45.3324251397958,31.5865526048394,16.2007500451152,-0.09661766761751701,-0.05221864544434054,-0.06009843056732928,-0.004806044260577639,-0.14097954726681206,-0.2594583515249678,-0.2004996605735869,-0.10902304120632011,-0.00811687028189241,0.05693603201584242,1.8575090995742078,-0.10795917355637855,0.30543775236819926,0.10778822490977917,-0.39068771329160296,-0.20050840428164407,-0.02441645745324174,0.09667637887649304,0.49524999510810463,-0.3171334008598957,-0.39267433672847296,0.018126736194531628,-0.14645286141679448,-0.26465175996774704,0.012699820709931723,0.3478854431107918,-0.22952140985136593,-0.03708606361488632,0.7481272914130886,-0.022974699739449884,0.1543326929481166,0.4025138938423538,0.10652589847956512,0.03315663280438938,0.370996678317234,0.09256750187564657,0.1553801758961515,-0.22327069651496867,-0.3429757056554851,-0.054638151045740754,0.3498431357073901,0.1694145192765057,-0.1036342303096638,0.38052226020967395,0.07200782471750787,-0.05968561358659796,-0.03348022727826693,-0.46898260867287117,-0.06168535351464587,2.6451455026455037,5.43851450958168
11,15.5998424129163,19.8231695525278,-6.89372493603564,0.78614109767794,5.97354161914503,18.6932545982009,10.8887366575022,7.27069305587797,-0.0989111537041203,3.90578254734471,22.1983646789739,43.5973238257414,-11.8478831746239,4.52006146978925,20.7549504110472,-10.2327690712347,3.57536093607818,2.99696515015583,1.5724839544137,-0.0329719842431178,-8.59754217872875,2.41622669987699,2.87141675432032,-7.51310339130749,3.87885647673679,0.95253074457234,3.12526048284936,4.47001363080511,-6.00387187071663,6.6993468628065,-0.138947263284984,8.29376640669492,-2.61443097639099,0.63714951792486,-3.72721729934473,-0.225468283082534,0.766182578079535,11.0439753352874,3.09722766649967,5.08428436098597,20.0836355200954,3.3348040668793,1.92747296071007,-3.40298492170651,3.51951175237143,-1.68999639745841,36.9935246217144,39.3336273868316,14.3578575876856,-0.42782525436996127,-0.10077547569670008,-0.09283866753964204,0.19484172581301706,0.10242504188275206,-0.43919232095606886,-0.08758366955083802,0.06378869704501562,-0.17676333389517193,0.21244513961198988,-0.10719123990430302,1.3028759938420933,0.30696384038614644,-0.1278083035256344,-0.2434010454273871,-0.1419133551894925,-0.24392247644877635,-0.08288304666718066,-0.20869782149392965,0.074782401081613,0.15530773476028167,-0.21059936940879861,0.1388320320898525,0.5286453653285963,-0.2027672841038733,0.07404566078806742,-0.2896859050896847,-0.38046937766727823,-0.11149129899877576,-0.0674747529654903,-0.04886902998380728,-0.11004715585807809,0.19764807382542124,0.14946236943073118,0.18968664444876285,0.1023441905912675,-0.2551820848635039,-0.6885208819653447,0.1559673415983563,-0.15804131998947604,-0.23988953398328242,-0.06981103792621046,0.3746349170017253,0.1186781607219434,-0.02366366032161229,-0.04073852614115414,-0.18298776698763325,0.07224378082824683,0.13848465764476375,0.5368518518518521,6.602069662290868
12,3.30895341271826,1.82030500828351,11.9048026931161,9.20477896558537,-8.58094116373103,-9.44133873846077,5.59302985927147,-0.980770953183731,14.2414130895423,2.54469490264403,-4.21347582177287,-11.8478831746239,78.2715262074178,23.7798200362676,24.5998913539921,36.7956416134245,1.88903214989614,1.7417260051197,-0.570480183272839,-2.09025502835836,4.0406033435229,-3.86904756435696,-4.14785755687438,0.886888464043087,3.4148873718687,3.40800582455612,-2.68131918775246,-3.33811271114919,-1.39222954759929,19.7090212200162,14.1653945115165,4.44231351763985,-4.44548081039041,-4.45658880851781,-7.40446673087109,2.41606161604243,3.43812192696702,-3.67227135257129,16.5157999631797,10.5620722279914,-10.679237687473,-12.9686983084963,5.81606094932506,4.46537649400432,3.84915779923367,6.46696696590722,2.42841231627981,-9.27240681141977,-1.58352763959104,-0.1354801712496869,0.07384350637959224,-0.022395758293292628,0.1518938506841321,-0.04143591323027935,-0.12681539388821692,-0.34848297598568,0.1929965573701075,-0.05423719806917392,0.008743420881844344,0.30467150839954815,0.3082115725702689,0.4496411286966859,-0.052436203151593565,-0.2787842925945957,-0.17849462146433379,-0.2598208733587174,-0.10364308287187954,0.028926262223112592,-0.07496822342076855,-0.021699773340971094,-0.005664455835200639,0.04334515043712447,0.130722220191326,0.01961751831034533,-0.11113717082215611,-0.024242297005541404,-0.09963263157220877,0.15282546629612662,-0.08519851321267273,0.04008869540513105,0.01113485870483376,0.1986391531588862,0.10117606001310382,0.14231045412634508,0.06987348541371088,-0.26649499806456156,0.20248795979169332,-0.01315743800834283,-0.053403011770598564,0.00904908504094113,0.019116864663378568,-0.0011366603251801864,0.08385990640012315,-0.14949498266388905,-0.1109830373095611,-0.03956346349570985,-0.09404274343851278,0.1634221446651837,4.785396825396824,8.846554482250017
13,7.60360825468697,10.4977921356263,4.91701354309128,20.5972313297923,-0.744077568374204,4.51374352174877,1.24968232667047,5.59515984089088,5.13055115939066,7.39889608314216,4.26571215198861,4.52006146978925,23.7798200362676,31.7060463761175,14.3891856964008,18.6173218279128,0.739159719365366,-0.113011357960442,1.26445527624741,-0.972881911862418,-3.46945984721093,-2.38674950271609,0.115355939195135,1.42686401869918,4.09380722494427,-2.30049279878424,-1.33574329849446,0.861182946923192,-4.74929101783544,13.7810622181706,9.65941224801039,11.7609544165114,-4.2702346509829,4.27329332996007,-1.60264449429831,5.74651622124275,1.85828912681924,0.0959383226806168,17.4288068337219,11.3959913673991,-3.43993461073653,-7.1824954633491,1.93174990212698,10.0674252472567,4.83668024328179,22.9504878129767,2.73580973601735,5.59235211613458,-0.308625036244536,-0.23385807716592166,0.023295602275270787,0.3261466693012757,-0.2148637121104643,-0.08175155185188435,0.2960543770615268,-0.05571006211582658,-0.732164137566538,-0.02769289184363621,0.30495071352002356,0.11204431763902056,-0.12943815125745442,-0.051541117442788754,1.3304423010686723,-0.1886548393008025,-0.21060945041247794,-0.2260337293695474,-0.11892034405039591,-0.079693674291999,-0.02835325274689226,0.10354808611827616,-0.16743522714376374,-0.3844881682608931,-0.3575896003176769,0.16425020969156637,-0.08140748029519648,-0.1256104905401675,-0.043973509069610894,-0.07424918878481639,-0.12887607466814727,-0.16956019997619276,-0.24323337106843518,0.33650430775290907,-0.37108415999972755,-0.03705929205568314,0.02015128134317985,0.050576433683677084,0.04967396278909408,-0.45210414127790266,-0.1998135920546689,0.12979167369962888,-0.06746751216662102,0.10447066734415208,0.012042306322466736,-0.1019920913713329,-0.30903767130098975,0.0992361823436971,0.0028506174043484342,0.23751988570064256,0.8163888888888889,5.629924189198065
14,6.0271821933388,11.9272813668464,4.42470070450509,9.55711731003503,0.860396421566418,-3.14428838880945,19.1027167919129,14.0634352293386,1.95313401131506,7.65030267166304,16.018578906789,20.7549504110472,24.5998913539921,14.3891856964008,49.5345074101586,10.3670116137595,2.7983883254118,3.54547091118499,2.18962132181213,0.455183931143686,-9.36473724576339,4.66955454312067,-1.29558046676081,-3.45737294939795,0.102031766374527,1.78081508627521,-1.22929015844743,0.0170840447456262,-6.50071890083237,20.4402173918852,5.74530459936339,4.62421481773333,-1.74986715186829,3.48027859618029,-1.28794665403342,1.0706749265555,1.92057933681954,6.34408353000121,4.68353242215892,-1.4637061613078,4.92788442110361,-1.28695710223947,6.80361396315585,-4.54011942262159,0.529543481559106,-5.94280663475249,59.7782584569991,11.3140176120288,28.7947903307425,0.048726682693373026,0.09066344610838273,-0.17458756598030456,-0.01104917666969886,0.03967397980291517,0.13877763461352507,-0.22793550723255185,-0.1413598224409602,0.4034157153981572,-0.1875010380199203,-0.39414828669102936,-0.24513381779365398,-0.28108437321226654,-0.18916059996130863,1.034009640391645,-0.010886897420039725,0.07411169252919506,-0.13506092294952993,0.14478612356794304,-0.3018504335172551,0.19004831889939555,-0.06945514040554951,0.3081037791322869,0.17339744904619847,-0.28848185210625443,-0.06878561596329685,0.16794327295586076,0.030801196237999942,-0.23394744680198887,-0.053814788775408205,-0.011088070992166356,-0.12234855749082746,0.08231897456619545,-0.02820735797075131,-0.10009447497619507,-0.4395376527539171,0.5019167307744999,-0.28444864452012386,-0.21393996708654456,0.06091719187344199,-0.0911182157083499,-0.1127341771274433,-0.1923075054793512,0.013404742581991352,0.11170701831527677,0.25999492301061494,-0.10120005004033365,0.23053390465571094,-0.18130525235518724,0.500026455026455,7.037365090014773
15,5.72030283601231,5.86750339360781,23.4674081717853,19.1997868325879,17.627816831953,-6.67507496616642,-1.95856619648773,0.0307378928340745,44.6332601909586,13.3639718914438,14.9275863527613,-10.2327690712347,36.7956416134245,18.6173218279128,10.3670116137595,132.936582446431,-2.43824225009363,-4.44524281911848,-2.9011592201224,-3.18205928836489,41.1884960575733,1.27229219981932,-2.94723764094437,6.99716365596873,-5.60043648538199,3.8687451456828,-3.63958913076757,-2.38140339630616,-8.62764701857051,-2.31335241435596,27.1797369392314,-3.61951345790758,-0.660172653691997,5.98824524759553,14.5417762651281,19.7431062635546,-5.02480991375526,1.96227997931611,-5.63009937194782,-13.6252318381346,-18.7385489641464,-1.0226185538905,2.39917139268325,12.9468945641993,-9.886953902929,-16.0450338421335,-9.10983554006831,-8.55501465482566,-10.1670245774665,-0.009946104733767253,-0.17952422601656956,-0.3094473781190495,-0.15117815260393044,0.0014860091261321283,0.14155139762968139,0.08797471631322283,0.28067394165570475,-0.5334787240957564,-0.011550673091455885,-0.20308218820378013,-0.14353454367661972,-0.18017989366377593,-0.21247742815871576,-0.012139086947791181,0.7366447154708183,0.15084898196493926,0.2258277202753877,0.0525606522980155,0.07869930913474232,-0.27084566256758763,0.10230216119570716,-0.1383338731135942,-0.265103303517255,-0.11411902825483326,-0.10059908741068979,-0.04098564428634712,0.24525502076602615,0.19827802491679902,0.0275326592270866,-0.12157843562937101,-0.038989265415794186,0.1808421641398524,-0.06109290937838005,-0.40846079963934945,-0.031068475859159016,0.12705996449373863,-0.28692762757198803,0.31368035583109816,0.05715357226412062,0.025329250745276054,-0.00333689366999316,0.18182947876982145,-0.3148474780538632,0.12162706935141723,0.1930506345349715,0.04755314394575274,0.16492189540551414,-0.07060536938548233,1.693148148148148,11.529379100646796
39,2.06692919400438,1.54129286434625,-0.760136309242025,0.269876903530871,0.345267054663622,1.7912691618455,1.65160975609024,-0.448757301371074,-0.73619353300795,0.283838205557502,1.50493346517607,3.57536093607818,1.88903214989614,0.739159719365366,2.7983883254118,-2.43824225009363,1.04120296087784,0.609576523058643,0.536507316172331,0.20021522197385,-1.06759239678551,0.541087862670071,0.186488709268198,-0.569285920185742,-0.0014454827095731,0.326735817484594,0.393219765328379,0.345260515455111,-0.397808048745554,4.70656945604425,0.993160899371465,0.952273416506921,1.08322383259747,0.653689671693401,0.246778745005844,-0.60295231273376,0.780400134511358,0.975594303408895,1.44777194641428,0.962879389931,2.49377482501192,-0.792582107525369,0.386630565732804,-0.933902068786003,0.538251946031685,1.10218771532926,4.73866555072029,3.64354688012732,4.19719012974762,-0.03765816024473846,0.020793861289710152,0.08718482122235402,0.12409853069652828,0.06191143454048466,-0.16941319312600187,-0.00704653297160096,0.38350149366819225,-0.09658057510180058,0.12328503835165938,-0.023506564548843565,-0.24278019428588338,-0.26312065621245767,-0.22776138001707436,0.07774619649688048,0.15433880130836075,5.419980974102051,-0.16260582420236835,-0.04626296761501618,-0.007985215110587062,-0.014148847049598727,-0.6214569240347995,0.021033899760131213,-0.01897955921922432,0.13192574503142912,-0.09482636198059599,0.009353700141194842,-0.1245391696025781,0.030096087569345526,-0.07903891635060897,-0.11603614722363079,0.20092180575267565,-0.2989032455972518,-0.1713680621416405,-0.06260480892602811,-0.055933472790595955,0.0021350066103361055,-0.016152259752682748,-0.056410879417533755,0.0030679835987493104,-0.0015673947196986756,0.2254659699113591,0.08703832308839732,0.47797445109431325,0.3306185847355441,-0.1425257383459739,-0.03723424900158318,-0.18537237689999372,-0.08948355326714895,-2.173968253968254,1.0154816398526554
40,1.774121190743,4.10921660598048,0.701286975994867,-0.0512506070496632,0.436750363640659,-0.919594675579897,0.878053827239374,0.0364146815338333,-0.0013973003720106,-0.0640511675344678,1.99149658735577,2.99696515015583,1.7417260051197,-0.113011357960442,3.54547091118499,-4.44524281911848,0.609576523058643,2.69755938697318,0.763864487105689,-0.0394991978850007,-5.33023576090513,0.0401755168143294,-0.59963510013371,-1.01375540044419,-0.188936639201791,-0.0608941921195394,0.440989335837355,-0.0037761540328719,0.0240384534162841,3.97351962899805,-0.883545617221084,0.788727608500572,-1.21208156279665,-1.37124462368185,-3.13255006466478,0.388049348745557,0.784382794853549,0.650084227210122,1.38194235251565,0.659690322561766,-0.527976204264068,-2.76784042678313,1.51065662386874,1.86082764160887,-1.29202562249755,0.404204399056046,6.82982783853138,7.23356412564419,4.34579531179596,-0.006997978087366081,-0.031210873625936265,0.006662193522503607,0.32277980548038293,-0.1438210503691768,0.013970273533286498,0.30632998482427953,0.033793821123545086,-0.21017385849749487,0.061914877564655524,0.09043074403175845,-0.0821515200150761,-0.10357057469348814,-0.11137771208271795,-0.14027126314140562,0.22669640385424852,-0.16379924858205408,4.07153074861027,-0.20571412658545477,-0.06514327639554039,0.1613310562306153,-0.19640406014909007,0.032500461371961345,0.3533497342430677,0.3589058956614108,-0.2536546323590564,0.048249488456821185,0.18369660836268506,-0.4271407009629116,-0.24418362394524407,-0.0238014402605008,0.1350616124362286,0.5136969672383694,0.17403503851962504,0.17387969606262574,-0.2194445924137014,0.08641654014054703,-0.02481029669582932,0.07723196140636901,0.13897336468414892,0.18587622594051686,0.13575632853362352,-0.07333331540712118,-0.17856039051352962,0.7849301576792916,-0.14157214018441167,0.00632345713658676,-0.28770008402388825,-0.22044263530903196,-1.493333333333333,1.639377743832452
41,2.1160788000413,1.09920923400287,-1.67048572636857,0.532839733482329,-1.41039423104218,-1.75345826482145,3.34300960915202,-1.10231220981464,-3.39331731605997,3.84296622582835,-1.60657835327615,1.5724839544137,-0.570480183272839,1.26445527624741,2.18962132181213,-2.9011592201224,0.536507316172331,0.763864487105689,6.46254206088566,-0.209444862637818,-2.90865247506836,-0.399353456441452,2.56787444360893,0.282240778510304,1.43924656988101,-0.744938752070794,0.46817351151842,0.268038597407209,2.38894650856461,-2.71479056351234,0.4136002354649,1.50086993144391,-1.3912102602056,8.37377070956201,-0.704813487895829,-1.46580652887779,-0.120988142690025,-0.0079938473654715,-1.31782946109307,1.63038507266417,-0.808568392579621,-6.82362925151259,0.177561835264736,1.68913158314601,-1.23623260116506,-2.88758496292239,13.4530266682934,4.62469979080681,3.33300263400772,-0.4481587664667224,0.07526195637460713,-0.027883200498912228,-0.3414039361152232,0.16039467579068603,0.08185150289344098,-0.4976748076191401,0.1388094830897902,0.16786777007515513,-0.4742502212487098,0.5023337125682348,-0.21197700896767527,0.02958051814372439,-0.0741187837424577,0.1456787458094185,0.05256264583765257,-0.045794664268357745,-0.21049286267441195,2.646421909184402,0.06388303115989667,-0.1216656261946986,-0.1509574242542796,-0.04784951291358758,0.006823146624356284,0.43426561188956797,0.16983871315464516,0.13909961124542583,0.024147191021744625,-0.28050629312929715,0.23993806646610522,-0.057089122925594545,0.20093956035215962,0.29160324449148384,-0.2190828181306099,-0.11810729783165831,0.2633031945039138,0.24581068893068686,-0.05836354621291605,0.2775553725222431,-0.4240188542656583,-0.02873331548761054,0.4869021687127265,-0.2659119977152934,-0.0351050938309588,0.4278163811122989,0.01662372660110753,-0.022430544298556874,-0.054367318369019084,-0.16253948107386298,-0.9765873015873014,2.5401854382870663
42,-1.01527016013161,-1.72429616656233,-4.17303257415472,5.1383272174548,4.81876503174326,1.48543385639664,-0.782611012852096,-1.41708649679426,-2.76089795253555,-0.796342752497384,-0.527208282735677,-0.0329719842431178,-2.09025502835836,-0.972881911862418,0.455183931143686,-3.18205928836489,0.20021522197385,-0.0394991978850007,-0.209444862637818,5.64426254984753,-0.445571574892408,-0.393848414631098,0.909181401450117,0.64795194774914,-0.769857232754992,-1.11132014493666,0.143925977402778,2.14224477493271,2.07808935994669,9.33252040757549,1.43294191657766,-0.964361453257736,1.28815949952216,0.800562525622242,-0.586945339534716,-2.47383501660678,-0.390355763137481,-0.431322121366103,-4.91445409850925,-3.59726358574625,0.993498904748295,-0.844847491989712,-1.48097425980544,-2.20976795733198,-0.827659152159058,-5.17733173656275,1.26264124632,-3.33075769527169,-2.21418421995436,0.4598061793504459,0.1833075955331842,-0.014354079657676605,0.15506767094526583,-0.39264081283647034,-0.30099789723407644,0.51415561841732,0.009099995875465077,0.056063606886921746,-0.07151320740268982,-0.32361195813319865,0.08040904009967949,-0.0766136133680497,-0.02851661254173861,-0.3007294146739182,0.07673103883516703,-0.008291613098882367,-0.06474627812997819,0.06537396403343876,2.0265681395211343,-0.04189782298901282,0.0878140619971138,-0.1339165073483056,-0.7446802393626052,0.08942742860528684,0.22338494042840457,0.28545013519672285,-0.1491292453045396,-0.5172087753212451,-0.2258591454444246,0.0046702309116080235,-0.19039434613364659,0.16311012566802255,0.08031277484845174,-0.060551191547765365,0.33217066429769143,-0.10795207462068018,-0.05975576654438713,0.22120545682456325,-0.01996409872530163,-0.22342829558404342,0.11607159950273538,0.30845332397821207,0.02829914409852279,0.37130878767211767,-0.07311440697697788,-0.1246951709684138,-0.030117598941339623,0.24658718965857288,-1.6845238095238095,2.373660158878588
43,4.62967661837743,-2.04217390223568,7.3310553869788,-1.60092530952217,11.5646703468616,14.329670703358,-3.13077785588737,-2.47582442064468,10.4503578256982,1.86688250663258,2.30587360787502,-8.59754217872875,4.0406033435229,-3.46945984721093,-9.36473724576339,41.1884960575733,-1.06759239678551,-5.33023576090513,-2.90865247506836,-0.445571574892408,54.4149712826941,1.81365085425234,-0.361421428451706,-1.73358700424699,4.10043575013799,4.54075218272627,-2.98943893892573,-4.57611529418813,11.3477514229146,-21.7475682900285,10.4612128894318,-2.88122677789412,6.97942522720643,-4.56741905049355,17.6582812129527,2.51105341096342,-2.41794886024851,-2.78983431399674,4.04218841073556,-10.3455311098429,-9.68826079984788,12.6363797452453,3.15844623471639,-1.81604874337792,-3.80748897548048,13.6875885159862,-16.7982201231734,-22.494710622804,-7.83540368802279,-0.35493961833257914,0.06760591189281508,-0.3256097871701565,0.0821338018977424,-0.04654552616770524,-0.29539951960293614,0.10313753207923618,0.001017026508833551,0.0716882248660268,-0.006651387924497908,-0.39142429852704064,0.15612533704836204,-0.021399408641636742,0.10383840655596008,0.19025979402629928,-0.2718973999045423,-0.014518173164136713,0.15873993609279358,-0.11948981332307093,-0.04102323447884347,0.9930970547958146,-0.046614852958600766,-0.19956850401655898,0.41672994461515495,0.17277908638500453,-0.0003356565729884899,0.07595449260081268,0.29770345618122074,-0.48879027134629044,0.02852284423815809,-0.11824462467809507,0.1390750557152076,-0.24762589912297703,-0.018102373915828123,-0.18116633195882295,0.17237461350429448,0.3021322446627976,0.4291891282869712,-0.28333589052299535,-0.005197349847923211,-0.04428266452138594,-0.22279887619459912,-0.15590784080589046,0.2878459929183909,-0.006659279271491224,-0.030529921021241593,-0.16972416750995561,0.14293850271787828,0.2964729712536391,0.912202380952381,7.375972565207528
44,0.751269464713199,1.02369295319577,4.2952031595651,-1.97551692234688,2.93130082504995,1.02633806281388,1.71123118048054,1.93567629213171,-2.80839595529464,0.490311953372528,1.49177816744517,2.41622669987699,-3.86904756435696,-2.38674950271609,4.66955454312067,1.27229219981932,0.541087862670071,0.0401755168143294,-0.399353456441452,-0.393848414631098,1.81365085425234,4.60528610180769,-0.946804104670657,0.634847371900841,-2.07192348548296,1.41542999933584,0.637610372242335,0.144084739795462,-0.608559000441607,-0.381033247296146,-0.625300921361133,-0.481070549868408,3.27214339743159,0.0244530740993335,5.6604339090052,2.29361434280392,-0.142856971771944,1.36579150609643,-3.12923340099543,-3.27179450558696,2.00581696757046,4.33207405946143,0.4667745887605,-0.912377363812107,0.462005317300464,3.83786929321777,5.5175792167812,-0.334019927301919,8.59742088728376,-0.1748578226106821,0.012610963538795008,-0.46955566023849427,0.006976093316576991,0.0482151841364703,0.018706722042782602,0.31528530020536016,-0.04765905265648973,0.36873304971108245,0.06174759850230466,0.018788430976963998,-0.2124853468267858,-0.005760055159500522,-0.1725883230224908,-0.0685981214965841,0.10525049176359909,-0.6206700846426569,-0.1951178787113797,-0.1507037953133455,0.08932815219185042,-0.046944489535479354,3.021259694768918,0.5611334905234232,-0.15626039442892922,0.0950297135800965,-0.8013510997689465,-0.1555175685668232,-0.33411216471987665,0.51130316573712,0.03734526076979744,-0.03833338231521053,0.5899503128575675,-0.13280118135687932,0.0017814877834155035,-0.5102596713628629,-0.07978828917221004,0.46185772709978884,0.25000084661615524,0.34232772541689843,0.019113714998493143,-0.07944944429710431,-0.16783268285539754,0.12000164989379722,0.058771242727593306,0.3812741747431207,-0.19680160689639467,-0.1897709566291074,0.03220559313015257,0.006989566267441126,-2.178187830687831,2.1436618440900808
45,0.808117918027149,0.0845308000115489,-2.53797510847255,-0.538985780199061,0.372515825715894,1.60468757454324,1.73011049259854,0.215337221735969,-1.78736196478564,1.99606386900403,0.563483819864621,2.87141675432032,-4.14785755687438,0.115355939195135,-1.29558046676081,-2.94723764094437,0.186488709268198,-0.59963510013371,2.56787444360893,0.909181401450117,-0.361421428451706,-0.946804104670657,3.21516679209998,-0.0458153261713176,0.317991039827629,-1.47043984375594,0.138246867145182,0.694618362511271,0.926867778291197,-3.42396907020253,-0.440707656192618,1.52370184412536,-0.650382211265381,4.14782488330215,0.746658277822425,-0.265227636918797,-0.282726264663791,0.783906300711179,-2.62091653603903,1.63353360159922,2.51606961143197,-1.29062727062628,-1.23888991254733,-1.47950709192267,1.26460592760281,-1.40621053077616,5.93141405801422,5.12388791296694,0.343860748621087,0.3220864369302237,0.0772713304703224,0.3181130972307526,-0.08434055874633306,-0.052086957017122286,-0.09886617401795857,-0.2790215463727594,0.09741892525600214,0.11603803334277604,0.15982183760131768,-0.1449305779538243,0.14619627895967052,0.045104910902587995,-0.385139877093107,0.3082402104571231,-0.14013938885458457,0.022123036791713655,0.03236999713594256,-0.04758955239483486,-0.14112914195553292,-0.20149931820496292,0.5659277753557822,3.2467997946364955,-0.0019521309969690866,0.01988283211993151,0.08033237479157253,-0.016832019334987222,0.3498329149153958,-0.44014203035319077,0.08838704573279013,0.2605084055450962,-0.021836393618984165,0.2784454840099219,-0.3681188389199631,0.05639783427170605,-0.07090488193592481,0.24657222158648434,-0.18558423394539517,0.4081754993104251,-0.031777973334973,-0.2205247028479203,0.26858208722588456,0.12584880673826715,0.3702019262408295,-0.45585641421410233,-0.1539368724519351,-0.12326436179078275,-0.2771887273034623,-0.1780311871065652,-1.88813492063492,1.7902979618208754
46,-2.99597685087052,-0.76400281725869,6.88372574685607,-0.623617981840662,0.855736062424887,-3.4287633173991,-1.38519598324366,-0.582341137690976,0.167168658163373,0.495465512347513,-2.21186087759845,-7.51310339130749,0.886888464043087,1.42686401869918,-3.45737294939795,6.99716365596873,-0.569285920185742,-1.01375540044419,0.282240778510304,0.64795194774914,-1.73358700424699,0.634847371900841,-0.0458153261713176,6.10875451071233,-2.12709851738696,-0.091890085145001,1.16814120687686,1.61452848835668,0.705121261074821,-2.64142169909044,2.4520626031334,-0.434750845139265,2.36149182261237,2.84743667982718,1.26493520996985,3.68250328729127,0.746964836953734,-1.07361261431144,-1.91885297620669,1.000201990613,-6.43857504848497,-5.40017334951919,-0.178389637246858,4.88329597360127,2.348929621665,2.9275855662104,-1.45985294069777,-3.60224289000933,0.30751462164359,-0.028323475451745666,-0.039689307805680266,-0.1650976403613025,0.11110271720741305,0.09822751837689829,0.058111665827357266,-0.27797155605553386,-0.2202211125168208,0.1037751500082381,0.009942177168419988,-0.26691304497938095,0.5302430605195279,0.1298163141903949,-0.3627360320635324,0.17715871960667864,-0.26372968004591935,-0.019635704887053247,0.3519909095659821,0.004690674393227606,-0.744199524976801,0.41215978151942834,-0.15400865759695442,-0.0007155324257090438,2.419702655429907,-0.009416464386217103,-0.4987991299555999,-0.029200515115674782,-0.5521454613587393,-0.06700543733932722,0.13466376115167963,0.1460456120105521,0.17958627302567162,-0.6828027943684771,0.13737556059473832,-0.2959042215180487,0.308410303949257,0.016197201012605324,-0.17215701449225929,0.1057432572629425,-0.20961572826127503,0.024069797666889825,0.41444201890108057,-0.1236939793250939,-0.11894918203588004,-0.08362620961831428,0.0025757022870810525,0.06884928618426063,-0.04512489122466828,0.023821930222113638,-0.9836904761904762,2.469565652237723
47,5.38617158230837,0.872978651023927,-1.29549559586894,3.37482703920365,-1.0792805075984,-0.412916916183652,-1.68691140494444,-3.09899741529236,0.365366794735546,3.31441267942888,-3.2614965827372,3.87885647673679,3.4148873718687,4.09380722494427,0.102031766374527,-5.60043648538199,-0.0014454827095731,-0.188936639201791,1.43924656988101,-0.769857232754992,4.10043575013799,-2.07192348548296,0.317991039827629,-2.12709851738696,26.1933895079104,2.18972881395934,0.354674125072374,-0.554140226433394,11.180066237112,-20.0626314906502,1.0951123076702,3.46208596663921,-3.19283140308278,-2.38283472174809,-0.374482027935126,-5.94384403582392,3.25312979341536,-3.17654526580686,12.0726256429361,4.99429670595471,1.47397409710638,2.21601280763605,0.967797898038684,2.14779648725185,-4.04019870277056,18.7219359358827,0.185869789181388,9.62998548548933,-2.96069146231472,-0.2839309231680213,0.2102776613438245,0.22968213073894986,-0.3450435570441678,0.10680362873705421,0.23771821602386972,0.15830530715635743,0.24246984946443137,0.0006046913650110323,-0.17183708103131162,0.019384484410973124,-0.2056949870199913,0.019763679942592916,0.1683729847216954,-0.2899592342027448,-0.11251984512125243,0.13157583264969513,0.35538897420110177,0.4351612839342216,0.09192095176207067,0.1710813407327343,0.0959264520503352,0.02059701833222897,-0.007976709378624765,1.2703120918596575,-0.4461468075800528,-0.2723003609015734,0.06525347257883231,-0.5147473938942311,0.3075192904542126,-0.1528262274631555,-0.025269913088944187,-0.15038482807689962,-0.11571111060033239,0.2999563684479432,0.4524565036132297,-0.23776216866294175,0.28990221787472237,0.023396117536676593,-0.10444344517388122,0.18847245086875009,-0.2014233316180557,0.04051073010906872,0.19927865988958252,0.10388446877889554,-0.3519790868961838,-0.012140736363550036,-0.2219652254243584,0.10411466124144016,0.297063492063492,5.116970735494824
48,3.41776291586743,1.43443980181029,1.56951379490864,-3.16931247207968,1.29473874113105,1.70170303079681,-1.08663043835751,-1.14478545673502,0.520341512853968,-1.63389569432991,-0.722541082586576,0.95253074457234,3.40800582455612,-2.30049279878424,1.78081508627521,3.8687451456828,0.326735817484594,-0.0608941921195394,-0.744938752070794,-1.11132014493666,4.54075218272627,1.41542999933584,-1.47043984375594,-0.091890085145001,2.18972881395934,5.96110697506972,-0.636019305713007,-0.179393915340317,1.67058360278894,-4.30161543520216,1.26435950944905,-0.901636605824079,0.986962546814871,0.687582180284746,-1.49750450654378,0.0456383817516708,-0.714098486870126,-0.188482685809267,0.508152699022915,-1.7105814275393,4.95550879471888,1.00931127399734,1.37154119016471,-1.08140684164753,-0.856184341591434,-7.74321052704351,-7.82162956183626,1.45435163616246,-2.89149075374046,-0.09824932119152888,-0.46410475633941267,0.18560040156010363,0.09535227275819703,0.10439263016000488,-0.4384250388317332,0.3947851656311099,-0.07141794776413668,-0.11403501429481248,0.20010332982208362,0.3399246258329949,0.07934210202415756,-0.110887623361283,-0.08416062627872267,-0.06996440658225436,-0.10311273520348198,-0.09601708422462185,-0.2585607519218446,0.16680206999824884,0.22119706447400778,4.693335162690459e-05,-0.7999145752036794,0.07960032049668697,-0.5009698547353251,-0.44378594842909475,2.252130898910677,0.0752453485180543,0.44494021221463903,-0.06909341870743005,0.18413448915057862,-0.000606864490664997,0.28792797589969477,-0.5586889060365657,-0.0894963707459669,0.49642450109459435,-0.15337663873840904,0.16089617830420222,0.04642738391506405,0.01617636788079471,-0.013712780497874753,-0.35147491301812095,0.042757150325373514,-0.31303746363408513,0.1109228911048406,0.04472876465435629,0.2538470976781113,-0.00765272299214471,0.17707089898351022,-0.20873506533943062,-0.09972222222222224,2.4394890807441056
49,0.447198039470743,-0.1621573402062,-3.4351331914158,-5.5247378159712,0.787118227725969,1.23243111595825,0.117158129358736,-2.32403710490449,-2.10159996227818,-0.635470562636601,1.25441756548423,3.12526048284936,-2.68131918775246,-1.33574329849446,-1.22929015844743,-3.63958913076757,0.393219765328379,0.440989335837355,0.46817351151842,0.143925977402778,-2.98943893892573,0.637610372242335,0.138246867145182,1.16814120687686,0.354674125072374,-0.636019305713007,4.88648712525666,1.37707820168926,-0.41609847716101,-1.56935618709853,1.64622678417845,0.0112366762815876,0.490143762859614,-0.685220567814426,0.43695333817462,-1.26095091468863,-1.56487285494274,0.862488432914872,-0.221856142584575,1.59646413573782,-2.98551570837834,-3.92064467390159,0.390007687004683,4.23193154901826,1.79823968512833,1.03298494931147,8.46479600954464,1.96528264240609,1.08419047878391,-0.07510871425519511,0.3753039210772708,0.08001516357302615,0.4040041500146778,-0.16210761306151675,0.1872938397607388,-0.024198012953127034,0.33009226863166075,0.34304806035756713,0.29011293072731537,-0.23014474907991944,-0.2917061139101904,-0.024827723252731658,-0.12578686092814767,0.1678599982616849,-0.04005464172929279,0.009073765300414737,0.04857874904219284,0.1395833170079743,0.284394219565614,0.07530431566797852,-0.1526676678496478,-0.01846301131769387,-0.029931079580589447,-0.27537713197858227,0.0779385335983185,3.0883586200184814,-0.16473398674392778,0.20358759457641656,-0.11660796242868317,-0.3351018732099356,0.383166847724893,-0.006855731256806708,0.042265774895289265,0.02614036989163287,0.428228529982145,0.5372928804132521,-0.03718926454753499,0.20535298159451315,0.40629340105446715,0.10994590723727828,0.10022506557406757,-0.03989972104730821,-0.7454819326146723,-0.699322026058745,-0.22134678498071303,-0.12812568404057573,-0.18279895708183355,0.045525977700060866,-0.6164417989417988,2.208276958458032
50,3.42754377057099,6.24612904321077,-0.83855359264565,4.43106040663248,8.1415597329952,4.61368138356212,0.365380126358772,-0.862416635265116,-2.13123664225465,0.920507609037749,2.79187854228379,4.47001363080511,-3.33811271114919,0.861182946923192,0.0170840447456262,-2.38140339630616,0.345260515455111,-0.0037761540328719,0.268038597407209,2.14224477493271,-4.57611529418813,0.144084739795462,0.694618362511271,1.61452848835668,-0.554140226433394,-0.179393915340317,1.37707820168926,4.80764007643287,-0.681584875096402,0.321134182442962,-0.340906973404642,2.2385150188792,0.68158422185201,3.31384793541498,-1.18314739135275,1.57990309970535,0.792748213264303,0.761293664056387,-0.324405819380711,-2.48553368151884,3.65729490100883,-2.98922407308823,-0.652674251765517,3.65668319432586,1.32546490095455,-1.76664188724941,3.98029761788309,8.69019672346627,-0.517747748026781,-0.023097638447913373,0.01820138706720093,-0.24243049436428862,-0.23269065786335313,-0.5885021737904462,-0.013945236069743617,-0.2974210261458557,0.19437987450347263,-0.09487420264382429,-0.053208235858487114,-0.03733254904869412,-0.37915430419817125,-0.10016482374516701,-0.04249843453686958,0.027478183747564867,0.2483782777081155,-0.1305761007672014,0.1877549821430161,0.022928630497563437,-0.15101325748323136,0.29207609526159306,-0.33168560650417567,0.3459957938932792,-0.5499980799977187,0.061180288282975476,0.44569970907158746,-0.15846768154528865,3.124053714295613,0.009434417558091778,0.16931470102866433,-0.04207652556371511,0.1749941891255336,-0.6547597898453827,-0.028013603755954603,-0.0879968382447128,-0.11286234267320228,-0.27839429772198787,-0.017399670239384088,-0.11593595106880261,0.11212678360796792,-0.0966416722941135,0.17340066266409812,0.31606450791062773,-0.023965296342012676,-0.16591609149968756,0.10796945094536638,-0.12167404958314812,-0.02885976853159566,0.6668800841440659,-0.21988095238095245,2.1903515874016373
51,2.6571058721698,-1.14893975542252,7.90944100164267,-0.783402603961125,1.05727742491195,1.94974738072118,-1.42699932561574,-2.63422096670379,-7.72408837455423,0.406390246398494,-11.7987827555198,-6.00387187071663,-1.39222954759929,-4.74929101783544,-6.50071890083237,-8.62764701857051,-0.397808048745554,0.0240384534162841,2.38894650856461,2.07808935994669,11.3477514229146,-0.608559000441607,0.926867778291197,0.705121261074821,11.180066237112,1.67058360278894,-0.41609847716101,-0.681584875096402,19.5257935993596,-5.96071644829361,0.634813325981698,1.06390264837341,5.20875077212641,0.263973037264249,1.8593603345896,-1.78260723546065,3.06690630064671,-2.95356426611269,-4.66063486411769,-8.35595263156091,-8.19058951846285,-1.38401156769441,1.11822912286139,-1.37883851986618,0.0667283526520204,17.733588829291,-13.8995880153026,-11.6592446744648,-1.95910821106814,0.008915979379301954,-0.034312850215106855,-0.2832360984125347,0.09912822052094275,-0.10143469208249278,0.0830205956816036,-0.27568964586213607,0.22279406692093978,-0.05757171002572079,0.1646700538651223,0.7468394980473907,-0.1113301907794363,0.15604314565728014,-0.07856160452258712,-0.2357628186171375,0.19786530399576055,0.029117212789651483,-0.42642526881256265,-0.2847362480636945,-0.5167638579270336,-0.4911733012530144,0.505332106075538,-0.4402519891157871,-0.06951962791697247,-0.5157903277705287,-0.06875201330300039,0.19831739114074226,0.010039339071116022,1.6056573264989356,-0.017759142626365725,0.04243614254776229,0.09836781882226511,-0.35687289034375247,0.10583022787643956,0.04324038803669044,-0.06407463373396623,-0.027544936845797865,-0.21060782324292002,0.1258656920269993,0.10747962215371473,0.17509534631066068,0.023625955248669603,-0.2835198394784701,-0.18127792595825573,-0.015002600250378374,-0.03245144816041515,0.03813274847217869,-0.08419156935209297,0.1040063503398913,1.8485233285233287,4.417668344201453
52,5.06881428481387,5.62097488094254,-10.5159298830563,64.6679095558396,-9.25616843788125,-1.04531730055,11.8314056549066,0.344882510255716,-3.8029301748151,-3.83477879157938,-1.1688689729999,6.6993468628065,19.7090212200162,13.7810622181706,20.4402173918852,-2.31335241435596,4.70656945604425,3.97351962899805,-2.71479056351234,9.33252040757549,-21.7475682900285,-0.381033247296146,-3.42396907020253,-2.64142169909044,-20.0626314906502,-4.30161543520216,-1.56935618709853,0.321134182442962,-5.96071644829361,163.191745438789,12.6195035292268,-5.82976524836855,20.2642997228884,-8.32740907176354,-13.4673594254781,-13.6429224162267,0.633339642750921,4.81029103432251,-22.8584455582826,-18.6224318045032,8.55246125685327,-3.52855176971658,2.26489133392972,-16.4589222485385,3.13977101749283,-16.0101994407656,-6.55926603175677,-17.2836786957967,14.6139932957028,-0.21019429188088895,0.012854123277891573,0.08637929934096136,-0.38070501334628853,0.28558015498382655,0.025539660178674428,0.20345136535085756,0.14762248637017933,-0.039663696424271686,0.010100027698803487,-0.02173231177927409,-0.06804147011022088,-0.08546173309755452,-0.1301494339764582,-0.054736902661440885,0.026896898288761302,-0.07996985911705877,-0.24645217279797857,0.2387669855128315,-0.22512018343550322,0.026592038480054064,0.03524081011506164,0.08885431412716555,0.1343053596820827,0.306897663770536,0.18408420419929253,-0.11704786523003463,0.16893355739358895,-0.017963818317130346,0.4978981250921158,-0.06656342586032894,0.021712220607548936,-0.5837187510537649,-0.011037974566911832,0.21491736849746912,0.20452721316244882,-0.014065902016306425,-0.08280581865000806,0.18698530175677383,0.011244216357763093,0.056055588205834395,-0.07278439190976806,0.017032797657069186,-0.05463978805240603,-0.09270992706462172,0.05725632091254042,0.04013983037058346,-0.007746814370619965,-0.20399701056506211,6.054682539682539,12.77426105255363
53,-1.31292969934086,0.851010648285668,7.71346603710298,5.11335121642385,-0.810820989459481,-1.81761211205859,2.64312789198486,5.94200063057586,9.46453701648516,1.8082280106459,3.06618293175589,-0.138947263284984,14.1653945115165,9.65941224801039,5.74530459936339,27.1797369392314,0.993160899371465,-0.883545617221084,0.4136002354649,1.43294191657766,10.4612128894318,-0.625300921361133,-0.440707656192618,2.4520626031334,1.0951123076702,1.26435950944905,1.64622678417845,-0.340906973404642,0.634813325981698,12.6195035292268,33.3826388628248,2.53981674400663,2.29940121523557,2.11571984948409,0.247367124554428,-0.464803524695228,3.22743791088652,-1.51354634772636,-3.14040971502351,-1.77858676780006,-6.87982852348256,-9.13928722391731,4.75584424772276,-2.8895449239455,1.53654009876621,-8.37246061154672,12.5345774717695,1.43787073640308,1.12278880629766,0.4036209692704227,0.29592516687084464,-0.054061755705509036,-0.048481999650316986,-0.044818853845618366,-0.2674324754499846,0.034708929384862926,-0.20816827485523998,-0.026544138823096048,0.0750326161449256,0.15316640718169047,-0.047770570490991954,0.041561395625456105,-0.17003804134517936,-0.008824864037496492,-0.12090133933604036,-0.11720104915709417,-0.02144447615631396,-0.05687165788205105,0.004592212798327333,-0.12189574868220088,-0.039165862413879815,0.2621857848452176,0.14151854399689814,-0.15609388557327925,-0.0012952682913670297,-0.3364170780054595,-0.046873348093196744,0.04024368284137187,-0.06998406002652516,0.6674246651900191,-0.2085078438841305,-0.02647254174299845,0.05887959960453253,-0.2654034007419973,0.03149057473207069,-0.1684674595131964,0.18493475081221697,0.016281242894495257,0.027637392385746265,0.03780321362741662,0.4211778239996926,-0.46808939524466436,0.16913262234891452,-0.008910816328055801,0.13656767078572543,0.05466145670630611,-0.20933387958493915,-0.026009756715547127,2.0537301587301586,5.776905647734332
54,15.1296328311282,15.0064221774924,1.0541415970687,0.0554334482000674,7.65744443634303,1.04027765453056,-1.61967270466076,2.25919343443117,-4.9285219739895,3.01698863003887,-0.590863199412599,8.29376640669492,4.44231351763985,11.7609544165114,4.62421481773333,-3.61951345790758,0.952273416506921,0.788727608500572,1.50086993144391,-0.964361453257736,-2.88122677789412,-0.481070549868408,1.52370184412536,-0.434750845139265,3.46208596663921,-0.901636605824079,0.0112366762815876,2.2385150188792,1.06390264837341,-5.82976524836855,2.53981674400663,19.2533464739663,-0.335856971424487,-2.59843892831647,5.8798443501137,4.98085203680563,0.913208366241985,-0.903983795116854,6.95305929325032,2.52135734324163,7.4609486701703,-5.19802391879407,-0.167494922375487,0.870516098406433,6.01619715331995,13.6161340412588,6.5574055175792,19.1056422896648,4.82126874941899,-0.5101889458602061,-0.7923710738624175,0.07868090098121648,0.25773384634746993,0.07873486253612084,0.08080608861219798,0.4939164795312443,-0.21066481010638363,0.3384923738981314,-0.23078728704930743,0.3977022324388142,-0.11066681854823582,0.010787576085729637,-0.24072932767571303,-0.12220124762783947,-0.038829367581838733,0.20318595498419176,0.13424542215570068,0.20349111687636565,-0.19067814164876357,0.1393588721227354,0.5973212771288484,-0.020968492407753777,0.1846932726734212,-0.020884673112739147,0.2883949960913807,0.38152275931803104,0.1779945857918488,0.09712550003684146,0.022594523045674088,-0.20926016384391222,2.1310932137175276,0.07247939873393058,0.09288195044941407,-0.6198602684499585,-0.062486993915017754,-0.16377965426384314,0.19302548811869136,-0.10213505215870618,0.012776994892824621,-0.07159501497724975,0.2985424866915123,0.2916854604263603,0.16048288286561962,-0.36064253471776575,-0.0468378267010163,-0.06569144026513349,-0.042059174242754814,0.07503585155075958,1.6400793650793652,4.386723888503394
55,2.60670664735814,0.639025390140606,4.97450381747205,4.72799993183547,6.62189329150682,4.26067076188182,2.51559121113187,-0.982277696223173,-4.27696937926568,0.191283972455898,-3.31826801629524,-2.61443097639099,-4.44548081039041,-4.2702346509829,-1.74986715186829,-0.660172653691997,1.08322383259747,-1.21208156279665,-1.3912102602056,1.28815949952216,6.97942522720643,3.27214339743159,-0.650382211265381,2.36149182261237,-3.19283140308278,0.986962546814871,0.490143762859614,0.68158422185201,5.20875077212641,20.2642997228884,2.29940121523557,-0.335856971424487,13.0272326254044,0.76878700530015,9.64766114822306,-0.0269311186416802,3.97488625961528,0.74508111966793,-4.67642806464969,-8.60772663967344,0.362335225898663,4.7328179480026,1.04028076537312,-2.39846061000842,3.31807408120872,10.6220608347085,-0.258527388499647,-8.65456656126912,15.0681479812993,-0.22776924106544677,-0.03197310919263515,-0.02374175109743786,0.12210999433290386,0.11601946304015982,-0.04788342029361203,-0.2190388320449519,0.14071071074173752,-0.22673298224461347,-0.07863211019586752,0.11293172975999508,0.195380097193164,0.1997618785797847,0.333578924966406,0.08490315881815264,0.1798112165031821,-0.30668510733280047,0.5083705893621333,0.27855488987476673,0.1621187525684602,-0.24721976422350952,-0.13435442662510932,0.2864974335933233,-0.6843168461483491,-0.15962548535467808,-0.5537354134172936,-0.006597714522201927,-0.6595470013975472,-0.35501236342730347,-0.5857903083993775,-0.025210949700530918,0.06656780874270132,2.6593746285124253,-0.12162085721439446,-0.6942133940177552,-0.3924735860092014,-0.12416194337059432,-0.01801746005413005,-0.1726261433329062,0.08218638998266461,0.09412878374490694,-0.023806328605527696,-0.002864070427520388,0.12657568673602837,-0.3990715491556317,0.040625498245250365,-0.05430752657623655,0.020799636481335856,-0.12521179603044336,1.772724867724868,3.607940219211559
56,-2.26356240712769,-0.153989002635124,15.2129603078143,-5.25298773338386,3.27219675790358,9.78991462919063,7.63655219860937,5.76113568963393,-7.48698220707067,12.9183020481885,-0.423409521375896,0.63714951792486,-4.45658880851781,4.27329332996007,3.48027859618029,5.98824524759553,0.653689671693401,-1.37124462368185,8.37377070956201,0.800562525622242,-4.56741905049355,0.0244530740993335,4.14782488330215,2.84743667982718,-2.38283472174809,0.687582180284746,-0.685220567814426,3.31384793541498,0.263973037264249,-8.32740907176354,2.11571984948409,-2.59843892831647,0.76878700530015,60.1812730646995,-3.65892230923579,-2.57638383315267,18.802647648477,1.9781207315264,-0.833158533575299,-11.1367097946293,-5.26142949781018,-6.29349174863076,-3.10513211037815,13.6989027395084,-3.7712414585597,-11.0259621640215,22.4141865850264,0.913584010960915,15.7156953168811,-0.06463484287663945,0.32378890899778695,-0.18892972188062976,0.12642079874943402,0.10752879676311557,-0.39354813261058996,-0.0012146526408519454,0.04985699758805422,0.3954512401477074,-0.5159405431121336,0.03498988463761169,0.14972783993379948,0.10213603746917456,-0.3725709013495079,-0.029340531600753807,-0.060301588888628264,-0.1735521397014522,0.17476630645032784,-0.21761817617614643,0.07747126053990813,-0.022207741614166866,0.0016681736009647452,-0.3681107312680423,0.13610273685960464,-0.11686240196713876,-0.08973764797248555,0.04310188972894523,-0.029239295833789262,0.10902022344067973,-0.012393546147367084,0.058895925200685,0.09417160209219784,-0.12221861507669216,0.8910893571995891,0.12469965519393536,-0.1527849391294548,-0.5394933720925518,0.004627583759424534,-0.08150078590411304,0.17529187875509056,0.07137500693503758,0.09661330834352969,0.5185264831171756,-0.2517579522151732,0.15231087899914433,0.3620185116312661,-0.0004555627140212274,-0.05748016113833836,-0.15037929242454337,3.41518278018278,7.7570144427285594
57,6.82693509762156,-2.07655822659903,-3.82929155122724,-4.92097183884616,17.8740450398034,1.99631889461029,1.12939078175361,-2.87821046219121,-2.0420810203896,2.96383947712335,-2.37632199137311,-3.72721729934473,-7.40446673087109,-1.60264449429831,-1.28794665403342,14.5417762651281,0.246778745005844,-3.13255006466478,-0.704813487895829,-0.586945339534716,17.6582812129527,5.6604339090052,0.746658277822425,1.26493520996985,-0.374482027935126,-1.49750450654378,0.43695333817462,-1.18314739135275,1.8593603345896,-13.4673594254781,0.247367124554428,5.8798443501137,9.64766114822306,-3.65892230923579,31.7845061330194,3.29687132990663,-0.782624225889348,0.201553616437636,0.697496535924384,-3.60121671300973,5.88293150285998,19.4536489098479,-0.982929686961007,-0.392412991822118,-0.574267842430849,15.5531990513047,4.65500130109923,0.195221527370665,19.5085753957557,-0.025308168781229788,0.11851782172901246,0.5430119836996473,0.16308350688767184,0.004936607056954271,0.0628825414748583,-0.33196167138783084,0.3677739658426775,0.29048352951709866,-0.05073188570410547,0.3684780357174164,0.19149374198263136,0.14064104582661852,-0.03644905284035441,-0.10212507805187332,-0.4031449052016439,-0.06331440280403221,0.17611772493058192,-0.11895949279628455,-0.06132077902909898,-0.19192844559478237,-0.5141483080214649,0.05698678968040607,-0.2934309730404719,0.2961308956062649,0.4880849276228336,0.02581396382309692,-0.0893755439170062,0.045777998852373006,0.21399363481198597,-0.26325179596137693,-0.6243591651962003,-0.6973465603366165,0.12688480628499704,2.0276181408564002,-0.1514986994859882,0.07989949275716086,-0.006125852022945886,-0.03352913652253126,0.04149453195832098,-0.016245079745370546,-0.7083900695085891,0.3407587146166326,0.02908965674671615,0.2690119375997003,-0.2665890881211822,-0.03376645374544375,-0.09602845395826531,-0.3193442240534673,2.081878306878307,5.636887983011496
58,2.33006003948185,7.91192612018197,18.2027426099038,-0.526119933219359,6.13616887365769,3.44131445091528,-4.26851549229523,2.54355745342304,7.1519434667159,4.78137038680934,4.09121505736234,-0.225468283082534,2.41606161604243,5.74651622124275,1.0706749265555,19.7431062635546,-0.60295231273376,0.388049348745557,-1.46580652887779,-2.47383501660678,2.51105341096342,2.29361434280392,-0.265227636918797,3.68250328729127,-5.94384403582392,0.0456383817516708,-1.26095091468863,1.57990309970535,-1.78260723546065,-13.6429224162267,-0.464803524695228,4.98085203680563,-0.0269311186416802,-2.57638383315267,3.29687132990663,19.4147212138687,-1.88009858297819,2.67316582891472,1.72629789008947,3.54666303281281,-3.02359831805256,-3.83652793565524,0.269181943692952,7.93531100083235,6.21617952313879,20.5879122728309,-11.2370881548409,5.92474657379183,1.2557092260372,0.2682017733113989,-0.11415605920660199,-0.2412388330555601,-0.10410716160995302,-0.2304953182105182,-0.11006440032334033,0.27009805683646687,0.11635166161426932,-0.3871953044084198,-0.1303202257103636,0.09085537202395887,0.10218335222114511,0.0697037009439539,0.02399556098713586,-0.4372892094107075,-0.032409437850206106,-0.05268729673643515,-0.21718000317910954,0.26537005404447056,0.3367110491089406,0.17536681882347027,-0.08125330935197138,-0.0715856083393414,0.30686884310545465,0.45499601476392565,-0.1548794859256262,0.4289157187971627,-0.11193243927663443,-0.06552323140012402,0.20512887742726707,0.03196854543411209,-0.06235673331783968,-0.3928488126570123,-0.15311784418206525,-0.15182312602426146,1.640902854369798,0.552879049953278,-0.05240412741613358,0.18390979429267468,-0.12135445657684911,0.27568561611751113,0.17485760130242695,0.165655055944738,0.08306800808950333,-0.37065889318201384,-0.210655274468276,0.116388233266924,-0.2851554664117244,0.08567052233473504,1.5128174603174604,4.405079024701906
59,-1.93868607768718,6.79714210767505,19.609443383565,0.809755011942389,7.13579694761356,6.20902623534805,5.98048462281756,7.40025553357185,-1.38246314396957,3.86338793766799,2.30022572876961,0.766182578079535,3.43812192696702,1.85828912681924,1.92057933681954,-5.02480991375526,0.780400134511358,0.784382794853549,-0.120988142690025,-0.390355763137481,-2.41794886024851,-0.142856971771944,-0.282726264663791,0.746964836953734,3.25312979341536,-0.714098486870126,-1.56487285494274,0.792748213264303,3.06690630064671,0.633339642750921,3.22743791088652,0.913208366241985,3.97488625961528,18.802647648477,-0.782624225889348,-1.88009858297819,20.9684536662366,-0.185886936324621,8.93044646875255,-1.2160853826445,-6.08287214991755,2.12158225150642,2.95939610007177,7.1672074447244,1.45445097407301,18.7901007049934,23.1510609594258,4.47902233806256,28.3987094527455,0.1730695702963482,-0.20950234159561554,-0.6269421548239773,0.06999363184871747,-0.21674277807356696,-0.1834640439897829,-0.07466617364454582,-0.18812241350548936,-0.32182919579288927,0.22894948611697563,0.15051437378032023,-0.25513865988015766,-0.2667183989636712,0.05659350424744762,0.5024492787015873,0.1209842798641083,0.0023282301741700453,0.09792166742096542,0.2481278681947482,-0.10128810878232025,0.31074624277567126,0.46031944060619323,0.2553433371159141,0.014687306228603389,-0.22792405551220868,0.15206836796504866,0.5386477221121916,-0.2810663203428596,-0.02559798398081422,-0.014415312957598429,-0.16733817365808204,-0.1611203566407393,-0.12485099874535752,-0.5440106398004959,0.08304930564067022,0.5574855755545775,2.4987297427227726,0.2631615171189187,-0.19261561791967477,0.037286675820738205,0.23674361489393517,-0.32834656434241016,0.25333077641564855,0.15711529347632525,0.07937449753700819,0.017441454771291363,-0.024735661087511625,0.017136061647374586,-0.5224771596844272,1.8610714285714285,4.578040374028675
60,1.90404402408316,2.34128896067486,0.786324826285095,-1.29505316479637,0.575151241972529,6.12221935366306,4.26203949505237,2.22740778751237,1.95576180493032,2.03294629446695,6.71092587782642,11.0439753352874,-3.67227135257129,0.0959383226806168,6.34408353000121,1.96227997931611,0.975594303408895,0.650084227210122,-0.0079938473654715,-0.431322121366103,-2.78983431399674,1.36579150609643,0.783906300711179,-1.07361261431144,-3.17654526580686,-0.188482685809267,0.862488432914872,0.761293664056387,-2.95356426611269,4.81029103432251,-1.51354634772636,-0.903983795116854,0.74508111966793,1.9781207315264,0.201553616437636,2.67316582891472,-0.185886936324621,5.48532632861574,-1.78889075483517,-0.0452529177810303,4.07516045980337,2.08613408512295,0.241917176461951,-0.663258826702902,1.79619098061059,1.20789960971423,5.53728694805995,5.76792172984161,6.38046939205935,0.029054044375884023,0.1797965838114655,0.10062529718874377,0.3862842943327474,0.08463649899264467,-0.4551701053573165,-0.6680154564850018,0.0613465283172009,-0.39264427435755855,-0.1733241085006011,-0.22395113243380171,-0.6892697387981777,0.20172978672242273,0.05395712387509001,-0.28517497593896035,-0.2831026922309484,-0.01607188988108187,-0.025266163260368898,-0.0581217155256392,-0.057800203900896636,0.4267994472350378,0.24937070490032054,-0.18507393580244552,-0.16987627839397276,0.2887207096436081,0.046531156777808724,-0.03670253785237404,-0.017775369226796518,-0.20894910609163975,-0.08252093159518269,0.1848290978704793,0.19382160903374354,-0.017867580057422745,0.00560756707753527,-0.005349947617114572,-0.05278455767483705,0.25953543409202773,4.135232392404996,0.08409250853588383,0.06865787982329685,-0.09221635922640338,0.0797838220443469,-0.037506280476404995,-0.0036968530318444294,-0.07408865521814721,-0.15375985390575517,0.2868907844300528,0.023544573399964793,-0.2858178282985701,0.42039682539682555,2.339941522477803
61,4.66891744172555,12.3404556298041,3.35104621221775,4.91967278573189,5.15041558094484,14.1552860374288,-1.58392598986645,-5.03340782976796,8.02481340303253,4.57478270808768,11.7297933651168,3.09722766649967,16.5157999631797,17.4288068337219,4.68353242215892,-5.63009937194782,1.44777194641428,1.38194235251565,-1.31782946109307,-4.91445409850925,4.04218841073556,-3.12923340099543,-2.62091653603903,-1.91885297620669,12.0726256429361,0.508152699022915,-0.221856142584575,-0.324405819380711,-4.66063486411769,-22.8584455582826,-3.14040971502351,6.95305929325032,-4.67642806464969,-0.833158533575299,0.697496535924384,1.72629789008947,8.93044646875255,-1.78889075483517,54.3783964670159,28.1299701409687,4.23144402002611,-1.69236281610511,6.45497769292895,24.7428851836253,1.14443697774538,44.5343758128138,22.4726674866296,19.3454293616584,17.8404390208442,0.007709199548951766,-0.08488057874468102,0.09468327523841431,-0.007916346854115694,0.14779007234023045,0.034941325756314444,0.015272373115048532,0.40668364753662806,-0.378247889763498,0.2149340648442647,-0.3435843481419937,0.15649080003708163,-0.013898709414512158,-0.4538599428898441,-0.21489499703452294,0.3125565671367355,-0.055418566121928366,0.07481727544453134,0.2782473791421817,0.21788295455279216,-0.28375082592844586,0.3397394341742886,0.4083012495385554,0.10357401502043674,0.02443455210226542,0.01676700424193957,0.2030456924366198,-0.11466023011286074,0.12476218636410064,0.18919411967931216,0.014455879141015322,-0.10383114645606695,-0.17419186955756855,-0.08138844518393774,-0.034190664493268165,0.18352937167559338,-0.19090158841368943,0.08246456097202652,1.0610499875019506,-0.1169681156934068,-0.32854269461908,0.2010471345257664,-0.16670212701174197,-0.4152355367822488,0.21621336358663673,-0.16069014530775225,0.010955431135627814,0.10079121109338128,-0.11828072319895401,4.444920634920635,7.373492826809824
62,-4.25148932504695,-4.33373344102991,-4.07538131978208,-10.4745271257376,-9.59641296963503,0.956625948287657,-4.89951549864305,-5.71350965529328,5.29239814991888,-3.70401476731336,6.35965299605421,5.08428436098597,10.5620722279914,11.3959913673991,-1.4637061613078,-13.6252318381346,0.962879389931,0.659690322561766,1.63038507266417,-3.59726358574625,-10.3455311098429,-3.27179450558696,1.63353360159922,1.000201990613,4.99429670595471,-1.7105814275393,1.59646413573782,-2.48553368151884,-8.35595263156091,-18.6224318045032,-1.77858676780006,2.52135734324163,-8.60772663967344,-11.1367097946293,-3.60121671300973,3.54666303281281,-1.2160853826445,-0.0452529177810303,28.1299701409687,55.6729006039623,6.31325960030349,-1.41111544205627,1.74801298479424,11.5598775772269,9.46182567043751,16.0246682858415,11.0448259378575,24.7335767339074,5.18854010488187,0.02308429881126201,0.3390020647017116,-0.06621238932321993,-0.027170162133507945,0.12458041785261142,-0.14411956774161327,0.29089230709255964,0.26210212600976657,0.03191673624575971,0.15866646454319971,-0.055166393347798895,-0.15871667025952932,-0.053823642166279204,-0.19963262818396538,0.06037931810053861,0.05886451237984297,0.0035771173248269643,0.13982902777281644,-0.4222942666902817,-0.02059055492425946,-0.0064991900665116,0.015370924987949158,-0.032560810736020546,-0.21231926316613736,-0.10569517538758048,-0.01268025686875702,0.4045986194502023,0.11003699256182482,0.10817088567772626,0.010548898773364368,0.02678242172068078,0.014255316408958475,0.08162666476184384,0.17489554857767425,0.04237840141794235,-0.12296898622621674,0.03648600052216394,0.06781943662999317,-0.11734558318427811,0.5778717658480442,0.19449256536324183,-0.16382566185880046,-0.02058774237597134,-0.10931688858387482,-0.3976897962894605,0.14360411742834248,-0.05538644646085343,-0.15819667902724258,-0.1605186986543216,4.12457671957672,7.460757374688063
63,16.3485370517691,5.20755061102453,-16.3168524955987,6.71415836326239,8.79922337322959,3.74076149626312,-1.38561828911347,-5.73771788508466,-5.14960041200363,-1.95397064559336,3.27566583893251,20.0836355200954,-10.679237687473,-3.43993461073653,4.92788442110361,-18.7385489641464,2.49377482501192,-0.527976204264068,-0.808568392579621,0.993498904748295,-9.68826079984788,2.00581696757046,2.51606961143197,-6.43857504848497,1.47397409710638,4.95550879471888,-2.98551570837834,3.65729490100883,-8.19058951846285,8.55246125685327,-6.87982852348256,7.4609486701703,0.362335225898663,-5.26142949781018,5.88293150285998,-3.02359831805256,-6.08287214991755,4.07516045980337,4.23144402002611,6.31325960030349,64.248628176558,20.6861369348941,-3.88701444349899,-12.0195357844845,1.34489282262779,-25.0118440082639,-23.5024859153341,52.6114227310112,0.824607809446483,0.05105161371642321,0.24272879972939793,-0.12000785537651712,-0.24388324642792802,0.04634635227628416,-0.0200313097063167,0.17507124598049037,0.1057498022688664,0.004543420912582714,-0.17933700973963218,0.35260927745307347,-0.24239438203424069,0.009768461939782489,0.13125577932542046,-0.09083235055899552,0.025800764064255455,-0.001301576457051956,0.18822666406311025,-0.028638579463547486,-0.22104131684450082,-0.04468302227044996,-0.08152929173963516,-0.21974021757900497,0.023220134427933643,0.18813191500043513,-0.3517981324126228,0.11035700309442349,-0.09868328600790298,0.1769457466153806,0.055638218299215454,0.03840689945665268,-0.07139874852764641,0.09230668659045656,0.06965130056225732,-0.015334799638880377,0.2768362398402929,0.23591130363616872,-0.09211677626468508,-0.32844076077672973,0.19457719181497724,0.7193176763482777,-0.12136673507034842,0.11302161357013317,0.11714049198769742,-0.38100007265932634,0.12654833293225135,0.10249620416624619,-0.35210327504982664,-0.1857658189096083,4.449285714285714,8.014900384693373
64,0.815127092248355,-4.07226281386027,-6.60406191539662,0.746923168099408,9.53990420308136,9.02818187725348,3.02581275684226,3.93244611833437,-1.26386020243215,-3.56305769543936,2.38967374199858,3.3348040668793,-12.9686983084963,-7.1824954633491,-1.28695710223947,-1.0226185538905,-0.792582107525369,-2.76784042678313,-6.82362925151259,-0.844847491989712,12.6363797452453,4.33207405946143,-1.29062727062628,-5.40017334951919,2.21601280763605,1.00931127399734,-3.92064467390159,-2.98922407308823,-1.38401156769441,-3.52855176971658,-9.13928722391731,-5.19802391879407,4.7328179480026,-6.29349174863076,19.4536489098479,-3.83652793565524,2.12158225150642,2.08613408512295,-1.69236281610511,-1.41111544205627,20.6861369348941,42.9942711200381,-0.428966955978588,-5.82909189308113,-4.8408926288577,-1.07420395061388,-19.87234706636,12.2492927257327,7.9657200218138,0.27815111940369996,0.18636080251777784,0.10930217715994017,-0.021919264014063182,-0.14570633638641542,-0.17320687566375847,-0.18992796559556138,-0.6635282919212929,-0.0032039968377506156,0.11552162710709386,0.16714843363070497,-0.06994151300677695,0.021265506437811235,-0.06939115560317678,-0.11288570490281859,-0.0038980356723285125,0.22581881392525208,0.13831804484243276,0.48532615336663215,0.111752793906714,-0.22210839463654075,-0.16021203794400243,0.2655959876574877,0.4160424820025064,-0.19679107073572086,0.04148894592595959,0.09787593814633785,0.1727499940569371,0.02462181628827178,-0.07169806106037871,0.42039721262080504,0.29603704368539085,-0.02437140109406367,0.09511580191216958,-0.712645660513908,0.17652361426832383,-0.3289744341932708,0.0792038679456732,0.20330102136390382,-0.16385682617761277,-0.12009145634534209,1.2423530068071553,-0.0013816864163333485,-0.21236016143945943,0.13360195271511532,0.06323257059203836,0.1756632950006585,-0.2574766292223921,0.007063407502696293,3.937182539682539,6.556239098754563
65,1.3626998096243,7.3857232154132,4.93333514211783,3.14466543643729,2.71786624915762,2.79026159488708,5.0418107647136,3.71906753552463,2.72749123449977,0.831442775378006,5.69836267905742,1.92747296071007,5.81606094932506,1.93174990212698,6.80361396315585,2.39917139268325,0.386630565732804,1.51065662386874,0.177561835264736,-1.48097425980544,3.15844623471639,0.4667745887605,-1.23888991254733,-0.178389637246858,0.967797898038684,1.37154119016471,0.390007687004683,-0.652674251765517,1.11822912286139,2.26489133392972,4.75584424772276,-0.167494922375487,1.04028076537312,-3.10513211037815,-0.982929686961007,0.269181943692952,2.95939610007177,0.241917176461951,6.45497769292895,1.74801298479424,-3.88701444349899,-0.428966955978588,6.0678864267397,4.3652508265546,0.25748980135118,5.5846630406719,17.2180706511944,6.08635847892874,10.43582965201,-0.3491897396174174,-0.13672029812570388,-0.003274952259939614,0.005189906645764019,-0.07218684034893978,-0.20858417192227705,-0.4208105637678564,-0.5857489717707479,-0.08779458645243364,-0.22058424318439723,-0.11102810213689854,0.38169120640287885,-0.0014178344647611536,0.10380663662773429,-0.1939606669018746,0.1837563970709586,0.07635045837661143,-0.07828706790497345,-0.2688129239930859,0.3004815306013206,-0.1565562914665845,0.11796911693677013,0.1260331440409784,-0.12160016950869695,0.04090521511372939,-0.307565790242281,-0.039807868266930224,0.31466649562027993,-0.28111370185794177,0.018790385479038864,-0.47196836169992024,0.2914988344013178,-0.003327190517395341,0.5170981966781822,0.3378983056436543,0.16185054754825193,0.2501554856546679,-0.03714840920007955,-0.16519543263805755,-0.021914493551743394,0.10901698387457036,-0.002676866125920893,3.244398944404814,-0.5457427121163744,-0.035039329174109075,0.16961054268668466,0.10488418771467081,-0.030806171647888323,-0.4073171090141743,3.6412566137566142,2.4612773973568487
66,0.335492702198568,14.5348173311149,11.7682124238851,6.2763654667606,10.9049953028266,12.5756528614146,-2.25419948616749,-4.23359398692599,5.12402579747977,7.31838592309348,7.03391109380846,-3.40298492170651,4.46537649400432,10.0674252472567,-4.54011942262159,12.9468945641993,-0.933902068786003,1.86082764160887,1.68913158314601,-2.20976795733198,-1.81604874337792,-0.912377363812107,-1.47950709192267,4.88329597360127,2.14779648725185,-1.08140684164753,4.23193154901826,3.65668319432586,-1.37883851986618,-16.4589222485385,-2.8895449239455,0.870516098406433,-2.39846061000842,13.6989027395084,-0.392412991822118,7.93531100083235,7.1672074447244,-0.663258826702902,24.7428851836253,11.5598775772269,-12.0195357844845,-5.82909189308113,4.3652508265546,36.8626767946563,-0.741365643532481,27.5406618197252,17.1132247504808,16.139471139958,8.44053806237273,0.19733156761419465,-0.2696257569960355,-0.11507517638572738,0.03520883523821279,-0.14384393401349768,-0.26376401262275684,0.263741891001453,0.21630134586090663,0.134668021676995,-0.2502644388137035,0.3850654531361029,0.12267459439517339,0.08526077490455335,0.012422537961072684,0.01446010466484506,-0.31403688615320785,0.4803420757048063,-0.17694442532978422,-0.034061595776532436,0.029309221081182276,0.28712637102346183,0.06444129361329354,0.3709464996510744,-0.11451744079185706,0.1968646691465941,0.10656899779041128,-0.7435214927217567,-0.026072826345177578,-0.1793924851079937,-0.05646901965748228,0.17244812921130484,0.16547026276896737,0.12915628338643967,-0.25268711563493346,0.030551260686123502,0.08627540077351518,0.154115909018002,-0.0027773995506097508,-0.4140490982161099,-0.10832377412512915,0.11872247598811676,-0.21165131312939386,-0.5476386102342292,1.2148993405462,-0.03624732945877174,-0.0944709470884912,-0.1377212002174471,-0.1550332676655025,0.20155119987316367,5.220541125541126,6.0706405588419
67,0.482086507100263,1.05823250658742,8.93244387428095,-4.5278274944443,-2.07763690398065,4.73547573828876,-0.213402408303206,3.72631045232183,-4.56094394701457,-0.331139232232426,-1.78658737867873,3.51951175237143,3.84915779923367,4.83668024328179,0.529543481559106,-9.886953902929,0.538251946031685,-1.29202562249755,-1.23623260116506,-0.827659152159058,-3.80748897548048,0.462005317300464,1.26460592760281,2.348929621665,-4.04019870277056,-0.856184341591434,1.79823968512833,1.32546490095455,0.0667283526520204,3.13977101749283,1.53654009876621,6.01619715331995,3.31807408120872,-3.7712414585597,-0.574267842430849,6.21617952313879,1.45445097407301,1.79619098061059,1.14443697774538,9.46182567043751,1.34489282262779,-4.8408926288577,0.25748980135118,-0.741365643532481,14.431956316734,19.0542125812866,-1.60364212353583,-3.39788477336077,5.83344847099211,-0.04375386663188769,0.0911611371776583,-0.24631526661935033,0.1820013621957687,-0.1618384824765476,-0.1265084577009259,-0.2196037733325504,-0.3294384752267685,0.1345467366023679,-0.06754112260163014,0.06862462746563185,-0.02644158300558418,-0.15093049321736254,-0.10180867052885467,0.11016098435736262,0.12141870839012223,0.32905276463099464,0.7851031615110933,0.4259518736449665,0.37109065400631414,-0.00611026706387363,0.3814650286052796,-0.457070632955959,-0.08260044455925473,0.10454176226473035,0.044324272455377206,-0.6964665967063728,-0.16077675272924682,-0.009788460740585904,-0.09189204144225457,-0.0063376116175383424,-0.3631912051699337,-0.39860560665174505,0.1519643073590078,0.2659340424471259,-0.3708240281714161,0.07945546660362351,-0.07340802641404902,0.21687242758472608,-0.39699456138041694,-0.38142233904269685,0.13432185116621312,-0.03515848363531728,-0.035872245989658755,1.9082919135797793,-0.0781850664761614,-0.07547529878014797,0.22893778718224211,0.031114261829318222,3.9398917748917746,3.7976250890173415
68,1.18974134465702,13.283366540392,44.8578236338755,16.3229509300666,4.3652164109264,29.0609785744228,-3.74641417194192,3.88892924819522,-4.11205730569772,15.0360678081557,-2.78094211231442,-1.68999639745841,6.46696696590722,22.9504878129767,-5.94280663475249,-16.0450338421335,1.10218771532926,0.404204399056046,-2.88758496292239,-5.17733173656275,13.6875885159862,3.83786929321777,-1.40621053077616,2.9275855662104,18.7219359358827,-7.74321052704351,1.03298494931147,-1.76664188724941,17.733588829291,-16.0101994407656,-8.37246061154672,13.6161340412588,10.6220608347085,-11.0259621640215,15.5531990513047,20.5879122728309,18.7901007049934,1.20789960971423,44.5343758128138,16.0246682858415,-25.0118440082639,-1.07420395061388,5.5846630406719,27.5406618197252,19.0542125812866,157.178389823756,-0.524960385613679,-22.7404961058148,42.191066669751,0.05708350549101498,0.052945925607587166,-0.33670373868303377,-0.1637015066623975,0.216690737076319,-0.35506975849595795,0.1830597654512922,0.015268268940222672,0.04670705503245097,-0.3941990624042355,-0.06297430022255085,-0.03963821122378528,-0.11035952906311967,-0.3088251436878191,0.2590283441899905,0.19101908282084612,-0.14638363245259198,-0.14149600101319906,0.015159278002056168,-0.07361061752299883,-0.03271042909031365,-0.20245627663748217,-0.1547239022976349,-0.0015260519388495162,-0.3517739025817576,0.2537829913167178,-0.22517675319099226,0.10481461142351098,-0.033093427712728475,0.05545983549239277,0.1360916552918931,-0.0454193286730425,0.04028762720332863,0.36475808929922965,-0.2677264551892931,-0.21419615063664835,0.015564935005862693,-0.15440671629138766,-0.1613019033722875,0.1426494991157993,0.1263076909928932,0.06605486411673227,0.17180767886381823,-0.09635357589955786,-0.07718076043702382,0.6974263659116412,0.06410550376794671,0.10930796875319093,-0.35278609131978533,7.349907407407408,12.536681770857719
69,-6.3112597235632,34.2856678321032,-0.658608232840676,-2.57227065090611,13.7122424340275,-1.68544691221562,44.9578624792852,27.1033058246727,6.48433034764263,22.0476039273124,45.3324251397958,36.9935246217144,2.42841231627981,2.73580973601735,59.7782584569991,-9.10983554006831,4.73866555072029,6.82982783853138,13.4530266682934,1.26264124632,-16.7982201231734,5.5175792167812,5.93141405801422,-1.45985294069777,0.185869789181388,-7.82162956183626,8.46479600954464,3.98029761788309,-13.8995880153026,-6.55926603175677,12.5345774717695,6.5574055175792,-0.258527388499647,22.4141865850264,4.65500130109923,-11.2370881548409,23.1510609594258,5.53728694805995,22.4726674866296,11.0448259378575,-23.5024859153341,-19.87234706636,17.2180706511944,17.1132247504808,-1.60364212353583,-0.524960385613679,254.955636640863,44.0014436501872,97.5080428583249,0.3143782270786985,-0.20919295414334557,0.2199195937697492,-0.029179670326300186,0.02903128048409368,0.14732599727797818,-0.07700827390243255,-0.19235453600424499,-0.10801334416010705,-0.20778743243427567,-0.0334251944683685,-0.18332544840277246,-0.03872532124894812,0.09878157520138917,-0.10147782726363025,0.04635791497972372,-0.03861110491437126,0.007868674253189255,-0.02337490159640629,-0.12474841129682927,-0.1707733211530184,-0.19183677036827196,-0.1233596586122687,0.06759596925068934,-0.010931484779659828,-0.006730299059453938,-0.1305945363998334,-0.12362368894883305,0.03763971622037117,0.040541276040648846,0.05334630660787091,-0.06764425441857824,-0.05603497722560222,0.0004410860842692227,-0.03439633678511619,0.1159830378083569,-0.023546815932889695,0.28658813011417933,0.010795929633153721,-0.055570727947393386,0.1027003899498766,0.17533092263109232,0.10583961993162569,-0.13810254643819084,-0.075028069314122,0.06387956029033887,0.34179475329902637,-0.017391936593309426,-0.26438942215952604,10.15047619047619,15.967017149137885
70,27.2528115491852,45.2712121251182,-3.99856485559536,3.21866281742956,17.7818549664962,7.94082970397521,9.33396067984164,2.96880875446689,6.64716299125731,5.50444569770505,31.5865526048394,39.3336273868316,-9.27240681141977,5.59235211613458,11.3140176120288,-8.55501465482566,3.64354688012732,7.23356412564419,4.62469979080681,-3.33075769527169,-22.494710622804,-0.334019927301919,5.12388791296694,-3.60224289000933,9.62998548548933,1.45435163616246,1.96528264240609,8.69019672346627,-11.6592446744648,-17.2836786957967,1.43787073640308,19.1056422896648,-8.65456656126912,0.913584010960915,0.195221527370665,5.92474657379183,4.47902233806256,5.76792172984161,19.3454293616584,24.7335767339074,52.6114227310112,12.2492927257327,6.08635847892874,16.139471139958,-3.39788477336077,-22.7404961058148,44.0014436501872,137.079851330571,18.1516852764094,-0.17096976173895778,-0.43769857772682486,-0.09305138025448997,0.0972920284539804,0.0856127505624383,0.16025000494137076,-0.09090912406099651,0.046634965721429465,-0.10077153491250528,-0.10630063747149299,-0.47163889984224805,0.07313093729686934,-0.09510015506309935,0.003944157267419074,0.22852035573042523,0.16351511649761488,-0.18688852210801143,-0.29025892130655645,-0.055673020665306286,-0.028317019187232895,0.1439115374605287,0.029673921078631118,-0.2780192992226682,-0.046939804479621094,-0.22045684218694625,0.1768029800297084,-0.18304215414099478,-0.025133030346803795,-0.08652129240593207,-0.007323110051824274,-0.21151953558408418,-0.04112946241378572,0.021584616008907806,-0.0531382046865036,-0.09507397038597931,-0.28725392956587875,0.016677914605359456,0.023314965517204144,0.09970345011596987,-0.1587813686809995,-0.35225792269474643,-0.25637603786240704,-0.028930009770623544,-0.15590064152835592,0.22964902076544266,0.10919900576293579,-0.01748526350440144,0.6118154204917893,0.04248084578867978,8.602063492063492,11.70768343142957
71,4.91268688790322,15.7296672158435,25.1387777721321,1.41616153510476,27.4588575075983,4.60108267712639,21.4402260831821,11.8296437852152,-4.02871419789093,10.6122333656606,16.2007500451152,14.3578575876856,-1.58352763959104,-0.308625036244536,28.7947903307425,-10.1670245774665,4.19719012974762,4.34579531179596,3.33300263400772,-2.21418421995436,-7.83540368802279,8.59742088728376,0.343860748621087,0.30751462164359,-2.96069146231472,-2.89149075374046,1.08419047878391,-0.517747748026781,-1.95910821106814,14.6139932957028,1.12278880629766,4.82126874941899,15.0681479812993,15.7156953168811,19.5085753957557,1.2557092260372,28.3987094527455,6.38046939205935,17.8404390208442,5.18854010488187,0.824607809446483,7.9657200218138,10.43582965201,8.44053806237273,5.83344847099211,42.191066669751,97.5080428583249,18.1516852764094,96.0766968293064,-0.1009145368977645,0.0819969677367175,-0.22581230707113584,0.15823664410918112,-0.5366332457507479,0.21087948519253477,-0.24155405045584818,0.09514398475999394,0.04383151298291946,0.16592867143289303,-0.05919010376934324,0.1402632287773759,0.16332037353315054,0.23880531682899708,-0.18124833440556345,-0.06734455931037095,-0.0832436248688903,-0.220253373215856,-0.15926561331898928,0.24638214071909284,0.29847024690413915,0.006915698374532679,-0.1850711766790646,0.027641996355801182,0.10405586248016772,-0.2071940760534845,0.045340124306984905,0.67360816356726,0.10129735137667505,-0.20266378822601558,-0.026418068765696863,0.07464088854211952,-0.12200236941361188,-0.1511733678396655,-0.3171264462676609,0.08569774246963448,-0.5255335753049816,-0.2862816579613647,-0.11757070001764025,-0.16125291278964832,-0.1863170797167005,0.004557805608071574,-0.4069096787162709,0.20218898592373197,0.03093196539053575,-0.35257263891279417,-0.2634230192527242,0.043489599381270685,1.1621644618991125,6.781666666666667,9.801361988484377
