,Cov_0,Cov_1,Cov_2,Cov_3,Cov_4,Cov_5,Cov_6,Cov_7,Cov_8,Cov_9,Cov_10,Cov_11,Cov_12,Cov_13,Cov_14,Cov_15,Cov_16,Cov_17,Cov_18,Cov_19,Cov_20,Cov_21,Cov_45,Cov_46,Cov_48,Cov_49,Cov_50,Cov_51,Cov_52,Cov_53,Cov_54,Cov_55,Cov_56,Cov_57,Cov_58,Cov_59,Cov_60,Cov_61,Cov_62,Cov_63,Cov_64,Cov_65,Cov_66,Cov_67,Cov_68,Cov_69,Cov_70,Cov_71,C_0,C_1,C_2,C_3,C_4,C_5,C_6,C_7,C_8,C_9,C_10,C_11,C_12,C_13,C_14,C_15,C_16,C_17,C_18,C_19,C_20,C_21,C_45,C_46,C_48,C_49,C_50,C_51,C_52,C_53,C_54,C_55,C_56,C_57,C_58,C_59,C_60,C_61,C_62,C_63,C_64,C_65,C_66,C_67,C_68,C_69,C_70,C_71,Mean,Std
0,113.029315015544,105.674008467129,61.1114940391115,49.4011005649316,27.4664493286566,8.29167930902804,-0.32609015800671,2.16266230099916,9.86745591657569,32.0858798822074,45.626068080455,38.6604712515794,33.6862239065421,7.84164046556654,-25.4233343072534,-21.4848116242682,-10.6257053951509,-1.37170665862896,12.7158709900889,3.85310337787902,-8.17296594082737,-4.72152770554366,-4.33630004116668,-2.64384091990468,17.1971771352612,18.4686049271905,16.4283189399298,-0.511937563074215,2.44968728051791,3.63011983924032,3.41258575972259,-2.28213881676476,-0.742746211884846,8.13964039335289,4.71444057984399,-2.22406546784769,0.610251928313736,3.07271137483198,4.34238565700482,8.45259941830795,14.4337041766407,17.9208955496192,3.58691481749538,-7.31167724638244,4.52501635916527,0.371181270741393,-1.78716013021926,-2.74841376029648,1.0578892835245373,-1.0821802316164397,-0.1645592325198777,0.07627919598749683,0.2720404079738838,-0.05447086639100446,-0.028531101419177606,-0.24561835788677452,0.08072470301454582,-0.12595899579535025,0.14409425749333946,0.10520989493110515,0.03628391031969797,-0.05435405578172914,0.08801221483431679,-0.13872099782991576,0.019840243601295788,-0.015385713935402433,-0.05025126000452023,0.030071984319371404,0.09890257497171741,-0.052686473834972845,-0.05604020708449669,0.4671688719732631,-0.09073123301574212,-0.03408828646075273,-0.09371993415868685,0.13720200478382458,-0.0258676383957087,-0.0507517378663859,-0.056350005609443074,-0.013549089831426721,0.3196417319975192,-0.4732149595717284,0.06601833726380218,0.03434970790073994,0.09283785196240672,0.027723178030625257,0.012128628621183506,-0.17828693220135097,-0.012909135103288425,0.1362968169166484,-0.19926111380319808,-0.24308260529809514,0.1760389958408222,0.16590490458048993,0.07220056997512556,-0.1904539986360705,0.0659391534391536,10.631054275825344
1,105.674008467129,107.334757844017,66.3848763729104,56.9325494695921,31.9332860895505,7.07819330545254,-2.95189040699713,-3.43087004035277,3.59196046729509,25.8306363206642,43.2912370693455,38.4707090132586,32.9418882742436,6.03560671177304,-23.862212509257,-20.3429449022901,-10.2062678673905,-0.304593601244424,9.20497205795841,0.671276315167655,-10.635992798457,-5.37112867410557,-1.53808287717982,2.60534904354342,17.7855076948065,17.2501143852078,13.3348561878025,-2.00011051347194,0.44625663976623,3.83378491093397,4.95205331769061,0.110113155721303,3.04644522263018,8.56315229964486,4.09131218470877,0.77597693462899,3.80286509498784,4.4662469146773,3.85292920429585,6.54136796041658,12.3697163320187,15.0843692987603,-1.74012518639436,-9.88242419783705,6.4768742922631,2.37211593350678,0.863413519440134,0.39047070256778,-1.083565957350594,1.7684233683365278,-0.2764692779437061,-0.2996373490630913,-0.20152209455249467,-0.05930639470091261,0.073306897034877,0.1809542165266475,-0.07605793217068701,0.15233493385236194,-0.005431451353365659,-0.33610031908028404,-0.1494881726567778,0.351446740145914,0.03635817250630234,-0.027880046694010636,0.09814066086369472,0.13561598947460674,0.002938441789495146,0.07097527544986866,0.032797502564359045,0.03365746022182873,0.18528562282831856,-0.38593048734558855,-0.16766573112502245,-0.14890691379090054,-0.10559975548050403,-0.243560443917011,-0.06701113755099992,0.01069833015270336,0.0758854208909605,0.17576110725342917,-0.13370534421314692,0.31678010948802815,0.09741881520424628,-0.14227015448365304,0.048763879951260074,0.003709541448757458,-0.002809852226479023,0.10099604230021181,0.20806577844803711,-0.09080472907860589,0.08727637811233349,0.48736624665708433,-0.6015883134138243,-0.19420879059823562,0.029415727832249022,0.2753183937263169,0.6685846560846561,10.359766302577327
2,61.1114940391115,66.3848763729104,71.0756091172101,63.3602328598901,35.7091243640261,5.2760512941559,-3.19979244782268,-8.4328698802543,-10.6014771151312,13.229197147039,27.3792661525418,17.2182707607528,9.9931300968764,4.56829821917609,-0.430740519829499,-4.96107853442877,-4.55699709341321,-5.14641091462986,7.08833601146927,1.07958435725132,-7.01476721854748,0.0668668735718446,6.12628732019006,8.09261250564686,7.99091294464429,3.44068430855839,-1.20142080278505,-10.1310353845651,-5.34572484402222,0.316761374063058,3.54427638489832,2.12703297391029,11.5321884107943,14.8523679929514,8.1239819652766,6.82837607954404,3.80116316246898,-1.47462547497587,-7.75329196410234,-5.73608871350157,-0.794008664352046,2.93886537628179,-13.5239688668415,-15.1546494392324,-11.2212607191685,-6.1645368548071,1.15287897968002,8.86966602987992,-0.15721972501869602,-0.2757508305951079,1.282912382271095,-0.32353165097460407,-0.5573260027998027,0.38925463240308644,-0.033696817716487915,0.04282252603420808,0.07086649028276784,-0.10117309277568291,-0.03144333516689215,0.009279264757211714,0.018905001201016743,-0.10408317860149416,-0.4553719704089357,0.37144001772799834,0.0454224677738334,-0.19628466763238295,-0.2604928266054319,-0.2084966406948878,0.4824403873343473,-0.04892600102463714,-0.22086692834392344,-0.2737407320795549,0.17983594166199518,0.22936085548905885,0.2929245118487387,0.11625523074698267,0.021049010196849478,0.23916872160417973,-0.2091339528716824,0.13080162997366473,-0.06376967898956035,0.006216315044875759,-0.385063164693697,0.24829183467321717,-0.153045791923071,-0.09205481755725436,0.026932194579622835,0.05848731014455142,-0.08552692510916282,-0.264011106793442,0.02759924087691225,-0.09362823168529995,0.34085948788713766,-0.07912757960623104,-0.023908891621679983,-0.0010910087135626756,-0.32857142857142846,8.430042059041586
3,49.4011005649316,56.9325494695921,63.3602328598901,80.3243749113098,57.0340866706065,32.8373386064426,17.2028141549644,5.44152796845333,1.18307099077324,21.4667870095318,15.5528852749194,8.56629627099096,4.20771264750944,10.5636112317764,-7.461582360891,-10.766137141176,-9.60386185768148,-9.75842134560428,-0.990114342565359,4.5606130683027,6.56113325947169,0.37207941925934,-0.942282834618053,6.86747815533311,9.91049607227082,1.87171187051001,-5.67473398056016,-17.7527715830616,-14.2254173726105,-3.17454514590641,3.95485425978699,8.85377374166563,16.3634335667395,15.4703458063957,1.45509850998163,4.32814421128184,0.430612197060017,-7.16733990294679,-15.3240620468229,-10.6054353165684,-4.09120941432339,5.83244661817636,-12.5371425617921,-15.6027144876115,-12.6806535544283,-8.40386880259961,1.28140519919957,11.2888631805965,0.0723381618453807,-0.2972992876016877,-0.32579553577689196,1.3666725196883611,-1.004601782892664,0.15487383953963324,0.12131030630241145,-0.089304208648981,0.29360980327039776,-0.02513157511779805,-0.34568869152068116,0.3642950354995018,0.028501149787509058,-0.32138392092611656,0.21153730600414616,-0.1752756047052174,-0.030911488190264146,0.013976802754553281,0.06718728086438773,-0.054515623313053686,-0.3676154299677439,0.007158605477207495,-0.025846836743159296,0.09909168834758678,-0.051861029939679136,0.12702349166914922,0.10593146066587154,0.34087876485970153,-0.01857284252178304,-0.26186747859998916,0.21386759588585738,-0.21984795221172634,-0.12497973483905006,0.059773528318154544,0.22910716244698578,-0.3532630113485455,0.004639324709728222,0.13315858898346486,0.08751706596251844,0.11139266387343658,-0.3499725143178535,-0.00993225764092488,0.20456641699603972,-0.0694943066817344,-0.11551445078617466,0.04095465463219906,0.06399308700785744,-0.03744377031183153,0.5981481481481482,8.961828770474796
4,27.4664493286566,31.9332860895505,35.7091243640261,57.0340866706065,59.2332343993898,59.9738422776557,45.075519512826,28.6974248154873,21.4479956661914,16.4307417581006,0.339282282779553,0.104235519969798,-1.4708974729566,4.78912989878671,-12.3158020508917,-10.1290284943252,-6.35306696396223,-3.88634044972352,2.5874413864999,8.60330023939419,9.70691155843635,1.09746672798986,0.790421653326032,7.05490661404939,7.0354485654282,1.80156311820771,-4.03633625070091,-13.3053950801661,-12.7845974346212,-1.29986675285172,6.24753177316767,11.2843637760928,12.4642489410058,7.94300188242007,-5.42585785103225,-3.79125363810914,-2.46224825032839,-5.41048642092988,-9.01002574797671,-5.40281965700289,-4.61517590041109,1.92958548033006,-16.8666948443814,-17.6640744875589,-15.7524813943934,-11.4120371237812,-0.339061286541544,9.73817095076532,0.2689144200899527,-0.1954818584812363,-0.5575900808340907,-1.008408801221407,2.931290913572824,-0.8762344351624781,-0.28417759413618177,0.15650412156075455,-0.39302850504781106,-0.0875201649148676,0.25695021246468186,0.06911377277302648,-0.006881908002083301,0.022697229284653515,0.045956182230566106,0.1052145294525383,-0.04909187440067989,0.051231342173664755,0.3401668170031829,-0.08279392472470874,-0.15972770514210233,0.13740359943999464,0.11370130163106144,-0.3964813412669984,-0.059324417742179295,-0.030201827493582623,-0.17362483913312582,0.050285179375405865,-0.043027007369566446,-0.26493878721543374,-0.11330023018906578,-0.21007241071947877,-0.1066432429384467,-0.013860816402577018,0.04487889449338549,0.44124615285298485,-0.005194133278107087,0.02897186101594249,0.0935022720181594,0.05630805972221869,-0.0036944317630003983,-0.141299660573573,0.09904168603754801,0.28897122258832747,0.07202359474861979,0.07289999922595279,-0.14457881045209675,-0.14908824915773258,-1.724537037037037,7.6956633501855976
5,8.29167930902804,7.07819330545254,5.2760512941559,32.8373386064426,59.9738422776557,103.223898866539,79.4844127941281,46.7172830859398,26.7946536128489,22.4290500748879,1.11194248945679,5.18456597297168,4.25719959817197,8.35730356766335,0.547159440207088,4.31113766743633,5.51103793796094,5.19646097346974,11.3384422707977,15.8467849022362,13.9895408381467,0.592332162965309,-1.20177253353732,2.25857598853337,4.14051779192358,0.996512917348477,-3.90981218364273,-4.1563279337267,-8.29472071600596,3.20329342049316,11.3073918897927,16.5199473584234,6.11464798531838,2.01957164621139,-10.2868078661708,-8.81651431910282,-1.60218845840791,0.821356625365177,2.51640960587298,0.85898364945147,-7.76195536512134,-8.47083529876597,-19.8804645656196,-19.2703341735821,-16.955269076118,-12.8165609642202,-0.729261900991938,8.89651195528095,-0.05464481311235213,-0.05800336946720435,0.3962065073088613,0.15621024459595448,-0.8760676006446074,1.0212957085277878,-0.5065195580146008,0.18489916233011985,-0.007087013981890957,-0.26108168711388985,0.0011079797153421339,-0.12648909834457953,0.2667326588069335,-0.2892868569755471,-0.09861768916399563,-0.00974751025311163,-0.010549771739678774,0.039331039803374775,-0.24000455726014083,0.08355006400912723,0.15708768995714148,-0.0382069267751625,-0.015060707759855298,-0.024859579267208793,-0.029073382477513364,-0.04667711789944914,0.275488892519936,-0.02568084745333646,0.0378454713191322,-0.10163121500229239,-0.4188849538726282,-0.050025771082175985,-0.03830917856806835,0.01919567463952767,0.06319182153165082,0.04054613768944346,0.21986537496327854,-0.07776171409444634,-0.2564243944549587,-0.23314850790149638,0.44025809342174244,-0.043141809883888924,-0.11999367787346762,0.018337289533934757,-0.08689486067224055,0.1502956310947837,0.12671992840265933,-0.13345935775517215,-4.2347222222222225,10.159424140498265
6,-0.32609015800671,-2.95189040699713,-3.19979244782268,17.2028141549644,45.075519512826,79.4844127941281,105.086878423443,87.3692130430218,64.9170578944646,24.3683297177655,14.609027078042,22.1693431828891,29.5188931932525,2.55573182300073,-20.9310195962385,-10.8919782629401,1.43744048907465,14.5662116085337,26.2248402136333,28.7468521882262,28.3951001495199,14.6270539964987,6.48589127910313,2.32083565220037,-3.45994649701701,-1.82426529562505,-0.652778060599689,-0.691199606115905,-6.6314837089022,-1.43621371196579,5.07748335832583,11.9713098367901,14.9910520213866,9.94044750712592,-1.63395940892262,4.22594536491707,0.132179357549686,0.601993037131167,0.918818119066357,0.230219705711756,-0.959828926289131,-6.52298345880576,-16.395312794834,-11.5320166368533,-7.8688958077646,-1.77650321808681,5.39779022525713,10.615492436918,-0.025487188291052353,0.07077389189514234,-0.038273210829182586,0.11865238050230624,-0.289415294068529,-0.5087625005939735,1.107395330092534,-0.6782711953050022,0.2508812091210843,0.019778934172836767,0.13152824484892742,-0.06749974478895157,-0.38873985674981015,0.3566899094374189,-0.08792485016733328,0.08775411988863775,0.030529437284578697,0.12797877678781572,0.02139922732505646,-0.23897840458153752,0.0055357767238298095,0.03852175298403617,-0.09671946058009409,-0.0048808578061739424,0.20083993990709983,-0.07808832697154652,-0.17969677727432476,-0.13440337599039173,0.008334733041040881,0.2603995691251772,0.07139899130882531,-0.14626413888212667,-0.03619438792657134,0.20277399190293904,-0.03152529643108231,-0.06686772697320821,0.0057758256719583016,0.10472773466794676,0.2935277405593848,0.11737930206771419,-0.3971352893558566,0.38703531912594674,0.06861194246036148,-0.3234113543560283,0.2412471727413638,-0.273172174197469,-0.06444716586586907,0.0026382499702162316,-1.311851851851852,10.250701362513817
7,2.16266230099916,-3.43087004035277,-8.4328698802543,5.44152796845333,28.6974248154873,46.7172830859398,87.3692130430218,113.045380206116,108.438187497024,45.6267624660014,25.504384886919,15.4210145278271,20.0803446395817,-8.59131764446216,-47.1784401339459,-30.8590857756611,-8.99930143172914,17.9054351913453,29.5753562559451,32.0696281959226,35.161902328204,26.1904578841308,15.2115771065541,8.18609962353192,2.21123904988976,6.24849406318593,10.1079389259785,8.10773855468465,0.218754938919059,-3.16091601070352,-1.61083610223539,2.43294659981456,18.3835288387746,12.8829023688265,6.37943021125302,22.000096140197,5.80574120563919,6.27165991817644,6.93738205525382,8.74918526364254,10.1016866143149,10.4263177045586,-5.68166643666349,-5.87144427302743,-5.98293890432069,-1.67146666206624,0.101800647896253,-1.6625073457984,-0.24596947719900988,0.18193507257074726,0.042896660380772486,-0.08569754625931089,0.1617216971772005,0.18539337076677515,-0.6788216924499314,0.9571228954843909,-0.49087193975804594,0.23040885222148771,-0.2727106491478049,-0.12083328266748196,0.4162507303779192,-0.24828205223924577,0.15522253954636003,-0.09912466972651439,0.019830548534985098,-0.1363428931135484,0.1098416031194836,0.05785448469985452,-0.1320647069025968,-0.06702137546341255,0.019308934150542613,0.0533505048354186,-0.016881232601715406,0.2076268769856793,0.13978953771097502,-0.07512547777094143,-0.002465818667418199,0.037816953899429046,0.17701750310250924,-0.11145209804015173,-0.20058321537896537,0.17814528323493323,0.001764062121234436,-0.004654889688065078,-0.11009285786700158,-0.0876070942300466,-0.3127340793553481,0.12122366101102089,0.15245980960127575,-0.24971074985960182,-0.006623919428351837,0.2253747996099308,-0.026470741691491582,0.08526152658093522,0.03309542241868999,0.048912241613865676,-0.5667592592592593,10.631809827405498
8,9.86745591657569,3.59196046729509,-10.6014771151312,1.18307099077324,21.4479956661914,26.7946536128489,64.9170578944646,108.438187497024,147.731580858876,73.4112730354736,35.579368408325,8.29795226429193,17.7947921924335,-9.86617382537562,-56.1495622680524,-36.5801669309241,-10.9838287042986,20.2644148884472,34.6939446498413,39.1695388005437,44.902143355414,34.5728468230432,18.2283725211829,11.9858281160871,10.1928065640242,19.3462444816154,27.2698362619991,18.7326095464005,10.8594402180772,-0.439328482449232,-3.88003664547519,-5.11672680685067,17.6480959791447,18.7387651091953,16.5874488720465,34.0824505291881,13.6826710641064,12.7245365952747,11.9430824786747,22.2851698400766,27.9743050890389,33.3402678192156,16.1556624933999,17.3751204440277,20.7558927888515,22.5026171584619,19.3810394746386,9.83239006613757,0.0795248896589717,-0.0769856191336005,0.07425473625639537,0.2922745377597271,-0.3979256735880109,-0.008707028624791228,0.25147652696766853,-0.4914769802913694,0.7018108666834629,-0.24714149419083406,0.01791419701276963,0.4715750275167811,-0.41308312192249885,0.13615895842158424,-0.030749292582251935,0.03188329570296662,0.20409548083343207,-0.10684531731611492,-0.14501211023619387,-0.011080625885750822,0.07012633121626084,-0.13707701367066863,-0.04522032190106342,-0.03780260991295716,0.1790916766018575,-0.028424451324404763,-0.3240316264863026,0.21074868559748766,0.07104196920137165,-0.16030753884727852,-0.09761213778857525,0.002713858104302982,0.14402181791519186,-0.08888409135007884,-0.08043091938186203,-0.14876068230437006,0.10787853503066515,0.07758622951207585,0.13098242891319867,0.008182365546561144,-0.017634736769659196,-0.23569088695177065,0.06716146247021863,0.1350035074064223,-0.133345737206605,-0.01977256298307777,-0.1245373622332197,0.020938311099299757,-3.293055555555555,12.154076717664577
9,32.0858798822074,25.8306363206642,13.229197147039,21.4667870095318,16.4307417581006,22.4290500748879,24.3683297177655,45.6267624660014,73.4112730354736,120.019859833972,82.2161589017693,30.2824158190156,19.6351499259195,-4.43482986203893,-43.7087090371404,-33.3055812971794,-13.1117289916793,-0.357342797180012,8.13647744474007,13.2533514664164,20.0144330889112,14.0492936537168,1.79914801513103,1.15017953956935,16.0310404097324,14.5894489165637,12.9514056939922,15.5858775203522,6.94712535972211,-3.70467446053954,-5.91272171137856,-5.46445529598514,21.9355820603375,31.5636619657162,33.9082970180247,41.9630501090421,19.4850516165599,13.1614632087953,7.24721328727311,12.1792555453663,15.5703841494434,15.9580334338773,20.3622053263888,7.79769162961624,8.23347798100254,15.3917550648658,16.218513290228,9.49256773482291,-0.12594977371114388,0.14499805252964135,-0.10400981265936997,-0.020041051222313738,-0.08637199864880116,-0.25716725884170843,0.017236681248445875,0.23189175931742717,-0.24924899083395483,0.6989519882259848,-0.4244380762196771,0.07839674532853787,0.09794200064980273,0.011674354604828739,0.17822190811300878,0.021507717894733585,-0.291832461372864,-0.03981860970261832,0.2712745627361682,0.017661458872418264,-0.20060450940645397,-0.06189780370721596,0.11674165727094588,0.3267497273915932,-0.07894406073052797,0.0320836821023832,0.03227740969085339,-0.11516279680634327,-0.04557917724744235,0.41526723605166066,0.2992063465387818,0.20764042859109239,0.08487998492854772,-0.013572740098819213,-0.10180161156873382,-0.12966411762873933,-0.37945412214982766,-0.06983538488070584,0.1721790519627073,-0.22420880749955638,-0.03549465755643569,0.13030098313519523,-0.03970981832947267,0.0023489639448218964,0.06552106940613468,-0.06478108289863639,-0.00845478540415063,0.19680223538221492,-1.2372222222222222,10.954901178649303
10,45.626068080455,43.2912370693455,27.3792661525418,15.5528852749194,0.339282282779553,1.11194248945679,14.609027078042,25.504384886919,35.579368408325,82.2161589017693,114.004630906769,57.9737988002876,45.2524577997246,1.59747411157681,-16.1849002107844,-14.0300231726621,-0.0696818380278594,8.70724850519857,7.39186460563342,-2.44958993225796,-8.15395168867799,2.09059933221346,2.24059376661444,-4.05042131854291,4.08039450275729,7.87440228363861,10.7675931111487,23.6552737251614,17.0503563312112,6.62076066280156,-0.402033537491536,-6.09540523195189,21.9216643370045,33.5647823037967,30.2464111980251,30.6531358047657,15.2151632018163,9.07252947979341,3.08867880934807,2.25585315491023,11.4509908696567,11.51867250792,25.484660714599,18.8423279351333,29.6065244141853,37.8456781464307,41.5210009131344,34.8148415450274,0.1490516360848814,-0.004055278320409274,-0.030604511687541372,-0.3516704417613777,0.2577086326032152,-0.0009259303386534918,0.1310132906141011,-0.2739815693180371,0.018378974067618497,-0.4246375149704629,0.8496061334998187,-0.6246017529582599,-0.030323170050050006,0.24540770705538606,-0.1934119407618167,-0.044921443173647276,0.23639752481463494,0.0980109815254506,-0.19864676790902333,0.05552857526644228,0.289607084865758,0.17073894619688046,-0.1491541317293967,-0.002939020328937316,-0.024138835046510314,-0.16976497320732822,-0.02522279890253609,-0.17400051165385838,0.02631907300091362,-0.2143521720158278,-0.06514346661194297,0.13086237939465037,0.10535066599841958,-0.25382798847529364,0.09710398489413974,0.09369382633563951,0.26676814286571626,0.004449487889507484,-0.23086919089915328,0.29966597060367184,0.06813870911106329,0.024715338515204875,-0.1053506691072454,-0.17355537793805287,0.11017068803528234,-0.0012707924581046967,-0.2314160021357705,0.04494578376760924,-3.6422222222222222,10.676826818243745
11,38.6604712515794,38.4707090132586,17.2182707607528,8.56629627099096,0.104235519969798,5.18456597297168,22.1693431828891,15.4210145278271,8.29795226429193,30.2824158190156,57.9737988002876,70.5861561302682,75.0315604145997,19.3154598576865,-10.3919773675687,-4.11459677383789,7.85686500965385,19.2396109030173,25.985059488897,15.612861404489,11.8174799026527,15.4527010931571,6.30907045584497,-4.84126737649096,7.53394990063047,9.97829400068594,11.3148660606491,3.89966424986722,5.89549728614404,3.48396532965907,0.827536256631331,-1.26334681453921,7.43206209751192,14.5495018206974,12.7839600982178,9.84306517136919,9.51273147697671,9.94912730032144,10.4152012959499,4.95322260807636,5.11572577104307,-8.92665393543487,-6.77895337005535,-13.0985733647001,-2.55219229576999,-2.07130215853693,-3.54885365693383,-3.11744159867646,0.09288622882978298,-0.3337714508159789,0.00847763952933909,0.3637182536109849,0.07038442820425123,-0.12450257275298275,-0.0613951984710182,-0.1219260200089151,0.4718988760997447,0.07598000429277235,-0.6236613016684375,1.8697363912451606,-0.998957614123047,-0.029042735462329806,0.1891628206424747,0.19259328560974745,-0.3646553193698058,-0.06003491237178618,-0.04914502121500895,0.0789642183008431,-0.19845398939183215,-0.14487569270721795,0.1446636221197629,-0.0721481069972068,0.01888041227487789,-0.04057707893264019,-0.07942044803796558,0.41966627446431204,-0.05184327060966173,0.08888847985884707,-0.10850791961677657,0.002195555704268007,-0.003282673993987266,0.0727244039597775,-0.11476009117249283,-0.1608288867882652,-0.13637995648943524,-0.11484205971711627,-0.04789852848676659,0.035753619381320885,0.24796180447886326,-0.48562101299060073,0.06814334657342283,0.2102585119252548,0.04448290118904747,0.03880732816506665,0.09228115253232923,-0.22658932651838026,-4.715000000000001,8.400961619378355
12,33.6862239065421,32.9418882742436,9.9931300968764,4.20771264750944,-1.4708974729566,4.25719959817197,29.5188931932525,20.0803446395817,17.7947921924335,19.6351499259195,45.2524577997246,75.0315604145997,100.168691251596,39.9355321747716,-5.22957037666642,-1.8148284895061,3.43198100935045,15.4284622670037,29.7913547687957,20.1293573632955,18.4530881873913,18.0573788666351,3.3952325694646,-10.7461766039144,-0.168699430828131,6.49369254318346,14.1441621770759,2.29646803896979,3.79364867073861,-0.187207053559745,-2.49175592540966,-0.398570302388758,2.17420154457269,11.7524547724667,4.07886934441927,0.73321740308946,5.21843835811262,8.07238305874732,11.8418044597524,8.58318050342723,7.76995523986728,-10.7681634241124,-13.3465215412913,-16.0931175051647,-3.10980123712559,-6.80119428516563,-14.4481258431569,-18.2920843120371,0.03795715168292741,-0.14402451468729147,0.02551662589714134,0.027406544068095454,-0.007566052923544757,0.2673066215665579,-0.3912836054886074,0.4185024163256421,-0.4157438544443312,0.09992997764555364,-0.02745175363889666,-1.0032438465083093,1.3203777979205005,-0.5265859695062083,-0.004487729406752984,-0.06731401339147898,0.11401913487569137,-0.12330242354250738,0.1518424992967691,0.04027892114635858,-0.09761432994863117,-0.22769292646117228,0.0018216142597561491,0.2161309293136872,0.20045808037811835,0.15384562003915037,0.04917009630996371,-0.03980201600059483,0.061114376132491204,-0.14221189951954294,-0.048349240829897035,-0.18701237323973535,0.02581031041791293,-0.0723852566192539,0.03029786647336022,0.13769936921385467,-0.052322856161833776,0.03926196951824797,0.059025835980953005,-0.06565797810904495,-0.46282942286768214,0.41033756324065573,-0.04153777078267681,0.24589695325890762,-0.11672916848502729,-0.04066032683092888,-0.04107514583825345,0.20376092081112449,-4.207222222222222,10.007931417210873
13,7.84164046556654,6.03560671177304,4.56829821917609,10.5636112317764,4.78912989878671,8.35730356766335,2.55573182300073,-8.59131764446216,-9.86617382537562,-4.43482986203893,1.59747411157681,19.3154598576865,39.9355321747716,54.6827992496807,14.4977034569849,7.11807184432752,-5.55944873138349,-10.9640545568884,2.36754604338191,1.18863235169681,-0.851272379293268,-5.92486138570907,-8.04419558780867,-7.35534909340086,-2.23532931086382,2.7114520869922,9.34885091459767,-3.49059928625324,-10.3160167569548,-9.81782786939529,-6.55922081004794,3.42566673482262,-4.15370046751917,4.08815445311507,-3.83907791693414,-7.35461615302355,-7.74141876345716,-7.70018477552855,-6.20439039155017,-5.64525363686879,-5.96473855023568,-6.34961022267561,-6.46769176776144,-9.40853983197558,-7.96482926949159,-10.1695346053909,-14.7065688675334,-14.9968022138435,-0.04801536972240722,0.34517540037776917,-0.10653266721476881,-0.3207644862061853,0.021582982020598454,-0.290273865216007,0.35495482407571227,-0.2498678295770494,0.13827322741521353,0.012367127166562625,0.2421523612025641,-0.02910395434790879,-0.5271360269796985,0.7652183937632637,-0.09399408274110387,-0.050728875044589804,0.24843107336019077,0.0054971729873839565,-0.12489569478839971,0.05334406079083543,0.15491699795380798,0.05648983609421245,-0.022206489801161397,0.0796676352970143,-0.07881455886564899,-0.07103251962794525,-0.3271316678541568,-0.31427789058497535,0.047779907338499704,0.24036947501593958,0.34133090371126296,-0.034691531824032236,0.18662956506192138,-0.09262856417804925,-0.03680042989708996,-0.0017465220162390673,-0.027261054655901056,0.0492979512689435,0.005390337849388615,-0.019504426205998085,0.28752577531015466,-0.07416261551859198,-0.1253739243675338,-0.11790376271905746,-0.08028424376704066,0.011095436039627243,0.1483696029704078,-0.13185688140231533,-7.208611111111111,7.394105709934144
14,-25.4233343072534,-23.862212509257,-0.430740519829499,-7.461582360891,-12.3158020508917,0.547159440207088,-20.9310195962385,-47.1784401339459,-56.1495622680524,-43.7087090371404,-16.1849002107844,-10.3919773675687,-5.22957037666642,14.4977034569849,123.605165278701,97.8341306493146,56.7387701063561,17.2580590752364,4.26917363816701,-3.81305048431236,-9.39243169384334,-0.404674444687542,-0.694195064837092,-9.33926846496541,-10.763138039205,-6.83621094179547,-0.642348014089923,-0.38625503203975,8.4703881429877,8.68998847532527,8.92489255257309,8.16756062032597,-10.2813987425784,-12.0802195614221,-12.8701353946603,-7.75829297779187,-4.18500579242557,-5.77843149711174,-7.39672265383386,-11.2930951651662,-15.6803320960645,-12.8455781019294,-12.6474059347965,-1.43647731249283,-0.0499012394401446,1.99989669429465,4.7135604203745,7.20847259650141,0.08068623136938298,0.03436230254935887,-0.4587087798934523,0.21295501898231597,0.048885652720576815,-0.10059561868721144,-0.08587904956239091,0.1558882941947203,-0.02919270052957862,0.17396359878023396,-0.18948717803186127,0.1897375284883462,-0.006417725535852108,-0.09271520415101686,0.9114933404488337,-0.9714641176247317,0.24413056704004288,-0.04498610721342454,0.15376055893415566,-0.05378222217592257,-0.03957821393684144,-0.22051078139792454,0.3549408243170062,0.3051081998407393,-0.05131265312453215,-0.06026707799460345,-0.09849477878346512,0.09814856406232905,-0.10089377289914098,0.02406253126147894,-0.07142762551551321,0.017306903442840277,-0.10883663612936754,0.10706093699059561,0.17009172605704434,-0.2385196597530523,7.303718890073414e-05,-0.07283486530952912,-0.11656238081806304,0.05760067417417576,0.1618525430241361,-0.00649191464816946,0.08378170847958666,-0.22610826853350222,0.1672603467436412,-0.08077112110530422,-0.1444436118528287,0.1877653680681691,-15.126868686868686,11.117336249241601
15,-21.4848116242682,-20.3429449022901,-4.96107853442877,-10.766137141176,-10.1290284943252,4.31113766743633,-10.8919782629401,-30.8590857756611,-36.5801669309241,-33.3055812971794,-14.0300231726621,-4.11459677383789,-1.8148284895061,7.11807184432752,97.8341306493146,89.5212893802181,61.8100828343864,28.7998043084892,15.1153533361543,5.36623510618355,0.691346110229595,10.9386885151775,10.7060231611782,-1.11389518205614,-4.76914060353481,-1.02245077854939,4.04519972682169,5.03915411540577,10.6446528987969,9.32115327364322,8.03674470454331,5.83598495497264,-5.18461196886337,-6.71033672910497,-6.50777945842211,-3.85011384733933,-1.96671422133201,-3.39967838717008,-4.93361410892133,-7.60047933781078,-12.561061003033,-11.604392621434,-11.6582672826623,-3.93474047854373,1.11832811465519,3.3232735051422,6.71285198097992,10.8638901063502,-0.14236314973980715,-0.027826631980162803,0.37530855039771016,-0.1736760051556747,0.10318967199973647,-0.008183796676876293,0.09893717627948874,-0.11304653054932766,0.04034523200096833,0.024492706145564085,-0.049192762927497816,0.19316158235608852,-0.06654219118230373,-0.046147210031963475,-0.9779142532866314,1.9153790788844298,-1.2816528985488156,0.49887918893625466,-0.027961363322393688,0.07952678094409922,-0.09499766453422691,-0.08497411073325357,-0.34296808031674647,-0.21147731842735287,0.0714187634880914,0.08186765655283548,-0.04249665780147975,-0.0924056874835417,0.15220748311970692,-0.013486078139828503,0.015175873605778321,-0.14921458637317098,0.16766339727419075,-0.0150078347133575,-0.08119438138521937,0.12248519333448582,-0.03465249946544796,0.013350913800247163,0.021696484775747253,-0.026383660730721906,-0.10787818774491838,0.09266419521019571,-0.0475672256767215,0.45322278819320416,-0.1888433903444987,-0.025175947070507375,-0.05171324487167891,-0.05874631436400403,-8.85929292929293,9.461040607682543
16,-10.6257053951509,-10.2062678673905,-4.55699709341321,-9.60386185768148,-6.35306696396223,5.51103793796094,1.43744048907465,-8.99930143172914,-10.9838287042986,-13.1117289916793,-0.0696818380278594,7.85686500965385,3.43198100935045,-5.55944873138349,56.7387701063561,61.8100828343864,62.110195130511,49.2531609816116,23.3959590849113,13.2342152032859,7.75346057657251,16.3514623399867,12.7278928475816,-1.01548417645989,1.34197508066942,3.67174274775952,6.10535385357894,9.93736092789464,15.6603714309508,11.7137195286421,8.05655707451336,3.31541761677288,2.54776928711243,-3.15525584813303,-1.17195746003689,-0.484645973936356,-1.78932285205799,-3.70631180557384,-5.85368387174609,-6.6026526395761,-6.85532705911763,-3.19753717187224,-2.29996351290223,2.47030364676143,11.2037464661948,12.8237650850842,15.7773108532734,20.1622284840508,0.02771686264005306,0.11182699127611231,0.043337279909742114,-0.026145453116962793,-0.05968511988241351,-0.012857547421060373,0.01607578559214194,0.028589883765705117,0.19764754911457327,-0.29379984419731,0.23538052588859817,-0.36383309966272864,0.1120854604276467,0.2429905872762857,0.24348608236517644,-1.287897764792352,2.051696157406768,-0.953263613051926,-0.21026366623288548,-0.03400651233640448,0.11836756881075115,0.09690929439972804,-0.056468259617523046,-0.03516113393260868,0.338012543700512,0.0981412108329025,-0.3155127308646357,0.02246641040057739,-0.04084207234897658,0.012749181621388564,-0.024637994244494935,-0.22435016648589487,-0.073695612995456,0.04552340253392639,-0.20000300959036577,0.11582937115128081,0.08106820444483678,0.1511021105093726,0.19751569939075078,0.00031076887575361205,-0.05611550226972254,-0.2870253777063861,-0.11704438310633922,0.21178459669907246,-0.030752276743578603,-0.06485465599203745,0.14482233466485514,-0.16162697871180992,-3.327828282828283,7.88036770274782
17,-1.37170665862896,-0.304593601244424,-5.14641091462986,-9.75842134560428,-3.88634044972352,5.19646097346974,14.5662116085337,17.9054351913453,20.2644148884472,-0.357342797180012,8.70724850519857,19.2396109030173,15.4284622670037,-10.9640545568884,17.2580590752364,28.7998043084892,49.2531609816116,65.1776515520532,34.6343145272775,25.5349373829434,20.7761607073067,27.6881836875997,19.8512720725163,3.62148247269142,9.7732800331487,11.2806906176625,11.2574779289319,12.3803256912707,19.2886717474286,12.638109433078,7.08986447895387,-0.172776230526426,7.20894449920708,-0.254062721564435,0.440663893807975,4.48596568256384,2.44930831798205,3.80996408198917,4.72232882907256,1.53147380651927,0.225047883896345,-0.0621506729593018,-2.0745626334074,6.44746582424681,17.6129603622997,16.427837493575,16.0863060657811,17.5415220169756,-0.017589516042553547,0.1228057028233772,-0.19860003907680365,0.014854313444990188,0.05799727073344821,0.046822230954510165,0.13272857833877175,-0.14384160668608242,-0.09848286321398579,-0.047782268979748146,0.10209130138397751,-0.061972645911236,-0.12388254652106159,0.008015720754125601,-0.046188037900718536,0.500826058527044,-0.949747700286394,1.043049118151776,-0.03942788560668977,-0.20707829248906612,0.22100540560569457,-0.1714611970996803,-0.0808348669244717,0.07484568891772887,-0.4896066085014798,-0.042667198265024596,0.10661463757672747,-0.01111850831999334,-0.23405912379265442,-0.043526040364040196,-0.10209180602403413,-0.23516434153028803,-0.1467780562421263,0.17663842014557724,0.44453165577915715,-0.15912437928080128,0.2887457131366535,0.00332040764150732,-0.22104413602687764,0.10037839063570203,0.19753275086095182,0.30316322744167773,-0.02679450444242481,-0.11314856077786777,-0.08715115729170646,-0.12431100468762575,-0.011217384244421988,0.009907841611705076,1.1736760461760463,8.072648360485744
18,12.7158709900889,9.20497205795841,7.08833601146927,-0.990114342565359,2.5874413864999,11.3384422707977,26.2248402136333,29.5753562559451,34.6939446498413,8.13647744474007,7.39186460563342,25.985059488897,29.7913547687957,2.36754604338191,4.26917363816701,15.1153533361543,23.3959590849113,34.6343145272775,76.9697040550779,66.0721478065599,54.7662081511385,44.9378668758461,27.1003804100004,12.3629203762068,13.3632689450298,20.6918465561009,25.0728439992394,14.4023974151141,19.5251940941975,11.2914312069167,1.93235141016245,-10.3525638572904,5.32342529880229,11.1422570719676,9.69965291865426,10.2969334939686,17.9298062477822,22.987496382829,27.3992893323808,23.9537828572762,13.3379027747535,-3.37327616760594,-18.0297465893025,-9.68336174635807,-7.9329600049162,-9.22668131975235,-9.59681512492774,-6.46156395137626,-0.045936285016287444,-0.0017703101860667122,-0.2645105394285437,0.07018243943290153,0.3405833325938548,-0.23503835364732933,0.01657626062309674,0.1098920669517577,-0.14744438271813348,0.27858082040978643,-0.2028756549125824,-0.050197365043773534,0.15268779481565356,-0.12588787282781533,0.16568199303240264,-0.01993169116486004,-0.19797425259170726,-0.039518715153992405,1.3708370546154411,-1.2077291425094834,0.020347023150197138,0.027621635829788348,-0.3037110644258812,0.46774660196822165,0.24479982995847108,-0.1210635670601959,0.00185702425830966,-0.2878520550900063,0.33117502393269826,-0.03127330726817098,-0.18753551961644238,0.3283546574125577,0.033744907952827204,0.08973335954506245,-0.16740293592317101,-0.06795572861203837,-0.10074040487842882,-0.06219381150985383,0.11767506388427743,-0.0348781331697076,-0.15131897333636016,-0.03338930882111827,0.32272798560735794,0.08064846346717985,-0.0917986552181964,0.04271413566015633,0.05948919168734382,-0.04916661103086392,6.065709475709477,8.772668012359635
19,3.85310337787902,0.671276315167655,1.07958435725132,4.5606130683027,8.60330023939419,15.8467849022362,28.7468521882262,32.0696281959226,39.1695388005437,13.2533514664164,-2.44958993225796,15.612861404489,20.1293573632955,1.18863235169681,-3.81305048431236,5.36623510618355,13.2342152032859,25.5349373829434,66.0721478065599,66.8570576743499,65.4383687721473,46.6166588757062,22.0350978699954,13.3979602637222,15.5955065652746,19.5343066660704,20.8661113533152,8.97311408205726,14.3713743823641,8.23339470006615,1.42236216647657,-8.24984509714204,7.18881054309562,12.4528474296397,9.60492940368323,10.3705876463786,16.7308598778558,20.7940100172604,24.2127796777943,22.2507541473012,14.1580195171567,2.02719583373253,-7.95255768807457,-2.65028578711696,-5.72156417085535,-8.46010104165438,-9.9642679472879,-8.22059182684078,0.02952887062387026,0.0701555230262177,-0.20333513167353653,-0.05887516516474236,-0.0809125805056349,0.07483025497012392,-0.23988314624188575,0.06476785355056462,-0.010786466137405328,0.01836879400428614,0.05655938005279274,0.08908959653257961,0.040667423323334555,0.05491688714312088,-0.057789728752287495,0.058191087050523664,-0.0387362497145941,-0.21758887108942535,-1.2078759191554995,2.4450411319907355,-1.2074612213522644,0.3072176258296937,0.5270780094298397,-0.3867443299737668,0.04365926345448502,-0.02689101191599075,-0.28661703191054605,-0.023909573110061446,-0.08501481395011293,0.01908078568989377,0.22334770877298668,0.09631425910976286,0.18922150589239126,-0.21023611837695758,0.034845515457551775,0.02056235388594276,-0.013063667932178358,-0.06566009926131519,-0.2199975172071446,0.020571540016635345,0.02161387297305085,0.19100803038386072,-0.2382836920869576,-0.049741306559442325,0.022210477963116784,0.11382344150563346,0.006935363718146693,0.029907809946117442,5.1834175084175085,8.176004994760575
20,-8.17296594082737,-10.635992798457,-7.01476721854748,6.56113325947169,9.70691155843635,13.9895408381467,28.3951001495199,35.161902328204,44.902143355414,20.0144330889112,-8.15395168867799,11.8174799026527,18.4530881873913,-0.851272379293268,-9.39243169384334,0.691346110229595,7.75346057657251,20.7761607073067,54.7662081511385,65.4383687721473,79.6643801127303,57.5336295122223,23.3584037442053,14.379607998034,17.9288353322691,17.2133591440656,14.3062449755159,3.40076582566387,10.896270846888,5.72358331906999,0.338348988998339,-7.81381926810859,9.48624967092705,14.4403345714206,11.3943833317803,11.0987786635585,15.0990861530496,17.0124499293154,18.3078828497889,17.8822567279165,12.5590935822389,5.25290938686022,0.268098597021775,1.81024148589633,-6.06479969287733,-10.0930177000472,-12.561989881179,-12.0876638708768,0.09971311953572025,0.03194903794835932,0.47953945359797556,-0.364092170221284,-0.16353808424646407,0.1648020903444743,-0.0007789130326290011,-0.12341478672186121,0.06305111231537754,-0.19934678714359574,0.2865815650268887,-0.20349668909769109,-0.10323361065015337,0.15739260999731675,-0.035741099491963864,-0.09357483945629841,0.11083284388155541,0.23395769503997116,0.009161594346649562,-1.2021262983157048,2.0086986921668055,-1.2004147687146123,0.4026528826670098,-0.013931946004123551,-0.3853900137825754,0.0044981481899844565,0.22316672684842662,0.13175583328675353,-0.06234100467317617,0.0043053033558751504,0.044644874288490746,-0.09069415325784477,0.10818168792223729,-0.33805189804791846,0.08792540207019728,0.10916725839978562,-0.03391419748400982,-0.0007328608992946483,-0.0059444368639124156,0.034239607990958945,0.18458197174472998,-0.19148436239157832,-0.05550737477287623,-0.16508817503490122,-0.09235664150634905,0.030049208767285396,-0.0003197711405957095,0.07254781026925536,4.345569985569985,8.924930258143776
21,-4.72152770554366,-5.37112867410557,0.0668668735718446,0.37207941925934,1.09746672798986,0.592332162965309,14.6270539964987,26.1904578841308,34.5728468230432,14.0492936537168,2.09059933221346,15.4527010931571,18.0573788666351,-5.92486138570907,-0.404674444687542,10.9386885151775,16.3514623399867,27.6881836875997,44.9378668758461,46.6166588757062,57.5336295122223,56.0237724577227,34.898399895493,18.9232443061282,15.7306158275933,15.6770955823942,13.2873631385457,6.20435006235837,14.6109001972044,7.70097008580352,0.854841128947952,-9.25368119002029,10.207116736394,14.6343866343814,13.2510199688249,14.4696067743677,14.5556700165843,14.5969248988602,13.914420967405,11.2619975548415,4.74547773464784,-2.92877382267438,-7.09710568577731,-4.8195207759799,-11.0819298492143,-12.0212297471361,-11.8717919622543,-9.68733376642082,-0.0455352494873148,0.03372843536323233,-0.05105788241760806,-0.0015806594617300018,0.13808406725843866,-0.0392080738405311,0.038573707226760026,-0.0782212903482956,-0.13210879253555766,-0.06420300717337739,0.17343946693468193,-0.13833568134760657,-0.2337761190842413,0.060857927589847066,-0.22081448326787892,-0.0814853987496921,0.10439747397726327,-0.17546221621656732,0.030117765771561594,0.3012740436377464,-1.1994844190473515,2.3414735422488526,-1.266229379210627,0.0015866803521041681,-0.3242511041225599,-0.008351802835525153,0.4618365203221808,0.1662306334841522,-0.30873152480435173,-0.0882604273333476,0.02880516646331227,0.6800913300611239,-0.16650967306225345,0.020211650634155878,-0.14468240748789105,0.058117155478086796,0.04707678711581291,0.01970385544587092,0.10291582065825382,-0.08394884735603823,0.03239398786288896,-0.1627853367681478,0.0029768275888362255,-0.15762365426488995,0.07508163827208414,0.11293887761099951,0.0830789693792027,-0.014670911665601492,2.0466113516113515,7.4842349280152
45,-4.33630004116668,-1.53808287717982,6.12628732019006,-0.942282834618053,0.790421653326032,-1.20177253353732,6.48589127910313,15.2115771065541,18.2283725211829,1.79914801513103,2.24059376661444,6.30907045584497,3.3952325694646,-8.04419558780867,-0.694195064837092,10.7060231611782,12.7278928475816,19.8512720725163,27.1003804100004,22.0350978699954,23.3584037442053,34.898399895493,36.6640001898022,24.7194411051229,11.4885579275101,12.8293405409078,11.3740011487133,5.96724730325934,7.10629231823191,3.85571678398888,1.29914316812495,-5.3664229214989,12.1272661107371,14.9777367225321,11.0944818045754,16.267431222764,12.7762847605135,12.2935436730257,10.8817116835298,6.31395845851766,-1.83957944754465,-10.9261627328762,-14.7727294729016,-10.3435339807336,-13.4047958403299,-10.3378610258517,-7.11984930000875,-3.02296053919997,-0.05267799348472697,0.17962340289606593,-0.21669267644774573,-0.02725414727475622,0.11415204393013098,-0.02088781546700369,-0.0813488949105496,0.016607083518519306,-0.042258306179646016,0.10816437551114652,-0.14142419898362946,0.14196429235796548,0.0006604458662462906,-0.02010779638527346,0.3523882785064712,-0.36381581246744804,-0.05859404903713771,-0.08383616866787329,-0.3062219108526515,0.5274214397573957,0.40751416714172345,-1.2636417689429762,1.9812399538077499,-0.8869459226173579,0.04736292607398434,-0.23725034477449752,-0.00535329398704741,-0.15591926189199365,0.17962285716065096,0.014931842243666643,-0.15402470560685214,0.1372013076564129,0.06339274525995199,-0.13591566244251524,0.17198894200653764,-0.014014496284557462,-0.05725220764214963,-0.04376797004880568,0.15643470207439478,-0.196867412209898,-0.06000768778769365,0.2706518671756182,0.19803359233084356,-0.35373556175125026,0.10781956811333988,0.03366571567129783,0.05881636175537832,0.007034911690021616,-1.0106806156806156,6.054254717948541
46,-2.64384091990468,2.60534904354342,8.09261250564686,6.86747815533311,7.05490661404939,2.25857598853337,2.32083565220037,8.18609962353192,11.9858281160871,1.15017953956935,-4.05042131854291,-4.84126737649096,-10.7461766039144,-7.35534909340086,-9.33926846496541,-1.11389518205614,-1.01548417645989,3.62148247269142,12.3629203762068,13.3979602637222,14.379607998034,18.9232443061282,24.7194411051229,25.4223395525209,12.2800818314278,11.5069101811588,8.10680146331881,3.09684574042885,-0.0140269013181245,0.811026041000208,2.10547424524574,-0.85047393202565,10.8144933696188,13.6425101249387,11.8143918659776,18.1247387946743,13.0247118855554,11.7951824287359,9.58310534492642,6.10739382830788,0.816250051169964,-4.33704091191643,-5.36397868315109,-3.96114739846956,-6.32663169403039,-3.98875484424411,-1.45576621030595,1.48998903720186,0.46048752694368866,-0.38961599702622063,-0.280366845832126,0.10543564148489909,-0.3867327061142029,-0.025236517528729074,-0.009213895632747784,0.054963224702968466,-0.04076088428942186,0.33024988198216176,-0.00278774203847673,-0.07208024021195979,0.2111212498157588,0.0827961443312602,0.30875348310902584,-0.18959127021803182,-0.025630825719836593,0.08016764282467005,0.46388683463720976,-0.3951678774739737,-0.013548778677610663,-0.002830946965058872,-0.8907946877981168,1.9213025908596593,0.009022986013143455,-0.056687593780705856,-0.3398470074262153,-0.23029678443193966,0.06742500075462948,0.33474150161954486,0.12231333166316775,-0.006989329155499012,0.4027474624050113,-0.3120489610838183,-0.01280977250824846,-0.28265403739252404,-0.11830006426902501,-0.1695485079979166,-0.34091739538112686,0.09105122245935614,0.3005320987435239,0.06356270466631926,-0.34901038436870796,0.13997575503678208,-0.0025463228347854397,-0.02365186043590375,-0.0880734850646962,0.08176493478587003,-2.355194805194805,5.041065319207926
48,17.1971771352612,17.7855076948065,7.99091294464429,9.91049607227082,7.0354485654282,4.14051779192358,-3.45994649701701,2.21123904988976,10.1928065640242,16.0310404097324,4.08039450275729,7.53394990063047,-0.168699430828131,-2.23532931086382,-10.763138039205,-4.76914060353481,1.34197508066942,9.7732800331487,13.3632689450298,15.5955065652746,17.9288353322691,15.7306158275933,11.4885579275101,12.2800818314278,24.5786429744312,21.6196896114623,14.404967993385,-1.7985009934043,-2.70873948124529,-0.919917729886825,1.61691228141789,-0.640205169623515,6.26695747086903,6.35634037375504,10.7541168137156,11.3025162489207,8.20777494100787,11.0169229693562,12.7267601331845,10.76499470623,7.91934812585862,4.38079645798657,-0.346503704135045,-4.32825746803032,-5.21239704948417,-4.69761234269971,-4.79837171371489,-3.51583664927066,-0.08803603263999887,-0.1654656361796826,0.18542391490814336,-0.049615071434635165,-0.06860047035932194,-0.031271825771739946,0.19742472019524548,-0.01395743295798025,0.17740341873679774,-0.07414681635413957,-0.025885374590573988,0.01804685615788431,0.20270749277973507,-0.0807460169309889,-0.05479108025458991,0.07395867044627656,0.3359425911956466,-0.4955010633410547,0.2436609016779864,0.05094174763593796,-0.37742940768450906,-0.3257125463944135,0.045019457676243074,0.009909300200140487,2.2723403399165636,-1.5550907557397808,0.2021253659477975,-0.19998668569376982,0.43893726080397927,0.012253453951328843,-0.08865085231940474,-0.387949794971317,-0.007100609475692792,0.3472812785831473,-0.5316222339129831,0.08409806373058708,0.038559788219028,-0.03797079442883,-0.20479259167598693,0.13359383674871558,-0.14525318121805278,-0.02559878674642157,0.019308271758825712,0.30383760076403954,0.20006977953275001,-0.00810461292845745,-0.3247085147677585,-0.03985422657354522,-4.630952380952381,4.956676605794566
49,18.4686049271905,17.2501143852078,3.44068430855839,1.87171187051001,1.80156311820771,0.996512917348477,-1.82426529562505,6.24849406318593,19.3462444816154,14.5894489165637,7.87440228363861,9.97829400068594,6.49369254318346,2.7114520869922,-6.83621094179547,-1.02245077854939,3.67174274775952,11.2806906176625,20.6918465561009,19.5343066660704,17.2133591440656,15.6770955823942,12.8293405409078,11.5069101811588,21.6196896114623,25.3634881864623,23.9792083099357,3.73654115186886,1.03039364180035,-0.109402246544579,0.448127267945417,-3.50022462699127,6.75596774949856,7.44597782223659,7.53714917100375,10.3341552428115,8.91754348308943,12.6917166271425,15.4734443632638,14.9531678972844,12.0356713407214,7.38364593554464,1.3428254073891,-1.40998831745953,-1.51253774175479,-1.97567458628189,-4.13151294053111,-5.11603590138963,-0.032713253960425646,-0.1523719502732139,0.23328482508380022,0.13481152637272337,-0.03192795086560777,-0.04576264286992443,-0.08742454265084083,0.2120094699768602,-0.028509802380386008,0.03564831768679718,-0.17231514796929565,-0.036947621448384906,0.16139807319239402,-0.08329887093309303,-0.05891592534440529,0.09039076113753164,0.09536606363227933,-0.04812980910712109,-0.11432431773984704,-0.026843070808569576,0.006035533195185636,-0.008249789797687883,-0.2345680129275602,-0.061964852909253534,-1.551886795349376,3.150970649124054,-1.4960355042632432,0.016817773728985904,0.18108320584109874,0.007104195584170401,-0.19716429610452718,-0.022790543635556416,-0.18988123371168417,0.19884010628479332,-0.05238086647138971,0.07355002800095904,-0.10233235674450691,-0.0062164204136977656,0.1408212276988021,0.1651568268444193,-0.22619537180944563,-0.13529473521559332,0.15439475806751354,-0.1913261592487908,0.06082221710011026,0.015061130063014586,0.06458079406846876,0.04914580611159215,-4.680555555555556,5.035224740412519
50,16.4283189399298,13.3348561878025,-1.20142080278505,-5.67473398056016,-4.03633625070091,-3.90981218364273,-0.652778060599689,10.1079389259785,27.2698362619991,12.9514056939922,10.7675931111487,11.3148660606491,14.1441621770759,9.34885091459767,-0.642348014089923,4.04519972682169,6.10535385357894,11.2574779289319,25.0728439992394,20.8661113533152,14.3062449755159,13.2873631385457,11.3740011487133,8.10680146331881,14.404967993385,23.9792083099357,29.9083157726692,8.87616717251898,5.38587857637984,0.251563141292461,-2.0526794966246,-5.83944675809988,7.09357850183726,8.94137468926472,4.68710629653479,9.52628290107081,8.51345907588054,12.4400589456425,16.0323151860576,17.1708184991579,14.0372293737334,8.19422491951764,1.00908121758794,0.429955556089853,2.08629381240857,1.25893636668972,-2.56119564375213,-5.42779158533779,-0.09567796664814882,-0.10061207820529681,0.2977204293256767,0.0975947923366732,-0.1741178308240586,0.2784534403463616,-0.17631214411281623,0.14242584971763483,-0.3261809198004067,0.029849289577952905,-0.028466214652095832,-0.07644095404143185,0.04707326084104081,-0.32332605419721855,-0.09680867689213196,-0.04214599478543598,-0.3210352972660653,0.11296233727528544,-0.002950546070051331,-0.2905893320782802,0.21842634107082176,0.4603645326538087,-0.00429623718474195,-0.33506759570089856,0.2002024193651142,-1.4927080759151348,1.9997439225549465,0.29252731512147906,-0.42159054411687574,0.005553225564000713,0.26749212615158563,0.3279842451016437,-0.18572607019383225,-0.20148347428699034,0.17015709353510225,0.026390405566224497,-0.1007493584670531,-0.0057860608830859325,0.019222982593816888,-0.1287238921363834,-0.09659109299886219,-0.028832662915293177,0.04608701773915407,-0.24306575996486693,0.16510649940692898,0.04117320460303885,0.1547536931870126,-0.022511636193151528,-5.1194444444444445,5.4679352385218705
51,-0.511937563074215,-2.00011051347194,-10.1310353845651,-17.7527715830616,-13.3053950801661,-4.1563279337267,-0.691199606115905,8.10773855468465,18.7326095464005,15.5858775203522,23.6552737251614,3.89966424986722,2.29646803896979,-3.49059928625324,-0.38625503203975,5.03915411540577,9.93736092789464,12.3803256912707,14.4023974151141,8.97311408205726,3.40076582566387,6.20435006235837,5.96724730325934,3.09684574042885,-1.7985009934043,3.73654115186886,8.87616717251898,32.3943770753512,27.0151332326767,14.726591130918,3.44423485844516,-5.22750318947714,2.87044537555274,8.05736417952174,11.2645122580324,10.6675667785057,11.8465441781746,10.7734949968263,10.3166419386356,12.1072202521073,13.0188046368836,13.4374361964552,22.303844003264,23.864831973673,30.3869187231314,28.4225823918258,25.582252544791,18.213613745002,0.12948129684866636,-0.23641446682598308,0.11803943853311685,0.3383089729930701,0.05066441568734524,-0.025348451776567648,-0.13838354696120997,-0.07288905399602222,0.21158949832646542,-0.11537889243506431,-0.17614140746275347,0.42497140308696424,-0.03733971973147852,-0.3140172866983379,0.0942608668450891,-0.09610067359031349,0.0201257020979987,-0.010811944157640356,-0.2949120687574794,-0.02480281050847251,0.1284097474303679,0.16550090561397263,-0.1557641279521338,-0.22959741611029036,-0.20867511485453627,0.015431691815183045,0.28923799651116266,1.2557264551691114,-0.6377043230426006,-0.29882905311336394,0.11474877014922802,-0.023229609141383594,-0.0918988973221397,-0.20089476100086662,0.06680298705190166,-0.0365755501667685,-0.10606540164104303,0.09638235400623503,0.20518821100267648,-0.015747477261720967,-0.17544087429326763,-0.27640704387087905,-0.06426988615408112,0.3754994426798681,-0.0727915711504499,-0.1862147796293084,-0.32002333421581736,0.40797129017637257,1.1494444444444445,5.690727288787542
52,2.44968728051791,0.44625663976623,-5.34572484402222,-14.2254173726105,-12.7845974346212,-8.29472071600596,-6.6314837089022,0.218754938919059,10.8594402180772,6.94712535972211,17.0503563312112,5.89549728614404,3.79364867073861,-10.3160167569548,8.4703881429877,10.6446528987969,15.6603714309508,19.2886717474286,19.5251940941975,14.3713743823641,10.896270846888,14.6109001972044,7.10629231823191,-0.0140269013181245,-2.70873948124529,1.03039364180035,5.38587857637984,27.0151332326767,36.6005013569604,23.2404573937451,5.99014824823542,-7.8348513866663,-5.29363998186133,0.483558283962491,8.10012076489361,5.5723879698903,12.8327167152981,10.6472586678385,9.23552864324434,9.95244183979104,9.18090640448868,9.15196999428873,14.4652189827341,19.1923368004905,22.4753250627835,19.1981208507041,19.4994329566568,16.807006441606,-0.02716358707291889,-0.06672264925168404,0.02047830190825646,-0.014770546566083906,-0.042672550297796506,0.034539227604384375,0.009726072321200166,-0.0014506240545314774,0.06784109126157344,-0.04055536693856431,0.024729386578873296,-0.052135665353550555,0.061651971334856615,0.044761257446705886,-0.10050110106503023,0.16308302842812736,-0.04071678672034352,-0.23989459442152672,0.33254075890859075,-0.07841490274760038,-0.05910523978593201,-0.3068359895039049,0.17618683095329374,0.0678058252487032,0.43004650489605883,0.17846682020955568,-0.4212898248852158,-0.6386468385110393,1.5705962901605766,-1.1511519108551433,0.1767569180364477,0.2551026247930517,0.15775739686572882,0.01607234170374443,-0.34711075756030996,0.0018308812524345296,0.005177332386929174,0.09974519899962049,-0.11164278162497747,-0.11114716826075441,0.13085096154369824,-0.11696032898271659,0.34520134536960423,-0.31950728809371776,0.07317039668163247,0.017909224236640712,0.11000006668019034,-0.07095374043652125,-0.3269444444444444,6.049008295329113
53,3.63011983924032,3.83378491093397,0.316761374063058,-3.17454514590641,-1.29986675285172,3.20329342049316,-1.43621371196579,-3.16091601070352,-0.439328482449232,-3.70467446053954,6.62076066280156,3.48396532965907,-0.187207053559745,-9.81782786939529,8.68998847532527,9.32115327364322,11.7137195286421,12.638109433078,11.2914312069167,8.23339470006615,5.72358331906999,7.70097008580352,3.85571678398888,0.811026041000208,-0.919917729886825,-0.109402246544579,0.251563141292461,14.726591130918,23.2404573937451,19.4765657726692,8.95907291344884,-1.84773806569573,-5.45996474105923,-3.50762996380378,1.48831533286228,0.541059899893327,10.1784822128796,8.20478415949487,6.20203849961629,6.30820809595718,6.17469917525514,6.55266377023811,9.29909844970335,11.2870075722678,13.6013618427327,11.015553694607,14.1970857970986,15.430233738088,-0.046100949111955475,0.0120878419809949,0.2377044801886557,-0.260296754752942,-0.2676110383450886,-0.10167669290858634,0.26197030622897205,0.037147577563416585,-0.16036598076948366,0.41800392648641055,-0.22055164815196862,0.09247722040845696,-0.14523684230818273,0.24391104352667298,0.016239653374873368,-0.004957031432151096,0.01441425111187036,-0.04303251897575949,-0.025037094474530206,0.016605043873239602,0.005267665680954718,-0.08833767844531878,0.01642982082100627,0.3320612435049226,0.03184913108910278,0.00818150166059455,0.010104736191008016,-0.2999791328120581,-1.1522713256479755,2.843244549852538,-0.8741467418620494,-0.06069155382832089,0.06681590286115625,0.1603062587246267,-0.07631603186322197,0.1688967832226982,-0.5088614875940192,-0.13355467089915254,0.011744055125045758,0.05392148427794538,-0.05774062795216718,0.2787062106971243,-0.33994208198332204,-0.01787265251395785,0.005463786911304036,0.5095688440528032,0.002369458398632193,-0.37247406515743126,-2.781111111111111,4.4120931282860765
54,3.41258575972259,4.95205331769061,3.54427638489832,3.95485425978699,6.24753177316767,11.3073918897927,5.07748335832583,-1.61083610223539,-3.88003664547519,-5.91272171137856,-0.402033537491536,0.827536256631331,-2.49175592540966,-6.55922081004794,8.92489255257309,8.03674470454331,8.05655707451336,7.08986447895387,1.93235141016245,1.42236216647657,0.338348988998339,0.854841128947952,1.29914316812495,2.10547424524574,1.61691228141789,0.448127267945417,-2.0526794966246,3.44423485844516,5.99014824823542,8.95907291344884,8.90719037356322,4.91265547292997,-1.74627506088704,-2.94241550081701,-1.34966337968559,0.684408416160902,5.21540286987795,4.73558495777297,3.47154057573792,3.12456333923866,3.8743815398955,4.70210006933096,5.32000029764731,5.64009593892329,7.54058843733731,6.27513151731931,7.90140940627192,8.79274140512214,-0.05541985928430571,0.07295232637936239,-0.19616273667128012,0.21016531301531458,-0.11644660166516362,-0.419901842178809,0.07241567775614775,0.17360478448048866,-0.09137714121071654,0.29273987791757333,-0.06187339674094827,-0.11451977471874217,-0.04511627192060556,0.3458328225733905,-0.08102626969564966,0.013893314576948954,-0.02334905523193773,-0.10300723452530815,-0.19168519940111997,0.1905694631301674,0.0391573321992645,0.026350757163437825,-0.16258405107293813,0.10936205235149243,-0.08815629539069253,-0.19987450707885582,0.2696891250503767,0.11463440207043489,0.17740632886051924,-0.8759346587616222,3.110211364642063,-1.0447544992743505,0.04348065938103225,-0.18871025399323565,0.0029007710046233923,0.08077469840173938,-0.47694924335178246,-0.31427181676668225,0.15019567854305768,0.1521382490760373,-0.03348548680625368,-0.29836736760773513,-0.07217166536145163,-0.3579971179349765,-0.06090481105951805,0.16899982204446154,0.050231469165351726,0.16063591888153808,-4.774166666666667,2.982815846404739
55,-2.28213881676476,0.110113155721303,2.12703297391029,8.85377374166563,11.2843637760928,16.5199473584234,11.9713098367901,2.43294659981456,-5.11672680685067,-5.46445529598514,-6.09540523195189,-1.26334681453921,-0.398570302388758,3.42566673482262,8.16756062032597,5.83598495497264,3.31541761677288,-0.172776230526426,-10.3525638572904,-8.24984509714204,-7.81381926810859,-9.25368119002029,-5.3664229214989,-0.85047393202565,-0.640205169623515,-3.50022462699127,-5.83944675809988,-5.22750318947714,-7.8348513866663,-1.84773806569573,4.91265547292997,11.4428828224776,1.62703699146987,-0.789189739233584,-1.42592195557718,2.44904546331907,-2.17212303337935,-3.58336080138147,-5.11899292314691,-5.83636494991794,-4.38673056776433,-2.61879463735963,-3.38276259190292,-3.91833605400469,-1.5743661228642,-0.607666864686672,0.153694378406088,1.57061253612225,-0.01738278238254295,0.18037415717797325,0.12608029314995686,-0.2240829703002931,-0.2026587245604723,-0.04740539169911598,-0.15040654596962677,-0.10380819760908121,-0.006222759414343164,0.20777461017773732,0.1314482884107192,0.001593480998022606,-0.18459602284907758,-0.03760010336207803,0.017709192058689083,-0.14313855144978693,-0.21285381674023876,-0.2354015430349335,0.3220729762707387,0.11531100731565347,-0.0848163777039754,0.6798862586105996,0.1473592909700795,-0.006883036325234634,-0.39625794543683407,-0.02470136011954167,0.32767540610421286,-0.024852966493632618,0.2543009602902088,-0.062123887435835266,-1.0459247170422747,2.567757687843663,0.38383492569193206,-0.6611755498279298,-0.21869913860841447,-0.32707147641630446,0.005040642641879014,0.056242853866193446,0.01595960611694315,0.04179353335103327,-0.24002669245625638,-0.1375310658108946,0.27271017828985206,-0.12091286727660297,-0.018536610034176625,-0.06568559095957388,-0.012540557835841485,0.36141329041305814,-7.183888888888889,3.381254622544367
56,-0.742746211884846,3.04644522263018,11.5321884107943,16.3634335667395,12.4642489410058,6.11464798531838,14.9910520213866,18.3835288387746,17.6480959791447,21.9355820603375,21.9216643370045,7.43206209751192,2.17420154457269,-4.15370046751917,-10.2813987425784,-5.18461196886337,2.54776928711243,7.20894449920708,5.32342529880229,7.18881054309562,9.48624967092705,10.207116736394,12.1272661107371,10.8144933696188,6.26695747086903,6.75596774949856,7.09357850183726,2.87044537555274,-5.29363998186133,-5.45996474105923,-1.74627506088704,1.62703699146987,43.6723243933589,37.2975303759855,15.6344404915346,18.6579399027409,6.54198987180772,2.55790158368552,-1.5808277167412,-2.14781633852822,-2.00591688056372,-5.19124883168865,-2.48716709737927,-2.02477686654534,2.07199869391044,9.66630387363379,13.9925705930844,16.7721522648113,0.3177405369190342,-0.1336560282427509,-0.06078394483820944,-0.12612087791327498,-0.10330534242925632,-0.04039649850730329,-0.03404647297345848,-0.20156809850730764,0.14232026343412202,0.08797963949636446,0.1032473757095609,-0.0007050151775938322,0.023992152316169017,0.18719570360432214,-0.11357852166205054,0.17186563415037126,-0.07090382552990174,-0.1463049089868258,0.030196004669908807,0.1916548628775294,0.1109028093839842,-0.16984722896534912,0.06381510258930775,0.4025222126772124,-0.007801141767587233,-0.19078334371437866,-0.18586495425598043,-0.09442614284819605,0.1546546015913845,0.06760450263452396,0.04188349428559829,0.38461392845746684,0.93129498294772,-0.8860401215108389,0.0008053113959250319,-0.020884725332841286,-0.14522102686498298,-0.050018024651793974,0.046306939193858684,-0.02936749269725109,-0.050699983214459926,-0.027044060527552323,-0.14997031542278472,0.2890026208337676,-0.18250524546343125,-0.07045011525615544,0.15777467722712465,-0.031633318655798576,-7.022222222222223,6.607747300961113
57,8.13964039335289,8.56315229964486,14.8523679929514,15.4703458063957,7.94300188242007,2.01957164621139,9.94044750712592,12.8829023688265,18.7387651091953,31.5636619657162,33.5647823037967,14.5495018206974,11.7524547724667,4.08815445311507,-12.0802195614221,-6.71033672910497,-3.15525584813303,-0.254062721564435,11.1422570719676,12.4528474296397,14.4403345714206,14.6343866343814,14.9777367225321,13.6425101249387,6.35634037375504,7.44597782223659,8.94137468926472,8.05736417952174,0.483558283962491,-3.50762996380378,-2.94241550081701,-0.789189739233584,37.2975303759855,44.4504853128991,26.5900060556305,24.8905880275995,10.3428618012031,5.06284490301621,-0.0229066638428261,-1.8344519907661,-2.99043910794883,-8.38486997579287,0.967547265184261,1.33006475392542,3.33683215473227,10.6069109989648,14.2468716870912,15.8378367902327,-0.4702596222964536,0.31149845967352136,0.006288739150314567,0.05976099637542408,-0.01209144569263402,0.0200051278663896,0.20035313595670162,0.17816156144497325,-0.08697286978182359,-0.014174406937908165,-0.2532818129742098,0.07149973040920461,-0.07197565409818062,-0.09319970517317346,0.10953574091633171,-0.01500809028185752,0.04243417085662642,0.17612111224298174,0.09631510620950802,-0.21311399515771387,-0.33657164312416393,0.02085267689753877,-0.13558296471647582,-0.31381511865306927,0.3516654567047207,0.19895791982040564,-0.20061078891292994,-0.1985228086908045,0.0149342068689898,0.16836527404122195,-0.18701925822502186,-0.6660781986261536,-0.8872400652427418,1.4664547988692462,-0.16197770723374239,-0.015502222672282144,0.19456793142445628,0.047656803504768475,-0.019249634368091694,-0.12960407464746473,0.2131443968429053,0.23121096364345492,0.08828925751862439,-0.16150561672220085,0.19494883220702316,-0.016691481369315694,-0.2185230770751865,-0.027764790777925652,-2.788888888888889,6.6663697251877
58,4.71444057984399,4.09131218470877,8.1239819652766,1.45509850998163,-5.42585785103225,-10.2868078661708,-1.63395940892262,6.37943021125302,16.5874488720465,33.9082970180247,30.2464111980251,12.7839600982178,4.07886934441927,-3.83907791693414,-12.8701353946603,-6.50777945842211,-1.17195746003689,0.440663893807975,9.69965291865426,9.60492940368323,11.3943833317803,13.2510199688249,11.0944818045754,11.8143918659776,10.7541168137156,7.53714917100375,4.68710629653479,11.2645122580324,8.10012076489361,1.48831533286228,-1.34966337968559,-1.42592195557718,15.6344404915346,26.5900060556305,38.4083908045977,33.8992178827796,14.3572888261639,7.3633466324533,0.745932015553962,-1.53147837777682,0.0088838851121614,-3.39755228980241,9.34184340900672,6.40006632558524,5.9735484753113,12.6765212047215,14.8629465277816,16.160766613116,0.06536247849395617,0.09035654219006065,-0.38350224617346995,0.22601579477423644,0.04876245199441261,0.06724348036984923,-0.028535073469328744,-0.002032446739834587,-0.0775721637320714,-0.10820353215912427,0.1018057355244238,-0.11501048930627276,0.029076839155089188,-0.03730705020431737,0.17260799404040894,-0.08929656660379087,-0.20236193808565622,0.44703605460725704,-0.16371341252264787,0.02928174656719091,0.08718405815224398,-0.142487426025617,0.17627187958796245,-0.012905022499857503,-0.5253715743413226,-0.04886290597092359,0.17222092584455997,0.0680156582988363,-0.34623880118584277,-0.07702374465763533,0.002742045625977047,-0.21618454450462182,-2.691899493507053e-06,-0.1608565327025203,0.8661041675757328,-0.28435692477284596,0.2625476318518557,0.07076114593618285,-0.13928038405207713,0.14580677583315688,0.009672202231272266,0.24519318739141557,-0.12667029290022913,0.0633855247392388,0.00767163711181274,-0.2825751558800322,0.1354132209700188,-0.06516870532015799,-0.16666666666666666,6.196643511175845
59,-2.22406546784769,0.77597693462899,6.82837607954404,4.32814421128184,-3.79125363810914,-8.81651431910282,4.22594536491707,22.000096140197,34.0824505291881,41.9630501090421,30.6531358047657,9.84306517136919,0.73321740308946,-7.35461615302355,-7.75829297779187,-3.85011384733933,-0.484645973936356,4.48596568256384,10.2969334939686,10.3705876463786,11.0987786635585,14.4696067743677,16.267431222764,18.1247387946743,11.3025162489207,10.3341552428115,9.52628290107081,10.6675667785057,5.5723879698903,0.541059899893327,0.684408416160902,2.44904546331907,18.6579399027409,24.8905880275995,33.8992178827796,55.3455734355045,27.0378221069269,16.7813726949243,6.62437243831708,3.8179176782151,3.67947085223634,-1.97929365137147,4.09094867265933,2.35490870866017,1.70340772864185,8.32648162053628,9.04935820924268,9.37315442921564,0.03707673031676877,-0.13668182894997544,0.24982686788514047,-0.35322119866884694,0.43683614899970963,0.038484754635604634,-0.06839032827011968,-0.0028498798208616127,-0.15040176299255592,-0.12533001872310093,0.08915362919049219,-0.16075290540508513,0.1384936872068356,-0.0015951272798482715,-0.23790376542556946,0.12042657480305682,0.11162202925417669,-0.15909022204661696,-0.06973159257631023,0.02049028910735793,0.10930678196623589,0.05381177583130727,-0.014553753751852775,-0.2834054823013263,0.08233326783109002,0.07222205292202966,0.026296297628660065,-0.03653958856914599,0.0009390983364321729,0.166253089699462,0.08060634853913776,-0.3275337659187428,-0.02193268244600024,-0.01598884100963713,-0.28428653130180787,0.7582058254202378,-0.41603388930020613,-0.10737897242127847,0.11732677089788124,0.00872071258082096,0.020292714092381883,-0.06832364916901387,0.0010838391762794837,-0.07756792702986177,0.15296181576900966,-0.02289940222610413,0.17959804215407132,-0.17455050295440155,0.7677777777777774,7.4387884386843846
60,0.610251928313736,3.80286509498784,3.80116316246898,0.430612197060017,-2.46224825032839,-1.60218845840791,0.132179357549686,5.80574120563919,13.6826710641064,19.4850516165599,15.2151632018163,9.51273147697671,5.21843835811262,-7.74141876345716,-4.18500579242557,-1.96671422133201,-1.78932285205799,2.44930831798205,17.9298062477822,16.7308598778558,15.0990861530496,14.5556700165843,12.7762847605135,13.0247118855554,8.20777494100787,8.91754348308943,8.51345907588054,11.8465441781746,12.8327167152981,10.1784822128796,5.21540286987795,-2.17212303337935,6.54198987180772,10.3428618012031,14.3572888261639,27.0378221069269,27.651220945083,25.1668067755661,22.2019297086712,19.9252885988384,14.6711964414711,1.93496524138436,2.96940483298504,4.25408001577103,5.66458170232373,6.41046725427803,7.26801497512196,7.19272342649478,0.09274983398150714,0.05112386981843493,-0.15384089715487476,0.011084762625040564,-0.0055570317876661455,0.223025703956924,0.005915358472583699,-0.1090457270340009,0.1090260857678737,-0.378139342550147,0.2639970413355685,-0.13732075816543562,-0.04868861875706061,-0.033367575748462656,0.0023976170536649114,-0.03300244665393139,0.07434925113592858,0.2900809756355901,-0.08308851342933248,-0.012646496789993708,-0.024324033934091722,0.0387512889626232,-0.05497639715629787,-0.11502983242172653,0.03183572207412147,-0.10752010978780449,-0.09677083150207265,-0.1014915079882976,0.002923210075893828,-0.5059964947348777,-0.4765486924776358,0.006782928083155943,-0.14102525203830707,0.18978976398045944,0.26511965217439065,-0.41692995487727363,2.0991422238851785,-1.7050957727131042,0.572982117476759,0.05050180982703275,-0.004734132870677774,0.24683019879969398,-0.0583208284069954,0.13397443082392227,-0.25131519628895177,0.13445792422165898,0.00018731395098026875,-0.18272045142693213,-1.0311111111111113,5.257491887305488
61,3.07271137483198,4.4662469146773,-1.47462547497587,-7.16733990294679,-5.41048642092988,0.821356625365177,0.601993037131167,6.27165991817644,12.7245365952747,13.1614632087953,9.07252947979341,9.94912730032144,8.07238305874732,-7.70018477552855,-5.77843149711174,-3.39967838717008,-3.70631180557384,3.80996408198917,22.987496382829,20.7940100172604,17.0124499293154,14.5969248988602,12.2935436730257,11.7951824287359,11.0169229693562,12.6917166271425,12.4400589456425,10.7734949968263,10.6472586678385,8.20478415949487,4.73558495777297,-3.58336080138147,2.55790158368552,5.06284490301621,7.3633466324533,16.7813726949243,25.1668067755661,31.5318914431673,36.8647988723441,33.1607061957654,23.2185685478524,4.07080328053341,-0.237786781909989,3.6699781287748,6.55320144398109,5.57061234879037,3.20866797995606,-0.167093636606012,0.02942780021651826,0.013724458233680238,-0.10964846557997508,0.1208893780593242,0.027461029003930035,-0.08691838332270586,0.10538408130528534,-0.09538901472034793,0.08059551038434755,-0.06433035151880248,0.0025049467863324615,-0.10524577357659251,0.029417214747524276,0.059045921755388024,-0.06781066519056625,0.013703075030786882,0.141155515398052,0.011025060387259698,-0.06964518422605893,-0.06411346207129567,0.0006003593596850642,0.019057603680073858,-0.03605161776695729,-0.1592474617382128,-0.03727672032323697,-0.006427417590745673,-0.0034099672468745445,0.09877482520725214,0.09634807456409558,-0.13566408650172623,-0.315246596736101,0.05765423562500229,-0.044177500529785946,0.04382935500845557,0.07861700260178826,-0.11417775512551977,-1.7057396186686877,4.1141416065338285,-1.5884157269391663,-0.40730217534168417,-0.08481967346780045,0.13123837528222443,-0.013546533569774194,0.03145257961670056,-0.133611357188539,0.009162214981632829,0.007880059254149741,0.02521866731121358,-1.5911111111111111,5.614435986202648
62,4.34238565700482,3.85292920429585,-7.75329196410234,-15.3240620468229,-9.01002574797671,2.51640960587298,0.918818119066357,6.93738205525382,11.9430824786747,7.24721328727311,3.08867880934807,10.4152012959499,11.8418044597524,-6.20439039155017,-7.39672265383386,-4.93361410892133,-5.85368387174609,4.72232882907256,27.3992893323808,24.2127796777943,18.3078828497889,13.914420967405,10.8817116835298,9.58310534492642,12.7267601331845,15.4734443632638,16.0323151860576,10.3166419386356,9.23552864324434,6.20203849961629,3.47154057573792,-5.11899292314691,-1.5808277167412,-0.0229066638428261,0.745932015553962,6.62437243831708,22.2019297086712,36.8647988723441,50.4037726692209,45.3293481901625,30.667660964096,5.20663593362006,-4.26613795692477,2.45597524581688,7.00666675199977,4.39402585120373,-1.14085565406921,-7.73590638139535,0.018793548868635882,-0.00017617661027895793,0.022097673058550368,0.089341378934337,0.10043030771619581,-0.2666367904813122,0.29995940940597865,-0.3166379574509981,0.1286832908789909,0.17865422635787853,-0.2330099356790613,-0.043376552138682405,0.05499657711722189,0.006928183046066734,-0.13067871282356375,0.020329689415686067,0.19062899412186535,-0.21770235645729807,0.11399448334761711,-0.20172725002029973,-0.006395509092324827,0.1012169812314167,0.15428038804988253,-0.33884045208615204,-0.20923189658092722,0.1338796898144356,0.017666264658942388,0.19888103405553012,-0.11250830147044705,0.011124010187660923,0.15838440499375453,0.017028975783164018,0.050252283521619465,-0.02358847648846444,-0.1381307989057839,0.11622274901910276,0.5704791939584724,-1.5851609649882274,2.419286406658114,-1.3318602563646744,-0.19362928690165346,0.39274896127737796,0.05490283512964192,0.06107127770263199,-0.13285165545138702,-0.07786894975554366,0.003129462799067898,0.18414000771110656,-2.251111111111111,7.098857138245631
63,8.45259941830795,6.54136796041658,-5.73608871350157,-10.6054353165684,-5.40281965700289,0.85898364945147,0.230219705711756,8.74918526364254,22.2851698400766,12.1792555453663,2.25585315491023,4.95322260807636,8.58318050342723,-5.64525363686879,-11.2930951651662,-7.60047933781078,-6.6026526395761,1.53147380651927,23.9537828572762,22.2507541473012,17.8822567279165,11.2619975548415,6.31395845851766,6.10739382830788,10.76499470623,14.9531678972844,17.1708184991579,12.1072202521073,9.95244183979104,6.30820809595718,3.12456333923866,-5.83636494991794,-2.14781633852822,-1.8344519907661,-1.53147837777682,3.8179176782151,19.9252885988384,33.1607061957654,45.3293481901625,47.2421280332056,38.391564630112,19.2389582240342,7.03321731746143,11.9314169006726,16.9807332322041,14.0547090115497,8.04758557116147,0.063409927706332,-0.17715093008541152,0.09461549772377469,0.05394360824198028,0.1189379232112499,0.044989359548721124,-0.22571968054776015,0.11241250816520917,0.12770944008729954,0.008398837134687642,-0.22526035612766734,0.30047051664562985,0.03721362802001303,-0.06518903146983263,-0.019427784971538655,0.06911245129651751,-0.02541157316712426,-0.0018650298030331751,0.10149132483965749,-0.03496885925865851,0.037396352114444906,0.03433671411368218,-0.07850384614960959,-0.1918855311985553,0.08600634472298199,0.13277647863912123,0.16436965275826573,-0.1298419740509071,-0.01615478037592842,-0.1096750919514046,0.055569937297967054,0.1456794565945787,0.04334416826797517,-0.033721081256303194,-0.12511940733808521,0.14786060988747182,0.007485328896072902,0.049072201198503584,-0.409684204567568,-1.3364750337453835,2.9010346735895403,-1.3182421966608018,-0.4031511758467323,0.3692379130490566,0.03612283468355688,0.12323595276481493,-0.14667866549727582,-0.03592608086453435,-0.07058303471232129,-0.5055555555555556,6.872563425186094
64,14.4337041766407,12.3697163320187,-0.794008664352046,-4.09120941432339,-4.61517590041109,-7.76195536512134,-0.959828926289131,10.1016866143149,27.9743050890389,15.5703841494434,11.4509908696567,5.11572577104307,7.76995523986728,-5.96473855023568,-15.6803320960645,-12.561061003033,-6.85532705911763,0.225047883896345,13.3379027747535,14.1580195171567,12.5590935822389,4.74547773464784,-1.83957944754465,0.816250051169964,7.91934812585862,12.0356713407214,14.0372293737334,13.0188046368836,9.18090640448868,6.17469917525514,3.8743815398955,-4.38673056776433,-2.00591688056372,-2.99043910794883,0.0088838851121614,3.67947085223634,14.6711964414711,23.2185685478524,30.667660964096,38.391564630112,42.2089556194125,35.3640245598101,28.4609063956636,28.5504014964234,34.4089100211623,31.1199949296673,24.0511042681309,13.7705637870349,-0.012954368897588754,0.19813459682067935,-0.08035016171777956,-0.35173047097225,-0.005111706732118138,0.44411373612789806,-0.3975935559354614,0.14758724311632146,-0.018210746553829985,-0.0366766888145046,0.06958199609406733,0.2448762685288623,-0.46432664709128524,0.2873762044196352,0.1696824006728144,-0.1132204597244964,-0.05864512989254256,0.1964854640912205,-0.16350286060902028,0.019111078338616597,0.16140373250810244,0.030691377518215237,-0.050842099163731246,0.29746091052940415,-0.14716203958767665,-0.22325522924618832,-0.09717612542714232,-0.1747460834565612,0.13014610146764474,-0.047638660174843944,-0.03206457759275651,-0.229206545548338,-0.04818326645534151,0.20945360503138521,0.0072422572796683425,0.021611308005378936,-0.003267933005447668,-0.08318365297968146,-0.19697878652169143,-1.3218985740533808,2.4576457483796594,-0.6359914081531141,-0.388903981683872,-0.04994531463251583,0.2227927852372234,-0.18054310420596761,-0.057295291813424465,0.0010222076534301904,0.3327777777777778,6.496072322520163
65,17.9208955496192,15.0843692987603,2.93886537628179,5.83244661817636,1.92958548033006,-8.47083529876597,-6.52298345880576,10.4263177045586,33.3402678192156,15.9580334338773,11.51867250792,-8.92665393543487,-10.7681634241124,-6.34961022267561,-12.8455781019294,-11.604392621434,-3.19753717187224,-0.0621506729593018,-3.37327616760594,2.02719583373253,5.25290938686022,-2.92877382267438,-10.9261627328762,-4.33704091191643,4.38079645798657,7.38364593554464,8.19422491951764,13.4374361964552,9.15196999428873,6.55266377023811,4.70210006933096,-2.61879463735963,-5.19124883168865,-8.38486997579287,-3.39755228980241,-1.97929365137147,1.93496524138436,4.07080328053341,5.20663593362006,19.2389582240342,35.3640245598101,52.8005878033206,49.8201474659576,43.7405956463216,47.3647176455653,42.3301261296355,36.0093307032806,24.9139762880496,0.13709534705735107,-0.09265804780701203,-0.2642313515351213,-0.011389356845515914,-0.1332291123369043,-0.0435968606591696,0.39039804980085885,-0.25299857247402435,-0.23283184844613444,0.1270482755754758,0.026221192312633698,-0.483910803784771,0.40590450473691136,-0.0741236584293386,-0.01241057370259392,0.09227690991053052,-0.28801187720419724,0.30606228262933094,-0.027918848114064334,0.1924225582920434,-0.17961576421545736,-0.1643945335447186,0.2719152163530495,0.061748258477203395,-0.025059897132356707,-0.12916728875705205,-0.02695793440179759,-0.27438410372503075,-0.11642085950766998,0.27667374548739565,-0.3005175888774807,-0.1388814082223956,-0.028025799740913116,0.2324783945776928,0.24689818112074136,-0.0690159068423214,0.24466991651535383,0.13004563187466853,0.391332605759437,-0.4082476620471167,-0.6358615295542289,1.4748173231175024,-0.3041815327630682,-0.24785096970989903,0.030043675710820568,-0.03179492015331785,0.005373406960398661,0.013689142761901016,0.33444444444444454,7.2657131655000375
66,3.58691481749538,-1.74012518639436,-13.5239688668415,-12.5371425617921,-16.8666948443814,-19.8804645656196,-16.395312794834,-5.68166643666349,16.1556624933999,20.3622053263888,25.484660714599,-6.77895337005535,-13.3465215412913,-6.46769176776144,-12.6474059347965,-11.6582672826623,-2.29996351290223,-2.0745626334074,-18.0297465893025,-7.95255768807457,0.268098597021775,-7.09710568577731,-14.7727294729016,-5.36397868315109,-0.346503704135045,1.3428254073891,1.00908121758794,22.303844003264,14.4652189827341,9.29909844970335,5.32000029764731,-3.38276259190292,-2.48716709737927,0.967547265184261,9.34184340900672,4.09094867265933,2.96940483298504,-0.237786781909989,-4.26613795692477,7.03321731746143,28.4609063956636,49.8201474659576,79.2224856439489,68.0562391251824,70.364116991343,64.5178401949181,56.637487573016,42.7382420064049,-0.1983120697794527,0.0864028228914052,0.024340185001657886,0.20428343923846234,0.09839713096041072,-0.12092719230059767,0.07264600401246576,-0.007345227430949037,0.06781572221730771,-0.04185762185112325,-0.10153886809082022,0.06685243301890251,-0.04063821491672572,-0.12563703126660364,0.08548770529669567,-0.04464738624061385,-0.11723108125620091,-0.02709203326488325,0.32455715602245033,-0.23573841050357472,-0.05045034362361392,0.0029867014129732004,0.1960958625953242,-0.3484650576312398,0.01877902740184381,0.15015032780299156,0.046186986075910076,-0.06327349420953335,0.34542688178833075,-0.34089084150115456,-0.07180217974388882,0.2687276066458773,-0.1496026444267926,0.08854757524200611,-0.12690042091504028,0.0014547317097462575,-0.05496133869870334,-0.01253781498690769,0.05624038896029876,0.37010948270959526,-0.39059473467968253,-0.3037026960655895,0.8507923912673003,-0.4873194738633423,-0.06983925948963021,0.1837982611884248,0.049791606869500606,-0.032030993727890616,1.062367724867725,8.90013964182298
67,-7.31167724638244,-9.88242419783705,-15.1546494392324,-15.6027144876115,-17.6640744875589,-19.2703341735821,-11.5320166368533,-5.87144427302743,17.3751204440277,7.79769162961624,18.8423279351333,-13.0985733647001,-16.0931175051647,-9.40853983197558,-1.43647731249283,-3.93474047854373,2.47030364676143,6.44746582424681,-9.68336174635807,-2.65028578711696,1.81024148589633,-4.8195207759799,-10.3435339807336,-3.96114739846956,-4.32825746803032,-1.40998831745953,0.429955556089853,23.864831973673,19.1923368004905,11.2870075722678,5.64009593892329,-3.91833605400469,-2.02477686654534,1.33006475392542,6.40006632558524,2.35490870866017,4.25408001577103,3.6699781287748,2.45597524581688,11.9314169006726,28.5504014964234,43.7405956463216,68.0562391251824,74.170553345359,81.913466496058,77.5205884125428,70.452769245281,56.1380500246713,-0.24364571900574747,0.4889236495221197,-0.08395205811983776,-0.06537790602518662,0.2832678469967392,0.02163737393850967,-0.3249751034715796,0.21994694852199745,0.13766388096254054,0.005950164420321719,-0.17814386598170792,0.21002406298174586,0.24840068405786117,-0.11669373022768505,-0.2343918141607211,0.45050012446083637,0.2222638664290801,-0.11429526651405877,0.08138781793708404,-0.05000571565984084,-0.1603622872903714,-0.14861202571030402,-0.3554359719538905,0.14158129078638026,0.3028195050045352,-0.19497784010488026,-0.24344531124151952,0.3690842769054542,-0.32478306278411007,-0.019980424994191507,-0.3663131261794,-0.12052316445781519,0.2893286070136423,-0.1621674667264795,0.06705134145844623,-0.07685805167144981,0.12813125773802703,0.03212183756696488,0.06631252595851102,0.04794764204153221,-0.047908596943906465,-0.2473986662816532,-0.48768719674755456,2.1163036448750483,-0.6965777354710582,-0.6112039036364534,-0.055405166663612296,0.1644889041557208,1.8262037037037038,8.611652184416123
68,4.52501635916527,6.4768742922631,-11.2212607191685,-12.6806535544283,-15.7524813943934,-16.955269076118,-7.8688958077646,-5.98293890432069,20.7558927888515,8.23347798100254,29.6065244141853,-2.55219229576999,-3.10980123712559,-7.96482926949159,-0.0499012394401446,1.11832811465519,11.2037464661948,17.6129603622997,-7.9329600049162,-5.72156417085535,-6.06479969287733,-11.0819298492143,-13.4047958403299,-6.32663169403039,-5.21239704948417,-1.51253774175479,2.08629381240857,30.3869187231314,22.4753250627835,13.6013618427327,7.54058843733731,-1.5743661228642,2.07199869391044,3.33683215473227,5.9735484753113,1.70340772864185,5.66458170232373,6.55320144398109,7.00666675199977,16.9807332322041,34.4089100211623,47.3647176455653,70.364116991343,81.913466496058,106.756943123322,101.026320446326,92.0806163345722,74.7312161496651,0.17555860281068164,-0.6022652233315177,0.3372128126588857,-0.11973414679082137,0.07278213485341792,-0.08439569045429672,0.23656003480261584,-0.019084278337589203,-0.1416336604725332,0.06338919354829285,0.11572360899796623,0.04067919978231313,-0.11607757140268435,-0.07749626076944874,0.1713012827481739,-0.19392526840735175,-0.03223103790982397,-0.07637336558570237,-0.10058384730196769,0.02226123152810433,-0.09300673836790692,0.06809103329292544,0.1143784225521896,-0.002867667494016256,0.1910553541509414,0.06126725724699819,0.15711454636221772,-0.07445230742725961,0.0712929975290209,0.01431291068730603,-0.049345008251900975,-0.017983624211135585,-0.1804511120457746,0.1949371496806447,0.007775113445921966,0.15285554935397253,-0.24963233665287118,-0.13064156232139315,-0.13383874789790376,0.11416037742679758,0.22155994582777755,0.030554171900211636,-0.07086952625607836,-0.6937144056342592,2.056765141782468,-1.5447824520144133,-0.16455910629473555,0.27930004910886885,2.7932936507936508,10.331841226195944
69,0.371181270741393,2.37211593350678,-6.1645368548071,-8.40386880259961,-11.4120371237812,-12.8165609642202,-1.77650321808681,-1.67146666206624,22.5026171584619,15.3917550648658,37.8456781464307,-2.07130215853693,-6.80119428516563,-10.1695346053909,1.99989669429465,3.3232735051422,12.8237650850842,16.427837493575,-9.22668131975235,-8.46010104165438,-10.0930177000472,-12.0212297471361,-10.3378610258517,-3.98875484424411,-4.69761234269971,-1.97567458628189,1.25893636668972,28.4225823918258,19.1981208507041,11.015553694607,6.27513151731931,-0.607666864686672,9.66630387363379,10.6069109989648,12.6765212047215,8.32648162053628,6.41046725427803,5.57061234879037,4.39402585120373,14.0547090115497,31.1199949296673,42.3301261296355,64.5178401949181,77.5205884125428,101.026320446326,101.883398490058,98.3654371489895,84.9898232078768,0.1690230723829634,-0.18335933006016844,-0.09123803583737825,0.04063278211312241,0.07557685981737577,0.14561235603267314,-0.26874302079462864,0.08887060504056059,-0.020944009573910793,-0.06332881848131307,-0.003703798325298378,0.03689061450843502,-0.04076454720456247,0.011616307302627452,-0.06821348402214865,-0.02624519439711077,-0.06690394036068505,-0.14125378967460825,0.04975626845750461,0.12076298228191272,0.030495086903355024,0.10954568255902866,0.034063618378429916,-0.02264078030366252,-0.006657201992095502,0.03241229390871607,0.044881783491369315,-0.18709991997412337,0.027530653293753284,0.5124937550534429,0.16576070984578947,-0.07329214031700834,-0.0761668498764507,-0.019182562769095166,-0.2817646399084846,-0.022136735775150074,0.14498573317741353,0.00900191922292617,-0.08895722803425948,-0.14463311139832064,-0.1701109295847517,-0.03040167107119715,0.18000837253757332,-0.6147729316372911,-1.5434559787015685,3.397377911277416,-1.1447322313288508,-0.18138037678308624,2.8589550264550265,10.093235283597524
70,-1.78716013021926,0.863413519440134,1.15287897968002,1.28140519919957,-0.339061286541544,-0.729261900991938,5.39779022525713,0.101800647896253,19.3810394746386,16.218513290228,41.5210009131344,-3.54885365693383,-14.4481258431569,-14.7065688675334,4.7135604203745,6.71285198097992,15.7773108532734,16.0863060657811,-9.59681512492774,-9.9642679472879,-12.561989881179,-11.8717919622543,-7.11984930000875,-1.45576621030595,-4.79837171371489,-4.13151294053111,-2.56119564375213,25.582252544791,19.4994329566568,14.1970857970986,7.90140940627192,0.153694378406088,13.9925705930844,14.2468716870912,14.8629465277816,9.04935820924268,7.26801497512196,3.20866797995606,-1.14085565406921,8.04758557116147,24.0511042681309,36.0093307032806,56.637487573016,70.452769245281,92.0806163345722,98.3654371489895,104.537961786641,99.0667103462394,0.07347551220853203,0.03269191339504108,-0.02357228770855527,0.06191850465024801,-0.14496709123708296,0.12510535940376727,-0.06565127007362712,0.03417135418175792,-0.1243296468517651,-0.004268445026010789,-0.23482081608825012,0.09417363715784521,-0.04174165695351258,0.15151302949143178,-0.14449722885236593,-0.05872347904621446,0.15778577845560088,-0.011974409532659727,0.059646301895855416,0.004139447084902602,-0.00882831053380949,0.08478139027612021,0.055313876199369644,-0.07662126096752397,-0.30881576973534886,0.04973678791838968,0.14889196715682643,-0.32240183656655225,0.09328727128487622,-0.002023058155853335,0.04701792251273007,-0.014599111917806986,0.16228751382220485,-0.21758543082683002,0.13699257216066146,0.17528543517789694,0.00021918322066316213,0.007807096650570072,0.004157070054805759,-0.03833026246185052,-0.056992185422762374,0.005055811142351989,0.044312730534812585,-0.058480451785274314,-0.17049006932025043,-1.1436582133357145,3.000756272366211,-1.620504461984827,2.369616402116402,10.223891714344445
71,-2.74841376029648,0.39047070256778,8.86966602987992,11.2888631805965,9.73817095076532,8.89651195528095,10.615492436918,-1.6625073457984,9.83239006613757,9.49256773482291,34.8148415450274,-3.11744159867646,-18.2920843120371,-14.9968022138435,7.20847259650141,10.8638901063502,20.1622284840508,17.5415220169756,-6.46156395137626,-8.22059182684078,-12.0876638708768,-9.68733376642082,-3.02296053919997,1.48998903720186,-3.51583664927066,-5.11603590138963,-5.42779158533779,18.213613745002,16.807006441606,15.430233738088,8.79274140512214,1.57061253612225,16.7721522648113,15.8378367902327,16.160766613116,9.37315442921564,7.19272342649478,-0.167093636606012,-7.73590638139535,0.063409927706332,13.7705637870349,24.9139762880496,42.7382420064049,56.1380500246713,74.7312161496651,84.9898232078768,99.0667103462394,103.582340456968,-0.19146525558356714,0.2681443165595262,-0.0024163496669993845,-0.03491325576581543,-0.1471061060317374,-0.13311726113933928,0.002872884890533725,0.04693379273603203,0.023361785709451847,0.1927370365268439,0.05046982900703982,-0.22819809690453005,0.20456055660037353,-0.1320936742778437,0.18639922563057273,-0.06193238625257753,-0.1568289916769403,0.009663466795154806,-0.0507153303862546,0.02900239895142413,0.07379804414420778,-0.013671948041555934,0.010744691212062655,0.07851559367201134,-0.03657837315069043,0.03638436744979897,-0.021159112082730924,0.4068496195134306,-0.05794046620191452,-0.3732550305181938,0.16375886906162326,0.36236611935139873,-0.029517932714452615,-0.026633107851454875,-0.06924441176378927,-0.1741837846181062,-0.1866275741686363,0.024855819954929425,0.18583213518682143,-0.0739805514340454,0.0003591896570872219,0.014216590807243468,-0.028186142498615462,0.17101580919368453,0.28295889709094496,-0.18106328216384754,-1.623459643656681,1.5474930479942581,1.505277777777778,10.177049693156079
