,Cov_0,Cov_1,Cov_2,Cov_3,Cov_4,Cov_5,Cov_6,Cov_7,Cov_8,Cov_9,Cov_10,Cov_12,Cov_13,Cov_14,Cov_15,Cov_39,Cov_40,Cov_41,Cov_42,Cov_43,Cov_44,Cov_45,Cov_46,Cov_47,Cov_49,Cov_50,Cov_51,Cov_52,Cov_53,Cov_54,Cov_55,Cov_57,Cov_58,Cov_59,Cov_60,Cov_61,Cov_62,Cov_63,Cov_64,Cov_65,Cov_66,Cov_67,Cov_68,Cov_69,Cov_70,Cov_71,C_0,C_1,C_2,C_3,C_4,C_5,C_6,C_7,C_8,C_9,C_10,C_12,C_13,C_14,C_15,C_39,C_40,C_41,C_42,C_43,C_44,C_45,C_46,C_47,C_49,C_50,C_51,C_52,C_53,C_54,C_55,C_57,C_58,C_59,C_60,C_61,C_62,C_63,C_64,C_65,C_66,C_67,C_68,C_69,C_70,C_71,Mean,Std
0,33.6017793143359,84.2780672808634,8.13788763174491,7.91162905017539,4.21631481320422,3.11721947271456,3.53373672115595,2.78218239911953,-2.92505976336489,-6.34404630560806,-10.5388520109572,-10.9839081048767,-8.04141141659929,-4.55193451129159,-2.62573585381057,-0.678419746002087,-1.51267957712822,-1.09005813566734,-1.22949907953309,-8.38033996550973,-13.0632951007627,-8.67438752048802,-4.47103554999718,-0.243838100857051,1.18465973980788,1.01746183844854,1.35344678976161,2.81243982814353,-6.28914054380133,-6.2063758929034,-6.19053060246663,-8.02894920294106,-8.67064901256924,-0.793291623810408,7.03624918707485,16.9221936378581,26.4141750543557,34.5783417338966,-2.56972772385667,-2.21383199836971,-0.0153380035784884,1.2116086512935,2.77896050402841,3.32545147658693,2.83299525788342,2.08086536081514,0.538954369150487,-0.28396303186340155,0.0657303562102186,-0.07254461862797636,-0.04635364209749444,-0.007270680244965955,0.06430539436782624,-0.00866897830376477,-0.11435952473942602,-0.09612820032748037,-0.03666265513927206,0.36225348895603754,-0.10340216278156868,-0.0427682731079283,0.010751004753621753,0.05296198096246243,0.22843991305262995,-0.030893150110046078,0.07432508413030019,-0.04237132307176028,-0.008404196889683439,0.060635457610241174,-0.004773428134019518,-0.06439932555605672,-0.22114451344062,0.006461000861487808,0.053177622716183356,-0.22245491905618175,0.14657301038736884,0.019329640610015426,-0.15458594976809695,0.05394902593504434,0.06619530604082043,-0.10177139940804286,-0.009772386076933409,0.11139005738372393,0.07891264884637668,0.28815387120654423,-0.17983166239991932,-0.11015738180920988,-0.03642898284447397,0.15531140157102638,-0.07131710736136604,-0.08779308902818711,-0.03239771047751863,0.053527682210590566,-0.9534722222222222,5.795841553591323
1,84.2780672808634,520.2236120091,14.5269173051271,19.5256281670276,19.3197013572838,16.8178577063369,16.7359059964814,12.5569955904664,-16.0802556996691,-22.686256625767,-29.4010395572328,-21.91972792185,-13.6705006548547,-3.872347861332,2.69586966759981,9.35071430027031,4.39590659299424,-1.103580594195,-3.51294943499834,-23.0241945516006,-31.9107260759313,-24.1443345907244,-15.937585581857,-7.67237537334912,-9.01493558156127,-3.86996435038572,2.00929510425108,8.0152213593067,-8.50332051078452,-17.7942884608243,-26.775846610805,-38.7982066252456,-16.7791372864584,8.23202046160029,70.9333236860097,137.555094755641,204.184468568239,267.478355720968,-2.19397575905393,-0.897950222913388,5.62005388670175,13.3979813556741,17.7466195665317,16.4274719024971,14.5707686716463,11.9703801036989,-0.28469837858803704,0.618052055939559,-0.35466200629577715,0.015494647551485564,0.00441117543525755,0.008229075197045849,-0.09635439840663233,-0.017444575726642743,0.15698097534280328,0.029939730549922904,-0.04363929017843492,-0.043751646905714356,-0.034222437100057464,0.03503734110089229,0.01856519697641943,0.01187189068299506,-0.0039480562605322435,-0.03517239095800498,-0.029273908817840977,0.05479873199939707,-0.008509280517894298,-0.04364091054802165,0.004628291057877893,0.03427708370250022,0.18818600854377307,0.005088055537472261,-0.01334114193395134,0.009878404474213705,-0.027051706754153863,0.011506270035973083,0.10208167518451662,-0.13360620222645708,0.10544705507533307,0.23797065732629297,-0.06248689441050337,-0.19878844523534142,-0.21476437895005782,-0.730710428959345,0.6620796695968684,0.07447582006961827,0.07404737866033412,-0.13025619443515302,-0.01318569829423708,0.09975164461398811,0.03370574243407188,-0.06974710699875958,1.7937500000000002,22.8081917742091
2,8.13788763174491,14.5269173051271,9.56340287755428,7.38163898379786,1.92536833991104,2.01115714420885,1.59028294214766,2.25899257876338,1.32832971432421,-0.0677884080734491,-0.862778888068448,-0.0030024646531996,0.358721560709054,0.347535479004734,-0.0602271463319282,-0.467544564800045,-0.248127780659822,-0.365474536666461,0.168459833305837,-6.00592611540113,-11.3051338521784,-7.61999248721547,-4.20418657577083,-0.778610244921581,1.04760130851061,-0.884531729475153,-2.669344647017,-4.36676703525503,-5.27517499296226,-5.11427575836242,-5.06161265925683,-5.86250958199419,-5.82165739833168,-2.48553547688675,-1.58608863861487,0.843520198526085,2.90755384485371,4.05112339350437,1.56827438908254,2.92077961530881,3.64038585886434,2.18977070614169,2.65568121597985,4.36844969398658,4.40360728347128,4.25902694548646,0.06599821489267867,-0.355473419406041,1.3706205385455963,-0.8432463454467077,0.20960452633477922,0.10032866452041524,-0.11550435661925752,-0.08296501644448255,-0.04031547952928073,0.237606666132009,0.05402347108425651,-0.22555095093997846,-0.025411237761615833,0.09583740838456978,0.05843086151102783,0.0335641709469205,0.05367605396160577,0.06496986531276548,-0.06574134528895394,0.0031465713556284333,-0.0036481786536686073,-0.05733552368759213,0.03494478642471316,0.17609901646786766,-0.2567368809575839,-0.05361737942618645,-0.12729306726768072,0.2622662935877793,0.09336834600962103,-0.08333706677999843,-0.21087339422276521,0.1543331689113054,0.11556963247338398,-0.17631225070680429,0.11015198031674107,0.04982988309805705,0.10927934213589448,0.5024446461150751,-0.29507915289635106,-0.38112017677875193,-0.008020791061893993,0.17435225199425924,-0.18059355681821382,0.0056005875741628516,0.004147569025935646,0.04966299329258911,-2.3784722222222223,3.0908579516946872
3,7.91162905017539,19.5256281670276,7.38163898379786,11.0049429477969,6.14031088553089,5.82278134221729,3.89225515833113,3.88282586442236,3.60999777905705,3.21565356941378,2.7915725846129,2.91410321384618,2.85876459318519,2.64676397684451,1.49331434915405,0.355141477368636,0.817846977499136,0.505502367267146,1.15644293543786,-3.6447908657247,-10.4478047137366,-6.58577939894284,-3.05737821220761,0.472823092711987,0.694845208987049,-0.551183543850155,-2.15005903046451,-3.72081551612639,-4.62392845334837,-5.19484387026512,-5.92464505282576,-6.2776330850294,-5.93048457091225,-2.5030895283416,-2.26145749737011,-0.842439520373272,0.180898448017184,0.490120469493044,-7.5834509600759,-8.3620852759793,-1.65195035995057,2.75455869340663,3.9864696118358,6.67729821843829,7.56687653223092,8.33778982376266,-0.06653537384360593,0.01524166659686104,-0.8470652280504712,1.8460177320743303,-0.5743973985489277,-0.17263571050864385,-0.02255107841636859,-0.035949165120827416,-0.08702770091635134,-0.0016969803555898144,0.07411943326183522,0.016978072676356884,0.06030748491896971,-0.11896686131057384,-0.010759807912468639,0.03459064718026951,-0.17046800743553558,0.031824310015347725,-0.017133549177112108,-0.10598760288165043,0.06814352845414694,0.19207916131016936,-0.027536806122543764,-0.2736275681384086,0.06779889908387411,0.0315313621593413,0.03933892742967243,0.08715226820023467,-0.0594864691854167,0.10222392400543956,0.16330909622970027,-0.029633975449762647,-0.21368039450094703,-0.01813216273204873,-0.02994343105724537,0.1945882711608378,-0.007708400756447906,-0.09486712924307743,-0.05432055408775207,0.6645954615572612,-0.5734043047136551,0.09911300633358099,0.41041725569654,-0.5623240224639562,-0.10843431744611845,0.222157639942841,-2.5787500000000003,3.315862323408035
4,4.21631481320422,19.3197013572838,1.92536833991104,6.14031088553089,9.54363473818646,6.62648460934807,2.91600826704267,0.254225001609963,1.60731871928959,2.83448929433465,3.39427942791458,2.92052146537235,2.50250393114227,2.45781886762968,2.02731117401482,1.66623057235186,2.55511885273755,2.18529367035799,2.69894559506692,14.745768118296,22.5326280867997,15.6938287029084,8.64118645029835,1.59224763418684,0.975620703696503,0.50970851396698,-0.554103185366712,-1.70257608321819,-3.6344901589625,-5.21121576013436,-6.85201847522939,-7.57097964526327,-4.89244927915488,-2.35309208528208,-1.42464981321854,0.448770645308567,2.02251275153659,2.79679951318827,-8.32116039736112,-9.75625389575669,-4.91033678697059,-1.84676851340031,2.00699783052506,3.87627271460466,5.45960848137243,6.89252491499533,-0.051087937461071646,-0.0006018348675081742,0.2166862131966512,-0.5779843656662843,2.0405260315494793,-0.9218456618251935,0.21239668803106165,0.026289387033971875,-0.035007089131523325,-0.3399525814022012,0.2594980925976703,0.15623842453204942,0.04196694929965775,-0.16799241496076633,-0.05099927939508723,-0.030811379451768654,-0.1250891899209625,-0.11891943663220979,0.06799443386384234,0.19699523115610615,-0.02828675388656142,-0.38572079956811184,-0.02477102813299575,0.23724867942220387,-0.049218623298886856,-0.16970471785251776,0.03267488209312067,0.174046104180767,-0.024622081481645137,-0.025055225645557736,0.26377325439698246,-0.007088025751533293,-0.17291760606750767,-0.04468677339041159,0.3344837186163221,-0.32338488705560087,-0.11286717809056317,0.09865282189077144,0.2754203753914448,-0.04833025230158937,0.01984111818699991,0.23628188293113936,-0.07748034671667861,-0.1593448537619337,-0.04453407716002321,0.006214724276788199,-2.281111111111111,3.087658455559238
5,3.11721947271456,16.8178577063369,2.01115714420885,5.82278134221729,6.62648460934807,8.22459618454661,7.22455434246668,7.76002199459247,9.61218793132388,11.8972392709227,13.5331399905874,9.80325721367832,6.08062274857007,2.85019916363248,2.17901490894994,1.56537555534028,1.3592427561353,-0.666684279282241,1.80224592235385,2.66794306380912,3.24753231620169,2.95288300188671,2.28084019197394,1.54019088505028,1.34618887926166,1.01915281238802,-0.0167966258938115,-1.20478172787708,-2.60109580800348,-3.73090939888615,-5.02309354599542,-5.1160080043089,-4.41837660591558,-1.51059916371053,-0.348188495244822,0.970766540418358,1.87251890866989,2.75527993702205,-6.83417913171951,-8.3986320730112,-4.58439755889281,-1.57686644137071,0.695417071773694,2.37832962637786,3.59395704719266,4.80919496387528,-0.008726813136405123,0.015884250042849903,0.09224037338477059,-0.16523110883045575,-0.9235856969664719,1.512159283961147,-0.32920836691848193,-0.04812415506323639,0.07138296215458985,0.18559062688661723,-0.34117701609988843,0.0003690054446903726,0.1113015874738133,0.0357817819039808,-0.05588607058688616,-0.22339938668751533,-0.25440833368383203,0.34453532761898814,0.01620066854086058,-0.08641796447278763,0.07463835571164469,0.0157990398035242,-0.0064625930436409285,-0.004717145945993376,-0.02524825211198047,0.029385118745522014,-0.004367663173915496,0.05796523372285461,0.17669663910407,0.0033309166225331146,-0.16390777507688953,-0.030265112579454308,0.08927486147296741,0.0774616630379069,-0.1267621262889169,-0.04865010300529654,0.0867061934250458,-0.025970932558038982,-0.18903791862694488,0.083846864866033,0.08559611377477294,-0.17751716790130598,-0.0030088972200781427,0.10679802609026952,0.02584819482162346,-0.027586511096151865,-2.0880555555555556,2.8661116838927634
6,3.53373672115595,16.7359059964814,1.59028294214766,3.89225515833113,2.91600826704267,7.22455434246668,13.9292094508301,17.009049519474,18.3650720655076,21.0078207776229,23.1008934207104,16.1809231267117,9.33669511624031,2.90579403958967,2.20213541276307,1.5236708417456,0.260167200102702,-1.00744284655963,0.39664897820503,-3.18572162561374,-3.79266095266447,-1.24065617726501,0.783485343798001,2.65201585302874,1.64945717384773,2.38777326490116,2.35558921881061,2.15529592131373,1.02313832604612,-0.134062129939252,-1.56315456410836,-1.43316363689726,-2.90538182151493,0.815186093197179,2.0592581148399,2.38877009234044,2.21171679205587,3.04001313853194,-6.24001109691952,-7.3220078138987,-4.34172978113996,-2.15735988157305,-1.78765527763153,-0.313010519123508,0.508950468315821,1.53401417160217,0.06378146059826938,-0.09960914229706236,-0.1141205536704101,-0.022116659365325506,0.21295876064621105,-0.3284978737624445,1.205810422030456,-0.334148110715851,-0.20766929651158883,-0.3544812458681482,0.25558973720013345,-0.017608374722790154,0.02526205380138996,0.10044039085638597,-0.002615548148841488,-0.19790150409238044,0.37612996608967014,-0.23391111995919925,0.07085980011098379,0.00022803269105462463,0.10331246907278602,-0.20853527573219788,-0.0923083408904508,-0.0575942362774948,0.04978004813544444,-0.049799950212269635,-0.005473290391151872,-0.0875803011394696,-0.061269645199270764,-0.04386437214388169,0.158662753129522,-0.14228219470471382,0.011928471599151598,0.22516706561288322,-0.13014076411395317,-0.17706451498071882,0.20057874686095972,0.0620544797437353,-0.20893277420956097,0.1504822949868766,-0.0017679523954646859,0.004045800935392623,0.032191126564612545,-0.03292406773546684,-0.004960646576734727,-0.07424717266976197,-2.281111111111111,3.7308456750219703
7,2.78218239911953,12.5569955904664,2.25899257876338,3.88282586442236,0.254225001609963,7.76002199459247,17.009049519474,26.3139069395665,27.2630878079457,29.7846202521264,33.1284111672589,23.2061040939143,13.2149502035939,3.46206611046757,2.19424834269844,0.937934672284617,-0.693969873247112,-2.64311885642534,-0.897201172208544,-15.9699230536152,-22.4042852163635,-14.1026064611951,-6.36145850036582,1.142562059407,1.44183990446016,1.93516095464189,2.13373570189222,2.05781341404803,1.29808468786586,1.08679770561865,0.557654759126122,0.340080218236083,-1.98693474462205,2.26536763140489,2.91027234566936,1.9723330303396,0.511585481555858,0.628322198654673,-6.51330198082814,-7.50269107870334,-5.19797479221653,-2.88849358474638,-3.71882966677241,-3.05403604930463,-3.13092583890419,-2.87033614410401,-0.009651978898209105,-0.010659736778743826,-0.08077319276959793,-0.040324879642962844,0.021483538870046687,-0.046150446540074413,-0.3326878982752129,1.278187438293445,-1.2583547350416395,0.35464354751003624,0.04341974035634029,-0.0156686444629073,0.0011241093543959424,0.016140255066790586,0.029516422179499874,0.11227386506398675,-0.13044515519122046,0.05661410781853401,0.00957127394364893,0.008908977024330156,0.10365243112309672,-0.08849056148376229,-0.011087658495676955,0.011829374172684266,0.06158044116642058,0.06298960645007082,0.008200940893305074,0.0007675167503789292,0.03510007996291075,-0.08927254851205682,-0.09373631114814313,0.06345822564384491,-0.1408545680933657,-0.03549440918476023,-0.01701244497335019,-0.026561411532406883,0.08303853331326785,-0.08540044463044273,0.27360485223146425,-0.17105322206358037,-0.04244289178306586,0.05455610604989952,-0.034152508294193626,0.11245670971893357,0.06785326566322664,-0.030930724418958725,-1.599398148148148,5.128733463494323
8,-2.92505976336489,-16.0802556996691,1.32832971432421,3.60999777905705,1.60731871928959,9.61218793132388,18.3650720655076,27.2630878079457,37.5336879897936,45.706701927649,53.3105033518996,40.7904537198322,28.1310755760731,11.9392436608287,7.4547941344771,2.96209452837181,0.646578232275708,-2.08967719406989,-0.0397737229956931,-11.2337763541635,-16.7505792168139,-9.99190626480676,-3.19816139016206,3.26490987731534,3.73780123369324,3.4978476715359,2.38961189826819,1.10240408692891,-2.27832621850461,-5.38317086353642,-8.46636379720039,-10.895367180059,-10.7943359245955,-3.17927633450992,-6.08465506990894,-8.84622244429459,-11.6870188719198,-15.2231025005842,-8.06624876549479,-9.049077594888,-6.50797007024135,-3.54473183170053,-2.45939481353285,-0.196843348060184,1.62828468710066,3.31191190755699,-0.11714155383723472,0.1461841395038293,-0.038222598130724705,-0.0833903798254624,-0.033243884495697554,0.07752289842445205,-0.210026073016578,-1.263264448496971,3.268130765514935,-1.269025268012922,-0.2808929240346805,-0.16315330895203256,0.0848713403245979,0.05225270312718671,0.004214946374947823,-0.03407216547418138,-0.09636964940678171,-0.04054790410670561,-0.05512294648198736,0.1209275206129201,-0.1698288746341496,0.1995903149739727,0.0394758874617415,0.028726324705669146,0.02651221655746098,0.05593776702238427,0.0022323850504701137,-0.03032292036721589,-0.013047749985808694,-0.012898548191224409,-0.15251066238130448,0.19396285476440303,0.24025377523558675,-0.1946509101158508,0.14545380303589198,0.06477576961186624,-0.23018178899751363,-0.005574479601406975,0.09231323291850879,0.01791850553067744,-0.022979490308802752,0.05320971567510247,0.18209119056554599,0.015144942532089445,-0.04965915364623568,-0.008180501469563197,-2.1964099326599325,6.125658167886418
9,-6.34404630560806,-22.686256625767,-0.0677884080734491,3.21565356941378,2.83448929433465,11.8972392709227,21.0078207776229,29.7846202521264,45.706701927649,58.972108471899,70.1517033932491,55.6545645941666,40.8006357579813,19.0530393457123,11.8707925712153,4.6615829939626,1.8230314899481,-1.74753430397219,1.35266911928547,-6.92004566894102,-12.5941144402397,-6.890414018857,-0.955376682666152,4.57276909164503,5.56614614951386,5.35614824833072,3.58245306142856,1.62852699541633,-3.10452647346542,-7.44465574794445,-11.6471793319718,-13.8652194343039,-13.1871962402568,-4.36578057821735,-8.27846205583283,-11.5928512194526,-14.8104796332167,-19.3732348025783,-10.2544212411083,-11.2920712070726,-8.0324073363443,-3.57460123484626,-0.675320496924145,2.40915321889223,5.54065581928744,8.38872316728818,-0.08640867781875931,0.029594013292160302,0.24647195387503487,-0.0018261146693209,-0.33282058477115894,0.17490916902875092,-0.3523918059946943,0.351846020851879,-1.2651816397581561,2.4764238075600082,-1.0830066544058463,-0.23746568365179135,0.03467912417296872,0.09335935154251569,0.009097130869439597,-0.06990574430967456,-0.00201531737920683,0.08111289904013909,-0.32525341725991824,-0.03047582845469971,0.04296666655500369,0.056273170753634846,0.014204616744706418,-0.0015409621359285378,0.10579622976858949,-0.04637911525403448,-0.007833000580484046,-0.020680428770053248,-0.10185513979136616,0.058345133798845754,0.12478104864400984,-0.26409466453926134,0.29463884159598436,-0.09700260829574028,0.006509380594968609,-0.05262207026348886,-0.040392810840633585,0.05214221813877494,0.020497042134681617,-0.07786598125170682,-0.05962336519592333,0.017333334546923162,0.028188435660861398,-0.0820273234448562,-0.013145673574783733,0.06825402062892535,-2.143421717171717,7.67867882333276
10,-10.5388520109572,-29.4010395572328,-0.862778888068448,2.7915725846129,3.39427942791458,13.5331399905874,23.1008934207104,33.1284111672589,53.3105033518996,70.1517033932491,86.2209506723489,70.112946823142,52.9721545015728,25.5858881190084,15.5891054852166,5.56428052364393,2.5768703879091,-1.40217824995684,-0.869703204243717,-5.85901839776522,-10.4696188169879,-5.43435113283421,-0.0084018300827486,4.93577276542096,6.7517201973364,6.4303740443519,4.21537648275717,1.80910206919799,-3.63261332255773,-8.89912489562002,-13.9357045768961,-16.9969535872698,-14.0477800853333,-6.43158677101398,-11.0951362673728,-14.6756377794349,-18.0282751322955,-23.3370804286873,-12.0952538706025,-13.167308615686,-9.23611162076706,-3.69753168775535,0.579217244981224,4.34468548487087,8.5891857509313,12.4142814122912,-0.03145431833462412,-0.054733333847103376,0.05990549987922626,0.08299017275927041,0.2525716985443128,-0.3423165348380488,0.2595019261823351,0.04550135713294154,-0.27991308844564994,-1.086724842889451,2.0762264272123208,-1.3717506142038387,-0.062445820843517304,0.5709386966506501,0.10662816336889183,-0.18824158160060844,-0.08190146493189006,0.005253297461317618,0.21624311838682514,-0.03363799661805485,-0.03137724390379808,0.03274358876003741,0.010780760811064388,-0.005608269688888744,-0.1940013891624311,-0.0520607791142775,-0.0079487306804266,0.0035855650436240043,-0.026919622957318087,0.023724092344564945,0.011753579930047109,0.11863335975888803,-0.2328535942116295,0.10403337878861367,-0.07688933832510622,0.14076347676340886,0.06337095866917693,-0.013557509510235679,-0.0067935173438448135,0.03665725638382715,0.031590560772516305,0.00140756410617646,0.03908509670124147,0.011079361047580345,-0.001042014584286733,-0.033901576387731676,-2.0893223905723906,9.284985227362984
12,-10.9839081048767,-21.91972792185,-0.0030024646531996,2.91410321384618,2.92052146537235,9.80325721367832,16.1809231267117,23.2061040939143,40.7904537198322,55.6545645941666,70.112946823142,61.9218214484804,51.9092192031268,28.3424255082422,16.7483765277544,5.1385470454812,2.4578574903165,-1.0368836249344,-0.824245160070769,-4.35354798269939,-7.66050511662968,-3.99472889275894,0.117224343193471,3.8821577625157,4.62675768372583,4.23863728987121,2.49787175474111,0.521038417896758,-2.77965791472783,-7.2094168957554,-11.3785292136275,-14.2731125110083,-10.9290788243753,-5.56340722316026,-9.36050997943684,-11.8718202259132,-14.0996974012089,-18.24287967313,-10.4729894487613,-10.5294160742204,-5.5375014825864,0.787823385198358,4.9941424447507,8.68077719273406,12.787800858013,16.4748975458325,0.3605883261853969,-0.04639013471743404,-0.25058988140269606,0.020161799600233715,0.1629825457001965,0.001956306062742286,-0.01884664890874224,-0.011207423140921302,-0.15640780149944766,-0.24083504924766425,-1.3720773661453731,3.2264131124293374,-1.3264379506727155,-0.281945235910441,-0.08595762319120484,0.18286192449345978,0.16736876085981212,-0.06665849208698325,0.1084493002692484,-0.010520449634635942,-0.011034065418299582,-0.0587769744947078,-0.02164316239117079,-0.014001059423546899,-0.1339686690269983,-0.009503197529442921,0.13068788797133746,0.037295440778532106,0.10006864822157237,0.025430372513502938,-0.0057922993431141065,0.020392504976153584,-0.12879339981420734,0.016448656789292138,0.05149694603948848,-0.0009498685894323949,-0.0414622285726627,-0.00782684231832302,-0.02286933035761559,0.05059151053679737,0.013576216602398517,-0.014875498692293305,-0.19032295893485734,-0.03387573292767221,0.0014617408887174566,0.044606528574784574,-2.0151833814333813,7.868406538078745
13,-8.04141141659929,-13.6705006548547,0.358721560709054,2.85876459318519,2.50250393114227,6.08062274857007,9.33669511624031,13.2149502035939,28.1310755760731,40.8006357579813,52.9721545015728,51.9092192031268,49.4982558517226,30.2234739922661,17.4063729882142,4.60038179883387,2.10408681276972,-1.00967838968862,-0.716004312779649,-3.25661189920948,-5.39375316403203,-2.77425838392297,0.356453586464459,3.27503469093731,2.80545679452263,2.72300790827796,1.85029529907927,0.740517719771462,-1.99157202425556,-5.54634811681747,-8.8047606223004,-11.6035827214054,-8.75548127769775,-5.1705324940778,-8.28158062232245,-9.71119606304058,-10.8150611729357,-13.9430476003857,-9.53264022959526,-8.88563668343777,-2.87376484423202,4.36552220706118,8.61136362448715,12.1441197523046,16.0974508814422,19.5935570047628,-0.10815546219044897,-0.023976228739239706,-0.029813550487247535,0.0675425792838133,0.0357348428839764,0.11056991744581289,0.023208602173103027,0.008337403253920026,0.06254204688943202,0.006872310305092028,-0.0674804526744761,-1.319115793106853,2.824913978475282,-2.0850832426002768,-0.5520152375341063,0.2703336487938998,-0.019904129360103582,0.04286166610891325,0.12810356116479638,0.004507397642887001,0.03947956695208161,-0.05518676494362754,-0.017920068387368933,-0.005202494489675282,0.0653149009954091,0.006128811870738374,-0.09476605908949194,-0.053278460438412854,0.17957410018973183,0.020056878707138206,-0.014654826688989304,-0.09247174291336965,0.004136081154054547,0.01995497796325267,-0.05213490866311016,-0.08579137566804991,0.12683188713400564,0.03160646504406818,-0.0326985189639857,-0.07114242629613138,-0.02742508492624258,0.12551799155662646,-0.005527413294217102,-0.005525431317716938,0.019070473120518378,0.0033480763727244444,-1.7493777056277056,7.034788969949462
14,-4.55193451129159,-3.872347861332,0.347535479004734,2.64676397684451,2.45781886762968,2.85019916363248,2.90579403958967,3.46206611046757,11.9392436608287,19.0530393457123,25.5858881190084,28.3424255082422,30.2234739922661,20.4485503476897,11.8255773677907,3.22304935516171,1.62626494557824,-0.278910614652818,0.293235563537965,-0.065798240438828,-0.777851513684816,-0.123517871350458,0.974092000706644,2.00271666677971,0.728685572500878,0.788093179570816,0.545939346953652,0.108998556151627,-0.552404107899549,-2.9076156097676,-5.00206538270461,-7.15782639473538,-5.4437999198658,-3.75336076114482,-5.66396995448955,-5.83366325794689,-5.7102980288968,-7.35613363221867,-7.20901769466806,-6.70248776821394,-1.2013444724326,4.99870442350069,7.94609351489422,10.3768536669743,13.0784105928898,15.3885129361378,-0.04978128906025257,0.03267618510002705,0.09226686651131642,-0.11103205894095064,-0.15549058130116009,0.039203643553284075,0.08432746137151981,0.024318135942794743,0.047649375595594734,0.08876101154778727,0.6048898733494008,-0.2745976727498215,-2.0903280997809186,3.7181977842367506,-1.4578143254883345,0.09895499749524793,-0.005966439355619788,0.06837990228083163,-0.10101052872586688,-0.016540140146336986,0.039170556222971484,-0.013613171142418896,-0.009484432384670578,-0.013748119901244733,0.0896928876180698,0.03646628320737835,-0.01755000177724077,0.024631575683649737,-0.11137616244464128,-0.063635731763873,-0.01179251402975054,0.05793183309902104,0.0763821451380704,-0.03494085740766736,0.01852127409180683,-0.03296277835361442,-0.041866393807764496,0.02222599346194204,0.08296957315542983,0.09443490597582888,-0.04519849056855311,-0.1073662949763372,0.09933853587752069,-0.023809038833135444,-0.04485907957328091,-0.044781971620423966,-2.012460918710919,4.520901497233676
15,-2.62573585381057,2.69586966759981,-0.0602271463319282,1.49331434915405,2.02731117401482,2.17901490894994,2.20213541276307,2.19424834269844,7.4547941344771,11.8707925712153,15.5891054852166,16.7483765277544,17.4063729882142,11.8255773677907,7.35575073578218,2.82786588733147,1.78379229389606,0.538202287179701,0.729322141184902,0.979583008693911,0.988352172657381,0.806961775618521,1.0813926427915,1.3065691329651,0.375660886848646,0.604856440054189,0.595087602993454,0.366485091768376,0.110993495452623,-1.83122261970242,-3.50161440952547,-5.36732761851935,-4.27949535045798,-3.24695830845564,-3.8744685624383,-2.51546715584668,-0.842688256121301,-1.01205802863564,-3.77805456676728,-3.43469457895233,-0.492148179767164,2.97113229320038,5.21957980763449,6.79133264766623,8.58572917083871,9.98098601959227,0.011843573646184116,0.020328730745653608,0.05877330560407775,-0.007939874286598517,-0.04890337481856561,-0.05449466565732077,-0.003685162681947293,0.05633596679035233,0.005504183902161233,0.005973690791617714,0.11234853962143317,-0.08445508803547311,-0.5547701741975859,-1.4613992914621796,4.612742440533251,-1.3027275776735836,-0.10556003669709339,-0.035882048271647586,-0.2628355132307334,0.012666532098166193,-0.016705715335130746,0.019125625126864245,0.017426370315599835,0.019083709981481164,0.057966404414937577,0.017765507725428672,-0.03956778584014702,-0.024245770914671682,-0.18510356073501183,-0.055247544821805494,-0.02065322855765154,0.14797726400944053,0.02357717011970166,-0.011369118668253603,0.10944399553057423,0.026845715438392842,-0.10123358928667817,-0.027457361953512616,-0.0009157959184579093,0.003773779985444481,0.04507349871163055,-0.11999822880445113,-0.028467769971534038,-0.022956761542595624,-0.042806069291799406,-0.022543252245996532,-1.7616552429052428,2.710304546685147
39,-0.678419746002087,9.35071430027031,-0.467544564800045,0.355141477368636,1.66623057235186,1.56537555534028,1.5236708417456,0.937934672284617,2.96209452837181,4.6615829939626,5.56428052364393,5.1385470454812,4.60038179883387,3.22304935516171,2.82786588733147,2.47188052878604,1.98502107733495,1.38295965819964,1.11048709470707,2.02598391802196,2.82923908375468,1.77857358592702,1.19931190074027,0.590708157163705,-0.0408405690439206,0.361029925430844,0.597477400430132,0.584400135570798,0.753095053579185,-0.752003747442197,-1.97428022584118,-3.5490144914734,-3.10427739504809,-2.77877980354487,-2.09496108063504,0.8074836227476,4.04863090234246,5.38105875728619,-0.335935913236942,-0.210492683128979,0.0905412417031313,0.746590542099817,2.46672695062818,3.17111316516618,4.06363484399311,4.54962614956002,0.04802523623467671,0.010576235674150785,0.03585506996580381,0.03520070578964595,-0.02968802471795796,-0.2225927100259475,-0.19534794058333219,0.11637929509989589,-0.033613055445779014,-0.06977444661449467,-0.19093548940045585,0.17979595265263965,0.2653007624716638,0.09545100277959731,-1.3032710652036972,3.0791060810476907,-0.1724567746190366,-0.16931317567824197,-0.36753095731978164,0.048504669797906345,-0.15591202864660236,0.146852647121052,0.03261191957698226,0.017605260466079957,0.19600247232095963,0.027704663637956022,-0.09755783554821323,-0.053684773884761526,-0.30446588050858775,-0.06991090833870053,0.003449974824589583,0.1960701695110692,0.0020109462244762622,-0.08642736048243732,0.18533458996191446,0.2329973109588029,-0.19505845004465253,-0.10196693408920371,-0.1289148469582657,-0.13320110877116137,0.2720397715573416,-0.07776528254331676,-0.1594862583882994,-0.022934122603048977,-0.02841404165843026,0.014057017150971803,-1.5337662337662337,1.56903809029164
40,-1.51267957712822,4.39590659299424,-0.248127780659822,0.817846977499136,2.55511885273755,1.3592427561353,0.260167200102702,-0.693969873247112,0.646578232275708,1.8230314899481,2.5768703879091,2.4578574903165,2.10408681276972,1.62626494557824,1.78379229389606,1.98502107733495,4.60790112785243,5.82403835525147,1.35365957151778,11.4969812651926,10.9455213434985,7.11902299032764,3.79078160165411,0.450419554293669,-0.0470247346775278,0.284019188475454,0.455838814947527,0.0149866685188916,-0.298027007340724,-0.377820801758085,-0.149044763753027,-0.396597332597766,-1.41616595374738,-2.40585332638091,-2.69716460324879,-0.444715428988391,2.18637556470001,2.78496432993818,-0.507472118966769,-0.196273264187062,-0.0295771586107925,-0.574836278031406,2.08645880293798,2.68214626766284,3.34049157468541,3.54266883648813,0.2268764559874034,-0.004777121384976985,0.05561123241588014,-0.17078349470185183,-0.123593489862419,-0.25435964575203623,0.3734249706106243,-0.12440922080101428,-0.10706434021860327,-0.00656026161755571,-0.09275555402217699,0.17163798619761994,0.011650863106165739,0.006218965534857552,-0.09623405808774604,-0.17322263528286275,1.9826275552473058,-0.7297541852705713,-0.012094076643392333,-0.0700777621382964,-0.0032495262189993273,0.04911329360061255,-0.028719146084482488,-0.16715018957110125,0.24058087138200007,-0.009807610541311731,-0.535417826731695,0.1469162488779933,0.133616406735415,0.006049915260962305,-0.18600523335746305,-0.09872547172914069,0.27597468240978024,0.2895472673466025,-0.26886064810704174,0.05760254431577542,0.11707921475993215,-0.13251705284122464,0.018361477697508986,-0.13114116629238692,0.016963108903826355,0.21847809527210585,-0.2692661984616795,-0.06682858271566909,-0.009907095783866818,0.04547598674760088,-1.2681457431457432,2.144271701033343
41,-1.09005813566734,-1.103580594195,-0.365474536666461,0.505502367267146,2.18529367035799,-0.666684279282241,-1.00744284655963,-2.64311885642534,-2.08967719406989,-1.74753430397219,-1.40217824995684,-1.0368836249344,-1.00967838968862,-0.278910614652818,0.538202287179701,1.38295965819964,5.82403835525147,11.4504059534741,1.21346978020172,19.5967737498844,17.2423220727043,10.9252176651424,5.21648483512317,-0.496214373951911,0.252578501865652,0.381256573580252,0.447342084505843,0.153089392118195,-0.750961653631778,0.235893206065568,1.58291880344988,2.19616961799014,1.20780716749355,-0.366318491827392,-2.28149459971783,-1.29087891711854,0.155673765251087,-0.636170601518867,-1.16338014387013,-0.289847514597755,0.435649901649874,-0.382075659867909,1.86537498453442,2.21551173054946,2.52657824742289,2.35191050280166,-0.029574394412842847,-0.03445331725262888,0.06423958273896899,0.03079910114594827,-0.11972716083312214,0.34482997346481664,-0.23403750620299132,0.05137645918089829,-0.03633491346925585,0.0872077581739013,0.006927817770082991,-0.06550360274008682,0.03251459964383935,0.06475125915597152,-0.03909910942441488,-0.16840930666275156,-0.7288898288589704,0.7952370491964865,0.10045358467826922,-0.08086848513696276,-0.011325411051976278,0.05680092943424843,0.036970657224695246,0.06147463372755661,-0.12033530827833404,-0.02106869061453002,0.12598016452797872,-0.03316422440784242,0.0790549061454917,0.06333244447337265,-0.010813389958898488,0.023235913809800293,-0.12031379213497082,-0.1848825111184616,0.13259962577883563,0.021691041904382376,-0.10022317323864807,0.13724320753402994,0.03798538521050434,-0.00702903293911454,-0.06507284079123302,-0.024041886597248256,0.052936322730686464,-0.06398278929463572,-0.04319489410357901,0.060166043991396655,-0.6775252525252526,3.3823669158555427
42,-1.22949907953309,-3.51294943499834,0.168459833305837,1.15644293543786,2.69894559506692,1.80224592235385,0.39664897820503,-0.897201172208544,-0.0397737229956931,1.35266911928547,-0.869703204243717,-0.824245160070769,-0.716004312779649,0.293235563537965,0.729322141184902,1.11048709470707,1.35365957151778,1.21346978020172,11.7079885057471,18.1149461637286,17.2535629466121,11.7661662503807,6.15339465144832,0.544309066115202,0.889183730121157,0.383515009728393,-0.281907551521564,-1.33744242460502,-2.53859378370294,-1.64024836491616,-0.843629669111128,1.65022948070448,-0.364023771883456,3.44352549591297,2.0570506192375,-0.621781711598144,-3.30551513289322,-5.03984871235689,-4.59617882138761,-5.02573191646699,-4.02958407466219,-2.73678758650347,-1.45778457523307,-1.90292989411134,-1.77753555196178,-1.43930743248345,0.07457645237988456,-0.027195315327386404,-0.06742749918677955,-0.017239232570087717,0.06602179993689701,0.017096433029735663,0.07078588395195043,0.005809411819420474,-0.0551237833630315,-0.32409529922959407,0.2154215072853579,0.10693614794177123,0.12369009279388983,-0.10279141901958648,-0.26231499652255585,-0.36635509730527,-0.0101513347313095,0.10000312618499962,0.5820167370505621,-0.06262873062790301,-0.004955794811527018,-0.0019752459912690573,0.006156358390725449,0.00176465030224354,-0.12873027663082587,-0.00036875230996820564,0.001350896006638239,0.005272630904666758,0.15447441443910187,0.07420574075344522,0.009639586424525916,-0.10792587998292673,-0.0205978190334641,-0.026903894446023462,-0.0670129766207156,0.002796842994798124,0.05941577434381959,0.019440378257831067,0.03897953590486479,-0.03905069642572125,0.07175633133893043,-0.008146805728223317,-6.2954169329087926e-06,0.013131611540031382,0.015214909140914733,0.0019925171297658895,-0.31666666666666665,3.420232229797727
43,-8.38033996550973,-23.0241945516006,-6.00592611540113,-3.6447908657247,14.745768118296,2.66794306380912,-3.18572162561374,-15.9699230536152,-11.2337763541635,-6.92004566894102,-5.85901839776522,-4.35354798269939,-3.25661189920948,-0.065798240438828,0.979583008693911,2.02598391802196,11.4969812651926,19.5967737498844,18.1149461637286,164.049816091954,187.510781297858,127.971890806522,68.9084572704769,9.90852571143964,0.554339409227375,0.744155176233003,1.1618235725388,0.837876172080245,-3.33989161830518,-4.21658197441445,-4.76778978778424,-6.33105274112924,-4.76943129392183,4.64508433800633,-2.95911596506966,-7.06235024562158,-11.0666756093057,-17.9700975500038,-14.8858124846893,-15.7662326102208,-11.6517970641256,-20.0984889335568,-17.9612714798363,-19.1967319130702,-19.3980788139106,-20.2237059251292,-0.042782364395881754,0.05379211320363666,0.0043389604028869055,-0.10625273583640878,0.1964307264568739,-0.08574068463248648,0.0004406255722754846,0.008922189148656027,0.12025840459354752,-0.030513628363677287,-0.0334942098524062,-0.009645700908227025,0.004465720677145249,-0.01698221832368962,0.012695290230277512,0.04890808429952508,-0.0701079288021576,-0.08067767451045338,-0.062243743871151676,0.23325157109877206,-0.05829125936349436,-0.09204760478458562,-0.025705133160657173,0.03117363349580366,0.03204273423827863,-0.017569268197746436,0.03864612236183899,0.0206981002225381,-0.023181552181774482,-0.017632531354098677,0.03538820907079829,-0.006734280485690986,0.025580741310075202,-0.05290892016003264,0.08265832261510045,-0.06388794994078748,-0.05588955546789919,-0.043129422621249434,0.14478612870459434,-0.026725491030547506,-0.023637386193426087,0.054716702820029335,0.0074400812240518555,0.05590577730457476,0.005675271002796677,-0.024996715938170523,2.286666666666667,12.807802937738932
44,-13.0632951007627,-31.9107260759313,-11.3051338521784,-10.4478047137366,22.5326280867997,3.24753231620169,-3.79266095266447,-22.4042852163635,-16.7505792168139,-12.5941144402397,-10.4696188169879,-7.66050511662968,-5.39375316403203,-0.777851513684816,0.988352172657381,2.82923908375468,10.9455213434985,17.2423220727043,17.2535629466121,187.510781297858,269.990643678161,183.713388459251,98.3887411770198,13.1427742506645,0.158351953548661,1.76125323398136,4.1761865515887,5.78374176475544,0.696267504290064,-1.18612009697288,-2.56007026559575,-5.90660006291994,-1.78541828115313,2.55631405252777,-4.35253673612867,-9.91490072461661,-14.7801644524497,-21.7548010642494,-15.5990971430016,-16.9670702796871,-12.4675972163028,-24.8436602558666,-22.651045168944,-24.1142733950845,-24.4195833806672,-25.1951242123561,-0.006299297855149815,-0.007755951009246434,-0.008406802275612656,0.06823557789143325,-0.022023425527472665,0.0703648703191446,0.10467038243604014,0.0907841169008617,-0.17161266215586765,0.03574091923084052,-0.05182574578619185,-0.01211381750320287,0.03537999119246071,0.03644548162184674,-0.022474911462855855,-0.1484047416959047,-0.002030942063582528,-0.013309882416441047,-0.006410256405411753,-0.058615587748958434,1.2983006003392534,-1.639789499353765,-0.3408713750369603,0.6756611082359765,0.027003689199576787,0.13713122530930527,0.01893623932837359,-0.04868992619403515,0.0348969976575155,0.06475919461402607,-0.11791396867468665,0.022051565682523408,0.010676620712892845,-0.013641265694854417,-0.11197038348271147,0.24394629848027716,-0.00928170153761792,-0.08054609110487258,-0.06977055949516704,0.13621030664559577,-0.11341457766512629,0.026304902563053435,0.04807629502015473,-0.04160189230492917,-0.04831689300741905,0.004097610312239893,3.1066666666666665,16.43108772048159
45,-8.67438752048802,-24.1443345907244,-7.61999248721547,-6.58577939894284,15.6938287029084,2.95288300188671,-1.24065617726501,-14.1026064611951,-9.99190626480676,-6.890414018857,-5.43435113283421,-3.99472889275894,-2.77425838392297,-0.123517871350458,0.806961775618521,1.77857358592702,7.11902299032764,10.9252176651424,11.7661662503807,127.971890806522,183.713388459251,125.997719029374,68.4289887607845,10.9324649996715,0.825306894546514,2.042610426091,3.43540111514457,4.22433970520562,0.628786599701425,-1.27345075731747,-3.01807001464526,-5.16733913893956,-2.06859128562959,2.36097830834136,-2.58611144082628,-6.99588600768579,-11.3191876417843,-16.5644102200164,-11.0600704919792,-12.3052869456621,-9.11405009349084,-17.4587477302431,-16.1359144201881,-16.8885572831768,-16.9340969174414,-17.1774689847613,0.05768054812178613,-0.04276732448570006,-0.06091318814085948,0.18664464103514794,-0.39741584100424604,0.026954947937526612,-0.20359298931760259,-0.07238783072929786,0.19508363918431154,0.057068267324956866,0.048384316138048035,-0.04060615871455891,-0.04049887688689802,-0.012283399512793185,0.015983780017221203,0.1439542720441514,0.04670571648588529,0.060472774644395495,0.004703125192621755,-0.09305984540123495,-1.641246415387206,3.477589058686356,-1.5919881353346887,-0.11912198203677064,-0.0864831870492326,-0.11516967877305538,-0.021161309992728177,0.0030449205005985314,-0.025798665920915557,-0.07169770941704423,0.06931776924705087,0.009024249696440348,-0.04385176588728485,0.04211713878741403,0.05221257869873984,-0.211559692748893,0.060460065653139355,0.13376474789934412,0.08102821426068442,-0.1515092057170058,-0.005754314948769307,0.03313784892396418,-0.031141485550363397,0.027104398150491347,0.07021584502103567,0.03311104806840469,1.8044444444444445,11.224425109081276
46,-4.47103554999718,-15.937585581857,-4.20418657577083,-3.05737821220761,8.64118645029835,2.28084019197394,0.783485343798001,-6.36145850036582,-3.19816139016206,-0.955376682666152,-0.0084018300827486,0.117224343193471,0.356453586464459,0.974092000706644,1.0813926427915,1.19931190074027,3.79078160165411,5.21648483512317,6.15339465144832,68.9084572704769,98.3887411770198,68.4289887607845,38.4473272669221,8.4294724364757,1.03234277337764,1.86377365482057,2.47625591253158,2.71584156060494,0.588790258223747,-1.43246901384622,-3.4327508666311,-5.08339693677174,-3.29349051009443,0.982717053640534,-2.1049651088028,-4.67552559375981,-7.37619000474014,-10.7005380976996,-6.11081333351544,-7.07520646634499,-5.17572078138085,-9.58068302195853,-9.02752620283303,-8.88475303135016,-8.51357182973579,-8.26024839162092,-0.00733758271259883,0.015338269198321784,0.03338299320080229,-0.02895187645545038,-0.027020009713522093,-0.006713099599357155,-0.07817033215536875,-0.013056645246093419,0.03741042324615294,0.013833383960892828,0.012762602888547333,-0.014384641716677051,-0.0158826850238506,-0.01105889613957869,0.008192677677409435,0.05455321357454952,-0.031202939542484882,0.036093794744741135,0.007500843050801198,-0.02543670104019459,-0.3395526252973718,-1.5949826966161424,4.2795614726032225,-2.0337830121440517,-0.021096860774637086,-0.06911782623990388,-0.01670967444595573,-0.0032779779501265656,-0.03084248567534093,-0.014836554085877115,0.04316883551497604,-0.0014269533016003494,0.03690457188783122,-0.0227698564498665,0.021945170150913428,-0.036958595183059564,0.00198207966591842,0.02225359147079166,-0.01859292525840811,-0.0163641823541696,0.0371928612742934,-0.010676471985755413,0.011811168240736759,0.029543779716374095,0.011326180094953711,-0.014845377951405512,0.3327777777777777,6.19978445326304
47,-0.243838100857051,-7.67237537334912,-0.778610244921581,0.472823092711987,1.59224763418684,1.54019088505028,2.65201585302874,1.142562059407,3.26490987731534,4.57276909164503,4.93577276542096,3.8821577625157,3.27503469093731,2.00271666677971,1.3065691329651,0.590708157163705,0.450419554293669,-0.496214373951911,0.544309066115202,9.90852571143964,13.1427742506645,10.9324649996715,8.4294724364757,5.94553639846743,1.21090534536794,1.65270308318215,1.48437819194104,1.17405168026596,0.567697504492207,-1.55792109677238,-3.80469966040291,-4.93666521562327,-4.44459995652586,-0.348506733870958,-1.56241266308879,-2.28827362673511,-3.37321316689241,-4.76288570408783,-1.09845798267427,-1.77196239591691,-1.17565420817715,-1.65587821318232,-1.87578243373748,-0.847524873588884,-0.0700344078302932,0.674635699204815,-0.07123786974925253,0.037622995111196794,0.17017107944868448,-0.27568636388187767,0.24602304245931222,-0.0031921447580142825,-0.062211352228146936,-0.004674535587014751,0.02229208046129673,-0.004155968202001302,-0.013524480213217937,-0.02108607294447239,-0.006678309128657276,-0.015461070287834307,0.01092035821953891,0.023459846742846742,-0.17200527397483553,0.06051657356294109,-0.0016021702443307993,0.032337372871903663,0.6723246471843516,-0.11800661150105471,-2.0329036212785163,2.015446385787821,0.050258251738826754,-0.028346146661071783,0.006993721485235418,-0.00417427081062919,-0.06114803459236988,-0.016532453790912227,0.028012912991475288,-0.007824913127680485,0.13306219706034964,-0.11218284440036627,0.0796286554786018,-0.002043923465053233,-0.05051625809814389,-0.010533067294507096,-0.12738734503095822,0.02731683543352421,0.12285752064447884,-0.09726248659247747,0.03534994731388911,0.0471822257701684,-0.011339045318283907,-0.07913909397349961,-1.15,2.4362956303510117
49,1.18465973980788,-9.01493558156127,1.04760130851061,0.694845208987049,0.975620703696503,1.34618887926166,1.64945717384773,1.44183990446016,3.73780123369324,5.56614614951386,6.7517201973364,4.62675768372583,2.80545679452263,0.728685572500878,0.375660886848646,-0.0408405690439206,-0.0470247346775278,0.252578501865652,0.889183730121157,0.554339409227375,0.158351953548661,0.825306894546514,1.03234277337764,1.21090534536794,4.08283684546616,3.50121481239966,2.00518008602508,0.553941866543327,-1.06476549521155,-1.09210950023179,-1.33373582013616,0.217664895062289,-0.0378951635073972,0.583078853740775,-1.14025341331429,-2.04055347588013,-3.43010785885512,-4.9807152659193,0.344046916209126,0.0572335818555554,-0.706793182198298,-1.08826273093874,0.104465459625742,0.791646448613444,1.57580818259021,2.37032077034998,-0.22164453206991713,0.19556366214750667,-0.26060292713844524,0.06721720206784834,-0.048732546239322695,-0.024146495166814233,0.05032032824098284,0.06265396295046032,0.026916850556369155,0.10454102154132541,-0.19394230736097245,-0.13263251463790787,0.06858579839680011,0.0898292848938606,0.05725257226133187,0.19389110772388313,0.2407604704040647,-0.12097421878703869,-0.1268272947279618,0.032209823932731856,0.02398341700523669,-0.0952925629921628,-0.022890994551033775,0.03335311596515116,2.155603616126862,-1.531292584962541,-0.19262079429851675,0.517327635733523,0.05475831019069563,-0.009270469896291244,-0.10878839076025267,0.05837032722720376,0.040753214048312524,-0.06631529384816046,0.14602665890771135,-0.17144923875946758,-0.1662469984686184,-0.09419890283258486,-0.08961869885903034,0.12073842132985567,0.21641605658151417,-0.17147644800451,-0.07779055606988254,0.04546118524756039,-0.010795753615647455,-0.049696982132970816,-2.430555555555556,2.018127063756432
50,1.01746183844854,-3.86996435038572,-0.884531729475153,-0.551183543850155,0.50970851396698,1.01915281238802,2.38777326490116,1.93516095464189,3.4978476715359,5.35614824833072,6.4303740443519,4.23863728987121,2.72300790827796,0.788093179570816,0.604856440054189,0.361029925430844,0.284019188475454,0.381256573580252,0.383515009728393,0.744155176233003,1.76125323398136,2.042610426091,1.86377365482057,1.65270308318215,3.50121481239966,4.37900542784163,4.07784352973081,3.53959324502182,1.6941845202285,1.63713365448917,1.35611520249919,3.22934957628987,1.89076513488377,0.698815201453014,-0.447981830520879,-0.710478813729703,-1.44347715501393,-2.20728585967355,-0.517514715289452,-1.0041204759161,-1.15360363489111,-0.871845745993235,-0.364822181266754,-0.0624478151956838,0.430457425661446,0.94457392568746,0.011713054600913956,-0.0024657288285732646,-0.05650290258950271,0.020328757032505446,-0.1637438984202385,0.031510168044689965,-0.0476078265610605,0.06807876089642911,0.05609676041933731,-0.05086348529866704,-0.052490443578011275,-0.009887956116862889,0.0049066496249199325,0.023466623472830142,0.014512174282206249,0.02541200037708275,-0.0067073987648991655,-0.022456947129278156,0.004627945916132611,-0.01725506068495994,0.12585087731341474,-0.0998236978346864,-0.048195121113720416,-0.02649743771028003,-1.5303562706350857,3.186498161517203,-1.2835436998077265,-0.1844948252180024,-0.20787007463251364,-0.00017365809220403806,0.5550220989889565,-0.3506118831731849,-0.06917461340298149,0.0008911111865854267,0.10684651813640628,-0.047008139809530156,-0.01301473452358715,-0.008094636024478914,0.009909640659023923,-0.04003136922032949,0.03148361631785301,-0.040720067692703664,0.010841786109981646,0.06403381120931557,0.012703238976836157,-0.027670707334294865,-2.136111111111112,2.090216598307849
51,1.35344678976161,2.00929510425108,-2.669344647017,-2.15005903046451,-0.554103185366712,-0.0167966258938115,2.35558921881061,2.13373570189222,2.38961189826819,3.58245306142856,4.21537648275717,2.49787175474111,1.85029529907927,0.545939346953652,0.595087602993454,0.597477400430132,0.455838814947527,0.447342084505843,-0.281907551521564,1.1618235725388,4.1761865515887,3.43540111514457,2.47625591253158,1.48437819194104,2.00518008602508,4.07784352973081,5.52536558109834,6.37158502600459,4.38825051597931,4.70937591306055,4.92365939751911,6.29122537249785,3.61452129230546,0.789642234616976,0.235433090796287,0.650208955185117,0.831549422476439,0.901125588077797,-1.2188073557568,-1.79633681174327,-1.3405028830752,-0.61506516942551,-1.14318305940224,-1.56569893910061,-1.73144198074431,-1.91433292933697,0.0543204382858352,-0.016010225775323888,-0.12474933119330794,0.04182149110579557,0.02748521706296411,-0.005706221290748423,-0.006900545210126243,0.0015658520210678681,0.0009359550671611529,-0.006721642059934662,-0.011855857651851778,0.13458604143625297,-0.0837641807993986,-0.016290339608994925,-0.046571749649169276,-0.10174360007010166,-0.5361096286935849,0.1283090809577703,0.0029000831836425295,0.037132762452358435,0.016299463493068607,-0.019107367229851183,-0.01671475074683047,-0.006794184719889778,-0.19282839642114277,-1.2892755314730162,3.025570449242944,-1.4577316811878864,-0.05661889378102268,-0.020857298589257084,0.01543557041637706,0.0028456910069410476,-0.030918619684175582,0.030671752662074135,-0.06574504425910598,-0.005262998548489667,0.03340604736307427,0.0009041062986303418,0.09489684472718325,-0.01504009090276609,-0.0650621252155306,9.437011104554587e-05,0.1496707490308724,0.15510249154731479,0.013194185125388806,-0.10142003534508172,-1.930555555555555,2.348481547957816
52,2.81243982814353,8.0152213593067,-4.36676703525503,-3.72081551612639,-1.70257608321819,-1.20478172787708,2.15529592131373,2.05781341404803,1.10240408692891,1.62852699541633,1.80910206919799,0.521038417896758,0.740517719771462,0.108998556151627,0.366485091768376,0.584400135570798,0.0149866685188916,0.153089392118195,-1.33744242460502,0.837876172080245,5.78374176475544,4.22433970520562,2.71584156060494,1.17405168026596,0.553941866543327,3.53959324502182,6.37158502600459,8.89139367816092,6.66253401133793,7.37750857232057,8.11472917299291,8.89540124168337,5.0808063283464,0.955114783484918,0.909806975842314,1.90180603603618,2.90895765600983,3.69902197659291,-2.00791603608258,-2.64269236295723,-1.44409531257891,-0.0125092674865929,-1.49877227587317,-2.70142127903165,-3.55126314946284,-4.45097334427044,-0.22239936105844807,0.009617693960180636,0.2619337171722581,0.08739454584065424,0.1738148889255263,0.057521006095034966,-0.08731543926219594,-0.00012076176597292341,-0.02506029403129883,-0.015844934442422205,0.00498995332977254,0.04056260167876113,-0.06231523261384084,0.024501164110630157,-0.02731987371187776,-0.054531169101588776,0.1472002271504251,-0.03335050884082374,0.005454526789153099,0.02129701366580464,-0.051842560185218746,0.0028966092724860815,-0.004242128557089253,-0.0046010927383705845,0.5201698300095018,-0.18206439237293975,-1.4567613575495464,1.7476130213100218,0.0017499439959347955,-0.028010219816424552,-0.15504945275006152,0.14065154187523984,-0.1059108464084891,0.03472011529462519,0.01628182417800538,0.026776304329097556,-0.0076357253250948,-0.02282037384729651,-0.04242366896463464,0.1465273176692624,-0.105866943291964,0.010177960207365229,-0.015080739315840292,-0.1925246514687116,0.0006632775008597984,0.1357196072580268,-1.5916666666666666,2.9801667198599677
53,-6.28914054380133,-8.50332051078452,-5.27517499296226,-4.62392845334837,-3.6344901589625,-2.60109580800348,1.02313832604612,1.29808468786586,-2.27832621850461,-3.10452647346542,-3.63261332255773,-2.77965791472783,-1.99157202425556,-0.552404107899549,0.110993495452623,0.753095053579185,-0.298027007340724,-0.750961653631778,-2.53859378370294,-3.33989161830518,0.696267504290064,0.628786599701425,0.588790258223747,0.567697504492207,-1.06476549521155,1.6941845202285,4.38825051597931,6.66253401133793,17.2793505747126,19.7022233319397,22.188548685657,24.733493236141,14.5462210942972,3.62499780880554,0.334113608148586,-0.604681609032734,-1.53743513508911,-2.62581794150274,-1.52396440662929,-2.513979036512,-0.436618451784484,2.5026994749732,1.50593758409654,-0.0592661341984361,-1.08806148669027,-2.1313464951001,0.14678312285135559,-0.02690428211105791,0.0936491711923477,-0.06377501152950428,-0.02041822627199296,0.1651735795493998,-0.05989076595692633,0.039333789709781075,-0.013196093562818667,-0.10778247829485485,-0.029079260862747813,0.10129147106977211,0.18183564380190262,-0.11318734180459872,-0.19250920899662435,-0.30558282570625556,0.12581746109332007,0.08220873386185316,0.15572379524443347,-0.021837325611312342,0.029384682512170676,-0.011443391614517393,-0.02933022003338522,-0.07120185802198643,0.0510540728933816,-0.2147126144372946,-0.057855711505892894,0.0012360001001276283,1.596882770667803,-1.7594955336577551,0.3060051779738042,0.2050204586443177,0.04718220702003976,-0.013392366106277693,-0.08568730550854975,0.029797358300264642,0.03648914645214806,-0.0035923558971004965,0.07068143828599474,-0.019155044584958994,-0.07706593978252639,0.08509759169863135,-0.06605137601822549,-0.08611269547190725,-0.009118425986900786,0.04266085739320869,-0.7733333333333333,4.155640813967522
54,-6.2063758929034,-17.7942884608243,-5.11427575836242,-5.19484387026512,-5.21121576013436,-3.73090939888615,-0.134062129939252,1.08679770561865,-5.38317086353642,-7.44465574794445,-8.89912489562002,-7.2094168957554,-5.54634811681747,-2.9076156097676,-1.83122261970242,-0.752003747442197,-0.377820801758085,0.235893206065568,-1.64024836491616,-4.21658197441445,-1.18612009697288,-1.27345075731747,-1.43246901384622,-1.55792109677238,-1.09210950023179,1.63713365448917,4.70937591306055,7.37750857232057,19.7022233319397,27.4993818646232,35.202287426706,42.2284009335242,24.1301655861796,5.79942174021532,-0.269654195324246,-3.06456815142798,-5.94867277167905,-8.55466244219848,-2.17843523066356,-3.30504050392418,-0.826797451542505,2.60563231133889,1.37914472062382,-0.9525151102789,-2.71278015699271,-4.39950380811833,0.022733464216369136,0.011981263002511882,-0.09327790564981026,0.11381835217838956,-0.009487865750060618,0.004664590751953101,-0.04382205149114449,-0.09967918695361727,-0.013991073072394151,0.06204251457687641,0.024180157911742172,0.026864919753458172,0.022173761446936,-0.06001384210013875,-0.05814859018858106,-0.07143048579212569,0.0033516628849658125,0.06848924405340633,0.07877001094574176,-0.016946865576812103,0.05024605400134301,-0.0357411043776907,-0.011937610595531303,-0.017912461831870664,-0.011324759733308565,0.004489220006273346,-0.020511639444791094,-0.028238461713193802,-1.758517541138379,3.7471983902092463,-1.463747703322384,-0.25519006115300485,-0.08641883403606557,-0.027268908437550157,0.08920909453740204,-0.11038446482861583,0.008055765795522063,0.024553920650050447,0.019452402578706167,0.025154271365876026,0.0047993285540695275,0.0006008819098443976,-0.02812739149610697,-0.01015808136819443,0.002345596422922612,0.05516328789634291,-0.5244444444444444,5.243031743621551
55,-6.19053060246663,-26.775846610805,-5.06161265925683,-5.92464505282576,-6.85201847522939,-5.02309354599542,-1.56315456410836,0.557654759126122,-8.46636379720039,-11.6471793319718,-13.9357045768961,-11.3785292136275,-8.8047606223004,-5.00206538270461,-3.50161440952547,-1.97428022584118,-0.149044763753027,1.58291880344988,-0.843629669111128,-4.76778978778424,-2.56007026559575,-3.01807001464526,-3.4327508666311,-3.80469966040291,-1.33373582013616,1.35611520249919,4.92365939751911,8.11472917299291,22.188548685657,35.202287426706,48.2861347381865,59.3474623429589,33.0996232932151,7.16452427839111,-1.78775477746642,-5.93523915880097,-10.0833572332729,-14.101383948623,-2.60662962374211,-3.77706267998491,-0.908144355699265,2.96700639924178,1.59991542426567,-1.39868306176402,-3.79457526797608,-6.15145733286126,-0.15388437924819134,0.09827298846425742,-0.2049011840944142,0.15942338138533937,0.2594077786153141,-0.1581332201713618,0.15414245312604488,-0.09272081207966867,-0.1473613047753425,0.13226763101737093,0.014880881573823904,-0.0023683060750658235,-0.013404298745200466,-0.012024982578846257,-0.031686865391566114,0.005087280561353219,-0.1897989853336738,-0.009758469349101247,0.009953429771565428,0.035153510871174055,-0.10616727344581439,0.05221098730362669,0.022692144940598184,0.01798306415889644,-0.10652703267140051,0.5560149518472559,0.014845939238668665,-0.15411145605816298,0.30214050524001684,-1.4629140564619516,1.9960354004923504,-0.6991924039341214,-0.11027047914155992,-0.0700109295137108,0.24148591325809643,0.02921824672241142,-0.276042029748108,-0.01723540847114886,-0.061226396013651034,0.21481804530309914,0.027334526718804916,-0.09408258183729855,0.057057606024386635,0.00596077884962928,-0.05352138495494815,0.01298878545751105,-0.3755555555555555,6.948102959670823
57,-8.02894920294106,-38.7982066252456,-5.86250958199419,-6.2776330850294,-7.57097964526327,-5.1160080043089,-1.43316363689726,0.340080218236083,-10.895367180059,-13.8652194343039,-16.9969535872698,-14.2731125110083,-11.6035827214054,-7.15782639473538,-5.36732761851935,-3.5490144914734,-0.396597332597766,2.19616961799014,1.65022948070448,-6.33105274112924,-5.90660006291994,-5.16733913893956,-5.08339693677174,-4.93666521562327,0.217664895062289,3.22934957628987,6.29122537249785,8.89540124168337,24.733493236141,42.2284009335242,59.3474623429589,77.9320229885058,44.9001121760232,12.5691641801644,1.55995582970298,-6.60964946106405,-15.2004382281764,-20.9659883597608,-3.58321817428216,-4.98883963589231,-1.79458233142918,3.16159831171292,2.30091472326946,-0.956802959097483,-3.44340496381486,-5.32338625478726,0.0534689804679029,-0.13401281943726326,0.15622670408954342,-0.03296407775954874,-0.006840451010065513,-0.02977275590733776,-0.13940956354082878,0.0638229459539195,0.19616052939549278,-0.2708418712805285,0.11536040660532332,0.01901240352971033,-0.09822426821723086,0.0560877865477706,0.14848848686544577,0.1944245729753351,-0.09904307822391971,0.024918629300456047,-0.10838300749803899,-0.006949377790105676,0.017773708803065787,0.009510793465625177,0.0006706128079654703,0.0015686246540299639,0.058301796754831284,-0.35250183151929415,0.003173767460388903,0.14149265048749848,0.20718852325955625,-0.2551558013451948,-0.6986174640748947,0.8499946744453831,-0.22951055895939523,-0.11544050182082223,-0.006430338471985998,0.1553015505600624,0.17445761704463816,0.04826459330418278,-0.05412676824463183,-0.10609388740042085,-0.0284308819303036,0.04352688174158277,-0.01009872513120311,-0.06970189117376695,0.007959433932517308,0.027633847347811456,0.17333333333333342,8.827345183491227
58,-8.67064901256924,-16.7791372864584,-5.82165739833168,-5.93048457091225,-4.89244927915488,-4.41837660591558,-2.90538182151493,-1.98693474462205,-10.7943359245955,-13.1871962402568,-14.0477800853333,-10.9290788243753,-8.75548127769775,-5.4437999198658,-4.27949535045798,-3.10427739504809,-1.41616595374738,1.20780716749355,-0.364023771883456,-4.76943129392183,-1.78541828115313,-2.06859128562959,-3.29349051009443,-4.44459995652586,-0.0378951635073972,1.89076513488377,3.61452129230546,5.0808063283464,14.5462210942972,24.1301655861796,33.0996232932151,44.9001121760232,35.0304022988506,15.1098085374413,12.3786962288001,5.78856258784831,-1.2566589510217,-2.80167001335737,2.06057474581527,1.38597154916078,0.805837888850055,1.38723231774411,1.03237485306932,-0.990533436083159,-2.38094676370378,-2.57818286356182,0.06481535168434926,0.10743103831708016,0.11430070660360062,-0.213352565620709,-0.1728178174050415,0.0897975882544138,0.00996435626255246,-0.1425990267836845,0.23647533732606815,0.29284613033183604,-0.23473900114908205,-0.12434478235961237,0.015121984217355411,0.08388257406123141,0.0259415325718676,0.0026252901911941046,0.27485057789754946,-0.12111602754301368,-0.021280872923475695,0.02530943759526483,0.013024560155396669,-0.04152189427364633,0.03853813956355255,0.1344504879820846,0.04030886926045294,-0.06856582042359308,-0.030805846432865953,-0.1062285228141638,0.05381320011513873,-0.0848285527543714,-0.11123890580124608,-0.22850408697994293,0.7629070930100526,-0.01548217509232482,-0.12770639254965088,-0.15017892484247633,0.07109290376107792,-0.1406230553311923,0.09223906616411617,-0.08072952484432885,0.04149460960763828,0.03605629967530088,-0.01651019229495172,0.06652360054628262,0.03481950774328102,-0.1015799102769818,-0.13333333333333333,5.917803840856046
59,-0.793291623810408,8.23202046160029,-2.48553547688675,-2.5030895283416,-2.35309208528208,-1.51059916371053,0.815186093197179,2.26536763140489,-3.17927633450992,-4.36578057821735,-6.43158677101398,-5.56340722316026,-5.1705324940778,-3.75336076114482,-3.24695830845564,-2.77877980354487,-2.40585332638091,-0.366318491827392,3.44352549591297,4.64508433800633,2.55631405252777,2.36097830834136,0.982717053640534,-0.348506733870958,0.583078853740775,0.698815201453014,0.789642234616976,0.955114783484918,3.62499780880554,5.79942174021532,7.16452427839111,12.5691641801644,15.1098085374413,21.7183014048531,24.343013367202,16.7637589089426,8.74900131212846,8.53251384010245,1.4043494025134,1.09559995137845,0.0666597976498402,-0.851462649719956,-2.24393687570067,-4.29124534801663,-6.20121621525502,-6.3881037882553,-0.10138393777192713,0.2363979212894317,-0.17358531846486355,-0.01597797624047451,-0.043768952144394996,0.07799026757393124,0.22661467003679986,-0.0334206415539915,-0.19822514896668506,-0.09447457538284625,0.10691526559267898,0.01663929991105873,0.01527355602047193,-0.03921480721931884,-0.012746656849152573,-0.0870300904881416,0.2936908366214581,-0.18493951080187682,-0.02650601155276472,-0.05349513219378518,-0.014439227055367496,0.0385488088937872,-0.02286872136247935,-0.11056767815703804,-0.06633751525577977,0.0014357189552166158,0.031148883639889755,0.03453785892678426,-0.01288317363965596,-0.02460677256207945,-0.07282327981026196,-0.11312464147139495,-0.015511947952112309,1.723762420396389,-0.9447891860150162,-0.637048320116086,-0.6885779149977345,0.5765331559770648,0.11025676621907551,0.14023252101699143,0.0948026061028164,-0.16902360779974118,-0.011136217245952953,0.0798955806925542,-0.03955210671260853,-0.0016105934615425863,0.4111111111111111,4.659216823120934
60,7.03624918707485,70.9333236860097,-1.58608863861487,-2.26145749737011,-1.42464981321854,-0.348188495244822,2.0592581148399,2.91027234566936,-6.08465506990894,-8.27846205583283,-11.0951362673728,-9.36050997943684,-8.28158062232245,-5.66396995448955,-3.8744685624383,-2.09496108063504,-2.69716460324879,-2.28149459971783,2.0570506192375,-2.95911596506966,-4.35253673612867,-2.58611144082628,-2.1049651088028,-1.56241266308879,-1.14025341331429,-0.447981830520879,0.235433090796287,0.909806975842314,0.334113608148586,-0.269654195324246,-1.78775477746642,1.55995582970298,12.3786962288001,24.343013367202,38.1712899106003,37.8812127982001,37.3041620284677,46.4880211414498,7.15978006434606,7.76103713673509,3.66227933486105,-0.0629588820415449,-1.23717453734556,-3.40183158713781,-5.59761747924734,-5.70937879789555,-0.007870992649759054,-0.06628947586721434,0.11155396069248752,-0.03281126520768146,0.333029803487618,-0.12414165771631391,-0.13253165562384306,-0.01670801054293667,0.1483729583420078,0.0064474029993094265,-0.08111240489112886,0.052160377425329835,-0.049037331530429544,0.020147476376065614,0.1087335299403608,0.18590433477082524,-0.27269675052351605,0.13411430156901097,-0.06766167486516605,0.08277925456463017,-0.11037667201401803,0.05334629193660237,0.020968701557518423,0.07508992229642301,0.14463432604454854,0.10161712228202394,-0.06736928082559444,0.018896809513249402,-0.08920120681249646,0.09086535315597004,0.23851744518575158,-0.005672908978610569,-0.12832108629858804,-0.9436358677999209,1.5632032351965843,-1.0212476106970891,0.6277107206667515,-0.19522452598292137,-0.007226245334712567,0.021024207349017318,-0.09663716175185458,0.11439137142083326,-0.04393594181858225,-0.1241283535002312,0.1307092740456062,-0.06368272492831832,1.3555555555555554,6.177482489704058
61,16.9221936378581,137.555094755641,0.843520198526085,-0.842439520373272,0.448770645308567,0.970766540418358,2.38877009234044,1.9723330303396,-8.84622244429459,-11.5928512194526,-14.6756377794349,-11.8718202259132,-9.71119606304058,-5.83366325794689,-2.51546715584668,0.8074836227476,-0.444715428988391,-1.29087891711854,-0.621781711598144,-7.06235024562158,-9.91490072461661,-6.99588600768579,-4.67552559375981,-2.28827362673511,-2.04055347588013,-0.710478813729703,0.650208955185117,1.90180603603618,-0.604681609032734,-3.06456815142798,-5.93523915880097,-6.60964946106405,5.78856258784831,16.7637589089426,37.8812127982001,52.6580651340996,67.1227530184331,86.0372779806572,13.5467835248373,15.085552726508,8.53810399554493,2.16515965269116,1.63892619739834,0.234703711850567,-1.58585829418387,-2.45106396359025,0.10836701048145611,-0.19432029535632703,0.04970663196768631,0.19655997249713206,-0.32061980015892283,-0.0471533567418551,-0.17763298759171742,-0.027248558750433412,0.06909419508198392,-0.051037788929630394,0.14553436787787596,0.0011840304234277445,-0.0880635841710911,-0.033077972946900715,0.027374448376747993,0.23430393244313164,0.05631944570767382,0.021520721821903222,0.0010457819798957242,-0.06241324367465651,0.2416206699086141,-0.20992635763101058,-0.037693066575493366,-0.00551717689459618,-0.16831163699312707,-0.040147551516682874,-0.0038898613607066448,0.02739613265051764,0.032313704089411345,-0.11058002025604086,0.028938660362646845,0.15527479010994832,-0.15012063563221645,-0.6379906087133975,-1.019965223452281,3.3096487307043008,-0.7247639313151912,-0.4699509893943127,-0.08879862569498746,-0.18362924444722767,-0.007069294952052882,0.04782619178346769,-0.057565968633604685,0.016017224475930982,0.09566428646931605,0.024871538751729278,1.833333333333333,7.25589864414461
62,26.4141750543557,204.184468568239,2.90755384485371,0.180898448017184,2.02251275153659,1.87251890866989,2.21171679205587,0.511585481555858,-11.6870188719198,-14.8104796332167,-18.0282751322955,-14.0996974012089,-10.8150611729357,-5.7102980288968,-0.842688256121301,4.04863090234246,2.18637556470001,0.155673765251087,-3.30551513289322,-11.0666756093057,-14.7801644524497,-11.3191876417843,-7.37619000474014,-3.37321316689241,-3.43010785885512,-1.44347715501393,0.831549422476439,2.90895765600983,-1.53743513508911,-5.94867277167905,-10.0833572332729,-15.2004382281764,-1.2566589510217,8.74900131212846,37.3041620284677,67.1227530184331,97.3186973180077,126.08945287627,20.3121474425943,22.9379030915734,13.9402405949975,4.85751021114355,5.14585997573344,4.67389404127304,3.38720322018541,1.83293999030289,0.07934130307557509,-0.21774525903973382,0.10506998267731245,-0.010225911559633646,-0.12566065012905311,0.08251375557623368,0.20474764598108067,0.0804950108328633,-0.22383083432945336,-0.04068640857496786,0.059615376341212646,-0.03845707842785114,0.13848216522405396,-0.03661028994027938,-0.0939714693331845,-0.193580394957113,0.11460008427774296,-0.100287226385217,0.05617776035721273,-0.05632947842417244,-0.010663484357443975,0.05305520929719645,0.00044758058582106803,-0.04669933482667274,-0.17760998079266885,-0.013341328750153838,0.034765025035442605,-0.007078692847672754,0.03598406041790412,0.015600800526768484,-0.27195963112551286,0.17289734847458313,0.06859340697799025,-0.6897022200443064,0.6302755956494946,-0.7240424184506632,2.9481288994140598,-1.6322922099117054,-0.37335452398993063,0.07058384388393156,-0.011377967351884817,-0.026023555337677282,0.07233530756000456,0.00294919201867893,-0.15022072519649898,0.09619837556370006,2.1999999999999997,9.864517084885993
63,34.5783417338966,267.478355720968,4.05112339350437,0.490120469493044,2.79679951318827,2.75527993702205,3.04001313853194,0.628322198654673,-15.2231025005842,-19.3732348025783,-23.3370804286873,-18.24287967313,-13.9430476003857,-7.35613363221867,-1.01205802863564,5.38105875728619,2.78496432993818,-0.636170601518867,-5.03984871235689,-17.9700975500038,-21.7548010642494,-16.5644102200164,-10.7005380976996,-4.76288570408783,-4.9807152659193,-2.20728585967355,0.901125588077797,3.69902197659291,-2.62581794150274,-8.55466244219848,-14.101383948623,-20.9659883597608,-2.80167001335737,8.53251384010245,46.4880211414498,86.0372779806572,126.08945287627,164.369382183908,26.2974467636239,29.851941058126,18.1323793284512,6.51239218603738,7.12155323291369,6.72888981664057,5.30034528463385,3.47474564866064,0.2883810709485422,-0.7294159473457476,0.5068805496533603,-0.0917585539616439,0.11854359229402134,-0.024638098014540033,0.05890511658616091,-0.09200476406762631,-0.008834564970013887,0.03185615399312481,-0.01858240983143697,-0.010457812250102193,0.03027432325645202,0.01543862898749511,-0.027080196786974563,-0.09711329200407762,-0.13488983603708235,0.1340572469022493,0.01588092585043715,-0.04134309917478257,-0.08685102936224086,0.1587232101745405,0.02489455309880424,-0.010709074241653068,-0.09070643362416755,-0.0043168226294303235,0.0027031414597547317,-0.022585527127051943,-0.007468335201636418,0.014618982111577162,-0.017783009280341003,0.05145683706252128,-0.1421799639061101,0.5762659182269647,-0.19321597119879005,-0.4711644261530309,-1.6336664772716503,2.8574432847329536,-0.8857462390427044,-0.09418444164983698,-0.07434555308214692,0.1502449776232524,0.01809785384822591,-0.13357054057120774,-0.03189978731530483,0.054389949449053114,3.108333333333333,12.820272313172914
64,-2.56972772385667,-2.19397575905393,1.56827438908254,-7.5834509600759,-8.32116039736112,-6.83417913171951,-6.24001109691952,-6.51330198082814,-8.06624876549479,-10.2544212411083,-12.0952538706025,-10.4729894487613,-9.53264022959526,-7.20901769466806,-3.77805456676728,-0.335935913236942,-0.507472118966769,-1.16338014387013,-4.59617882138761,-14.8858124846893,-15.5990971430016,-11.0600704919792,-6.11081333351544,-1.09845798267427,0.344046916209126,-0.517514715289452,-1.2188073557568,-2.00791603608258,-1.52396440662929,-2.17843523066356,-2.60662962374211,-3.58321817428216,2.06057474581527,1.4043494025134,7.15978006434606,13.5467835248373,20.3121474425943,26.2974467636239,33.0676388888889,37.5258863149265,20.0752514674021,0.975019131728373,-1.21990438784099,0.0255742791915275,-0.590717613223248,-1.38392683883815,-0.18003279869025018,0.6613595052438836,-0.29116359674720843,-0.05768053469801778,0.26591579844444685,-0.1886421491568958,-0.21139218172394666,0.2793295468143617,0.08949431144447229,0.02865258433022829,-0.004788769462508694,-0.012708502405431674,-0.03428852006246634,0.07856721009355651,-0.0006597492472735506,-0.12596344115352542,0.025140441720300388,0.0381044205534184,0.03943156484003054,0.14473875069226266,-0.07091467628787802,0.07664813921751415,-0.021529254167612793,-0.1307297828478575,-0.09031924279888937,0.009498890645374026,0.09318490893591122,-0.0406653988812983,0.065306438674049,0.01843017873186454,-0.0590155555518259,-0.054090391939575405,0.09312718575089024,0.10989490633317474,-0.007116872403146745,-0.08827632564102904,-0.3697830127655324,-0.8867506493945884,2.5138503809086012,-0.9219655384755496,-0.4319218831580438,0.5293492322424019,0.06184415076854024,-0.07976989316466022,-0.01399808910229996,0.04997431701300244,1.4916666666666667,5.749577279147475
65,-2.21383199836971,-0.897950222913388,2.92077961530881,-8.3620852759793,-9.75625389575669,-8.3986320730112,-7.3220078138987,-7.50269107870334,-9.049077594888,-11.2920712070726,-13.167308615686,-10.5294160742204,-8.88563668343777,-6.70248776821394,-3.43469457895233,-0.210492683128979,-0.196273264187062,-0.289847514597755,-5.02573191646699,-15.7662326102208,-16.9670702796871,-12.3052869456621,-7.07520646634499,-1.77196239591691,0.0572335818555554,-1.0041204759161,-1.79633681174327,-2.64269236295723,-2.513979036512,-3.30504050392418,-3.77706267998491,-4.98883963589231,1.38597154916078,1.09559995137845,7.76103713673509,15.085552726508,22.9379030915734,29.851941058126,37.5258863149265,44.4738829022988,25.2200364167085,3.84445552794682,0.508723872974468,2.12577407191683,1.48765607479149,0.615735827410017,-0.10926746548208698,0.07400236677640018,-0.38589810347721437,0.6679468148335704,-0.04241106094106173,0.08289178170766773,0.15441411596062402,-0.17464403787051244,0.021385195535402322,-0.08177902464340803,0.040079182119655755,0.04590954120784575,-0.07884670356489279,0.09154624473794054,0.002924680333263876,-0.13093857753676752,-0.13100119081878783,-0.006559634394112286,-0.03918395565176432,-0.02649381639527443,0.14354361066195942,-0.14879486130102107,-0.015481422959087943,0.028364367176144788,0.1267889124130068,-0.03729534666522198,-0.013946572311862377,0.14706781830461788,-0.013393567043839621,0.026393651161840524,0.21375306643918077,-0.10656328821470887,-0.08048791024790752,0.14003698903493672,0.020101322594304805,-0.1816931288640001,0.06991878094804005,-0.09168946325452187,-0.9225238581203786,1.599383526175744,-0.8710966000996957,0.12281325961941357,-0.15354359416367744,0.20058126348594182,0.024943460166214827,-0.14087351785621985,1.9124999999999999,6.668124391633592
66,-0.0153380035784884,5.62005388670175,3.64038585886434,-1.65195035995057,-4.91033678697059,-4.58439755889281,-4.34172978113996,-5.19797479221653,-6.50797007024135,-8.0324073363443,-9.23611162076706,-5.5375014825864,-2.87376484423202,-1.2013444724326,-0.492148179767164,0.0905412417031313,-0.0295771586107925,0.435649901649874,-4.02958407466219,-11.6517970641256,-12.4675972163028,-9.11405009349084,-5.17572078138085,-1.17565420817715,-0.706793182198298,-1.15360363489111,-1.3405028830752,-1.44409531257891,-0.436618451784484,-0.826797451542505,-0.908144355699265,-1.79458233142918,0.805837888850055,0.0666597976498402,3.66227933486105,8.53810399554493,13.9402405949975,18.1323793284512,20.0752514674021,25.2200364167085,19.0056835887612,9.20526306436979,4.09541449407357,6.26230061671179,5.59966871642676,4.67249752554278,-0.03389915813472317,0.06943883743743778,-0.004272529975527085,-0.577413581538453,0.022064782810851606,0.08131894226069723,-0.001980515773127607,-0.03849464555883553,-0.02350089212412196,-0.05546555046360571,0.03198533657808948,0.01345818972003381,-0.024789746150969273,-0.0474261279532936,0.04290725287532321,0.27081724929202233,0.017160031761216967,-0.06678827554198837,0.07297020897759027,-0.02422958524398643,-0.12295065167826237,-0.008490450871140844,0.024473202121865975,0.12424898416099055,0.2078419597372415,0.029675073222774406,-0.07043092887744896,-0.10455037427100711,-0.08122110613304716,0.0024840601360446115,0.027419897484949093,-0.027333008005176608,0.03802348361231193,0.09636307035727286,-0.09694906632855689,-0.006435288036244259,-0.01390842132985271,-0.07644246412622378,-0.43259139480978975,-0.8733465880819596,2.334343891760676,-1.248304112526324,0.46219971258478976,-0.46995477141157477,-0.0461012716565771,0.18398750895452412,1.1738888888888892,4.358403789090816
67,1.2116086512935,13.3979813556741,2.18977070614169,2.75455869340663,-1.84676851340031,-1.57686644137071,-2.15735988157305,-2.88849358474638,-3.54473183170053,-3.57460123484626,-3.69753168775535,0.787823385198358,4.36552220706118,4.99870442350069,2.97113229320038,0.746590542099817,-0.574836278031406,-0.382075659867909,-2.73678758650347,-20.0984889335568,-24.8436602558666,-17.4587477302431,-9.58068302195853,-1.65587821318232,-1.08826273093874,-0.871845745993235,-0.61506516942551,-0.0125092674865929,2.5026994749732,2.60563231133889,2.96700639924178,3.16159831171292,1.38723231774411,-0.851462649719956,-0.0629588820415449,2.16515965269116,4.85751021114355,6.51239218603738,0.975019131728373,3.84445552794682,9.20526306436979,14.5744754948914,10.4058972643244,11.7230455036025,11.7062186344564,11.4833899396307,0.15358207503750615,-0.13065029571601572,0.17853109650410084,0.10021299344536548,0.24110049428654692,-0.17976791053556004,0.002390165604090037,0.05879992848626397,0.0338621474361211,0.014792949166587717,-9.764169679575918e-05,-0.015732795010136424,0.1323994295895005,-0.10510178571464966,-0.11450157987395193,-0.0785357301403016,0.22000785470705364,-0.023520954307931108,-0.009301461523468826,0.054573989530687324,0.02761403308664537,0.04431079844891474,-0.01082367879133934,-0.09708766518520619,-0.16871755689512144,-0.0367633215660616,0.0011515335090576514,0.009688525093497899,0.08063900314538637,-0.002182412331151792,-0.09348337309258348,0.04431377534444879,0.03690513794981636,-0.1721833471122714,0.11500383356850498,0.04897854532551319,-0.020929397231236806,0.14988186093841033,0.5294919077042728,0.12283533790851635,-1.2508339861532438,1.3372351915647196,-0.2989644177729146,-0.08038755805693476,-0.047561928952207864,0.0768895533548893,-0.3086111111111111,3.8163432097875374
68,2.77896050402841,17.7466195665317,2.65568121597985,3.9864696118358,2.00699783052506,0.695417071773694,-1.78765527763153,-3.71882966677241,-2.45939481353285,-0.675320496924145,0.579217244981224,4.9941424447507,8.61136362448715,7.94609351489422,5.21957980763449,2.46672695062818,2.08645880293798,1.86537498453442,-1.45778457523307,-17.9612714798363,-22.651045168944,-16.1359144201881,-9.02752620283303,-1.87578243373748,0.104465459625742,-0.364822181266754,-1.14318305940224,-1.49877227587317,1.50593758409654,1.37914472062382,1.59991542426567,2.30091472326946,1.03237485306932,-2.24393687570067,-1.23717453734556,1.63892619739834,5.14585997573344,7.12155323291369,-1.21990438784099,0.508723872974468,4.09541449407357,10.4058972643244,16.5292716515006,18.4490856328956,20.8766853249347,22.9889898593384,-0.07478477074219124,-0.012461017863916101,-0.1810874938365475,0.41128360775725825,-0.09116344696395061,-0.003383201568488534,0.030599968636836523,-0.03530303266128976,0.1685528228353763,0.02929533122952535,0.02757064130870878,-0.1903626964883117,-0.00469902332618925,0.0998435686572311,-0.02988366881063918,-0.1682707158270378,-0.270617435827333,0.05314133227167082,-0.004223912489887162,0.007653039833150767,0.04487181857176254,-0.02402630541006098,0.013113134455666035,0.03689452414639053,-0.060176678751115514,0.0130299748533716,0.15014007240183544,-0.01450339149029695,-0.06358413881616118,-0.02768777770302584,0.057149207326928846,-0.009190737166740287,-0.01592486755287023,-0.009401490057397606,-0.04296680378760893,-0.06547440867228509,0.07075928216972004,0.015768495259671896,0.06558595759993986,-0.1516362496020185,0.4610946696748059,-0.29914230707025813,1.511417105916643,-1.3549785531037246,-0.2382055682547515,0.4475455657295154,-0.832361111111111,4.064390686376082
69,3.32545147658693,16.4274719024971,4.36844969398658,6.67729821843829,3.87627271460466,2.37832962637786,-0.313010519123508,-3.05403604930463,-0.196843348060184,2.40915321889223,4.34468548487087,8.68077719273406,12.1441197523046,10.3768536669743,6.79133264766623,3.17111316516618,2.68214626766284,2.21551173054946,-1.90292989411134,-19.1967319130702,-24.1142733950845,-16.8885572831768,-8.88475303135016,-0.847524873588884,0.791646448613444,-0.0624478151956838,-1.56569893910061,-2.70142127903165,-0.0592661341984361,-0.9525151102789,-1.39868306176402,-0.956802959097483,-0.990533436083159,-4.29124534801663,-3.40183158713781,0.234703711850567,4.67389404127304,6.72888981664057,0.0255742791915275,2.12577407191683,6.26230061671179,11.7230455036025,18.4490856328956,23.6963351891762,28.3349381399756,32.4896697873765,-0.09000638153403141,0.1034322138455109,0.00011887796049705623,-0.5572520146664737,-0.15307395746562066,0.11400679343128188,-0.03267904997305915,0.11622209321718083,0.020802969319073543,-0.04860086810616022,0.011070230764102377,-0.04133151031662027,-0.010155684927228605,-0.021195907352261397,-0.022764792889651896,-0.022569292066575354,-0.06543371996432826,-0.06411382558197244,0.011932815785445288,0.0552298360262934,-0.04224460933063732,0.02431433583111172,0.022768090074355707,0.047709343637967624,0.03238906163173448,0.05588985880292455,0.1588615271684602,-0.1882458948708007,-0.0776089282212212,-0.010384753477582671,0.008542286400237225,-0.07188858266055481,0.06523909926789329,0.07953772056104484,-0.11834452895423232,0.015987082483625643,0.01667706382491476,-0.1383512326445927,-0.08366087691523842,0.20317772939195253,-0.47232648331437055,-0.0791610646655216,-1.3547477662499277,3.628310952437479,-1.4187792173199685,-0.28976670214773564,-0.5595833333333334,4.8668609173856865
70,2.83299525788342,14.5707686716463,4.40360728347128,7.56687653223092,5.45960848137243,3.59395704719266,0.508950468315821,-3.13092583890419,1.62828468710066,5.54065581928744,8.5891857509313,12.787800858013,16.0974508814422,13.0784105928898,8.58572917083871,4.06363484399311,3.34049157468541,2.52657824742289,-1.77753555196178,-19.3980788139106,-24.4195833806672,-16.9340969174414,-8.51357182973579,-0.0700344078302932,1.57580818259021,0.430457425661446,-1.73144198074431,-3.55126314946284,-1.08806148669027,-2.71278015699271,-3.79457526797608,-3.44340496381486,-2.38094676370378,-6.20121621525502,-5.59761747924734,-1.58585829418387,3.38720322018541,5.30034528463385,-0.590717613223248,1.48765607479149,5.59966871642676,11.7062186344564,20.8766853249347,28.3349381399756,35.59522838841,42.1314075350568,-0.03766831483676189,0.037245721088093674,0.004090528836047872,-0.10902941439734515,-0.044825265507139264,0.02849300713541726,-0.006495154668995765,0.06960159495452162,-0.042264519389959135,-0.008011545561144322,-0.0006181964606889355,0.0010324790653637975,0.027570274248014278,-0.05382050413857448,-0.046777952230861654,-0.028869195590595257,-0.009408668666603174,-0.0451075023536946,0.009857607559910482,0.0051431669995726575,-0.030962727921102058,0.05490919881890518,0.007603862652516543,-0.011216074516132359,-0.010679417619194519,0.007565801324178127,0.01471078790718188,0.0013656556918649288,-0.00977480396760671,0.0008874062689194117,-0.0414744619893225,0.003800103653454068,0.03560380392434865,-0.03937955331254564,0.1278497985902127,0.09407550620752594,-0.1510550597591663,-0.03161267375904944,-0.013897550575723542,0.03137647718052698,-0.046291234124066744,-0.04583823386356385,-0.2378476008988798,-1.416754040781942,3.8352886854509785,-1.9944846780874774,-0.5145833333333334,5.965335563772582
71,2.08086536081514,11.9703801036989,4.25902694548646,8.33778982376266,6.89252491499533,4.80919496387528,1.53401417160217,-2.87033614410401,3.31191190755699,8.38872316728818,12.4142814122912,16.4748975458325,19.5935570047628,15.3885129361378,9.98098601959227,4.54962614956002,3.54266883648813,2.35191050280166,-1.43930743248345,-20.2237059251292,-25.1951242123561,-17.1774689847613,-8.26024839162092,0.674635699204815,2.37032077034998,0.94457392568746,-1.91433292933697,-4.45097334427044,-2.1313464951001,-4.39950380811833,-6.15145733286126,-5.32338625478726,-2.57818286356182,-6.3881037882553,-5.70937879789555,-2.45106396359025,1.83293999030289,3.47474564866064,-1.38392683883815,0.615735827410017,4.67249752554278,11.4833899396307,22.9889898593384,32.4896697873765,42.1314075350568,51.2281749082056,0.05355455709544092,-0.07058705079415772,0.0505116801016424,0.22385428361796902,0.005268954567488033,-0.030841669250934744,-0.07268922015665863,-0.03604790147325001,-0.0073639094301903,0.05920961049560294,-0.03919853694075577,0.0424543240626102,0.002012423743376015,-0.03946117301276403,-0.018098544015286884,0.012811542124912867,0.043213465123446815,0.060481807037735834,-0.0001579401596879699,-0.02430685353411301,0.01006922349638531,0.023125405724862765,-0.014943437244651626,-0.06867599177719,-0.035430532091935134,-0.026181817626773893,-0.09640871297898193,0.1331877318040347,0.038613685784125246,0.04292568533510795,0.014999851464514519,0.028213956784129204,-0.10056304683670761,-0.0016904578718473864,-0.06177779928210117,0.023957489009902484,0.08914179381999218,0.05518183429455388,0.050068354077473995,-0.14014987164516515,0.1799377589525576,0.07578169401669423,0.4495205920591726,-0.2906108028652009,-1.9962366127076188,1.663868587388404,-0.3490277777777777,7.15668742563245
