,Cov_0,Cov_1,Cov_2,Cov_3,Cov_4,Cov_5,Cov_6,Cov_7,Cov_8,Cov_9,Cov_10,Cov_11,Cov_12,Cov_13,Cov_16,Cov_18,Cov_40,Cov_41,Cov_42,Cov_43,Cov_44,Cov_45,Cov_46,Cov_47,Cov_48,Cov_49,Cov_50,Cov_51,Cov_52,Cov_53,Cov_54,Cov_55,Cov_57,Cov_58,Cov_59,Cov_60,Cov_61,Cov_62,Cov_63,Cov_64,Cov_65,Cov_66,Cov_67,Cov_68,Cov_69,Cov_70,Cov_71,C_0,C_1,C_2,C_3,C_4,C_5,C_6,C_7,C_8,C_9,C_10,C_11,C_12,C_13,C_16,C_18,C_40,C_41,C_42,C_43,C_44,C_45,C_46,C_47,C_48,C_49,C_50,C_51,C_52,C_53,C_54,C_55,C_57,C_58,C_59,C_60,C_61,C_62,C_63,C_64,C_65,C_66,C_67,C_68,C_69,C_70,C_71,Mean,Std
0,35.2580205597763,27.6663609303076,20.2315812223854,14.3652570438953,12.5075246122535,11.8942386015728,11.5545738451041,11.4828977065845,11.5472096489436,12.0537499796785,13.4255883645052,13.9546723680008,13.5723937404897,12.6102494612068,9.59796544977756,6.53764990406906,3.36226030426096,4.11133324059534,3.64396214228138,6.35670307114066,4.7817855855765,2.90871118155216,8.08895659517036,12.8911341338593,11.8055749123823,10.0849483023716,7.78864685247538,7.54042869439467,8.44569145993503,7.21317370741274,6.08979787816378,3.93445683193741,-1.06901943613386,-1.37053388072208,-1.74176477741409,-0.809531724411627,0.898275126110548,1.19345352500571,1.65433563541297,0.942933683622185,-0.355388035637144,-0.462323461113245,-1.17215787817608,-1.65907540709277,-0.900741271024801,-1.30206434274717,1.51675564144167,0.6867655829487178,-0.5503052723124131,-0.08160073424431703,-0.06826503912911139,0.09379586009330657,0.07303104808090032,0.039059914805215826,0.01688106300113118,-0.007922307567428507,0.013465079500161597,0.008928999091306575,-0.060645345325916616,0.04001827249601563,-0.15336034841489546,-0.020843147515669288,0.07629350830902969,0.06168717719389322,-0.009347592350701246,0.17208981617530966,-0.20677934725860256,-0.061951587517219436,0.0030897731523820515,-0.008249906621162418,-0.005159538680168709,-0.11336554074110897,0.014989110093077926,0.09456811896621553,0.023833034507828792,-0.17517526984382548,0.015052475694457706,0.09306658447863426,-0.09028094248546874,-0.0661640748177661,0.018573920855219292,0.052264471489063935,0.03949372739761686,-0.20319974666590226,-0.0672083545883802,-0.03969540949874606,-0.017896589944592332,0.3545449816508488,-0.18021902137753457,-0.006874396249233256,0.09124596793690992,-0.09619675995121074,0.062190541621798115,6.636883396201251e-05,-0.33456959706959716,5.937004342239975
1,27.6663609303076,25.9654682419001,20.7771994115088,16.5621220945707,14.8121043724255,13.9335265336515,12.9788251429287,12.1206230003937,11.3669473875516,11.0788134977626,12.0401889341743,12.1966095499624,11.8045439804803,10.3818176603513,7.5146508784932,4.57098225356067,1.49781966834202,2.44494729344268,4.24586456238036,4.73511266528075,2.66366795384919,0.258227067379056,3.36948553211081,6.51711366002839,6.54188246899043,5.76355210769525,4.49694815600294,4.45764746244143,4.9082008827074,3.77027669330652,2.60297112029645,-0.11000718246879,-4.62884833848307,-5.74930695581908,-5.67929813475752,-3.58764740655764,-1.73375103693733,-1.0736548910025,-0.417556774161934,-0.124046613881792,-0.0551268088415953,-0.0964207481346095,-0.910897657434395,-1.64285915243394,-1.22689515634244,-1.12917002618589,-0.258099945773853,-0.5510295222793882,1.5362506451263367,-1.357822508653556,0.34203165299480537,0.1404695508143007,-0.03911288960405177,-0.015565137449085838,-0.006832298485992737,-0.006299374830144024,0.05206909459401819,-0.08624327754512595,0.03272629175502,0.022538961636619628,-0.011770725496332417,0.004346823579429598,0.011887951269826735,0.041007875054766635,-0.1425988245664923,-0.18951579923109255,0.25320270569334014,0.0869987938163672,-0.017279165424326084,-0.015575125769384237,0.01731137848349365,0.045659919319020706,-0.07335158268321063,-0.13559414457924232,0.20519434277303825,0.04327066340169438,-0.15148672367179292,-0.06844825391610068,0.1570546778628882,0.05808595101997722,-0.05647186384843775,-0.05853495351858142,0.07020446381001733,0.17510786734981698,-0.048486999624339534,-0.012647324826035004,0.19437140918509652,-0.31319444927561646,0.12634897296944278,-0.05954232307884186,-0.025420320535680215,-0.0034842578500411518,-0.021250790172215196,0.03660068864700717,0.07451159951159951,5.094650944068704
2,20.2315812223854,20.7771994115088,19.5031646097743,18.4225108639273,16.6355721390439,15.4008024205985,13.5825959878521,11.7616215747814,10.0333769961126,8.77152681699542,9.22032881964385,9.6137033045412,9.85071224413282,8.48083813576259,6.21718475485934,3.84189110965637,1.26333093290985,1.81828610470984,5.05279067373513,4.88917275800176,1.72910575176362,-1.7739344600439,-1.25144045263309,-0.292178042448654,0.776466533403185,0.915549615653504,0.654167828215609,1.84267525218001,2.79060899382883,2.48109949113149,1.91931968316404,-0.677004377020523,-5.37039822888182,-6.97868965690811,-6.45467202861897,-3.38847201575942,-1.84874259668264,-1.74267522450598,-1.89626744569644,-1.68814126954506,-1.1108653560153,-0.950714729114869,-1.65842021246294,-2.50732279472064,-2.3895127307669,-1.72302218780721,-0.496056408471819,-0.07960743335053068,-1.359320386931843,3.2220502162131734,-1.1162782362073318,-0.5525031162484138,-0.07760538169197326,-0.05709117775764619,-0.028332124916957847,-0.004046807334415773,-0.05543558537009985,0.0074110709484040155,0.022536610827625828,0.044763877224451507,0.0753014110372418,0.009774251041083532,-0.0464322972809355,-0.03048185990882373,0.014220826370184502,-0.04939177554348194,0.037417558772627924,-0.04627744536874446,-0.13775710282620865,-0.017401422911515547,0.0638964107889859,0.12262829302360977,-0.004325479904031786,-0.10365150265483694,-0.16113563735428202,0.1619691430252345,0.11343962679121493,-0.0612908908355394,-0.007258653571802816,0.016892452005915968,0.025108496574237086,-0.003136564160289538,0.036845931565336124,0.02622119039891382,0.04654630830532672,-0.026211365703353442,-0.4171638800092918,-0.10553127421659474,0.20031312634689868,0.24047216935026386,0.04838384230153138,0.007029596255583024,-0.04904907752231628,-0.0954472711862651,0.2035927960927961,4.415106409790629
3,14.3652570438953,16.5621220945707,18.4225108639273,20.3954369258598,18.4253939588031,16.8575717808202,14.2163684214925,11.5010219393788,8.87220174003341,6.66279842322742,6.58829891483891,7.34781680110312,8.26766914039011,6.95289975434341,5.06419882278769,3.0223134581314,0.789802674804853,0.737652779101101,5.18332737180491,4.16622060928763,0.366963181669343,-3.74989062626517,-5.14685860349255,-5.76796469477068,-3.77890542723876,-2.88428033477931,-2.33447943247357,-0.0404325283118425,1.59919119657563,1.77936387400918,1.49745422638345,-0.998678167788621,-5.64360880289522,-7.60366054743928,-6.73934950795242,-2.90286009260182,-1.79094104196571,-2.29746643573349,-3.29196775829183,-3.19163068886402,-2.114693108194,-1.52181009292605,-2.07635440310577,-2.99329725636301,-3.14719569687859,-2.09703451638277,-1.02764404263004,-0.06875870502729417,0.3393936866450159,-1.1160538626166707,2.3000053447576208,-1.58140999945063,0.014821094177212201,0.05295043479181499,0.0008452727798358315,0.10260890573748073,0.013113432852109837,0.1659432776008569,0.06428135594071342,-0.010871697814620175,-0.07136191691194622,-0.037972244110285,-0.06502694417243296,-0.14094698641529813,0.35081853668208257,-0.07051761863681821,-0.04077460928008134,-0.030271032801089566,0.12788801819488713,0.013099750075209507,-0.16030726293055875,0.08577505428567629,0.05316841968725514,0.10222739111642526,0.03881424329245072,-0.37600129067778226,0.15473330953613126,0.14611657824136498,-0.12124310767090046,0.05552326778931649,0.11010369594430457,0.018131203933813893,-0.28056428459375266,-0.0964048685898197,0.37919616525209754,0.16872284362367,-0.19808453800078882,-0.024291935174873568,-0.035134479255181934,0.05363049499811377,-0.03889385047139971,0.0023659464761065503,-0.0003541704960114815,-0.0016342942719031518,0.24787867103656575,4.515023469026465
4,12.5075246122535,14.8121043724255,16.6355721390439,18.4253939588031,17.7802272153418,17.2545545788268,15.3325293808935,13.2800884136296,11.3095381751726,9.72010049357112,10.0444271388888,10.7610943148488,11.449396878508,9.36891816579853,7.01785977064714,4.49579365844703,1.83564168859454,1.12169969835918,3.67192301046452,3.02912110095942,0.162115930339177,-2.99150043409418,-3.86267116358655,-4.12273675357079,-2.74543149276606,-2.61292883920149,-2.77969509349861,-1.15202474225973,-0.315862457112754,0.285023388512182,0.291836450436495,-1.51905752488491,-4.47392906936083,-5.80825686525209,-5.28660410008687,-2.40174292397484,-1.92770044344442,-2.26599837801101,-3.24319231473831,-3.52888599985787,-2.60810676768089,-1.80280694918235,-2.1374786367504,-2.85814948473534,-2.97914877217706,-2.22877273256322,-1.61257734887283,0.09407236284511288,0.1441380377088181,-0.5518708228082622,-1.5793828470587297,4.096837560731462,-1.3430608509101478,-0.7428330972131181,-0.20889027959437348,-0.043613813093009136,0.06948526218034934,0.09245053044717336,0.024549677032594773,0.019301840839836517,0.06699123354145337,-0.005397096811550906,-0.023202788469742736,-0.08509567352270367,0.037027069984051246,0.0038052197706817453,-0.048748436891964377,-0.019920424500062147,0.010837403850966789,0.02736730185594817,0.02501229801105563,-0.024057079378759737,0.00199626419297786,0.03974572404729155,-0.016832905586129095,0.018466369381819697,-0.003115452672381951,0.01308580150426125,-0.05467647270095382,-0.006835191809741844,0.023873288454007914,0.008832022140872017,-0.022513911608480697,-0.013286595606366063,-0.005551958446034669,0.033127846035886185,0.05543308912519731,0.01891597661732798,-0.0839084093762267,-0.03785969861884545,-0.001847343992258265,0.016257169170561286,-0.007083926416408098,-0.028397259472157713,0.687534916350706,4.215474731906455
5,11.8942386015728,13.9335265336515,15.4008024205985,16.8575717808202,17.2545545788268,17.7815954156753,16.5109288988016,15.1131097704242,13.7986470132169,12.821933876929,13.5368242130476,14.2688890246443,14.7639522636228,11.9725028534277,9.03890052924472,5.92132534191064,2.72410969081709,1.31003795984967,2.00177462024986,1.7280173254502,-0.170949522653382,-2.3204916480198,-2.48761813994388,-2.21165119108281,-1.37952650179052,-1.90385386309677,-2.72018035360736,-1.69766509350803,-1.56976273255453,-0.803940275495291,-0.748900034051426,-2.08209457513575,-3.4745306439845,-4.19498756177567,-3.98581473977543,-1.96165739331471,-2.0228708549057,-2.27513922200518,-3.2981023941308,-4.02889890115868,-3.34968530017494,-2.36165418406264,-2.53502124219729,-3.11019452007848,-3.21214870966913,-2.83817273531065,-2.49425027110942,0.07699575049878397,-0.04517958645807796,-0.08031072864310379,0.015818318068722807,-1.3409629558126925,3.2812736812662875,-1.7300040351692358,-0.45047101402642137,-0.06898680219863829,0.48374166805992896,-0.04433627311357383,-0.022341841114500962,-0.011968758110760343,-0.06951457043707278,-0.03651111798396826,0.0211699792764628,0.19569877450082135,-0.15401943693391465,0.05795536069929544,-0.010329934272821995,-0.012725121747106308,-0.06164400066172905,0.06140172431001334,0.14377153600145667,-0.20890353637998718,-0.03802901782113808,0.08107727068278599,-0.10178686451121936,0.2310990979830017,-0.2334763035696204,0.05613259096649027,0.03187764005290825,-0.05150827039719478,-0.03159128213787097,0.007905403999523506,0.09542697149830272,0.06616718675796408,-0.46445411213073023,-0.058334024931791656,0.5627464748952571,0.020653560638828034,-0.12434271200659616,-0.26255709274931177,0.08107239339575936,0.09945007837472714,-0.0025665622634991133,0.0021299183809640357,1.1938578283315127,4.215637011849487
6,11.5545738451041,12.9788251429287,13.5825959878521,14.2163684214925,15.3325293808935,16.5109288988016,16.9332917934695,17.1615870931087,17.4651706044894,18.0845736687111,19.1990458748478,19.7182667726291,19.8646940343386,16.0840619183028,12.2193094474863,8.19107373847404,4.10855916941224,1.85493868877068,0.248446850209543,0.445687237705047,-0.675959886343224,-2.0224769064939,0.37799384408911,3.03075213452519,2.44458576361322,0.666103541094732,-1.34986073858716,-1.83624743592863,-3.03559630446641,-2.94117949634238,-3.0077046136753,-3.7558301809161,-3.95730776541096,-3.78418772661305,-3.42987518287188,-2.02705412138681,-2.4904957459048,-2.54126103901572,-2.7653916424471,-3.13885124004363,-3.29686136536758,-2.71349237042364,-3.09017168413044,-3.45188604603902,-3.48733411742355,-3.54173392469106,-3.75641137577602,0.03954834034988464,-0.01721296290190323,-0.05832141138046418,0.050796662177994716,-0.7447949495264532,-1.7329765005676125,4.7520228146096155,-1.6642912231422546,-0.39344941049090304,-0.07877844608517065,-0.08104347804771767,-0.07263533305469548,-0.01190200054395337,0.09469836993836694,0.012876666340115186,0.020277464815743152,0.03600278505781785,-0.06883103211849614,0.03556054103815409,-0.011029918978483197,-0.0027845296519688556,0.000964447137933469,0.0496058925737869,0.04587616435901597,-0.08291607308022604,-0.023672615845896295,0.036889333964902314,-0.011910456986958258,0.17397458402223484,-0.04740298989940935,-0.13354789296842687,0.04748340378302326,-0.06800365904928878,0.009868551713305702,0.010877452547952545,0.030815804483453477,0.0034815854880536797,-0.09342699951489561,-0.009215830436533415,0.18226622692968925,0.07743223706519324,-0.03406851005258277,-0.06961642173596687,-0.03383697371438788,-0.022750200972321853,-0.06071664629935167,0.0960462304765541,1.387680740312319,4.11379287196979
7,11.4828977065845,12.1206230003937,11.7616215747814,11.5010219393788,13.2800884136296,15.1131097704242,17.1615870931087,19.1280305743795,21.0956564842289,23.356510728164,24.8984079432416,25.2491921953836,25.0748474125462,20.344176023806,15.5243516305894,10.5627570256066,5.54237564186559,2.41537419392171,-1.52539880914738,-0.74128925274778,-1.18773864443659,-1.82995821978364,3.25789243510344,8.39157352637838,6.49474670267729,3.57739449722605,0.448567277866344,-1.491896384836,-3.96591885573589,-4.64294393668047,-4.91940421230823,-5.29485094760529,-4.48685741421393,-3.48375537810568,-2.9810440650469,-2.19990483173527,-2.98510281000824,-2.83512236859495,-2.24893903838026,-2.25571307618034,-3.25873742767442,-3.17116286224363,-3.85954261941017,-4.11023922527815,-4.19319713076262,-4.73801108224179,-4.86029698825292,0.01647148010704825,-0.008775130652502183,-0.028242503141014882,-0.0028537953968946887,-0.20872798172162965,-0.441753389363014,-1.6635492805173346,4.868735209429065,-1.5526938444336795,-0.49863550213483554,-0.1993042650908135,-0.09118160127348947,-0.058883102750763396,0.005405505649493582,0.002400844848558794,0.0407364630868975,0.0262665377426834,-0.0021257008590827124,0.01189026982206683,-0.024201616629632782,0.001421194360861449,0.05137882347031239,0.0477734389155983,0.007948545980838637,-0.08109541727466414,-0.011583475600190614,0.046241310660804856,-0.0009879694837772242,0.07128195386892724,-0.007875136893742798,-0.08513799894498966,0.022306795394254425,-0.014329596240298038,-0.01459158377309823,0.012521415717349356,0.011904634751239393,0.028728014642784138,-0.004048073232243114,0.0001637293034728572,0.043922248176948765,0.03997790189640438,-0.005147940124825382,-0.02747932297390163,-0.046064507249105976,-0.0268108837610497,-0.002829077533693471,0.0893926616276551,1.5923237581132321,4.372417017437778
8,11.5472096489436,11.3669473875516,10.0333769961126,8.87220174003341,11.3095381751726,13.7986470132169,17.4651706044894,21.0956564842289,24.7919138889979,28.6862321701623,30.6579583967589,30.8459249434078,30.357980863935,24.6711095482678,18.8789341203159,12.9669173587171,6.98908316191414,2.98790820842239,-3.29675785540222,-1.90066329184689,-1.68281399613222,-1.63357434182975,6.16224387394726,13.7973104727945,10.6227615117423,6.59759579634409,2.3764007933156,-1.01634868112246,-4.77399976154003,-6.25365328086238,-6.77655018811431,-6.78175483774723,-4.95514784034509,-3.11707553080217,-2.47354207092713,-2.35340142740783,-3.49083671547166,-3.15235998229784,-1.77294990896494,-1.42670365976231,-3.27601139369211,-3.68323991642086,-4.67263585053385,-4.80515157104378,-4.93029415915364,-5.95639988920268,-5.92291883909154,-0.009226837663616113,-0.01274299924542249,-0.0034724654055276164,0.08605887391701748,-0.04747416489716007,-0.06974760652375808,-0.4106597919093414,-1.5542504808091109,4.716717776142205,-1.7722408056223595,-0.38387529582434277,-0.14672061003428935,-0.21126017128299304,-0.027360899386241734,-0.017624872626908834,0.009858118377776523,-0.013812688608425237,0.06946515913491257,0.020057152486812755,-0.08379400366004083,-0.003533812454720872,0.1130990931966361,0.1731372613303018,-0.011016642194038752,-0.19511737502596943,-0.015861665527058994,0.047985739425143954,0.019372705369893824,0.024740508096465937,0.02547520398555405,-0.10738017840512648,0.007415663711018114,0.014863091451962332,-0.058571031483547344,0.03613751931408481,-0.004930786989589738,0.016903987510416774,0.1038431550359975,0.009285555855546005,-0.04285519128849903,0.06233345000692762,0.04728689865980668,0.0008739628690578651,-0.135717055451253,-0.03718769039094389,0.0302714959317818,0.16872155637813055,1.7719667759141442,4.978143618759694
9,12.0537499796785,11.0788134977626,8.77152681699542,6.66279842322742,9.72010049357112,12.821933876929,18.0845736687111,23.356510728164,28.6862321701623,34.3171237115383,36.7370075331762,36.6856367691874,35.8032565412609,29.088258310234,22.2601265893652,15.3323396301132,8.33759276221213,3.51292754540385,-5.03381479141954,-2.93632058409329,-1.96892381867591,-1.18583323459639,9.36458372518372,19.5395834329891,15.0550414103516,9.89454775774138,4.55353704860102,-0.285352348256058,-5.37707179835499,-7.67435981953322,-8.45053324506686,-8.11972921633335,-5.54455892937329,-2.87246984119934,-2.1183420246196,-2.63377587486062,-4.09381078564764,-3.49779279580661,-1.24791024078774,-0.481711337985152,-3.1309617977994,-4.00782415139689,-5.25867808080653,-5.22759023358054,-5.34770985824599,-6.82454278293917,-6.47799052817728,0.0118153515332291,0.054734021626629444,-0.03679602340245359,0.011793916762756802,0.07036989562670957,0.4875371707630003,-0.08101037941633532,-0.4956090850267572,-1.7703110044162607,3.0977331052803208,-0.9641889105779481,-0.21357363494222734,-0.07800284709792693,0.08069689237963641,0.01786455168792837,0.033503918258194265,0.022013464754581248,0.1269280985284829,0.033397370566499635,-0.0477600451604384,-0.11714892240607425,0.016369031576406963,0.022504174410553367,-0.047497806538662785,-0.07813548295176634,0.04684591884795991,-0.008776535297995642,-0.0496862220733333,-0.11972954040462158,0.18512780929049197,0.022454350967441656,-0.0005105518007688005,0.059313915787258094,0.0017701992341136162,-0.010784013176031731,-0.09656849416143645,-0.05073275760166521,0.2500445743501485,0.011914202582773993,-0.28549054376390665,0.078316769408264,0.04821143638917794,0.10568471447956378,-0.07608300983603014,-0.034806722474104254,0.0895319136765466,0.000947799066687644,1.9897050318102951,5.8572283301522665
10,13.4255883645052,12.0401889341743,9.22032881964385,6.58829891483891,10.0444271388888,13.5368242130476,19.1990458748478,24.8984079432416,30.6579583967589,36.7370075331762,40.0709663880755,40.2087416292561,39.4665196882899,32.2737107595867,24.9889946767555,17.6232012012575,10.2144736584282,4.55981256016454,-6.07920212323422,-3.64879716417157,-2.18096318932514,-0.914437145835171,9.47411931793333,19.3880720300547,14.6364264371611,9.34813713498914,3.8344465061863,-1.01192692723611,-5.80825625060949,-7.74828424986395,-8.20813622398335,-7.60134049297249,-4.6920940380911,-1.94707964385778,-0.97049538314619,-1.94585142996513,-3.90006827281983,-3.34143565459546,-1.1708216203247,-0.829335714226074,-3.81964946981515,-4.76072269109935,-5.83032356315834,-5.63641446724049,-5.44249715671875,-6.92563477640876,-5.0101110023215,0.007836924447168712,-0.09176028813227147,0.008548828440275215,0.16620503515005078,0.09286885847152472,-0.043450481217291226,-0.08228140307127127,-0.19994331461922699,-0.3877668176861276,-0.964456117048766,2.4421251870181764,-0.9943220841261485,-0.03339441983806739,-0.02627198125197993,0.022339915751731658,0.12564530542312954,0.12129348217763355,-0.4613044045623735,0.11609517270774464,0.09546101737540415,-0.010033901608292354,-0.07275304144026447,-0.04717119963854463,-0.1256462759287824,0.1843328191837806,0.05381846276713181,-0.04568000699133351,-0.03635651225605652,-0.08488829680411093,0.04405700946722188,0.18966768366713646,-0.04378720150643735,-0.0014838972805901384,0.1511666229369838,-0.059007189117668224,-0.094108664968773,0.1548881601137893,0.017829971400664058,-0.12056219098842427,-0.026738538821266988,0.0006651605896125796,-0.0261667185246497,0.021579180611580005,0.092407154574778,-0.06556696988703113,0.10704199557976446,-0.20719970187430334,2.3270200072831657,6.32937330136843
11,13.9546723680008,12.1966095499624,9.6137033045412,7.34781680110312,10.7610943148488,14.2688890246443,19.7182667726291,25.2491921953836,30.8459249434078,36.6856367691874,40.2087416292561,41.3429336672285,41.2575583548136,33.960716579631,26.4975590362163,18.9537746202995,11.3320264861304,4.81721859564349,-6.38872969651729,-3.8660564028607,-2.33043952005135,-0.930683160549776,8.69479224673513,17.7341873727699,13.1884457048131,8.10941163675317,2.76295470749359,-1.34160351886681,-5.1481193335269,-6.441204976922,-6.41520126234964,-5.93471872334298,-3.01341895627249,-0.198110200523013,0.501731992238616,-0.80773833027967,-3.18258667207295,-2.9144565040753,-1.19928078134241,-1.15000261425314,-4.07459434757533,-5.03046463624292,-6.06750740615753,-5.96459493475818,-5.7530041581016,-7.02005505278131,-4.06788252435861,-0.060731009523003275,0.029870770482040836,0.02197505822605911,0.0623834832544856,0.023975360299905463,-0.026543071414350482,-0.07312308822899523,-0.08956964117647073,-0.14000133252130156,-0.212437263289269,-0.9921716933634248,2.647274789222355,-0.9863424105049395,-0.25818460104013746,-0.07521631756894151,-0.02038203514684124,0.048465902919752675,0.020472232927695448,-0.050005369527344884,0.058220997426346136,0.07885470063291551,0.056199314064102494,-0.2565595318856506,-0.02443604547808755,0.22506956944639867,0.02385506906936115,-0.052871094503151375,-0.06553488655243286,0.06627361457972221,-0.0035267604557306337,-0.07314452095877355,0.02343302924650085,-0.05337254744042868,-0.022608553678467667,-0.11547180011541554,0.3244364870286786,-0.12260402956029083,-0.031481382583982066,0.0016091807534908077,-0.007934765723856423,-0.02951426674440249,-0.1504140759832479,0.0026262565005799703,0.14927899397537195,-0.022088126677843496,0.0010171577335019273,-0.001391514874282359,2.082661101082154,6.429069424670146
12,13.5723937404897,11.8045439804803,9.85071224413282,8.26766914039011,11.449396878508,14.7639522636228,19.8646940343386,25.0748474125462,30.357980863935,35.8032565412609,39.4665196882899,41.2575583548136,42.3050889911372,35.1451389180176,27.7637807234129,20.2986588770573,12.7193853315189,5.28439842010325,-6.68449068092277,-4.15462332565847,-2.84003618507751,-1.60896606175948,6.67076304821396,14.4962471325803,10.3978333279975,5.71866212213163,0.705096271009969,-2.74618512480681,-5.47528074301849,-6.18161994759409,-5.73181035482949,-5.1322864032329,-2.13022017512808,0.9675978434431,1.95389866270094,0.639246763053218,-2.3929390182982,-2.66208182981675,-1.65902024602718,-2.13982672118942,-5.21882405352639,-6.25986028026662,-6.9609126066606,-6.67028171109547,-6.17716705411026,-6.88632784182956,-2.79719070641865,0.04031591268679765,0.02632634427402517,0.044174622598360316,-0.013722691160436283,0.027963479768280747,-0.006845353519354874,-0.010572731695389284,-0.05143892094282656,-0.16872074598298387,-0.07675075920094356,-0.025386302678138496,-0.9864096598957831,3.0616127855273714,-1.6909526018291612,-0.6407816644858865,-0.22156528437239975,0.05733218652574416,0.49879077175947867,-0.0888077064851645,-0.004556424473210095,0.02813327310599409,0.0076640774413014555,-0.023502525734839606,0.01792437197206371,0.19530226506925544,-0.006460668680211879,-0.240580240252227,0.00862646402841535,0.17441074322069286,-0.022352054104608273,-0.13068070950431693,-0.024799460153687863,0.09204823787140251,-0.09793011479479756,0.10720031315478581,-0.02614576145227139,-0.02586655054295756,-0.04943683718819195,0.10213936946313722,0.02552912552740867,-0.03136074634738906,0.027099327455238405,0.002940402335697418,-0.010715527146830188,-0.04561618412247256,-0.16446629575403662,0.042244911417416445,1.5835402901192372,6.503467459066525
13,12.6102494612068,10.3818176603513,8.48083813576259,6.95289975434341,9.36891816579853,11.9725028534277,16.0840619183028,20.344176023806,24.6711095482678,29.088258310234,32.2737107595867,33.960716579631,35.1451389180176,29.8341547307849,24.1093677196252,18.3004278872736,12.2892227544968,5.97057390408423,-4.99124858137741,-2.43035077140578,-1.72304823350961,-1.04502171045158,5.44451752127384,11.5634297993034,8.22036024911275,4.19899755009448,-0.16325353127867,-2.82380786813692,-4.51088071101216,-4.91592610993418,-4.39138314738123,-3.62790952927076,-0.974343073179482,1.61024619923401,2.87162611811838,1.36805673402695,-1.51438846755586,-2.0556204486165,-1.57240484622615,-2.3931743202906,-5.29929565490738,-6.5298697770325,-7.21848126763826,-7.11043592505338,-6.77569840825539,-7.25304832657813,-2.82257855564832,-0.15060314495230775,-0.010066498203062732,0.0764060038776421,-0.07346861095240909,0.06228031583198228,-0.0627440797933346,0.07986234570916594,-0.0008721322514693264,-0.030153734512988466,0.03890453273041905,-0.02724031497154001,-0.2612283170588488,-1.6930517871959603,3.8724069788188293,-1.6656186334424987,-0.3589532903319514,0.16595007916782156,0.08366659208023221,-0.042746394285972884,0.03135126360305586,0.05963109718047561,0.027719836204055617,-0.0018236045044224632,-0.056907426149738795,-0.015475064870584653,0.015345943028762512,0.10161084582211417,0.014413045040236666,-0.15252269260471704,-0.10871737072595983,0.13924693962765144,0.028141163532594063,0.046565687944106336,-0.0367276673254024,0.07647346567854502,-0.23242187779989232,0.10374836953023804,-0.008959660994959222,0.018093959230500212,0.04426129380260119,-0.10654306882784813,0.13375619812419468,0.012387951145975509,-0.06734929091286816,0.11918650628520439,-0.035427012240648655,0.008667109308963519,0.7008012455380876,5.4611495796017975
16,9.59796544977756,7.5146508784932,6.21718475485934,5.06419882278769,7.01785977064714,9.03890052924472,12.2193094474863,15.5243516305894,18.8789341203159,22.2601265893652,24.9889946767555,26.4975590362163,27.7637807234129,24.1093677196252,20.3286352499768,16.3754773070217,12.1305219806144,6.95002176908962,-3.05008227906979,-0.459654247136324,-0.402573198027254,-0.330192182325776,4.08047871780275,8.20095003708865,5.49732775927078,1.9760130694249,-1.83876524926302,-3.83145993845422,-4.64551172869996,-4.30062298449303,-3.28531126164549,-2.01073038664711,0.477594746917628,2.53492254810094,4.00511305306428,2.17096220410041,-0.692083853992682,-1.38993969621272,-1.35171983705313,-2.43266706232096,-5.0147863009815,-6.34535684488056,-6.92096602635109,-6.91695787047209,-6.71533323876812,-6.86732487292866,-2.33407786371899,-0.019350924029749424,-0.009185668507317384,0.011375951956818245,-0.040458043603841316,-0.004124170848564646,-0.022658041914545842,0.011314985638956514,-0.002950017482567537,-0.016874232238898338,0.009375528631319937,0.036110924554665,-0.08112242182571555,-0.64067183082538,-1.6672870203532366,4.850511874422719,-1.770567147595241,-0.4053410550121927,-0.18071724114655785,0.06839574756195649,-0.016430985687679873,0.019846427691487065,0.005733129842451473,0.045715651023783305,0.03707606714201028,-0.22816069468888836,-0.012159292569363583,0.2070695248353868,0.041977904340025574,-0.10925838591499616,-0.02792223868206763,0.029165655973337534,0.04279897225038977,-0.0016474095234684336,-0.0384537587578023,0.0006855843703735272,-0.039512325534160855,0.04871365040286167,0.006512354303738955,-0.012136416578161939,-0.020383565263769755,-0.03356414517124035,0.03264602064321699,0.014355712758212607,0.003691975536686957,0.10303347606806496,0.0038114837054629056,-0.038015817852691966,-0.29146160856687175,4.507619687814929
18,6.53764990406906,4.57098225356067,3.84189110965637,3.0223134581314,4.49579365844703,5.92132534191064,8.19107373847404,10.5627570256066,12.9669173587171,15.3323396301132,17.6232012012575,18.9537746202995,20.2986588770573,18.3004278872736,16.3754773070217,14.3587463149034,11.8941430582435,7.98908510415192,-0.967568581863783,1.60472100847442,0.914619350026121,0.287506205470226,2.49725527098873,4.49749624421857,2.42445026095311,-0.332657010586525,-3.33107413541293,-4.62626327297824,-4.57403230578911,-3.52942787174245,-2.07401728610611,-0.351824558591626,1.88367017976453,3.39863029628531,5.28105407083795,3.2706565863682,0.415958882444079,-0.456603227194178,-0.877693803219416,-2.24322572770824,-4.52178146271445,-5.95788626976438,-6.41669395290373,-6.51406547423902,-6.45407568640033,-6.3728275258744,-2.00963560162201,0.0816192414510251,0.010941599053271436,-0.030045107965818555,-0.07677506880737262,-0.024519385301522107,0.0225496939474427,0.01533132781868169,0.014174467020527345,0.008865479347014428,0.02939021635003089,0.12858621406215398,-0.020864556745969307,-0.21658833187560492,-0.35913502556423255,-1.7710981314474152,4.496156911867798,-1.6468196461166749,-0.5674037445569687,0.15847478816916905,-0.1165409419238566,-0.029239419876927644,-0.04938930280964944,0.01434683950633567,0.04212010058210735,-0.07549936067122018,-0.06426892377451497,0.0636437576176755,0.09867045120624802,-0.02404029361326197,0.009003892065877312,-0.010321671760920486,0.06316626596750718,-0.06149702747544254,-0.016091100644974467,0.009927371901876808,-0.017685218853534756,0.008976674773148023,0.007061379964771966,-0.06085431328340873,-0.08433335671885964,-0.005229139125015356,0.017582399862944183,0.013932279129936016,0.008296598495832726,0.12754261009626647,0.06545285346811511,-0.07534552135949317,-1.32261335156072,3.787973906312373
40,3.36226030426096,1.49781966834202,1.26333093290985,0.789802674804853,1.83564168859454,2.72410969081709,4.10855916941224,5.54237564186559,6.98908316191414,8.33759276221213,10.2144736584282,11.3320264861304,12.7193853315189,12.2892227544968,12.1305219806144,11.8941430582435,11.3384661278724,8.34993874510423,0.0430552252932938,2.30391337727991,1.64837566290225,1.09258332219079,0.916428029592584,0.614303178501682,-0.875458713085177,-2.89545943834303,-5.09745587568412,-5.6445586274497,-4.66563846232635,-2.92937196356511,-1.0646519953768,1.35668371911628,3.58247125788898,4.58302863300196,6.79523362574415,4.53067850101509,1.58607594752166,0.47658317514451,-0.489011247601161,-2.2628875726796,-4.30125601326206,-5.60224852656363,-5.69613844895529,-5.66926111878983,-5.52372709900557,-5.3315472429006,-1.50566409554809,0.058930844414379104,0.033627468334504355,-0.026798662291095184,-0.1414631268761743,-0.08428513377856507,0.19997422824149583,0.03778301416103691,0.024672338145343815,0.003084836614950204,0.02715532645056985,0.12140398305511166,0.048957777681413836,0.05594791835449021,0.1622821312925684,-0.40492901972573336,-1.646790457142434,2.724926294595828,-0.976904103202952,0.22329443520741485,0.08671602029501799,0.006627887596560913,-0.07596106885962593,-0.002686898296189811,0.02439462784529588,-0.034810202159307094,-0.06782909638913451,0.04522336385674005,0.14823229766345808,0.028276755480342735,0.09929176678570754,-0.11611920498527378,-0.05434852173058218,-0.14469381930222963,0.12622996361990563,-0.029999812171374186,-0.003393683004900728,-0.13769473961166886,0.07858444841820893,0.012363369033584077,-0.024870760334674096,0.14204277697839668,-0.00943254353757175,0.00252509442024528,-0.051210010551127845,-0.17138962354274737,0.2418088877542305,-0.05852818182260671,-2.4278391686286427,3.365778680762061
41,4.11133324059534,2.44494729344268,1.81828610470984,0.737652779101101,1.12169969835918,1.31003795984967,1.85493868877068,2.41537419392171,2.98790820842239,3.51292754540385,4.55981256016454,4.81721859564349,5.28439842010325,5.97057390408423,6.95002176908962,7.98908510415192,8.34993874510423,10.3061216975069,7.82014573567386,9.90339317299005,5.51644253361424,1.19982517617149,1.86763676173091,2.34343824414646,1.09405628350483,0.263081638245011,-0.606069466392789,-1.17355399869775,-1.0206996220458,0.174428754922735,1.47669402072535,2.83613449956427,2.48287827184357,2.66362298603662,5.50017668194608,4.32123681068349,2.47630196128683,2.17334245628034,1.98195639299318,1.26999273534995,0.291951966828842,-1.17226531417433,-1.73557863126844,-2.16861812279525,-2.5102566836467,-1.81491160269793,-2.18465843294483,-0.008912537807468361,-0.14364369716634365,0.015225353601016815,0.3476576843965473,0.03656533618455556,-0.1517095511926689,-0.06544531562187934,-0.005027469178443717,0.06605839042239879,0.12713954211169176,-0.4614047867296728,0.021322482078512995,0.5027837664747418,0.0834113280345976,-0.1783691515794616,-0.5679977646000774,-0.9776764692904335,2.288990265923194,-0.6225557101774566,-0.2131723992182586,-0.12849923088639992,-0.004748521411841175,0.06502883565577293,0.04860573372983088,-0.01958682642053097,-0.011231275498195314,0.015411203473996977,-0.08232731908988986,-0.02235159894923858,0.012633994694998082,0.08059737522909084,-0.07879804441780272,-0.05047689562462432,0.36350182097704925,-0.41741733651642426,-0.05007653362619898,0.20962938506431636,-0.02610931422282565,-0.2474439538346715,-0.0024228991543056547,0.10650790634130629,0.027711823836293052,0.015225021815873778,0.05789284161930477,-0.03653601272978156,-0.12375933151503668,0.10079483308413907,-1.8509221285537076,3.2087570331059436
42,3.64396214228138,4.24586456238036,5.05279067373513,5.18332737180491,3.67192301046452,2.00177462024986,0.248446850209543,-1.52539880914738,-3.29675785540222,-5.03381479141954,-6.07920212323422,-6.38872969651729,-6.68449068092277,-4.99124858137741,-3.05008227906979,-0.967568581863783,0.0430552252932938,7.82014573567386,19.670529866911,19.8133964917021,9.29544166647694,-1.22521848814793,-0.132185394354675,0.646500804237149,0.652717872408545,1.81355869838059,3.18818811690597,3.72015942439841,3.79135292529054,4.61022592623131,5.37828607392001,2.64316322636121,-4.08837778520428,-7.09846139774367,-6.61307500023655,-3.32291082841154,-0.506994777730006,0.282996414752269,1.02304782575872,2.79045345108372,4.59764419926739,3.71967278021078,2.33393339621152,0.960226781546238,-0.384681465282931,1.53596793357525,-0.307649629179907,0.1739740481011504,-0.1872439413946793,-0.04870481504114351,-0.0706265407172491,-0.0035633144502751676,0.04539677098919416,0.0290869377182651,0.011342361833632153,0.025611878200101017,0.0350095906554837,0.11613468482553768,-0.04877433229733546,-0.08730890968192237,-0.04113700107457206,0.06770512959796304,0.15821149930594777,0.22279833424794693,-0.6228581170828387,1.371602371055407,-0.7173899167278949,-0.14440870557311578,0.4305478285813662,-0.11546688402849424,-0.21084474856874624,0.11203908463342425,0.1965565117409068,0.012070294660135547,-0.15445030791244926,0.11183762550399737,-0.013960707021120861,-0.13727695129343476,-0.023223978639128378,-0.18992515800244494,0.17263371776373151,0.12604516664513085,0.024889136045407843,-0.21358123028920872,0.04617873607588025,0.3894971494438202,0.04079141458200133,-0.05721776649683096,-0.04187056316558011,-0.005910074525223849,-0.04219824348466337,-0.00298448886384293,-0.16499791184216853,0.15702496158709917,-1.9882908027644868,4.434019606058478
43,6.35670307114066,4.73511266528075,4.88917275800176,4.16622060928763,3.02912110095942,1.7280173254502,0.445687237705047,-0.74128925274778,-1.90066329184689,-2.93632058409329,-3.64879716417157,-3.8660564028607,-4.15462332565847,-2.43035077140578,-0.459654247136324,1.60472100847442,2.30391337727991,9.90339317299005,19.8133964917021,23.2358242543548,12.5145355357895,1.76254385444178,3.46979059360749,4.6512349090651,4.19217415659121,4.41480507705448,4.74558780028429,4.61163718084045,4.55747889620443,5.71426038967703,6.82566782633827,4.46085418672992,-2.41986846937521,-3.87752262695452,-4.09165608621651,-2.42813345976408,-0.363660935593785,0.731195582701583,1.78181486420932,3.3556335826591,4.89703500929319,3.51708536583914,1.97493259992313,0.488580772532711,-1.15349663689633,0.753612102420405,1.21540591776851,-0.2076011506252282,0.25236457230689163,0.03615159623463664,-0.04057470657055715,-0.029750642829386092,-0.006893090677209678,-0.008284750046383552,-0.02222680456776181,-0.07756734626501112,-0.05239619373409751,0.09250012469207045,0.05803735773575473,0.004886508638050432,0.039411804920541256,-0.015935638012342733,-0.10983712096629214,0.0852798895993337,-0.21005212986802654,-0.7184988724517066,1.7589765239097341,-1.6727426512652814,0.5223734123314546,0.15019819371704043,0.07434164395646148,0.0034651311643699757,-0.12169165229563281,-0.1749199529668005,0.16233237458529134,0.005021472019984464,-0.023232574724557732,-0.0015052266267788629,0.04980454859570791,0.1948596174799541,-0.2955834236061184,0.12497390031378001,0.017721026235135003,0.10200002800068339,-0.02230907833532463,-0.16595150597536729,-0.031458248891651275,-0.09451627405101706,0.0347918477190236,0.004930880258052814,0.025893520493077086,0.15031507361430016,0.008199593641710193,-0.09378473316104838,-1.26904572036151,4.819317820434212
44,4.7817855855765,2.66366795384919,1.72910575176362,0.366963181669343,0.162115930339177,-0.170949522653382,-0.675959886343224,-1.18773864443659,-1.68281399613222,-1.96892381867591,-2.18096318932514,-2.33043952005135,-2.84003618507751,-1.72304823350961,-0.402573198027254,0.914619350026121,1.64837566290225,5.51644253361424,9.29544166647694,12.5145355357895,9.99390114163778,7.27318512217341,7.48789154938323,6.86093845141507,5.57518118903076,4.27126444580358,3.07792972988415,2.99290129222589,3.20001600341102,4.33985001146345,5.30406652458001,5.35793734479531,1.88382592962634,1.96482407469402,0.147543874263224,-1.21919694040764,-1.02755778704858,0.151106490845025,1.14147419477052,2.05642743202004,3.2270951465706,2.93758427172846,2.83917663502449,2.68895015074326,2.02830211924405,2.68532527414312,1.25476563697175,-0.06657693720279474,0.09567098820901222,-0.0517475768140523,-0.030223206492272916,-0.017004635137138825,-0.013984068330826473,-0.002767065053707727,0.0011256415156710785,-0.003956999837123963,-0.12647312211488163,-0.012503764817272398,0.07025198810806153,0.027226293475846465,0.03600043909236693,0.003209177590507728,-0.030240195336864926,-9.339822825727743e-05,-0.12451072456156788,-0.14267972908457083,-1.6754726805835518,3.9286484045963355,-1.7453540254677777,-0.33879407747119306,0.08116802227102528,0.08924884846944021,0.019943419476700728,-0.009226296893706055,-0.04392060434279299,0.011345623752713337,-0.012925086443394237,0.02960391163421834,-0.013483311379905114,0.0894490850451185,-0.07962869301721745,0.005835524702164249,-0.001989056725269966,0.052148278134048424,-0.041653322984416534,-0.02980017687542203,0.003042552054030421,-0.051800163506505174,0.018215064526018246,-0.01330021387414856,-0.020522486921363322,0.057498002937937547,0.010968364687810987,-0.07596499272252719,-1.4386895268474214,3.1597311818630676
45,2.90871118155216,0.258227067379056,-1.7739344600439,-3.74989062626517,-2.99150043409418,-2.3204916480198,-2.0224769064939,-1.82995821978364,-1.63357434182975,-1.18583323459639,-0.914437145835171,-0.930683160549776,-1.60896606175948,-1.04502171045158,-0.330192182325776,0.287506205470226,1.09258332219079,1.19982517617149,-1.22521848814793,1.76254385444178,7.27318512217341,12.6351609195402,11.2874790235971,8.78177065030057,6.68511651492913,3.88532106034962,1.19989739943637,1.15364885302052,1.66375720997425,2.78538472478749,3.59643515107625,6.12057566391472,6.31436928538363,7.94463237708606,4.53508513999362,0.0884213923377806,-1.6382322755063,-0.430514574104162,0.441192050228808,0.644799835355317,1.40604391662713,2.1798122441791,3.48054667860082,4.61773077852457,4.90376778018384,4.28237695638041,0.783106425220212,0.002969868299277807,-0.01688711827577572,-0.1383316495743838,0.1288974799662928,0.010312291222660173,-0.062253284328328974,0.0008846864484836766,0.05215090623927701,0.11553016177094881,0.015925457782727078,-0.06984995581540368,0.06176235580924977,0.028350497871079846,0.025148237747796516,0.004875212761759173,-0.033799324259641196,-0.07424067545087894,-0.004357476587288375,0.4278666509039149,0.5192267888694011,-1.746227518139575,2.1983172608659642,-1.3403436379195157,0.40384858368179405,0.13490547872273018,0.13347254887227403,0.13386999075613668,-0.15539036678646348,0.059811152384685394,-0.06775584176865478,-0.035227004966611915,-0.09121848599897704,0.052851792487588554,-0.05047721134454954,-0.03804559192567072,0.05823812015944246,0.14922342013959705,0.026641886305145114,0.05028188932520586,0.09630527924546099,0.0029595558247153112,0.05213405540116818,-0.07174464640770889,-0.09047251292744714,-0.1098460901307135,-0.006230983067255761,0.16505500355796365,-1.6533333333333333,3.553190245334498
46,8.08895659517036,3.36948553211081,-1.25144045263309,-5.14685860349255,-3.86267116358655,-2.48761813994388,0.37799384408911,3.25789243510344,6.16224387394726,9.36458372518372,9.47411931793333,8.69479224673513,6.67076304821396,5.44451752127384,4.08047871780275,2.49725527098873,0.916428029592584,1.86763676173091,-0.132185394354675,3.46979059360749,7.48789154938323,11.2874790235971,25.6177104086845,38.298110231235,31.6689013608156,23.5667504839865,15.5350909871819,9.4519434244527,3.79785351121631,2.75990624827093,2.8447913571043,5.68427591134651,5.17403052202239,8.96154029111584,5.63377885867971,0.762815045290117,0.0070117491593088,2.74161745967405,6.68256591606772,9.27729490799537,9.06631255113376,8.69661065451424,8.69041503551084,9.84400826266875,9.75287535325169,9.27475573181143,2.9891496800199,-0.00752821288151686,-0.015340973835429372,-0.01842894775282288,0.013059733080296827,0.025932454953143606,0.0573074349769405,0.04453863968310364,0.04688484994075216,0.1738828101115857,0.023013112883972155,-0.04710007336682928,-0.25924423577908245,-0.020946856286647657,-0.004898054018387618,0.037897118516733164,0.014705037371475146,-0.002307221471453454,0.06477651743782337,-0.11349007968116366,0.15447734597294996,-0.3358799257958818,-1.3421689942429107,3.17173911253637,-1.3306306438169806,-0.27171925763622934,-0.05614306856491041,0.04498619821502868,0.02867865622643476,0.07747506109698953,-0.013291861795399151,-0.1067333336010629,-0.003534533087067846,-0.06508665036158771,-0.023943068296971674,-0.011106090421470337,0.1223440254280238,-0.05651708819046987,-0.005839437222696809,0.02733684381569146,0.10605151933988471,0.020966296672685066,0.029686912363540405,-0.030956171756544294,-0.16417375850458055,-0.04674340110927861,0.0710078282084593,0.07953750482314281,-2.322777777777778,5.060406150565837
47,12.8911341338593,6.51711366002839,-0.292178042448654,-5.76796469477068,-4.12273675357079,-2.21165119108281,3.03075213452519,8.39157352637838,13.7973104727945,19.5395834329891,19.3880720300547,17.7341873727699,14.4962471325803,11.5634297993034,8.20095003708865,4.49749624421857,0.614303178501682,2.34343824414646,0.646500804237149,4.6512349090651,6.86093845141507,8.78177065030057,38.298110231235,66.2356117496807,55.3583282255228,42.221282327746,29.1030613425197,17.0363112895142,5.21426259174943,1.95170666905823,1.23697421131156,4.39241698457289,3.20661829093454,9.30739905175681,6.81817979000723,2.09597897204272,2.28266702040258,6.38654224326381,13.223341334977,18.0619330903343,16.7439009355079,15.1621887776158,13.7889355855991,14.8787483416817,14.4752441784263,14.2364174041052,4.75650275383435,-0.004524714243260869,0.017134720425183964,0.06246338315865501,-0.16423505983432804,0.026529817000147612,0.14762676726293847,0.04535069737026997,0.008236570191301812,-0.0104208381339481,-0.04676935504816619,-0.12599409095033431,-0.023096552688427828,0.014944146135073,-0.057111090549837866,0.039279091226210955,0.040201629604932204,0.02651504056481808,0.04973324649622924,-0.21301973312810235,0.06611776409418682,0.08192943893408532,0.4033040154109826,-1.330593397671692,1.7186078596351726,-0.9357768379464471,-0.24155073594097254,-0.06914355748421941,0.30572257239702944,0.04005107157051157,0.044947778607727557,-0.009718706159084389,-0.021746325095707265,-0.025457725114866478,0.006492196931962464,0.16751322507771463,-0.18718090185278968,-0.09667025273503567,-0.06441609535626512,-0.04654438108437753,-0.02329860273921897,-0.0065195781018670615,0.007591419822878893,0.059854058720800685,0.04470101535063672,-0.0492975314877184,-0.009198420585695795,0.005004875748801947,-3.145555555555556,8.137912001839336
48,11.8055749123823,6.54188246899043,0.776466533403185,-3.77890542723876,-2.74543149276606,-1.37952650179052,2.44458576361322,6.49474670267729,10.6227615117423,15.0550414103516,14.6364264371611,13.1884457048131,10.3978333279975,8.22036024911275,5.49732775927078,2.42445026095311,-0.875458713085177,1.09405628350483,0.652717872408545,4.19217415659121,5.57518118903076,6.68511651492913,31.6689013608156,55.3583282255228,48.2869109195402,38.4990853152709,28.4577124144973,19.0847086605618,9.19814470287772,5.4748995602412,3.8689351249116,5.47091837221802,3.7849542889787,8.20796283698112,5.61326265021342,0.797254100614846,0.871196280821864,4.56725361592959,10.5210066381758,15.1088184563529,14.6665412614906,13.3361883954747,12.0131773153016,12.6623576371583,12.0069078765018,12.0437513418659,6.24005790178972,-0.11354431532301976,0.043498293308924026,0.12643153438221524,0.08770839380501766,-0.02277918467568136,-0.20765937649329785,-0.0783242258207493,-0.08026744512699278,-0.19118471750818328,-0.07409486137727293,0.18246683078145137,0.22375184380667884,0.19366663600132308,-0.01445032000822514,-0.22189289574504617,-0.0739871212286093,-0.03542834039916076,-0.019131424923240947,0.11823102311149018,0.004867195985772855,0.09872320868119329,0.1319514999185593,-0.27214659091599014,-0.9369842647552641,2.203659002452861,-1.2441357646078162,0.3821173969548905,-0.2105425151827204,0.003163866404329489,0.03757582917162291,0.020245305169476615,0.024493872466529166,0.10928929659285956,-0.1147210574623909,-0.1523072696289717,0.29270655258329303,0.09116036535234867,0.06507975638355626,-0.02679407010389913,-0.19767809078588708,-0.04418588760080709,-0.017366212715979944,0.013074454670908908,0.013374527356531695,0.20508491652830285,-0.14615052095200728,-0.07758134713426204,-1.9916666666666665,6.948158815077576
49,10.0849483023716,5.76355210769525,0.915549615653504,-2.88428033477931,-2.61292883920149,-1.90385386309677,0.666103541094732,3.57739449722605,6.59759579634409,9.89454775774138,9.34813713498914,8.10941163675317,5.71866212213163,4.19899755009448,1.9760130694249,-0.332657010586525,-2.89545943834303,0.263081638245011,1.81355869838059,4.41480507705448,4.27126444580358,3.88532106034962,23.5667504839865,42.221282327746,38.4990853152709,34.1399747765006,29.1554289686311,22.6849694171378,14.7745403046224,10.2824029995169,7.47176719526193,7.01644954569198,4.04708623523778,6.50649763190913,5.22759704374621,1.54602515689958,1.48265038992726,4.49980539443949,9.31699999456249,13.3716459103641,13.6205597445049,12.4923823535118,11.2323763388731,11.4491840461605,10.4211659731014,9.94185284261782,6.29008617297832,0.014066304495455127,-0.07158840800706612,-0.003686850857131608,0.05271478036888374,-0.0005674107390669553,-0.03930377364507285,-0.0321087768192492,-0.013567350633982681,-0.016712225081757386,0.04243730380148276,0.05044451061716436,0.02871754889251164,-0.006506783418972444,0.01553551636627036,-0.011489228423927564,-0.06518641968853656,-0.07253433835869438,-0.012401642457653423,0.19394470500296318,-0.12628875279371074,0.020180186728335985,0.13471615252316468,-0.05581373945525202,-0.24178055961122213,-1.244172178950506,3.160332653133212,-1.389576479799471,-0.3354769836509295,0.06604455059711067,0.007846629347917976,0.024971782950308233,-0.05702369619363773,0.06954058444425172,-0.016284185619941723,-0.04549763533136625,0.05494332400208645,0.06080697090235909,0.01635315804984615,0.0032788218494636014,0.03824378071140088,0.033007003814668576,-0.028905326054858734,-0.025608908803492873,-0.0174552445599778,0.0018986686746987524,-0.009295799573421816,0.008479664110861774,-1.0405555555555555,5.842086508816918
50,7.78864685247538,4.49694815600294,0.654167828215609,-2.33447943247357,-2.77969509349861,-2.72018035360736,-1.34986073858716,0.448567277866344,2.3764007933156,4.55353704860102,3.8344465061863,2.76295470749359,0.705096271009969,-0.16325353127867,-1.83876524926302,-3.33107413541293,-5.09745587568412,-0.606069466392789,3.18818811690597,4.74558780028429,3.07792972988415,1.19989739943637,15.5350909871819,29.1030613425197,28.4577124144973,29.1554289686311,29.2437688378033,25.6175672929625,19.6833371469242,14.5782414555713,10.7332856427039,8.36265455842702,4.3140593225522,4.94044054479911,4.94310610470661,2.4831006018084,2.31104776351686,4.69237566339329,8.42995832686719,12.0262492243893,12.9917709497043,12.0849509370403,10.8791028270045,10.6717259417949,9.29539731746675,8.34603326443159,6.13908753883519,0.09448791952776996,-0.13716114248711148,-0.10389164907207958,0.10303549764497498,0.04044110252450271,0.0824709954457752,0.03650188280767526,0.04880454067057119,0.04948878545801876,-0.006651661142369782,-0.04635366768882896,-0.05122175990666474,-0.24071963231329171,0.09999362289487027,0.20645268808600925,0.06121529556902601,0.04437308442097419,0.01622987670626077,0.014617415272999899,-0.17216157983014133,-0.0100754982381811,0.13212641365707606,0.0442461586032205,-0.06856360122602156,0.38185927065785064,-1.3900251216217976,1.8753095130330626,-0.7324228128396498,-0.08262245735478903,-0.004452663631303424,0.24182185881265048,-0.07429467225067485,-0.0011568545866387989,0.05611958143544466,-0.06644352123076025,-0.17060645495313048,0.02739236079540449,-0.0007364749470018538,0.056974710005749676,0.19745872219572067,-0.06911185556664419,-0.04193457919064625,-0.07269813602152128,-0.02708938450501891,-0.15037584109921087,0.2180804185100515,-0.05358158498420469,0.052222222222222454,5.406826133491193
51,7.54042869439467,4.45764746244143,1.84267525218001,-0.0404325283118425,-1.15202474225973,-1.69766509350803,-1.83624743592863,-1.491896384836,-1.01634868112246,-0.285352348256058,-1.01192692723611,-1.34160351886681,-2.74618512480681,-2.82380786813692,-3.83145993845422,-4.62626327297824,-5.6445586274497,-1.17355399869775,3.72015942439841,4.61163718084045,2.99290129222589,1.15364885302052,9.4519434244527,17.0363112895142,19.0847086605618,22.6849694171378,25.6175672929625,26.6631609195402,24.2743103714478,19.9405476828461,16.3707817606206,11.8939929819233,5.53839517701741,3.96942854966783,3.87128316034539,2.34541356423787,2.53776275715595,4.4027999630911,7.07056098410551,10.0014860195771,11.6522094152649,11.1504882450474,10.1000300388278,9.47221400689576,7.80122466788043,6.72037623405467,7.24688385150774,0.023818147753327,0.2071342031319021,-0.16143209391290375,0.03743744861022795,-0.017195831133773064,-0.10007949519396975,-0.010849281889095562,0.0008334443783256506,0.022108046740867224,-0.04944952577375332,-0.03580571055260371,-0.06554778902703742,0.009275007565422351,0.014427463080084269,0.04121095902313931,0.1023939234000055,0.15356747850840882,-0.08005460504346121,-0.15947401990316623,0.15745705225350937,-0.045112359410281695,-0.1539495825483179,0.028906662083267334,0.3056208250455937,-0.20929900401301096,-0.33620528715564396,-0.7328774180259857,1.883992825921315,-0.732419647827122,-0.2685991629456152,-0.01893550538085426,0.15202603287126837,-0.18173381974785102,0.13285975057883578,-0.003805898315581373,0.04931150163064811,-0.09356023438878754,-0.023506563135478845,-0.05384510557080568,-0.28898235387654947,0.04908196999562477,0.1501525524759303,0.14165714080956374,-0.010639566051558427,-0.027381139643341997,-0.019554540291930524,0.0347466387980399,0.8333333333333331,5.162669940984047
52,8.44569145993503,4.9082008827074,2.79060899382883,1.59919119657563,-0.315862457112754,-1.56976273255453,-3.03559630446641,-3.96591885573589,-4.77399976154003,-5.37707179835499,-5.80825625060949,-5.1481193335269,-5.47528074301849,-4.51088071101216,-4.64551172869996,-4.57403230578911,-4.66563846232635,-1.0206996220458,3.79135292529054,4.55747889620443,3.20001600341102,1.66375720997425,3.79785351121631,5.21426259174943,9.19814470287772,14.7745403046224,19.6833371469242,24.2743103714478,26.6098007662835,23.7404451835883,21.1210064004446,15.6252417578054,7.43269298425282,4.49037280677391,3.83533935721274,2.45447746225828,2.48447919629436,3.59017986613866,4.92026512544029,6.9134981593701,9.06638897301243,8.97105317394809,8.34200791396746,7.54881819502656,6.05422406531277,5.29195270067869,9.94367940952373,-0.17577351629756993,0.04254939504995979,0.1605563866933369,-0.3762609116789696,0.01748058432312399,0.22657251769092857,0.17360428824520097,0.07486229798579086,0.030206580773248556,-0.1197226373795383,-0.0820325783314424,0.06932286160374107,0.17642328254870301,-0.15143188433939575,-0.11401071390722603,-0.034335625013781505,0.028270262817935907,-0.02519273066643254,0.11410164782634373,0.009408019677621365,0.012152579443669886,0.058344396396460635,0.07582722838870654,0.037852594345622645,0.0029830962722551583,0.0635345162005148,-0.0828585914323713,-0.7321296100786091,1.9428021571917122,-1.4869632181125867,0.13274221978801753,0.10143210867546158,-0.012428142534863084,0.016011662152193674,-0.030665379264103974,-0.020581903062598866,0.17308894111348497,0.149984862679687,0.000677793829546802,0.01132457620843864,0.0021290277590347967,-0.014009425003359298,-0.024933825495326817,-0.03572516327914129,0.011802371636693208,-0.10936236574175436,0.12961625221000547,1.1233333333333335,5.157499468374525
53,7.21317370741274,3.77027669330652,2.48109949113149,1.77936387400918,0.285023388512182,-0.803940275495291,-2.94117949634238,-4.64294393668047,-6.25365328086238,-7.67435981953322,-7.74828424986395,-6.441204976922,-6.18161994759409,-4.91592610993418,-4.30062298449303,-3.52942787174245,-2.92937196356511,0.174428754922735,4.61022592623131,5.71426038967703,4.33985001146345,2.78538472478749,2.75990624827093,1.95170666905823,5.4748995602412,10.2824029995169,14.5782414555713,19.9405476828461,23.7404451835883,23.908872605364,23.6077716510966,18.7348900672681,9.61616292554571,6.88623466952354,5.78281466420987,4.37602932191039,4.32625881032288,5.20608369481485,5.66294684456972,6.7457436824788,9.16884961579788,9.29754848096897,9.08571793256214,8.35606142569188,7.13118441815091,6.91220831127362,13.3129953766025,0.015513363133751203,-0.1517048838117719,0.11518964470691744,0.1565304424107602,-0.003747474508206518,-0.23974981850348745,-0.049071780068124536,-0.009391448361785674,0.023079640617226435,0.1603400442705616,0.041791980883282905,-0.0041543275241400345,-0.02366145895734634,-0.11432049600316255,-0.02919298314847942,0.009626849960733246,0.1101419383944914,0.013734967939920599,-0.012994739793089087,-0.01575245803460461,-0.012257364674208763,-0.06625366894099166,-0.011605601281751244,0.04514824277535002,0.0415975842855039,0.008073120419016469,-0.004429557575389953,-0.26680102587094445,-1.485206143101624,3.5901664641575377,-1.5539267330521083,-0.1927744631608272,0.025178402883958242,-0.018729964372621682,0.022263742312695938,-0.019751102372123536,-0.033504230707448436,-0.1328073120851352,-0.05278926062559251,0.31062007248017837,-0.01923968142627008,-0.07523177305614925,-0.17407174940855383,-0.030094779356367892,0.13603594787509568,0.06713478285941012,-0.08645317639065944,0.6783333333333332,4.888647318570239
54,6.08979787816378,2.60297112029645,1.91931968316404,1.49745422638345,0.291836450436495,-0.748900034051426,-3.0077046136753,-4.91940421230823,-6.77655018811431,-8.45053324506686,-8.20813622398335,-6.41520126234964,-5.73181035482949,-4.39138314738123,-3.28531126164549,-2.07401728610611,-1.0646519953768,1.47669402072535,5.37828607392001,6.82566782633827,5.30406652458001,3.59643515107625,2.8447913571043,1.23697421131156,3.8689351249116,7.47176719526193,10.7332856427039,16.3707817606206,21.1210064004446,23.6077716510966,25.5343247126437,21.2061323011686,10.9424623571788,8.50659469132548,7.15724233158044,5.84149055193815,5.84604333897421,6.66625134872486,6.85240416768827,7.59826691738533,10.0046271689165,10.0372385324468,9.96102125274884,9.27874760273925,8.28887407377572,8.58014442355485,16.31715504538,0.09191548054912763,-0.069521977143448,-0.0614368223818335,0.14517403404590168,0.013800772228914343,0.05801164684228035,-0.1292590791171855,-0.07935909380493607,-0.09374627998524108,0.02176106295120543,0.19612418575790705,-0.07144383131145848,-0.12947851105240174,0.1417055832899454,0.030840214063464235,-0.010670075124080225,-0.11989659237437357,0.07809569733049433,-0.14064042955504055,-0.0038477914763686547,0.021248842936568632,-0.037626090884081274,-0.10086597591009154,-0.007371979494416864,0.01900958498361103,0.024049617570971932,0.24121073033681054,-0.018852422777996026,0.13399878670542395,-1.5551791438859097,1.8558336387369851,-0.4806434436746488,0.1159271905150158,-0.09654486526128521,0.12269633360626436,0.021460401443017547,-0.2259218231952247,-0.0027704718829066385,0.05265024294642172,-0.17823899268674626,-0.048511616911597034,-0.02924418201182041,0.033417605972595237,0.01434394393034733,0.05388493874737051,0.0999326471107167,-0.18593235982727388,0.10833333333333334,5.0521604005260645
55,3.93445683193741,-0.11000718246879,-0.677004377020523,-0.998678167788621,-1.51905752488491,-2.08209457513575,-3.7558301809161,-5.29485094760529,-6.78175483774723,-8.11972921633335,-7.60134049297249,-5.93471872334298,-5.1322864032329,-3.62790952927076,-2.01073038664711,-0.351824558591626,1.35668371911628,2.83613449956427,2.64316322636121,4.46085418672992,5.35793734479531,6.12057566391472,5.68427591134651,4.39241698457289,5.47091837221802,7.01644954569198,8.36265455842702,11.8939929819233,15.6252417578054,18.7348900672681,21.2061323011686,22.9719300766284,17.8975830603812,17.6422534623577,16.1239284310979,10.6950740137126,7.01158632186201,7.31728257193519,6.94443001488482,7.0287282207765,8.67365258438084,8.81725661691259,9.91465617555748,10.4899025651698,11.1155550405236,12.4076055213836,15.7072291323363,-0.08953970310591101,0.15775142735164335,-0.006609668873379954,-0.11999116755205494,-0.05377613996568203,0.03361071762771431,0.04588745692825309,0.01909881220602557,0.00701616595941478,-0.002058003419427717,-0.04535354175917813,0.022554294275984908,-0.02500934282097726,0.027871959320625254,0.04269305943643588,0.06368249195250318,-0.05447037830831654,-0.07740402054234524,-0.022092038419698402,0.05366032333933228,-0.012192462359373128,-0.08960132023918303,-0.005891433770371939,-0.02309384819858141,0.023786817629351087,-0.057831883478297486,-0.07410080512981337,0.1520485518124881,0.10128396551073948,-0.192987413156103,-0.48086141659053006,0.911180269851362,-0.257906687089718,0.09047650752876693,-0.10309090688673246,-0.07022096411267399,0.09159436541766673,0.0326959512103073,0.006102108175490138,-0.03818431795438994,-0.06625747298500985,0.021625660175898596,0.08172294444227587,0.09146832368613578,-0.15509180185694182,-0.0006044333793454689,-0.02354154721892034,0.40833333333333344,4.791860815656936
57,-1.06901943613386,-4.62884833848307,-5.37039822888182,-5.64360880289522,-4.47392906936083,-3.4745306439845,-3.95730776541096,-4.48685741421393,-4.95514784034509,-5.54455892937329,-4.6920940380911,-3.01341895627249,-2.13022017512808,-0.974343073179482,0.477594746917628,1.88367017976453,3.58247125788898,2.48287827184357,-4.08837778520428,-2.41986846937521,1.88382592962634,6.31436928538363,5.17403052202239,3.20661829093454,3.7849542889787,4.04708623523778,4.3140593225522,5.53839517701741,7.43269298425282,9.61616292554571,10.9424623571788,17.8975830603812,26.8991714559387,29.2955236566723,26.5952139251565,15.3268451786909,6.76441491665085,5.99631638753194,4.31603576114735,2.95047279883625,3.42399563796165,3.85424486892516,6.14685585612047,7.84929697491885,9.86915086656813,11.798493209081,10.2017610941747,-0.06715348249610584,0.0582878092144237,0.01643460032585489,0.0561317287908858,-0.007069547354271812,-0.050169820930279926,-0.06634888681518367,-0.013866584619371828,0.01421507263102335,0.05824875191301979,-0.0015586296439552658,-0.05381963411053857,0.0918058848783712,0.04771420690072009,-0.0015894514608546851,-0.061189275785722246,-0.14476935715674497,-0.050912659059283084,-0.1901407577250977,0.194179361137476,0.09150623004128981,0.053869171443582754,-0.06255233455080954,-0.02474825268927687,0.10936498101554913,0.0711171656148761,-0.0006297173597348149,-0.18142955527369095,-0.012078799653609161,0.02578522018071933,0.1156343311896615,-0.25786601690792954,0.866134795838538,-0.6310978799442347,0.026814899700503738,0.12976391201610638,0.08269857539372827,0.01195857444215803,-0.1003013536246777,0.016677841754941202,0.05606516514896636,-0.03753719605548839,-0.03705997799308227,-0.0541342342748846,0.02740693910831783,0.0541822184904428,-0.0253540750551056,-0.275,5.18547697477664
58,-1.37053388072208,-5.74930695581908,-6.97868965690811,-7.60366054743928,-5.80825686525209,-4.19498756177567,-3.78418772661305,-3.48375537810568,-3.11707553080217,-2.87246984119934,-1.94707964385778,-0.198110200523013,0.9675978434431,1.61024619923401,2.53492254810094,3.39863029628531,4.58302863300196,2.66362298603662,-7.09846139774367,-3.87752262695452,1.96482407469402,7.94463237708606,8.96154029111584,9.30739905175681,8.20796283698112,6.50649763190913,4.94044054479911,3.96942854966783,4.49037280677391,6.88623466952354,8.50659469132548,17.6422534623577,29.2955236566723,36.9245889126723,35.0676394776435,21.3483447839969,10.0259223546925,8.94049392626754,7.0190719281256,5.28830691686273,5.0090089624169,5.06053743996929,7.94174600075783,10.4153048604015,13.3036109650924,16.0258236465431,10.0045219609604,0.019414364340224078,-0.05515040255343178,0.024826037446529104,0.10909875409629388,0.024641510775755934,-0.031844461695940914,0.008855628207670115,-0.014285919968304093,-0.057889747782675,0.0009829637914565213,0.1509889667502652,-0.022376733737249396,-0.09819795778249485,-0.03660673582491984,-0.037649416161389525,-0.017180017806291845,0.12581256656503537,0.3630562289960326,0.1723583673938607,-0.2976736063362277,-0.08189860384918268,-0.056310755062232404,-0.02533487190288844,0.006619469015491638,-0.11741433614704481,-0.01720045665389828,0.05460497380522697,0.13341824728763318,0.015142710094993565,-0.01891249277005669,-0.09611353858243293,0.09036907209278049,-0.6311369328929413,1.3070129977985419,-0.7167686961454208,-0.061808631366058,0.06821034591585616,0.039994648140378855,0.0469206943548352,0.030405395981347443,0.006841003899422143,0.014223731180642876,0.013627848697807523,0.08762381493995951,-0.06664733304933664,-0.0824748582918793,-0.008583183084482322,1.0490079365079366,6.075737725796953
59,-1.74176477741409,-5.67929813475752,-6.45467202861897,-6.73934950795242,-5.28660410008687,-3.98581473977543,-3.42987518287188,-2.9810440650469,-2.47354207092713,-2.1183420246196,-0.97049538314619,0.501731992238616,1.95389866270094,2.87162611811838,4.00511305306428,5.28105407083795,6.79523362574415,5.50017668194608,-6.61307500023655,-4.09165608621651,0.147543874263224,4.53508513999362,5.63377885867971,6.81817979000723,5.61326265021342,5.22759704374621,4.94310610470661,3.87128316034539,3.83533935721274,5.78281466420987,7.15724233158044,16.1239284310979,26.5952139251565,35.0676394776435,39.3164638882373,27.7197553074393,15.554837731662,13.7148669751858,11.2536309115296,8.79351234800842,7.37418859451387,6.52241328533218,8.70630304711332,10.633823526865,12.9970958034125,14.8650614834331,5.00172646084436,0.052019317825646484,-0.05857019356813437,-0.0030670083850682416,0.017297966852195767,0.008327882959576675,0.007659236943024674,0.010894991791747315,0.012705337216585967,0.03845490576072655,-0.008772392747835738,-0.05817693391009598,-0.11395467899364778,0.10493714528505085,0.07471820752206212,0.0005650029835446697,0.009107973402376675,-0.02942501914807105,-0.4171005868161203,0.1251683075897239,0.12251031945840125,0.004654156754111989,-0.036969175553097214,-0.008832963711723709,0.1667184256949371,-0.15021867658807173,-0.04509101311671419,-0.06502111874772955,-0.00397594175811236,-0.03009843091915558,0.02195099439186691,0.1225982608620807,-0.10310226141980773,0.026572481255974105,-0.7166394109018993,1.4793453499579785,-0.9769757999347534,-0.06811432468368377,0.06821176147715993,0.27022126070092345,0.004404901292820131,-0.20131458897126692,-0.009454065582628228,0.012412484655928377,0.037527306922918086,0.15386460014107495,-0.13578845659703803,0.01907013065522376,1.500793650793651,6.26948673243969
60,-0.809531724411627,-3.58764740655764,-3.38847201575942,-2.90286009260182,-2.40174292397484,-1.96165739331471,-2.02705412138681,-2.19990483173527,-2.35340142740783,-2.63377587486062,-1.94585142996513,-0.80773833027967,0.639246763053218,1.36805673402695,2.17096220410041,3.2706565863682,4.53067850101509,4.32123681068349,-3.32291082841154,-2.42813345976408,-1.21919694040764,0.0884213923377806,0.762815045290117,2.09597897204272,0.797254100614846,1.54602515689958,2.4831006018084,2.34541356423787,2.45447746225828,4.37602932191039,5.84149055193815,10.6950740137126,15.3268451786909,21.3483447839969,27.7197553074393,23.7917608964084,16.4155940952158,14.7856102670018,12.6646189989138,10.2276848000855,8.61712422236041,7.8941904409861,9.03998795281306,9.99148748629855,11.2753180081785,11.7975097217732,1.82581348051864,0.040324503140474706,0.06914672758875161,0.03742330401021824,-0.2795979120327336,-0.021402063635253068,0.09680569311654331,0.030370035937367087,0.01115177452889918,-0.004462236979311739,-0.0943956341511259,-0.09435643092381045,0.3245672748214355,-0.024832199050651878,-0.2279109775558472,-0.03833914938706502,-0.016701660909967615,-0.001925217354175875,-0.04992205976701831,0.026534452005808683,0.018265824514475372,0.006264415432429694,0.05918157797598218,0.12132124208783067,-0.18567791530642958,0.29199672664762366,0.0549642137010219,-0.17181121288028292,0.0472581944824307,-0.01995450949703658,-0.01890478496788023,0.021212978085697658,-0.06977754496430848,0.12961642641156906,-0.06138665598537224,-0.9771081633712646,2.1389137385743706,-0.7240414581364234,-0.4455814644871622,-0.09212062046575115,-0.010654744750189103,0.10151065564979525,0.11842223244797359,-0.001963279420789689,-0.1635400697586264,-0.07887007984080922,-0.008009321405087524,0.11472769350237154,1.3442460317460316,4.876654682916186
61,0.898275126110548,-1.73375103693733,-1.84874259668264,-1.79094104196571,-1.92770044344442,-2.0228708549057,-2.4904957459048,-2.98510281000824,-3.49083671547166,-4.09381078564764,-3.90006827281983,-3.18258667207295,-2.3929390182982,-1.51438846755586,-0.692083853992682,0.415958882444079,1.58607594752166,2.47630196128683,-0.506994777730006,-0.363660935593785,-1.02755778704858,-1.6382322755063,0.0070117491593088,2.28266702040258,0.871196280821864,1.48265038992726,2.31104776351686,2.53776275715595,2.48447919629436,4.32625881032288,5.84604333897421,7.01158632186201,6.76441491665085,10.0259223546925,15.554837731662,16.4155940952158,14.3499291305674,13.4447703994076,12.2377444924589,10.3900466839589,9.05953242353405,8.47604725152129,8.57202473031507,8.58349334432575,8.84714715622681,8.41339372303419,1.5258317595864,-0.20414915571407832,0.1751671390672755,0.026252101705626717,-0.09967018852183503,-0.015492325627821978,0.0627075851716132,0.0003450388791049286,0.01990551805073724,0.014792203820906211,-0.05648808306196325,0.1538856738493951,-0.12412149115718052,-0.025753239245785334,0.10215250203690376,0.04758171195658464,0.008083386995541992,-0.13856049082198957,0.20856180166799237,-0.2146576325024716,0.09037096381208584,0.05392718874205877,0.13657345880089752,-0.059551905888002854,-0.0962728894175914,0.09077304937347894,0.060640455656302196,0.026738359939963534,-0.09353753873308811,0.17395524841924737,-0.034095378574649,-0.22910180573002722,0.09202497917290296,0.08269350874255686,0.06838061373375875,-0.06777492584525244,-0.7232734630838666,2.3372393917861314,-1.4236268718715719,-0.1743843730618195,-0.027401024993341034,0.2691464171286154,0.004522200705748716,0.036239385425812516,0.01546068709741888,-0.03209273879362398,0.05764135624364215,0.0028707567850839357,1.5363852813852816,3.786809888358194
62,1.19345352500571,-1.0736548910025,-1.74267522450598,-2.29746643573349,-2.26599837801101,-2.27513922200518,-2.54126103901572,-2.83512236859495,-3.15235998229784,-3.49779279580661,-3.34143565459546,-2.9144565040753,-2.66208182981675,-2.0556204486165,-1.38993969621272,-0.456603227194178,0.47658317514451,2.17334245628034,0.282996414752269,0.731195582701583,0.151106490845025,-0.430514574104162,2.74161745967405,6.38654224326381,4.56725361592959,4.49980539443949,4.69237566339329,4.4027999630911,3.59017986613866,5.20608369481485,6.66625134872486,7.31728257193519,5.99631638753194,8.94049392626754,13.7148669751858,14.7856102670018,13.4447703994076,13.8075477454503,13.9171975179654,13.1447529644401,12.5010100619021,11.9988434931733,11.7698417594812,11.5838140788246,11.4593356723093,10.7882018613303,2.62706100113612,-0.06574698255149217,-0.05334098004642637,0.05019841101156578,0.37823253430115705,-0.005167032265987656,-0.4641010785929714,-0.09364312730235937,-0.005999698818426375,0.10370486854284977,0.2562815322135495,0.018332485130175758,-0.032317406117670915,-0.043743065154104845,-0.00895132020912934,0.005906808020177242,0.007223146572025089,0.07910328303305697,-0.026159149595271745,0.053639271811438245,-0.017919235647071246,-0.0045713174204061666,0.031141767291140182,-0.00417706235351476,-0.06675687118370371,0.06555611046982018,0.016160834679303283,-0.0008235357179749562,-0.02301758060957773,0.15013471207367407,-0.13273038401610937,-0.0009704632077634114,0.033163947821897195,0.010533637431011818,0.04096808241597868,0.0681356273860406,-0.44528496973476656,-1.4250067583896895,3.5482501741808505,-1.4448229974094542,-0.09093681546351023,-0.028473996862693952,-0.0059867699208166,-0.09356292353983826,-0.019674270204808227,-0.023278131532062093,0.11269745934925168,-0.048808323545090335,1.4863023088023086,3.7145050471698458
63,1.65433563541297,-0.417556774161934,-1.89626744569644,-3.29196775829183,-3.24319231473831,-3.2981023941308,-2.7653916424471,-2.24893903838026,-1.77294990896494,-1.24791024078774,-1.1708216203247,-1.19928078134241,-1.65902024602718,-1.57240484622615,-1.35171983705313,-0.877693803219416,-0.489011247601161,1.98195639299318,1.02304782575872,1.78181486420932,1.14147419477052,0.441192050228808,6.68256591606772,13.223341334977,10.5210066381758,9.31699999456249,8.42995832686719,7.07056098410551,4.92026512544029,5.66294684456972,6.85240416768827,6.94443001488482,4.31603576114735,7.0190719281256,11.2536309115296,12.6646189989138,12.2377444924589,13.9171975179654,16.0850145326013,16.9680160960425,16.7027848851174,15.9481978481879,15.0957646095311,14.6940351309982,14.1409218815077,13.1908240114366,3.34202867664811,-0.03978709257490927,-0.009188935565088796,-0.02546398721947648,0.16776088548361182,0.034170018540602726,-0.05969117761713111,-0.008574471966356285,-0.00028578652997384574,0.008859496186018575,0.017025706196096314,-0.1191658101672813,0.0012672348728047953,0.10025081454856355,0.01783291336850473,-0.011562153737372653,-0.05719007143241818,0.014634415597074008,-0.2499110062578843,0.38559795789570117,-0.18193705161304885,-0.028669493956008173,0.037314507119928814,0.025511552372970394,-0.04604195085231648,-0.025524426373250086,0.0043712839467765115,0.05699542481888308,-0.054288017462339314,0.000579427043558796,-0.052490002118114595,0.05351570026827439,0.005460045250268986,-0.09971493616625571,0.04637245784276273,0.27008708445764423,-0.09168641160162086,-0.17578063367139854,-1.444465475218625,2.871547116906282,-0.9638550097135169,-0.34039876443258493,0.1328010842126584,-0.014155361040662012,0.007244588853709159,-0.12469380040399629,-0.06506016047365615,0.054224875397600826,1.300108225108225,4.009365851677956
64,0.942933683622185,-0.124046613881792,-1.68814126954506,-3.19163068886402,-3.52888599985787,-4.02889890115868,-3.13885124004363,-2.25571307618034,-1.42670365976231,-0.481711337985152,-0.829335714226074,-1.15000261425314,-2.13982672118942,-2.3931743202906,-2.43266706232096,-2.24322572770824,-2.2628875726796,1.26999273534995,2.79045345108372,3.3556335826591,2.05642743202004,0.644799835355317,9.27729490799537,18.0619330903343,15.1088184563529,13.3716459103641,12.0262492243893,10.0014860195771,6.9134981593701,6.7457436824788,7.59826691738533,7.0287282207765,2.95047279883625,5.28830691686273,8.79351234800842,10.2276848000855,10.3900466839589,13.1447529644401,16.9680160960425,20.1371636090529,20.781790887523,19.8151455050085,18.2134503158753,17.4217809140074,16.290733189491,15.4761119925835,4.15046292975824,-0.018770026759608215,0.1992266268382089,-0.4200258966130946,-0.19977993739238237,0.059392271440803675,0.5696885090498047,0.1878767321434376,0.046036965980324945,-0.04270455745921879,-0.2888420016943449,-0.02609873649278175,-0.008070104412510803,0.025514226779502675,0.04406896213158966,-0.020175733517224233,-0.09111730908803183,-0.02742917378111494,-0.0038288230179616854,0.03769146364029153,-0.04151780121990401,0.0007152859505064402,0.08592922720608642,0.10608099341283507,-0.020966103608712247,-0.19669429184697168,0.03744316443964863,0.19717396440234233,-0.2891905948436294,0.010279845387247797,0.31126174678993546,-0.17619474013661343,-0.037715447359001744,0.018385819617397096,0.030225152729818,0.003460622416820083,-0.010557249425935562,-0.02733399720222785,-0.08826127560340034,-0.964749699160565,2.678626376089734,-1.1476269859249033,-0.2816826283810266,-0.005999605757633645,0.011258960634651455,-0.036689643246155854,-0.09019140793087187,0.08958895347050969,1.069469696969697,4.486330751187758
65,-0.355388035637144,-0.0551268088415953,-1.1108653560153,-2.114693108194,-2.60810676768089,-3.34968530017494,-3.29686136536758,-3.25873742767442,-3.27601139369211,-3.1309617977994,-3.81964946981515,-4.07459434757533,-5.21882405352639,-5.29929565490738,-5.0147863009815,-4.52178146271445,-4.30125601326206,0.291951966828842,4.59764419926739,4.89703500929319,3.2270951465706,1.40604391662713,9.06631255113376,16.7439009355079,14.6665412614906,13.6205597445049,12.9917709497043,11.6522094152649,9.06638897301243,9.16884961579788,10.0046271689165,8.67365258438084,3.42399563796165,5.0090089624169,7.37418859451387,8.61712422236041,9.05953242353405,12.5010100619021,16.7027848851174,20.781790887523,23.1277477737303,22.5982109835144,20.8535343116638,19.7031229035025,18.0470843132191,17.4107654714632,5.76582635804565,0.3551644270793191,-0.31844095950711754,-0.1069475379853271,-0.02351850815961582,0.020088449148627646,0.017969890644821896,0.07143064778535523,0.038423215798810376,0.05909496913271961,0.07782868368923773,0.0006918343325871081,-0.027894111828021734,-0.03085443432625662,-0.10696622107491192,-0.028449662885543917,-0.0010150232884541465,0.14388260544633855,0.10783030991076066,-0.05620737659438515,-0.07764781479165814,-0.041086486545235806,0.013763842874804798,0.023257985676833036,-0.009948510678553443,-0.04578866562955665,0.032739941916039676,-0.06814064736166338,0.050372808038576786,0.001716934778171846,-0.022604571545582833,-0.04905781262812878,-0.06694055441013631,0.05466973170899498,0.007932186436815772,-0.20077698914355882,0.1020474239647977,0.26862191390871537,-0.028255608075856583,-0.34051930859241575,-1.1457973198572249,2.500677554144708,-1.0299913671073069,-0.34139557455482394,0.05564364946879524,0.32699930569940383,-0.07100830873889442,0.0020349627806607084,1.183275613275613,4.808091905707534
66,-0.462323461113245,-0.0964207481346095,-0.950714729114869,-1.52181009292605,-1.80280694918235,-2.36165418406264,-2.71349237042364,-3.17116286224363,-3.68323991642086,-4.00782415139689,-4.76072269109935,-5.03046463624292,-6.25986028026662,-6.5298697770325,-6.34535684488056,-5.95788626976438,-5.60224852656363,-1.17226531417433,3.71967278021078,3.51708536583914,2.93758427172846,2.1798122441791,8.69661065451424,15.1621887776158,13.3361883954747,12.4923823535118,12.0849509370403,11.1504882450474,8.97105317394809,9.29754848096897,10.0372385324468,8.81725661691259,3.85424486892516,5.06053743996929,6.52241328533218,7.8941904409861,8.47604725152129,11.9988434931733,15.9481978481879,19.8151455050085,22.5982109835144,23.3382722437412,22.2367093685568,21.5146942770636,20.1593587070687,19.2808828982823,6.67666749166409,-0.18238959161090595,0.1309456930205203,0.20188598393970691,-0.03152142534983941,-0.08530062904536444,-0.1321574170852428,-0.03589113397020611,-0.004835700931322597,0.05311951891423424,0.050869868899603224,-0.026687874605698218,-0.15032428934402647,0.02477141057078328,0.1253041087638664,0.0302396693549459,0.016387999257547012,-0.011245212645196739,0.026993380561246318,-0.03987616348594115,0.028090506232468317,0.015161398851341325,0.05140489620071102,0.03152255184499521,0.005951224033932855,-0.017838092593669846,-0.0297549245946119,-0.04200035498663589,0.15060022247177696,-0.012186812868423916,-0.07337712038121112,-0.02895037655619899,0.02194628493833032,-0.037493643757517556,0.014162356565430877,-0.009205051697432859,0.11619653613211431,4.063693355977339e-05,-0.006676722405004272,0.12971821299380218,-0.28073238470857925,-1.029519639360234,2.4753386540064453,-1.5034717990218844,0.0732079424943949,-0.009321163953690217,0.11970985907007467,0.06818207983368475,1.5280735930735931,4.829935014442868
67,-1.17215787817608,-0.910897657434395,-1.65842021246294,-2.07635440310577,-2.1374786367504,-2.53502124219729,-3.09017168413044,-3.85954261941017,-4.67263585053385,-5.25867808080653,-5.83032356315834,-6.06750740615753,-6.9609126066606,-7.21848126763826,-6.92096602635109,-6.41669395290373,-5.69613844895529,-1.73557863126844,2.33393339621152,1.97493259992313,2.83917663502449,3.48054667860082,8.69041503551084,13.7889355855991,12.0131773153016,11.2323763388731,10.8791028270045,10.1000300388278,8.34200791396746,9.08571793256214,9.96102125274884,9.91465617555748,6.14685585612047,7.94174600075783,8.70630304711332,9.03998795281306,8.57202473031507,11.7698417594812,15.0957646095311,18.2134503158753,20.8535343116638,22.2367093685568,22.723408771355,23.268079919362,23.1113441359211,22.9443374893957,9.87409226635096,-0.007084855765211332,-0.06487182371618229,0.23148477780915347,0.045903302817616135,-0.03961217712936821,-0.26223157517397244,-0.06952549275677457,-0.027647464401665503,0.0008236648717215774,0.10265721346642645,0.020636246246558777,0.002863134613962396,0.0019896089893041086,0.01034375734722715,0.013606570257605203,0.014587598613213711,0.004881302279261636,0.01568178347139455,-0.005752049265180093,-0.002777598688287498,-0.01690077582343401,-0.08131147294938301,-0.030574274115775513,0.05874687433855102,0.013518977907227059,-0.024547195585100087,-0.07277402108674635,0.1384909193671502,-0.025126147514391278,-0.17602206154821867,0.030282290554365605,0.08174289781989448,-0.03814666920207787,0.01334508529257365,0.012647453325316223,-0.0017217059042084226,0.04260860477373392,-0.08541103539570445,-0.013194786242586522,-0.0041364176757942555,-0.34243775692226613,-1.5033372727183236,3.827730398508132,-1.5231574942482862,-0.3937620395220983,0.07589230824300314,-0.019136891932301267,1.8158874458874459,4.765858660446723
68,-1.65907540709277,-1.64285915243394,-2.50732279472064,-2.99329725636301,-2.85814948473534,-3.11019452007848,-3.45188604603902,-4.11023922527815,-4.80515157104378,-5.22759023358054,-5.63641446724049,-5.96459493475818,-6.67028171109547,-7.11043592505338,-6.91695787047209,-6.51406547423902,-5.66926111878983,-2.16861812279525,0.960226781546238,0.488580772532711,2.68895015074326,4.61773077852457,9.84400826266875,14.8787483416817,12.6623576371583,11.4491840461605,10.6717259417949,9.47221400689576,7.54881819502656,8.35606142569188,9.27874760273925,10.4899025651698,7.84929697491885,10.4153048604015,10.633823526865,9.99148748629855,8.58349334432575,11.5838140788246,14.6940351309982,17.4217809140074,19.7031229035025,21.5146942770636,23.268079919362,25.1552238002425,26.1381730598428,26.6475969355034,12.7031871455594,0.09540265640668864,-0.014492752821880518,0.05008700658083334,-0.03338506392236691,9.783299227409199e-06,0.08549073549188993,-0.030313536338371732,-0.04424242005788837,-0.1365752660274439,-0.07478461145948878,0.09123839689927499,0.14920974917234162,-0.010331069184886911,-0.06331862844604334,0.004788208868738235,0.009272334863244526,-0.052719736159832345,0.05865282657462914,-0.04434959884570193,0.02693148568993626,-0.019765343083208372,-0.09038551432061878,-0.15660977297475728,0.04275495389697955,0.01290540773507737,-0.017906668431872913,-0.02742672281186502,-0.008897394693571356,-0.03323554740997482,-0.0273434482022976,0.013675709070190296,0.09229724186823726,-0.05394882622413645,0.08883361632758498,0.03743113220596534,-0.16502409552709327,0.011458827978428648,-0.01929435777053692,0.004469690737360164,0.010578552985179592,0.05577986739198154,0.073018091909487,-1.5228231405679196,2.5446019921556915,-1.0511661813157072,0.03782012300237819,-0.06616292104337664,1.9876298701298702,5.014501351105863
69,-0.900741271024801,-1.22689515634244,-2.3895127307669,-3.14719569687859,-2.97914877217706,-3.21214870966913,-3.48733411742355,-4.19319713076262,-4.93029415915364,-5.34770985824599,-5.44249715671875,-5.7530041581016,-6.17716705411026,-6.77569840825539,-6.71533323876812,-6.45407568640033,-5.52372709900557,-2.5102566836467,-0.384681465282931,-1.15349663689633,2.02830211924405,4.90376778018384,9.75287535325169,14.4752441784263,12.0069078765018,10.4211659731014,9.29539731746675,7.80122466788043,6.05422406531277,7.13118441815091,8.28887407377572,11.1155550405236,9.86915086656813,13.3036109650924,12.9970958034125,11.2753180081785,8.84714715622681,11.4593356723093,14.1409218815077,16.290733189491,18.0470843132191,20.1593587070687,23.1113441359211,26.1381730598428,29.0113277169042,30.8398304737006,16.171736287147,-0.09987200053355473,-0.0018834887981917178,0.006492763954945092,0.0034172506540061267,0.01716695640777662,0.10168122058237353,-0.019722040629122865,-0.025923447977267533,-0.03909131279295679,-0.033831156355825676,-0.06754727527559948,-0.022526127269679962,-0.04615051312793752,0.11850916536445556,0.10254954407883529,0.12703196548016998,-0.17097747029152208,-0.036105075058836616,-0.002573839230656029,0.1572178287107202,0.06075966204681401,-0.10957812634306431,-0.04588049216892295,-0.0496906734501589,0.20535387209070238,0.00206676604230311,-0.15021541293002094,-0.028561577452339067,0.011903835734939822,0.13725519982129342,0.05389820403937937,-0.15419437225479055,0.027708215168227912,-0.06745236521816364,0.15319655624214393,-0.07770790399931445,-0.03262825579553268,-0.02251601022538508,-0.1256947443826047,-0.03675883824408186,0.32789916540544894,-0.009538951060089075,-0.39366401141811286,-1.0512305305334904,2.3741676442793778,-1.0103433622641054,-0.019248502032711966,1.992705627705628,5.385288081143309
70,-1.30206434274717,-1.12917002618589,-1.72302218780721,-2.09703451638277,-2.22877273256322,-2.83817273531065,-3.54173392469106,-4.73801108224179,-5.95639988920268,-6.82454278293917,-6.92563477640876,-7.02005505278131,-6.88632784182956,-7.25304832657813,-6.86732487292866,-6.3728275258744,-5.3315472429006,-1.81491160269793,1.53596793357525,0.753612102420405,2.68532527414312,4.28237695638041,9.27475573181143,14.2364174041052,12.0437513418659,9.94185284261782,8.34603326443159,6.72037623405467,5.29195270067869,6.91220831127362,8.58014442355485,12.4076055213836,11.798493209081,16.0258236465431,14.8650614834331,11.7975097217732,8.41339372303419,10.7882018613303,13.1908240114366,15.4761119925835,17.4107654714632,19.2808828982823,22.9443374893957,26.6475969355034,30.8398304737006,35.4366962173394,21.1768891678929,0.05986602331161439,-0.02228282216935788,-0.0529958476231426,0.001257624092162603,-0.0074850779950519876,-0.003820869564341191,-0.06350446373686025,-0.0031766834597088786,0.03066784869902945,0.0880527737043057,0.107486362744531,0.0010816452343457164,-0.16451158583009887,-0.036846933894270066,0.0038282590715125646,0.06510974009377155,0.24232005329477255,-0.12449791064309633,-0.16481689291090226,0.008182608206941125,0.010596919500425347,-0.006695488012942442,0.07125894604268387,-0.008687681913299099,-0.14615303964665657,-0.009607326632722466,0.2179434744759145,-0.019652051903305125,-0.10879311044834887,0.06557101156055276,0.09964674430582038,-0.0007064814335620667,0.05410580856515628,-0.08270153576082764,-0.135448012466867,-0.007287142151333957,0.05740351574841169,0.11233436801726895,-0.0643860471240415,-0.08967742490228807,-0.07195467300878344,0.1198591387700719,0.07539197965624501,0.037747227020457456,-1.0101349266530577,1.0989165449692835,-0.18771759655078948,1.9519480519480519,5.95203294827401
71,1.51675564144167,-0.258099945773853,-0.496056408471819,-1.02764404263004,-1.61257734887283,-2.49425027110942,-3.75641137577602,-4.86029698825292,-5.92291883909154,-6.47799052817728,-5.0101110023215,-4.06788252435861,-2.79719070641865,-2.82257855564832,-2.33407786371899,-2.00963560162201,-1.50566409554809,-2.18465843294483,-0.307649629179907,1.21540591776851,1.25476563697175,0.783106425220212,2.9891496800199,4.75650275383435,6.24005790178972,6.29008617297832,6.13908753883519,7.24688385150774,9.94367940952373,13.3129953766025,16.31715504538,15.7072291323363,10.2017610941747,10.0045219609604,5.00172646084436,1.82581348051864,1.5258317595864,2.62706100113612,3.34202867664811,4.15046292975824,5.76582635804565,6.67666749166409,9.87409226635096,12.7031871455594,16.171736287147,21.1768891678929,37.3662280084448,0.0009628069267334957,0.036921698873272284,-0.09507837864638381,-0.002633924804547815,-0.030286894435670012,-1.429270028019368e-05,0.09452422407081823,0.0881969100784197,0.16815806956709486,0.001955835979705421,-0.2070060946776794,-0.0005398017198793029,0.04354980832011383,0.008555057574950722,-0.037674916919448326,-0.07510928503082444,-0.0580237059805655,0.10105690019792767,0.1558902068261352,-0.09514365106593557,-0.0747669801741072,0.16540007224006464,0.07834826816612413,0.004709376991665272,-0.07780297728425185,0.008211404404119674,-0.0537203483704222,0.035302620675991776,0.12906467435301128,-0.08698233217521652,-0.18529651407566824,-0.023510756267235217,-0.025257799445593223,-0.008581925634653377,0.018995331374418667,0.11463733811630646,0.002749458073130227,-0.048430679685117446,0.05464055030081286,0.08990244619526618,0.0017779976676345895,0.06782338899568448,-0.01937119695113748,-0.06623138647127004,-0.019334835768577835,-0.187691777110038,0.3766313545876125,-1.4071428571428573,6.111974149850829
