,Cov_0,Cov_1,Cov_2,Cov_3,Cov_4,Cov_5,Cov_6,Cov_7,Cov_8,Cov_9,Cov_10,Cov_11,Cov_12,Cov_13,Cov_14,Cov_15,Cov_17,Cov_35,Cov_36,Cov_37,Cov_38,Cov_42,Cov_43,Cov_45,Cov_46,Cov_47,Cov_48,Cov_49,Cov_50,Cov_51,Cov_52,Cov_53,Cov_55,Cov_56,Cov_57,Cov_58,Cov_59,Cov_60,Cov_61,Cov_63,Cov_64,Cov_65,Cov_66,Cov_67,Cov_68,Cov_69,Cov_70,Cov_71,C_0,C_1,C_2,C_3,C_4,C_5,C_6,C_7,C_8,C_9,C_10,C_11,C_12,C_13,C_14,C_15,C_17,C_35,C_36,C_37,C_38,C_42,C_43,C_45,C_46,C_47,C_48,C_49,C_50,C_51,C_52,C_53,C_55,C_56,C_57,C_58,C_59,C_60,C_61,C_63,C_64,C_65,C_66,C_67,C_68,C_69,C_70,C_71,Mean,Std
0,520.732063032503,490.160653263765,459.834089454126,450.819765382287,399.488827798858,332.052111021526,234.240897870051,147.764628211128,44.2532782884722,88.1275209027223,36.2382073782145,106.478286542716,121.572596397133,95.9325913431229,67.0107928570586,61.143077847014,44.1886509047079,29.570261061423,26.7548756381425,24.3662697249495,20.4424345366027,16.6362673917221,1.69305006096904,-0.611914200388351,-20.1969914291523,-8.1323610965514,-5.87894309090921,8.51091344222489,20.6720494794818,47.4890749527044,75.1148695271103,73.7276739997162,92.363751302456,98.6149863327386,102.268136462638,101.454433684041,102.958654983222,63.9762258949414,84.6752864261541,60.8897285187376,41.9966380161872,39.487281833753,14.0009140291869,-13.8429928657973,-49.4230504351068,-58.6957747956932,-55.4622486230747,-46.5137901436854,1.0254675462616143,-1.1159705707224512,0.11207293561907648,-0.008381197453175575,-0.11821989519088541,0.17737794719314842,-0.1512494746627027,0.0927039532768212,-0.22507634522257275,-0.07553541461534494,0.07641577278414748,-0.007813659139526094,0.024921529434056698,-0.11476717668191283,0.11695160769304903,0.16258901466669512,0.01929534432099787,-0.11399905894481312,-0.008979996717007938,0.11030366987987397,0.103752987344976,0.060677473004723155,-0.04117264869618005,-0.11503987715161991,0.15766650907782825,-0.17355326766892504,-0.11740935547906335,0.055664867140160404,0.11120529188689755,0.026074062877457484,-0.059055956039986514,0.011220233200352826,-0.011647690671242526,-0.05272816127342812,-0.1559510663037203,0.23465719794902837,0.02941880939074057,-0.2554529865826684,0.1857481590882552,-0.003747087313837873,-0.08857943239933959,0.141309932519532,-0.12837455930990388,0.1721650945315919,0.0006764709939542599,-0.04564378824811534,-0.2771306393517556,0.3046064964265111,10.883425925925929,22.81933528901539
1,490.160653263765,468.086828035088,444.647789525529,438.817452962935,388.697692141338,326.34104869001,228.31955006398,148.757238409699,44.2728191833689,82.8414881359458,36.2832078266783,102.925786554206,117.735056538969,97.3316019302138,73.7416729438274,68.6000379174362,47.1724852243463,28.1573504307386,25.8827287689379,23.9643061913001,20.4256246577719,17.0309148268976,2.59959092698738,0.583381119471688,-17.1369864731767,-7.88454647119878,-8.52125859687112,4.97035053911251,15.7322386463449,39.914801068857,64.9853886406348,63.693904793937,82.4363406859353,87.9403748480561,91.1862493348652,90.6439247836996,95.0832761425072,58.4929749482224,84.881345732929,70.5504451252561,51.2279930290013,43.9944013225154,20.7783019112263,-5.84159581016712,-40.0514865659037,-49.5404165145848,-48.1254890780891,-38.9778875965799,-1.1426794808864158,2.5933918777546023,-1.4503086291673375,0.0830938138786604,-0.1858099079414731,0.03340294916672671,0.1218471133760393,-0.05898607587544777,0.009995835455644636,0.029964908217710442,0.0009831702081010128,-0.024681962381883766,-0.062098239440340576,-0.05868429240670144,-0.006185582664870386,0.008942444444485702,0.01202825764784749,0.01341388308093968,-0.07371276211154773,-0.17364302421418978,0.010093820522436646,0.2467557762996977,0.09039497470504927,0.1368794235279705,-0.11589342548696421,0.02384279972560719,0.22392471116745277,0.10721703081803585,-0.03120972906621054,-0.083966836366699,-0.0417835292072853,-0.10862431915222144,-0.008522076941545574,0.1254830468692695,0.1838932526782221,-0.1565744480982462,0.07138181049804784,0.03418928535331181,-0.025591393946595847,-0.06423376715255191,0.18773936967759491,-0.31513208691068667,0.2154874261097866,0.005413972914374188,0.15369193118055027,-0.012270546557820535,0.00886616177466151,-0.1194708555410717,10.78243386243386,21.63508326850368
2,459.834089454126,444.647789525529,430.399554201129,429.516439589361,382.700197647457,326.283510173763,223.522022607031,147.958768197199,41.9120321968572,74.4772428348511,29.8837464010136,90.7626358373711,105.084742781358,91.3904873751039,74.2681650209139,71.0285355767219,46.0382831991597,23.4877957436664,22.9691450606018,22.1412432839845,20.0496603725271,18.1173434653813,4.30641704663889,2.46584052759378,-13.0311595530985,-3.16316710099011,-7.90189192930172,1.73227084318195,10.0982969915465,32.0309357373501,54.5624913441053,53.4016682863298,73.1622848783487,79.3271424220631,82.0365771896287,81.7134324722983,87.6193899874236,52.3069099908855,84.1512937431454,79.268864196197,61.6469574061177,50.3215200464322,35.2554000198888,11.5201369989834,-19.7327188518311,-29.6781746377376,-30.3716893458046,-22.9199215712218,0.10950347800511752,-1.4437949888515507,1.7783073276247583,-0.2811836393441425,0.04041384109842699,-0.19824424615519642,0.17329945159710147,-0.17502083614293643,0.2573992978245914,0.020989738395880607,0.013208832607228695,-0.07876142930528118,0.2790833169051851,-0.04899803453775721,-0.10679381219230338,-0.0755498368864284,-0.010428696270388104,0.13835960049103105,0.006130156901779552,-0.04008965906324331,-0.12716179866547003,-0.24466379367452387,0.29476224045179517,0.031187322954162218,-0.20080895132771806,0.24029508629120636,-0.07149640761341412,-0.07818860910053203,-0.16509022968107745,-0.008105453689787635,0.024246937433935443,0.07875875638470706,-0.07683733283044684,-0.1399503129175373,0.2398763371539694,-0.10853933326107987,-0.07944943306956374,0.10815817788677845,-0.14635617841232731,0.11570204554096801,-0.18968835553092275,0.26258353162917675,-0.1538792080532783,-0.16574674664377506,-0.005777701377029835,-0.07152533123852532,0.3525099641512651,-0.278529974458285,10.539034391534393,20.74583221278744
3,450.819765382287,438.817452962935,429.516439589361,472.472080726927,410.827742818594,353.879611075743,241.44197148352,155.433486643427,54.9363070149358,91.140513848124,54.6210346908506,112.798662258266,126.64476802195,116.938977701084,98.5389280396863,90.1475447660192,49.9988069725477,14.6251852379711,18.0840989245409,20.9998286378555,23.2406670544065,25.7505142344385,14.884025762741,13.6522105094653,-14.8598938614897,-3.22601521414635,-11.4374961405125,-0.680339641079942,1.99738195728445,24.2694382312262,46.292932971413,47.0796522993083,66.3656416693141,73.5448906958158,77.6033191033993,74.8469966071631,72.1586883910665,28.65208601684,61.1924946235685,63.7919989020072,43.4543622641249,26.9178935135751,10.0421584436001,-14.1459445651987,-44.9586641728653,-60.0676115028716,-57.2181845475974,-42.5031430527082,-0.0008630092284727252,0.0877672059194378,-0.2968255746448762,0.6957098601171532,-0.5243352150217332,0.08392449051130918,-0.017009111098533806,-0.0534130788111485,0.11531267671621434,-0.0998486529887847,-0.012264966963172043,0.3118817156583828,-0.2716992780773278,0.016905623040486956,-0.0864728067513678,0.03651556896104361,0.06338937074686829,0.08577951384669952,0.08311926953333702,0.0157053124554895,-0.00024311031216096092,-0.031114221525622657,-0.10165457380119862,-0.26113342131530287,0.03602998612131634,0.09807846513972,0.018018882107109786,-0.1141479085450129,0.10861951005045643,-0.06705866038530073,0.030592205904179996,0.274335986946437,0.006184137169845996,-0.13019846408165092,-0.29939690586415346,0.21704560714515303,-0.042214147311955434,0.11305961488585287,-0.04916140817772155,-0.08326659418445723,0.1398336528535665,-0.11380752410248884,-0.21761786238800263,0.32052445035876337,-0.0045495749877015,0.21163521798641513,0.04024162802824181,-0.2596203137133852,7.734523809523809,21.736192875637784
4,399.488827798858,388.697692141338,382.700197647457,410.827742818594,402.854918553415,370.216784862386,264.233073547576,156.490811535209,53.8419634319687,84.8874344759059,48.15799862801,136.142570390297,139.639377569392,124.463478582845,109.776420244504,101.014919959079,65.2573927969393,31.8626936168908,30.9079132459099,28.976706426804,27.0411890733566,25.9689837755488,11.1780671420149,4.8220079865906,-12.1345424291423,6.37363884640742,-2.91962915347388,1.67333356482794,4.17274779961974,24.351874068405,45.103876257497,47.190730213587,64.3934234930777,70.0255042184391,75.7085954449646,74.3315310143684,70.1765462859977,31.7817036292457,77.1597755703053,99.7812715792642,73.295324137945,39.5220548866303,30.1104926118895,9.50857106046379,-27.9343890991798,-50.9223247507467,-62.6750920861849,-64.3923794054111,-0.11151090249895743,-0.18372826684852542,0.04940483298946594,-0.5441016180297619,1.6376016628728263,-0.7624003828476535,-0.06359274697838722,-0.010954228970309007,-0.05474762538020316,-0.11777161850326556,0.1698817900830392,-0.05120588764367367,-0.051528307049724054,0.09980718815950794,0.02049100727904255,-0.17319879150986525,0.001979912592878178,0.11359525704015806,0.0447693540057263,0.024890740321255194,-0.11447887942516395,-0.16421697713339323,-0.375907238245523,0.21572755341052816,0.14228269825074405,0.0010295658246816765,-0.21918643692648193,-0.18502316421848208,0.04282216373624201,0.17833691800069498,0.17537270929336254,-0.2686594256030587,0.06327660498106837,0.0965901494194795,-0.10637348157686062,-0.11660953625178283,0.13452026280669996,0.03793426742831292,-0.07003804694933327,0.12733159266787214,-0.027190551035950968,-0.34454009785670486,0.4888067998155825,-0.2772924829953659,-0.2547538192150087,-0.12765497274009585,-0.08630026753731783,0.43822025696405353,6.188227513227515,20.070996949663844
5,332.052111021526,326.34104869001,326.283510173763,353.879611075743,370.216784862386,371.005641566972,280.788285805169,160.175783197266,64.473821141202,86.8657996448264,59.3377633762216,136.55503425999,131.02961999031,111.746128071408,103.343608012306,96.8315832490562,68.2183228745038,39.5759509363085,35.8264288882885,30.6203223190837,26.1357805170716,23.0565850112359,6.95423621613793,-1.75431818215593,-14.0197410326438,5.72926354780644,-2.77731855964021,-0.968060594657064,0.378706466814529,17.6390389701802,36.3762078464882,39.0486692484425,53.5077302324947,56.9207337747208,63.5451989650183,65.5677737150443,62.2089525914307,28.7164906723245,85.9517858614363,128.029793407737,95.682050861359,44.9632205172962,42.2905587820041,24.2611000959393,-8.56701985232923,-25.6828979452942,-33.2104251423272,-32.4708384658429,0.17532840982745265,0.024462151437205065,-0.20530276601396144,0.09967432307355452,-0.7740576189747054,0.8613177781147359,-0.2697097218286804,0.22981309542431944,-0.09807299684553471,0.09534355308216928,-0.25976595308521855,-0.13659579470782382,0.03481611595332601,0.19013109561176247,0.06516385295178424,0.041913324375878164,-0.12032770903745682,-0.1516337868931306,-0.005675636863860647,0.046457013918710384,0.08286792121419435,0.09843058900113236,-0.1187757518115023,-0.017074951144226077,0.05013469648929376,-0.3209326003269372,0.14203724768951353,0.41783427882939944,-0.20455642560531292,0.03515286820268513,0.10176335457511594,0.09430893024333908,-0.11873884302119153,-0.1783722548056847,0.16790382027822062,-0.016302578141328614,-0.129403890879586,0.040197979864950016,0.0023218844482757023,-0.014826822647638177,-0.08919053360336879,0.28596674503098163,-0.22358409124282702,-0.057502064206898844,0.08597340032518075,0.10947742539998447,-0.0014638111987197923,-0.06674894240306231,4.7666666666666675,19.261247144641796
6,234.240897870051,228.31955006398,223.522022607031,241.44197148352,264.233073547576,280.788285805169,299.437115723589,172.111722467885,84.8924907453909,62.6203221946215,53.4239718501329,134.390395968461,129.447126427101,110.099091926743,105.485242521875,99.3593861059272,71.7510352586179,43.0527027713725,34.9752939738725,26.5919921058511,18.1937065530258,11.858504812478,-3.86161594649091,-8.75106946294813,-13.4533873841936,-5.05268643380001,-7.8021512476707,9.27453838063828,9.2602444022097,20.7421951651985,33.5524766770611,32.6933599814033,34.0609662148444,26.6043032303047,31.0854650573189,32.6386499466178,45.4353592266008,29.798609221082,106.980739753339,163.618095554795,113.965668350429,46.5249579347099,39.7345294175689,20.5791417355001,-3.22325061915422,-10.0117498853728,-9.39134298435481,-2.68786227963234,-0.15649107009440189,0.12650377825172976,0.1741257813708078,-0.018265584464467872,-0.053754623725868075,-0.27284891988730187,0.4069358094818981,-0.28296484790274445,0.12160412246172676,0.05712525443463356,0.10356261427878698,-0.09862466341302402,0.1608509960714404,-0.20337054746937458,-0.06777025135666319,0.06012658791007528,0.040228985011451446,0.03355090321805618,-0.06838483209824178,-0.0638340699135285,-0.000807466104780352,-0.015279293022957151,0.42946177277549313,-0.007988925178714445,-0.004332417051585159,0.11148501195782598,0.04792485521487547,-0.22115289300662697,0.10856341638613762,-0.13403590613827135,-0.1692499918150354,-0.14413554892190478,0.09429227945108752,0.22365119061502986,0.040562384570028386,0.017504936285658475,-0.08148724612046437,0.015039979982697859,0.08846293586910668,-0.03454332821897504,0.02883964756830744,-0.029453999294702108,0.013595102701000257,0.1294689069490681,-0.02878952712303722,-0.03272331887761911,-0.003306728854045051,-0.10466574042222274,0.900649350649351,17.30396242840319
7,147.764628211128,148.757238409699,147.958768197199,155.433486643427,156.490811535209,160.175783197266,172.111722467885,147.108597882521,89.3705109871624,29.4616486444649,33.2346860926659,87.1841969875761,88.3933318784595,78.2791285969104,78.2009620573746,75.2662845593168,58.4983935474406,40.3876833947903,33.3306761598779,26.4004744311907,19.1458323412063,12.9716402030528,5.31238036780467,4.34447460908916,-3.79562980923248,-5.12636307382859,-7.43513477702484,3.39400472773531,1.42066684195382,8.47511007954601,15.8018738332291,12.1039807918415,15.9633358522721,13.4628809053879,18.6889581777742,21.0172127125591,40.8668361352601,36.3480110450735,103.481599994634,137.886602187366,91.3795533835592,43.2836541006993,38.8377562658672,23.3764999707752,5.93679508799185,4.23143181773992,8.4680469313617,16.824954033553,0.08921725693319502,-0.0672038979969053,-0.17475819472659732,-0.05564596130208072,-0.024705532424897456,0.2406662836153421,-0.286260056643531,0.5922815127411886,-0.21145754723938862,0.11613449371945851,-0.1363004436870228,0.018926052043734456,-0.11425119921591576,0.24538660587925226,0.13781856580455332,-0.22507041258153151,-0.04088144458459063,-0.1915810250806204,-0.03070368222761609,0.12236098664145742,0.07417767905314508,0.05352767110342005,-0.2747657452516537,-0.019984606079506348,-0.045800443163125606,-0.04970925765706676,0.17270037474024627,0.03291890503550063,0.006784582676748692,0.13250649826587174,-0.06219870265320193,0.1585827945761141,0.03330321483730442,0.023997166429504127,-0.0693131430259944,-0.22608886060798317,0.18161314379057625,0.00884595026041185,-0.19409916547379258,0.06726423289060024,-0.08671118542293879,0.2207656864008377,-0.01838214269717961,-0.30629623126817324,0.07585706435954107,0.10441617109453549,-0.015336251128803638,0.03724089374304652,0.9790764790764788,12.128421079535492
8,44.2532782884722,44.2728191833689,41.9120321968572,54.9363070149358,53.8419634319687,64.473821141202,84.8924907453909,89.3705109871624,127.082376238351,71.4305679966393,91.0236593741644,113.084134624,109.879024935521,107.906383183857,100.633911370433,89.5342621098239,60.1994157908473,28.9536547471618,22.7335390218942,17.3513824229687,12.5129167481124,7.86712951969054,7.32050858559152,15.844757889931,9.99184315787244,7.02143403312343,16.7816657162459,29.7734514184727,27.4670678968162,28.112448967238,26.4783861507265,16.2146909196128,18.6477867843562,18.5835390704608,19.8956126170555,19.1261686630892,32.5332024446243,36.81431156316,83.655657676188,104.333158605719,60.2910252910685,35.4503603754091,36.4487146060017,31.5999197140445,32.4262774377529,44.5319933304749,60.7018155550578,75.4519832587396,-0.21727768585319598,0.015518308836799147,0.24982945026358158,0.1187378692338575,-0.05552901808914631,-0.10606121962442926,0.12037468989049532,-0.20779127115451176,0.481128844775418,0.010315855291459128,-0.03797889747347554,-0.07633604136853378,0.10179636735971935,-0.031372764825582405,-0.04185548327406724,-0.07417636918649818,-0.11302238708899075,0.09910403271638367,0.04183356818330047,-0.023260405279015794,-0.04617249573129541,0.01069938147823852,-0.008529695209458002,-0.16358440822237091,0.1621229348125547,0.11607279540084697,0.03493597383166011,-0.31585378475245357,-0.027558082879401456,-0.024837614592401084,0.10009256530762607,0.06039894264261185,0.184744724781948,-0.12104553890609446,-0.06349013339314567,-0.011997483301391354,-0.16514926542771768,0.3130197907358287,-0.13642099707300442,-0.05810013351961893,0.13692368025871846,-0.14202157588903944,-0.09294009157657727,0.06372358471434626,0.015736754552974068,0.07786639406610182,0.1537560427181715,-0.3005725761364792,-0.9205387205387208,11.272638388520729
9,88.1275209027223,82.8414881359458,74.4772428348511,91.140513848124,84.8874344759059,86.8657996448264,62.6203221946215,29.4616486444649,71.4305679966393,156.136798114761,123.604322726978,123.920044818236,105.569979836404,104.036419912647,94.0778772551657,78.1218808840719,47.7019399927169,15.6891748454494,10.3540934362771,5.89821846607776,2.58771207306034,-1.08967800419899,-7.6942601431043,-5.93675454839715,-3.44164830594287,-1.54790051110798,11.7772326900572,23.1199767003466,16.7407176134329,12.4092171017362,8.03987127270381,-0.516817764170656,8.51968627184632,12.2507693845496,12.069407627092,8.79548889121028,-1.12001969659188,-8.71762638888965,-7.67163929695313,-11.3893392807174,-34.3016353469909,-26.9807084509962,-11.3179225894606,-7.38042142058365,-6.14978042806248,4.10568051904023,17.5738008287273,28.4588853834648,-0.07881491068757955,0.019284029228150066,0.029579830805656144,-0.10864744596632372,-0.12427967198043216,0.10388154721727141,0.05623855433353838,0.11797998494312313,0.017627231268448455,0.6382167293094898,-0.38348440471317524,-0.2614585694542995,-0.005710821682696695,0.29416183262610324,0.007148109141734932,-0.15550339223676063,-0.0665304281753871,-0.14391692322330796,0.01093359945039085,0.16246587417286448,0.026588579972772017,-0.09797389563326306,0.37502913481230915,0.07103391008411089,-0.0026280238628134792,0.032458643720688705,0.06659107756916086,-0.2571704600565535,0.0635966427430543,0.013496700987311091,-0.06712993331791457,-0.08238595723893459,0.20434418420727896,0.2205528917197246,0.056777819741345235,-0.14333909928752497,-0.38183995043358215,0.18726052794651543,0.1335913692634648,-0.19538307709424974,0.22435944539992758,0.3121943190564554,-0.06314171861730525,-0.30842858168895426,0.1050338781254033,0.05821508373836301,-0.171972491186615,0.034808700262439506,1.7798460798460796,12.495070952770197
10,36.2382073782145,36.2832078266783,29.8837464010136,54.6210346908506,48.15799862801,59.3377633762216,53.4239718501329,33.2346860926659,91.0236593741644,123.604322726978,176.418283865743,169.673421047564,166.258574609526,161.746924330807,129.029150138736,103.567278345864,66.1207422184005,27.4748968438115,20.6730073743174,16.0301042307624,12.8381802462955,9.83577130757016,11.8228027165595,12.3642950407889,3.9467339483881,0.852816532904606,23.7284371943735,48.8760858444075,51.4697364439018,53.6049612238541,56.6770992042983,45.6474053654229,52.5185273556976,51.6831451614382,49.8631758661031,43.8778751857563,29.2632992291033,31.6116716227615,19.7408779531046,22.7167967500268,15.4297526626045,-1.37033061488543,-19.100932482527,-22.0441086834649,-20.8605931213637,-13.7061555185945,0.518878692233904,22.5025402630714,0.05981134812350882,0.013856605852525013,0.011268126749015278,-0.004536861304383263,0.1749234209784084,-0.2730713384371162,0.11130504369595627,-0.14351891854293625,-0.03629233871959913,-0.3815060188924188,0.6316838642500179,-0.07660269915931245,0.2788107050215608,-0.441741223792716,-0.03361411597321114,0.16125173088942657,0.04820148001536058,0.061316314403882674,-0.09817766539575828,-0.10784099351933886,0.012576977770040668,0.16507693685392344,-0.03441038885317269,-0.14251823170416447,0.11783925992930928,0.05273114443475529,0.07222041041097871,-0.17260284931968536,-0.01994402617404675,0.062435556058187396,-0.007558636147710978,0.03671011944815462,-0.21185872924147894,-0.04941635026960658,-0.08020290145363126,0.022691017834523555,0.46663616984215556,-0.27899657529581706,0.057917060612428274,0.08904458491618623,-0.12208199604972773,-0.31651360197516226,0.16431398556803617,0.17728977071695884,-0.03054098623092287,0.04554742433586524,0.048948694385054406,-0.14230540554118232,4.7438419913419905,13.281878024802932
11,106.478286542716,102.925786554206,90.7626358373711,112.798662258266,136.142570390297,136.55503425999,134.390395968461,87.1841969875761,113.084134624,123.920044818236,169.673421047564,299.484103209996,315.399039234183,290.91480292334,234.673061379549,187.912970576395,128.357761989724,67.7309082569046,53.4654760449177,43.4520200434605,34.9987537969113,27.418232163347,26.4773080529155,24.7439880481943,15.3315577362419,22.0201087712941,38.1504909107905,63.4306135142285,76.3733126103766,88.9492582967185,102.931818385288,92.8294744258319,99.3591333361036,96.588424562831,96.4462957258414,87.5062334893264,87.8448047906929,89.2506477384188,120.139661155857,152.858549038842,83.6825842679063,18.084812665064,-8.03048230910102,-13.3340337140003,-35.2947552869519,-51.5675046477349,-57.1222505058496,-55.8377077865867,-0.004647089145617579,-0.01943352244001389,-0.07279246306340986,0.3361977139741572,-0.05113020191625225,-0.1427921172973898,-0.1002097687547554,0.015755331443105487,-0.06627306801647545,-0.26058415102199306,-0.07853402713816926,1.1251651497776396,-0.9306863857666997,0.1260373732894216,-0.08614136366974084,-0.03175242507122183,0.260318184409609,0.09737602433459153,0.02568436917512194,-0.02814893087418913,-0.08775864831316398,-0.34620316760302805,-0.06291344915219353,-4.341111146794646e-05,-0.2849786639291163,0.18434622586572527,-0.1676165960709465,0.09220097718896217,0.07131189120507035,-0.040894119494006786,0.007199865835082167,0.14973188520053177,0.06295936533520403,-0.01383041718953804,-0.20519229713724715,0.007202180250739863,0.3139492248363914,-0.11612129422712117,-0.19839522782846186,0.06598697096101208,0.005019588938405389,-0.07556312342407216,-0.08029951459852566,0.3448102541144826,0.08382151082160993,-0.4100277876593373,0.13851273116939478,0.1522977027631569,6.540113035113035,17.30532008400872
12,121.572596397133,117.735056538969,105.084742781358,126.64476802195,139.639377569392,131.02961999031,129.447126427101,88.3933318784595,109.879024935521,105.569979836404,166.258574609526,315.399039234183,359.321595048969,332.185866835348,259.352315911975,208.48629972672,143.107096438232,76.6124327235275,60.395413338114,49.7408866791789,40.5100705559435,31.9817491741888,34.3371796490032,34.6549550087611,23.1383332865544,34.7671601190407,46.951206560216,74.2269425691658,97.0387099715928,120.324649241189,144.887840379471,135.307489394727,143.854481947648,142.376718127017,142.281119373445,132.876150465456,137.82624056381,134.29488964136,153.765197060626,181.963680810903,108.664024785479,42.8524577787306,8.63728127368756,2.4326214937241,-24.7093829147369,-45.0634924995295,-51.4294265537584,-49.031291171302,0.009920766245987625,-0.06327290291705241,0.27560937512205214,-0.2809049899424554,-0.04406939880472875,0.039184480776014205,0.16449208848088862,-0.11503275500146605,0.08881653252065681,-0.0045195491300077575,0.27562481973722813,-0.9328661097317015,1.3390359219800794,-0.5707432085380055,-0.0020351625646351135,0.1316657788976112,-0.15323045508152044,-0.27231990946763274,-0.042086527996859406,0.030508795657432048,0.12064661664537596,0.3558741621444933,-0.07016509338434931,0.029746904783754066,0.1479114945747819,-0.03500297725173449,0.10645687320075069,0.030941750087682424,-0.09707039909152297,-0.01966878153486548,-0.21791493615213453,-0.13039063408717738,-0.13064283894479398,0.04407959686559929,0.13392856389840843,0.048479096550065166,-0.016543860137353993,-0.03329490452202484,0.11586634997117175,-0.031246336762428616,-0.04715778343368681,-0.043313114915922955,0.10910378136732383,-0.16590887837426524,-0.1474094269335213,0.338558850822382,0.11505144186774914,-0.34246391712977203,7.228593073593074,18.955516216895
13,95.9325913431229,97.3316019302138,91.3904873751039,116.938977701084,124.463478582845,111.746128071408,110.099091926743,78.2791285969104,107.906383183857,104.036419912647,161.746924330807,290.91480292334,332.185866835348,345.653751520021,282.915881930727,229.028003475903,146.074828195056,61.7861561241048,49.4020571932237,40.829771814514,33.5143666345521,26.75149969104,31.8004624309813,40.5682398759887,34.9756653357691,47.173454627272,43.9316061553778,61.2376272772158,72.369146874531,86.3344259401135,101.213103265981,93.1109255765167,103.793881479102,104.137286560877,104.995923614872,96.8701759120103,104.974524814337,101.772301710719,112.716261048668,136.58107563583,77.3438793960866,30.4534541369543,12.2424825337402,9.21838059224239,-19.0516348985769,-40.0721780080682,-51.2791275445212,-52.6026274603904,-0.14065535272469298,-0.04423577479070363,-0.036487088810629106,-0.009726359969461206,0.08598906936113299,0.21386496648760706,-0.2131064106668467,0.2488184842134807,-0.025564678510022542,0.2820267202364707,-0.440534949677924,0.12413809423383756,-0.5812748908594665,1.5906475488060754,-1.406990882615378,0.32686213246647133,0.025622492377382504,0.11142860483288057,0.05776708747987405,0.028291212299092997,0.012468351923583174,0.004496698490146292,-0.20573947290869216,-0.02303860774679584,0.015312113391691468,-0.09483905555885923,0.019455317999333317,-0.059380769911698744,0.016831814895041822,0.3180679500639666,0.0748046176683945,-0.016808850308325535,-0.20358757781645398,0.02557519937209115,0.06680482608970584,-0.19344654405320927,-0.26529810906592705,0.2156191237753301,-0.14413897615748233,0.06327628799338444,0.008911481159590237,0.25857187498150525,0.030424628014210826,-0.336663509218333,-0.037274471165112906,0.04708841276577125,-0.03335244338111705,0.14895063409126352,7.309612794612797,18.591496753086364
14,67.0107928570586,73.7416729438274,74.2681650209139,98.5389280396863,109.776420244504,103.343608012306,105.485242521875,78.2009620573746,100.633911370433,94.0778772551657,129.029150138736,234.673061379549,259.352315911975,282.915881930727,249.214130793011,211.772788194817,132.715851470856,51.5748458501182,41.3261212555614,33.5770968849277,26.6451226758042,20.2741525546183,21.448911496954,31.9019398037573,30.8417202360032,41.2484459430219,34.809226879491,43.6434477268978,45.7971705070023,50.6990044254882,55.0218362516291,47.3574829709567,55.4997179538227,54.8327229098237,55.3312272953969,48.2360030097513,62.4523948652349,64.1956478223261,84.6068349008616,112.779414358213,60.0775028138234,19.7217737992995,13.4373652248603,9.51512606879066,-15.4656215143584,-32.2187155705875,-43.0118099659159,-45.4207837003394,0.16466265423446338,-0.008758901092100124,-0.1592809310164298,-0.06762999689710801,0.04219543720652979,0.05968466008406245,-0.07371580781088063,0.09974634321206055,-0.04598629804995,0.005479598298373924,-0.03508528908165819,-0.09915946906698694,-0.017091044884682285,-1.4324175348865045,2.9679078050724894,-1.3388913217473615,-0.4172950294154236,0.09739345070945452,0.03831417624590608,-0.0073094989175343525,-0.010255548877423757,-0.020092459261955613,-0.03544840256456905,0.051798138541882435,-0.15620409336792823,-0.025777412775218493,0.06313067668781537,0.04048579778755999,-0.08299729342870149,-0.20386439435113998,0.2645384165133754,0.21390608316291956,0.25053059563766206,0.03366038236174411,-0.029874861109546506,-0.1330740376658671,-0.031201401337080128,0.13189602867627445,0.032242507141578024,-0.15562921912889824,0.042053922461883886,0.06332999583661852,-0.20886288656040317,0.13765380364728666,0.07902184534461644,-0.08045261003531917,-0.1902668295075209,0.22076911992835607,4.804706589706589,15.786200644645653
15,61.143077847014,68.6000379174362,71.0285355767219,90.1475447660192,101.014919959079,96.8315832490562,99.3593861059272,75.2662845593168,89.5342621098239,78.1218808840719,103.567278345864,187.912970576395,208.48629972672,229.028003475903,211.772788194817,194.342611166985,123.534382203314,49.9604781334276,40.3863440053792,32.9205698280946,25.8373101447015,19.3114990139515,17.9286366319501,27.8362166412489,25.9640308477911,38.3935227906505,34.0009046076208,39.8911427206708,42.2866884133237,47.5677002556885,50.8799558316461,43.2864447668663,48.8546838497686,47.0330020823975,46.8496249385115,40.3290875522146,59.9380556296231,65.3765019947562,72.9038635270152,84.1339218118007,46.5190998925215,20.9928693594933,14.6211027623329,7.14355945643059,-17.1386964639405,-28.6866927469509,-34.6668460951812,-33.5329659410644,0.17111479764497028,0.009862154016431802,-0.05987170289832958,-0.002823288423276912,-0.1819929118297661,0.06402826644464428,0.05776318947670484,-0.19306056010184525,-0.07075317449911213,-0.15044550174288762,0.16426000097000712,-0.055027544567612316,0.16602762505159058,0.2753246649519614,-1.3489681840211296,1.790356022592427,-1.2842646960295878,0.4403211032577246,0.32689599751215037,0.048792187510391924,-0.01563253771664822,-0.1172492486262021,0.10004279699805096,0.018038713272159158,0.07443184061301333,-0.14409284523411314,-0.09442516851824374,0.24979994263580954,0.08758060200328134,-0.07701598261889153,-0.31341203651236244,-0.048153539394534144,-0.14839691387561538,-0.030398416383005118,0.03572830815876143,0.31551865032837845,0.06582968974378235,-0.3059641153861799,0.2192127273360437,0.007270087712461604,-0.001253647412499867,-0.1800949972039772,0.12031040806096492,0.08185453708346416,0.09204808662540868,-0.08820805935957333,-0.012208800738820372,-0.00661959829006078,2.550197210197211,13.940323208842214
17,44.1886509047079,47.1724852243463,46.0382831991597,49.9988069725477,65.2573927969393,68.2183228745038,71.7510352586179,58.4983935474406,60.1994157908473,47.7019399927169,66.1207422184005,128.357761989724,143.107096438232,146.074828195056,132.715851470856,123.534382203314,89.7475121277545,52.0534261088335,41.4957676140087,32.9487784325799,24.2144593000835,16.0890992601627,13.1307414292676,18.1527994150306,15.5583504217423,21.8712823911323,23.1678142587887,28.1344469403375,33.2050092997903,39.7292245579086,44.6587987233835,39.5260882419325,42.6310741479174,40.9361150061882,42.3466007048561,39.3678186160145,54.8022678404348,58.1374901686973,60.1132902206359,62.5247330086766,37.4580643575468,19.2485898395783,10.6522230705062,2.04890102335441,-19.1384302672895,-27.5176565066211,-31.1615440072152,-30.9846430017946,0.01044727559258633,0.014628276113199473,-0.009132037383867475,0.12052797221432468,-0.006325747908353655,-0.14814694018062421,0.056415384894043165,-0.05122305332776456,-0.12810782735578136,-0.05392927653975082,0.06615584792983728,0.27260560179772503,-0.13924297840509534,0.029583659552454497,-0.2825083455591041,-1.3242994737441574,3.445373372844142,-1.1716089551664297,-0.7081433088843727,-0.14656297174677088,-0.039343184425176356,0.07291290669663031,0.2816848979590551,0.07237268330150397,0.008483753364535296,0.10743264069632041,-0.23202154096464309,0.010773617988305572,-0.1539762706147513,0.036776357976873994,0.3299978483793484,-0.25560800025592767,-0.012910716871045868,-0.2097853766531933,0.0006901900735059313,0.282039862396509,-0.014902723825956315,-0.26295570830175674,0.12360133787273661,0.021585114764812483,-0.07733068488488036,0.05853956584815907,-0.0770572646712838,0.024423691320815868,0.0018604722138877323,0.06391444674695822,0.07272873982997512,-0.0738518345535996,-1.4126455026455027,9.472988553131186
35,29.570261061423,28.1573504307386,23.4877957436664,14.6251852379711,31.8626936168908,39.5759509363085,43.0527027713725,40.3876833947903,28.9536547471618,15.6891748454494,27.4748968438115,67.7309082569046,76.6124327235275,61.7861561241048,51.5748458501182,49.9604781334276,52.0534261088335,50.4944247197389,39.9250459389584,31.3046414553609,21.9238985367864,13.1995105147909,9.72565470146417,10.6312217814654,6.522399279841,5.80804618515745,11.8738263474977,16.425301347417,24.4364441611651,32.2638826403808,38.7792739235838,36.1389921316088,36.4188323109812,34.7076272059226,37.6627798570601,38.2631812484706,47.5898832210537,47.3952114761371,42.7358150053995,34.6051090406581,25.0227408483788,17.3446645704488,6.2476059755745,-3.33248373845692,-21.1943602107212,-26.4629262123599,-27.8389032354622,-28.7906566834384,-0.11286858022591123,0.019761695725992803,0.13561025109064484,0.08981511915472958,0.10819735711328606,-0.16476028722470504,0.03537079133065536,-0.21653834371682926,0.1290913648527816,-0.17067144191282183,0.07086585107538651,0.10947405167202082,-0.29708178103638305,0.016267956867405294,0.08574962824717776,0.47281532211942173,-1.1708483408380665,2.393783568527188,-1.3931881272658413,-0.3111468405182299,-0.04668874641422418,0.4071675626187061,0.11162233843858424,-0.15735685158525312,-0.2729083908777192,0.34597788982312955,-0.15539925168576024,0.06948180800285188,-0.1363853209976338,0.15200356154618075,0.11778114041848811,0.09381252162292071,-0.09366144583893853,-0.19690968445847934,-0.030871946704918222,0.15866738088229967,-0.18369980284086596,0.11171144794253436,-0.0971738383144695,0.14572370301683968,-0.1604209275113346,-0.017062132051529164,-0.009793150403012305,-0.026298733044567937,0.11107100053044489,0.08154485493066839,-0.16211462522129005,0.11379829002499377,-5.578518518518519,7.105239244370234
36,26.7548756381425,25.8827287689379,22.9691450606018,18.0840989245409,30.9079132459099,35.8264288882885,34.9752939738725,33.3306761598779,22.7335390218942,10.3540934362771,20.6730073743174,53.4654760449177,60.395413338114,49.4020571932237,41.3261212555614,40.3863440053792,41.4957676140087,39.9250459389584,32.7417122623102,26.7247990749387,19.7450207627014,13.3248578903323,10.6452968644912,10.6871555916937,4.98768640041681,5.29405698821381,9.49295733776896,13.0281230624499,19.4259010946718,26.3289768913388,31.824240903656,29.3162934439777,29.922264737862,28.4470385919065,30.9486006110688,31.5934040696469,39.2460569859346,38.8910790607676,34.1037497114995,25.7056403427671,18.230311228698,12.6567405870837,3.85243580742936,-4.10700755589488,-18.8262398731184,-23.9158522024844,-25.0329898640687,-26.1301505840811,-0.024863281734208417,-0.030076861496903876,0.00817448038854182,0.09245973845798071,0.04165067865926672,-0.02329787675135709,-0.04863675729787228,-0.05715222815524802,0.059541655400960264,0.0003161237990621702,-0.09886531864725204,0.026898534156111886,-0.042196254790796306,0.00571829548801903,0.05006786850618285,0.3506215929068072,-0.7095521879907278,-1.4359248399448101,4.041572432296598,-1.6397195743602095,-0.533860326996434,-0.09544871415815369,-0.030335935555505865,0.05083886607045129,-0.04494516426274033,-0.07409419075172735,-0.08122051861810473,-0.004384927475276302,0.07473973365186005,-0.0318584962850622,0.07262516211801573,0.08655142936851878,-0.009188050158672294,0.011292877805235899,-0.11805471430941905,-0.0007304515426760619,0.0031709895756467823,-0.000845987296781909,-0.0011716621246185331,-0.07057442338836488,0.1037287597649738,-0.036059237082833595,-0.06477268970023659,-0.022526826862585017,0.021414145931759516,0.024456418454592874,0.02446562807988748,-0.019972650815688428,-5.85435185185185,5.721163540951281
37,24.3662697249495,23.9643061913001,22.1412432839845,20.9998286378555,28.976706426804,30.6203223190837,26.5919921058511,26.4004744311907,17.3513824229687,5.89821846607776,16.0301042307624,43.4520200434605,49.7408866791789,40.829771814514,33.5770968849277,32.9205698280946,32.9487784325799,31.3046414553609,26.7247990749387,23.0743415992621,18.1824056068997,13.7486285497559,11.9410587145381,11.0708317123915,3.37899948434346,3.85645308494288,7.35495084285088,11.1780716010074,17.1937517038008,23.6256797016516,28.5948690483758,25.994034887441,26.7999223894419,25.3999522951249,27.2158575207702,27.5879774446546,33.5451524676271,32.7872816828895,26.8745136050959,17.878460803506,12.2574595358506,8.37061869111429,0.190595889773806,-6.57029278653441,-18.5148639645463,-23.6718690917041,-24.4564460815084,-25.4351240968432,0.07579133422503424,-0.16166807494399954,-0.04816467733049166,0.012178767991516412,0.029309837616271064,0.03221136433515904,-0.06408838102189322,0.14208010571976726,-0.033970359181239924,0.15135690308374591,-0.10746944194791043,-0.021938193741729256,0.0712321096333291,0.03718485783164998,0.0023896679858762294,0.04204775204426474,-0.14100974725291388,-0.31449520953576326,-1.6666208647032021,3.953233139029708,-1.7080636586163602,-0.38138899104297325,-0.18759795904757476,0.1947812709078131,0.059271318857011576,-0.10444788288788107,0.04254376727145171,-0.006051731724070259,0.35132612728442597,-0.3745364676847071,-0.3255744070483799,0.3377444947139958,-0.03501332126487149,0.2297960048885752,-0.011900625490165592,-0.031808196116014716,0.0015253283117826594,0.06886989573429113,0.07591670071094957,-0.2224379524847661,0.35406951539801157,-0.21792025372290438,0.03666797393120705,-0.02645388834232331,0.01924255542995324,-0.0034874083045809134,0.07223417952891949,-0.05169365239429765,-5.974629629629631,4.8025349139035
38,20.4424345366027,20.4256246577719,20.0496603725271,23.2406670544065,27.0411890733566,26.1357805170716,18.1937065530258,19.1458323412063,12.5129167481124,2.58771207306034,12.8381802462955,34.9987537969113,40.5100705559435,33.5143666345521,26.6451226758042,25.8373101447015,24.2144593000835,21.9238985367864,19.7450207627014,18.1824056068997,15.9403014048531,13.9745918036956,13.5228335237325,12.0988831952946,2.96437629004979,3.37932351999258,5.85463916950389,9.92718407986901,15.311953124281,20.899600440021,25.2372879045579,23.5639304291085,23.8597777626094,23.0011715839204,24.0746413270034,24.1521472833536,28.3563512256983,27.3606533910544,20.2899273447772,11.3081393756766,7.90962900959458,4.26573277641732,-2.97015713326084,-7.91149580562468,-16.5053208923869,-21.4129079288964,-21.5959426018725,-22.2467114297351,0.1452786299977768,0.009703699106117455,-0.18519048134592037,-0.01743142909280634,-0.093994558058715,0.105308426520068,0.003467127872122983,0.09158101585365643,-0.06253012015653783,0.02309350389726589,0.04603460672017554,-0.08218136130142382,0.1514004412285482,0.016530724740020597,-0.018351844252158297,-0.0942402773954756,-0.04445782759352739,-0.0440732741598893,-0.5306760203527551,-1.7312279867298546,4.775675069023975,-1.7056598228276372,-0.45920714652358846,-0.073733225890157,0.0852390115596411,0.09227511724957131,-0.0033292992385075726,-0.0838414619030073,0.15005912682044278,-0.08652260502972337,-0.18089488344902752,0.022970814797167564,-0.02682076609016896,0.07668551471699474,0.0046285027914166705,-0.016093022676413528,-0.02104926128627822,-0.019656458143570664,0.04559841273303465,-0.08142145444311007,0.08491458713408577,0.030485033361494926,0.01072963908463882,-0.00623546405579622,-0.04968412106960963,-0.027182585439125117,0.023407654157919615,0.012582439066353226,-6.18111111111111,3.9912781668098662
42,16.6362673917221,17.0309148268976,18.1173434653813,25.7505142344385,25.9689837755488,23.0565850112359,11.858504812478,12.9716402030528,7.86712951969054,-1.08967800419899,9.83577130757016,27.418232163347,31.9817491741888,26.75149969104,20.2741525546183,19.3114990139515,16.0890992601627,13.1995105147909,13.3248578903323,13.7486285497559,13.9745918036956,14.4866120689655,15.3169374352434,13.3423510499422,2.66514901746718,2.89920775852121,4.2694534041522,8.54709403189307,13.2474869012724,18.0658985638951,21.851352618106,21.2134478964704,20.8160626285553,20.3114631037819,20.8232972593448,20.7652538613744,23.3650973106721,22.2018329875798,13.9505453966232,5.13327945247057,4.31577001949849,0.563675440720038,-5.99600082397632,-9.43395832753996,-14.994347518934,-19.6546264294056,-19.2332612253595,-19.4933691139628,0.06980730564632437,0.25610999124196476,-0.24430725787920254,-0.03421282087246066,-0.1873972305911544,0.07642757520454738,-0.00793367808157492,0.05843609709781766,-0.003324219236689578,-0.0929933339190052,0.16727104972643023,-0.3480539943738192,0.36026495069402553,0.007010974511593928,-0.015481963687481188,-0.09381452096765806,0.07846871244052994,0.40980369021389096,-0.09800720542334264,-0.38276890167407834,-1.7444810555755803,3.5934195766515913,-1.0310318097721287,-0.46651031755991096,0.26020565363751974,0.3295332859843927,-0.12194478463921526,-0.24574599722197182,0.3338480857644,0.026855484298804903,-0.10511739389022338,-0.2052638450311871,-0.007639106600537661,0.139387358092318,0.022776580292084847,-0.05463432235018719,-0.0951990545215917,-0.13401201699724402,0.0583292910073199,0.0907148728195659,-0.2688315135939468,0.30017114403273976,-0.04891347001978655,0.004441430058037892,-0.01885451162966316,-0.050363226965948416,-0.026761335029193565,0.087797484605306,-6.3450000000000015,3.8048143277912416
43,1.69305006096904,2.59959092698738,4.30641704663889,14.884025762741,11.1780671420149,6.95423621613793,-3.86161594649091,5.31238036780467,7.32050858559152,-7.6942601431043,11.8228027165595,26.4773080529155,34.3371796490032,31.8004624309813,21.448911496954,17.9286366319501,13.1307414292676,9.72565470146417,10.6452968644912,11.9410587145381,13.5228335237325,15.3169374352434,21.2221213282248,22.0207051582523,11.0277268523581,9.3652132490809,7.85601112776734,12.4570733157443,17.3561749522478,21.0800799306144,23.8970567026289,23.817762950982,21.8283664320686,20.9815658937029,20.4209837301121,19.8055080852102,21.1755784153675,20.4703836800354,3.98018950137099,-15.7613662790003,-6.77933098204949,-0.640764797494437,-5.59535016856914,-7.69420181578335,-12.3715112243049,-15.2795962390362,-12.8267989463951,-12.0805063519935,-0.03115457765426399,0.09488789825662906,0.2890742447651232,-0.09134653865565559,-0.39723586731664384,-0.11142824632025441,0.4317701889296263,-0.304589019783004,-0.013564217359537153,0.3467655201146925,-0.02469746143962575,-0.07227370622753919,-0.06746156787578145,-0.21754939254045955,-0.03756474429961463,0.144595828760444,0.32328656132343075,0.11992868978291457,-0.012805840016636988,-0.12221504716770397,-0.4458282328193909,-1.0317065440459516,2.62395201440494,-0.20839173663784524,-0.19139253831399344,-0.1643379386436786,0.44853258436744536,-0.19304167891410395,-0.12434774359786423,-0.111019574434984,-0.03006849245178158,-0.2031350516641133,0.08461933467916541,0.20948146551506414,0.04376684617550883,-0.004995852733527344,0.030664959194182145,-0.1595879927027347,0.0867106428139877,0.15416223411243019,-0.20960996464014664,0.41050100629637776,-0.1006265560297642,0.020231682761135645,0.2738390277715553,-0.018802333828415806,-0.44154540554310834,0.07282334694558631,-6.818888888888889,4.605661877322821
45,-0.611914200388351,0.583381119471688,2.46584052759378,13.6522105094653,4.8220079865906,-1.75431818215593,-8.75106946294813,4.34447460908916,15.844757889931,-5.93675454839715,12.3642950407889,24.7439880481943,34.6549550087611,40.5682398759887,31.9019398037573,27.8362166412489,18.1527994150306,10.6312217814654,10.6871555916937,11.0708317123915,12.0988831952946,13.3423510499422,22.0207051582523,40.3018531289911,29.7522796505949,23.1498151935989,14.6116277361331,14.3561021308947,17.4513775731817,18.5794288572087,17.8555607288637,18.7786297640088,13.8599983502298,12.2910999470146,11.0159081040926,10.2329670987681,19.8823166052456,20.6559018078966,0.850992500749056,-30.0185382407447,-16.134101993793,12.9857085781637,10.6340174011777,10.4058982083474,6.30209436591019,6.14601306020951,10.2558912942599,10.7681427100186,-0.14470143106564132,0.14143508776337807,0.03861647565274102,-0.26123791056230505,0.24850723541094982,-0.013164770729774584,0.0002499853130256673,-0.02851339086354925,-0.15256293709817198,0.08740899107123497,-0.15338401323613662,0.0012414965774494187,0.016108243464562057,-0.030221570438376193,0.045607083431347555,0.02177066505730396,0.04600952186700701,-0.169556449077669,0.0187239635190074,0.18642101879098033,-0.0738817211271986,-0.46311851413353655,-0.21462158649820204,1.0621540627130859,-0.6242432289284601,-0.022307092926229427,-0.3126313651481997,0.6038794533726102,-0.19845300681431063,0.011429690228234063,-0.18518097547181678,-0.1707666543247144,0.011013991551293194,0.06890011734945306,0.39239207880104016,0.01572659937351513,-0.21256289317122185,-0.028100147021582124,0.13268248227952037,-0.08421203860682484,0.1556780979582089,-0.13206942752936282,0.12069366998757308,0.041549650422361376,-0.42284531342601483,0.27410109343030176,-0.034886460561139775,0.09119496272963266,-8.54777777777778,6.347586401853153
46,-20.1969914291523,-17.1369864731767,-13.0311595530985,-14.8598938614897,-12.1345424291423,-14.0197410326438,-13.4533873841936,-3.79562980923248,9.99184315787244,-3.44164830594287,3.9467339483881,15.3315577362419,23.1383332865544,34.9756653357691,30.8417202360032,25.9640308477911,15.5583504217423,6.522399279841,4.98768640041681,3.37899948434346,2.96437629004979,2.66514901746718,11.0277268523581,29.7522796505949,37.4418007662835,31.9230968147473,18.8701436311259,13.5134226349412,11.5505073410639,9.14130896224682,4.68399883709554,6.5261889878073,2.13958024743663,2.02995406039998,0.819802001910788,-0.257949299535407,8.1486460631934,9.85640342895005,-3.84042312422874,-26.7114346437139,-8.19940050907385,23.8319522325113,33.1080224098206,37.2120641065109,34.0916207373261,37.6341606402285,37.0371537454364,33.250651022356,0.20107756179936528,-0.10663931240418342,-0.2269666975181816,0.02536701919917534,0.1184572032615953,0.03916572547111158,0.0022481105597973476,-0.0456146483075107,0.14958835493555253,-0.0016617904031522091,0.12542987493450167,-0.2859749211349385,0.15410401829303788,-0.013559748958399806,-0.17301004039967827,0.0869862851484146,0.020052956425899566,-0.27008838600909074,-0.04166783652076319,0.05644904585163785,0.11932871729977415,0.2775290400543751,-0.18015962415736922,-0.6311971534089997,1.5973090616531074,-0.6922950764980125,0.30929454871446294,-0.49532741450680456,-0.041606845642594384,-0.08310228791472471,0.5322278796451547,-0.38404485955198187,0.44890342308226533,-0.21401507879947357,-0.2979032809051933,0.17626323656927229,-0.12168179810549634,0.24533262251157917,0.0317406496171994,0.04034249787838265,-0.006765965365757604,-0.3222546990981483,0.15039741549211774,-0.01250582017127661,0.1991349999274411,-0.3504795699371408,0.01859082162755528,0.0024749853138234003,-7.716666666666667,6.118153378780523
47,-8.1323610965514,-7.88454647119878,-3.16316710099011,-3.22601521414635,6.37363884640742,5.72926354780644,-5.05268643380001,-5.12636307382859,7.02143403312343,-1.54790051110798,0.852816532904606,22.0201087712941,34.7671601190407,47.173454627272,41.2484459430219,38.3935227906505,21.8712823911323,5.80804618515745,5.29405698821381,3.85645308494288,3.37932351999258,2.89920775852121,9.3652132490809,23.1498151935989,31.9230968147473,45.0926069604087,30.4655067743331,17.2993995432293,16.3759130402545,19.0568094159278,19.1686124781358,18.8404527983977,18.9142118957646,20.8977888171908,20.4499926143551,19.7508257121329,24.6036634254562,24.7239806813321,12.7596149901994,-6.42385446090006,0.582041171519126,21.7523895641034,32.9074386837287,38.2313962336552,30.489053843877,30.1572726712955,27.7560700991455,21.8616582285696,-0.1824182484765939,0.02052791782161392,0.23522554952962305,0.11714958152092764,0.008597632343429728,-0.3261957948547653,0.10541968960954458,-0.0460196809465167,0.11194836783461573,0.02288175518234599,0.0548191558893248,0.19041731825546823,-0.023898996902274747,-0.04508012307054119,-0.02083465755411958,-0.15760304540619705,0.10432445096336962,0.32935310198768375,-0.0996507752965941,-0.12829990429471552,0.06065072397207827,0.3269121311490778,-0.17071568721855113,-0.03437438667461272,-0.6961232424227812,1.2904850078213346,-0.6010043456602557,-0.29895334723638567,0.4061535587937408,-0.10356818522676596,-0.30966398893715036,0.281390627895973,-0.05407529832901877,0.11715823412205312,-0.018979075268762607,-0.007869091642415704,-0.060378323995466096,-0.12323344279534615,0.042741138872138075,-0.15158813885251454,0.16970969762698382,0.14955698689490404,-0.035634011039892825,-0.45112438680991357,0.23982329763721272,0.15461332836745978,0.1514828787846417,-0.20404298507120247,-7.386111111111111,6.714358268696174
48,-5.87894309090921,-8.52125859687112,-7.90189192930172,-11.4374961405125,-2.91962915347388,-2.77731855964021,-7.8021512476707,-7.43513477702484,16.7816657162459,11.7772326900572,23.7284371943735,38.1504909107905,46.951206560216,43.9316061553778,34.809226879491,34.0009046076208,23.1678142587887,11.8738263474977,9.49295733776896,7.35495084285088,5.85463916950389,4.2694534041522,7.85601112776734,14.6116277361331,18.8701436311259,30.4655067743331,36.1155236270753,29.9314891001759,34.7320586708073,39.045170203555,40.5660959006811,34.8171973119146,36.0077388842706,36.7605920017421,33.8964500202681,30.9742511870951,28.2307024563572,31.7120362349316,20.1150203801834,3.528623374844,8.98924585666095,17.2591767248899,18.2622422974669,20.1832345260528,17.1569399570464,20.2336537589869,23.2955731268332,22.2421540371108,-0.1192906154540325,0.21958698373112115,-0.07535839454064723,0.016986329056747,-0.24553925655131326,0.14748997958550372,0.04562279417214253,0.1740510896038529,0.032808271372806605,0.04917048967955571,0.08151726369064627,-0.16742964356525092,0.1137637852244542,0.01692758091180974,0.0594822670070011,-0.0876839644886962,-0.20616220731802326,-0.13544533046224555,-0.05229427448454777,0.07779130087089554,0.007663424288696297,-0.10300480666706917,0.45407780754414123,-0.30399589705688446,0.3084947790848621,-0.6031234252336498,1.1551434077616987,-0.3744836531574902,-0.11462741196704422,0.07434159408758677,0.045799019324585785,0.08913063778703946,-0.01327685565375029,-0.017162547986805107,-0.06440670127164057,-0.43472048112663736,0.5431609483132461,0.0657385485428094,-0.30725754488981494,0.20304967429205326,-0.18407065971157027,0.04079102324218547,-0.00837158198555262,0.11623782185352435,0.029651913686153834,0.09216582719439172,-0.1877567187523573,-0.08033816659893193,-7.194444444444445,6.0087872010144725
49,8.51091344222489,4.97035053911251,1.73227084318195,-0.680339641079942,1.67333356482794,-0.968060594657064,9.27453838063828,3.39400472773531,29.7734514184727,23.1199767003466,48.8760858444075,63.4306135142285,74.2269425691658,61.2376272772158,43.6434477268978,39.8911427206708,28.1344469403375,16.425301347417,13.0281230624499,11.1780716010074,9.92718407986901,8.54709403189307,12.4570733157443,14.3561021308947,13.5134226349412,17.2993995432293,29.9314891001759,48.0481181855124,59.4860642406318,65.4928770769045,68.1449797682506,59.2564933788785,56.94013218699,54.9539472125207,49.4817403879412,44.5356264586532,41.3246811047891,43.6356208327647,28.1887765430019,11.8996281471594,16.1789686971897,14.7925268243626,5.00841293123124,1.25946371121013,-2.68177508264377,-2.21503328075617,1.59605602841811,5.19740959625953,0.04604022286933747,0.09610003056547597,-0.06466675405035097,-0.11731716808803493,-0.17886343750031153,0.4466668216258118,-0.22580050488700218,0.04172076591468815,-0.31931586585096206,-0.23574803443005438,-0.17702632565756035,0.0750669025693369,0.03009939857432409,-0.07840792306257803,0.03452892617072945,0.2697800581519326,0.019867888521067568,0.06912266280750119,-0.002047282506069084,-0.005879531116152574,-0.08172625992402156,-0.2580958239451319,-0.19090831812479647,0.6138241810773526,-0.5104286968975857,-0.2918681842352397,-0.3778709753037684,2.1392126199829433,-0.6030868871836985,-0.5065356813624559,-0.06184951840914459,-0.14189583766775352,0.016321696009309106,-0.10202780385255499,0.014455088657409122,0.5398090369764943,-0.09462702328721283,-0.147837850637477,-0.1042283734137502,0.3072596593965115,-0.39272900007220946,0.2156179681150545,0.05137224832320071,-0.04268682224166424,-0.25679484770162636,-0.029082851191258446,0.3583406353093088,-0.007306878330176811,-7.90429292929293,6.930953627424756
50,20.6720494794818,15.7322386463449,10.0982969915465,1.99738195728445,4.17274779961974,0.378706466814529,9.2602444022097,1.42066684195382,27.4670678968162,16.7407176134329,51.4697364439018,76.3733126103766,97.0387099715928,72.369146874531,45.7971705070023,42.2866884133237,33.2050092997903,24.4364441611651,19.4259010946718,17.1937517038008,15.311953124281,13.2474869012724,17.3561749522478,17.4513775731817,11.5505073410639,16.3759130402545,34.7320586708073,59.4860642406318,83.4609174359949,95.6014263395312,103.842493908389,92.4574945461846,90.0511780641675,87.6784568329347,81.1765618863322,77.3587000992796,73.1427931810923,72.7459847810095,48.644549627884,28.818917312179,31.0190394771445,25.6763416660928,6.57975465650974,-0.340501826975585,-6.67081533150738,-8.26694667851334,-3.78339449596522,-0.571814073537888,0.14506089458241947,-0.038066591921217446,-0.1539814841941144,0.09308963678744324,0.036717552246264946,-0.22938113145296418,0.1309047961008851,0.010902687200131714,-0.027120671626645505,0.05260210860270386,0.011047422284355958,0.059429383856247534,-0.05170645128212881,0.03998221666756143,-0.07137033321718177,0.09266913920876058,-0.12058738570186989,-0.14760001116546684,0.05875621419372455,0.32450953241582414,0.1524888571676261,0.32260798760737236,-0.12838958491111402,-0.239589297395587,-0.04383634235168394,0.41301963906544503,-0.1000002607096991,-0.604238646388235,2.0799950275738657,-1.637586611936078,-0.27169935641956616,0.06719237116390978,0.26187145150892993,0.012377430628592855,0.4569798388898624,-0.19645938140887934,-0.021454011510610545,-0.09112800851954325,-0.010403772015538281,0.06036558447387493,-0.03149156415081237,0.18585163676808183,-0.021744964723458403,0.06234905477508201,-0.08947313597123749,-0.027606722634180614,-0.2797672594111046,0.2992375237513092,-5.854286916786917,9.135147368050221
51,47.4890749527044,39.914801068857,32.0309357373501,24.2694382312262,24.351874068405,17.6390389701802,20.7421951651985,8.47511007954601,28.112448967238,12.4092171017362,53.6049612238541,88.9492582967185,120.324649241189,86.3344259401135,50.6990044254882,47.5677002556885,39.7292245579086,32.2638826403808,26.3289768913388,23.6256797016516,20.899600440021,18.0658985638951,21.0800799306144,18.5794288572087,9.14130896224682,19.0568094159278,39.045170203555,65.4928770769045,95.6014263395312,117.537950646263,134.544627434118,123.751322585574,122.573766664967,121.78758003648,117.427782092125,114.450757819994,107.954369421761,101.627478769381,72.0259812214831,52.3958247802591,50.5668951696901,40.0423106496845,11.5907597872893,1.21825175421482,-10.0333379725089,-14.0221427716007,-9.30687515323132,-3.95192014297757,0.025750890551567,-0.1178681587492902,-0.0007038747427097558,-0.08385772893239885,0.17148599044346485,0.06457237205015987,-0.15209566217956763,0.1244921129620699,-0.04329909783928346,0.0029205180938420053,0.05872488991048889,-0.038582292042172166,-0.013762206282081331,0.30415317804822944,-0.2531428629787399,-0.08842911146517698,0.04250519019836662,0.15792943790048408,-0.037610373193523734,-0.37603319385534073,-0.07322438767637979,0.029371047086635363,-0.11964531357655972,0.0526676164747827,-0.059458284345136635,-0.12910570127988835,0.04734736944167666,-0.5051407194217938,-1.6262590618516517,3.3908620183493143,-1.2317508177089538,0.09286294397438297,-0.03221275649069299,-0.13837468818794907,-0.1996542463400371,-0.15734420611111857,0.0031125569149712557,0.0601898950398496,0.13268836283084062,-0.2012092163497365,0.17814923518978376,-0.17022961338515993,-0.0724537821027653,0.20293895017302319,0.036460653463638554,-0.02010426895249221,-0.07095038989701906,0.04892039609066928,-4.719161856661856,10.841030884849626
52,75.1148695271103,64.9853886406348,54.5624913441053,46.292932971413,45.103876257497,36.3762078464882,33.5524766770611,15.8018738332291,26.4783861507265,8.03987127270381,56.6770992042983,102.931818385288,144.887840379471,101.213103265981,55.0218362516291,50.8799558316461,44.6587987233835,38.7792739235838,31.824240903656,28.5948690483758,25.2372879045579,21.851352618106,23.8970567026289,17.8555607288637,4.68399883709554,19.1686124781358,40.5660959006811,68.1449797682506,103.842493908389,134.544627434118,161.432971467509,152.213273082395,152.857284308966,152.738636286142,149.931486038016,147.321954250045,140.038366133088,130.266362146798,98.0319957794167,79.331672854311,71.3442274546635,54.2122005256363,17.1704460982815,5.21386560487582,-9.02438803703902,-15.1223493669747,-10.0634456804076,-2.8059960330315,-0.045934125485024284,-0.06569859611094028,0.04613578679860304,0.04549823857613634,0.17099503844140346,0.08528608087178276,-0.16695765736780183,-0.07179746101936271,0.10635807929476641,-0.03452325216281607,-0.0430540546433763,0.003073677586899383,-0.2700536578390883,0.07039322197490777,0.26091766310938663,-0.3085874592330065,0.3542080039206517,0.11359007009635888,0.08067332573857633,-0.27816142057639115,-0.10748048682327847,-0.04308268930808173,-0.029307737726207986,-0.201404819513197,0.5403214159692922,-0.2995137001108564,0.02862674924901949,-0.05307109255961761,-0.25996890732594263,-1.2204859197112223,3.075830110233942,-0.27604086237199416,-1.3925368928170725,-0.15566566302041862,0.06140823361723035,-0.012048862311135602,-0.03620529717086181,0.11263524798362427,-0.021606143793496797,-0.03690220049936754,0.06133449151054219,-0.2613617214420505,0.0025941975480803727,-0.1658196508243752,0.21340755319983992,0.06702245501131068,-0.05437611479554228,-0.02190264378852215,-4.022925685425686,12.705234018604642
53,73.7276739997162,63.693904793937,53.4016682863298,47.0796522993083,47.190730213587,39.0486692484425,32.6933599814033,12.1039807918415,16.2146909196128,-0.516817764170656,45.6474053654229,92.8294744258319,135.307489394727,93.1109255765167,47.3574829709567,43.2864447668663,39.5260882419325,36.1389921316088,29.3162934439777,25.994034887441,23.5639304291085,21.2134478964704,23.817762950982,18.7786297640088,6.5261889878073,18.8404527983977,34.8171973119146,59.2564933788785,92.4574945461846,123.751322585574,152.213273082395,150.693517697891,147.203946011107,147.643121177186,146.367462169806,144.168241446434,136.180462384544,123.514407294988,89.4186317624866,72.1567367503368,68.0628830074856,53.0106820570693,16.2528770117936,3.56969141646108,-12.9238846789945,-20.4212214726471,-17.155041181142,-10.2391181442874,0.00019605909104129232,-0.11016780564096361,0.07586991214174393,0.2872193684542371,-0.2806741747785863,0.09313633688101874,-0.14899613935019537,0.16335903624918846,0.05634128573139296,-0.08990110899399273,0.034832908860268436,0.15563455436013082,-0.1359003183949618,-0.0018841430922027606,0.2218971073829097,-0.05400419421901575,-0.2602875973344849,0.11282756220145473,0.09362204172136447,0.3486164786176321,0.027042261787130102,-0.21009550096168267,-0.1955794561355462,-0.16244045594109444,-0.39599891313829705,0.27454259184553553,0.09301869902344209,-0.14844177886511314,0.08458323948729436,0.09776607563745686,-0.27322310656772536,1.098819124466256,-0.5439002384790677,-0.21878701950258267,-0.13400111561687209,0.00685917118454814,0.1705854935528944,-0.02874127373539384,-0.0977027394060431,-0.09060398063184975,0.08564726043608072,0.0004899545066641337,-0.28015940183842125,-0.003177709754597204,0.25318595616413175,0.26414902455699607,0.0009901969983786142,-0.2077862782007228,-3.3998376623376623,12.27532149061241
55,92.363751302456,82.4363406859353,73.1622848783487,66.3656416693141,64.3934234930777,53.5077302324947,34.0609662148444,15.9633358522721,18.6477867843562,8.51968627184632,52.5185273556976,99.3591333361036,143.854481947648,103.793881479102,55.4997179538227,48.8546838497686,42.6310741479174,36.4188323109812,29.922264737862,26.7999223894419,23.8597777626094,20.8160626285553,21.8283664320686,13.8599983502298,2.13958024743663,18.9142118957646,36.0077388842706,56.94013218699,90.0511780641675,122.573766664967,152.857284308966,147.203946011107,152.264253157697,155.427099596396,154.798848141573,152.639356045618,143.822643760583,130.419817105386,99.0902344495533,85.3088744143883,75.6353707657334,57.7237786413142,22.7300628250415,13.9006667013379,-0.142841875251058,-8.18130623724355,-6.13425168966294,-0.223807988384011,-0.01480439419055993,-0.0035153173766621776,-0.06303594134436935,-0.0021945553655159412,0.10022182538892906,-0.14705466572607015,0.10383918946216501,0.023114069231521293,0.2115175987380506,0.19584151274044825,-0.20471184270115425,0.07115196125173233,-0.1136282904776798,-0.18112818273909148,0.26103868672616437,-0.17860942108892283,-0.009720139001751131,-0.0990120678829168,-0.008196259848481328,-0.04152625792893695,-0.022528683537793796,-0.00741522358692796,0.057118449645297185,0.012079149297957935,0.4691431166614868,-0.020569674604222384,0.001012020930237009,0.0239852317420227,0.2470894436480982,-0.034049574977138494,-1.384857507961303,-0.544634033071223,3.251221809264002,-1.0652834346029714,-0.20240178755317656,0.17255237780147467,-0.1612826967154598,0.2406284157811188,-0.20480794730672236,0.13403024588353266,-0.012052867963053344,-0.02541666198239925,0.18095467189129738,-0.29723806987729984,-0.03608983919566529,0.004880221533753189,0.005614941756955652,-0.03218899738392018,-4.121194083694084,12.339135024696686
56,98.6149863327386,87.9403748480561,79.3271424220631,73.5448906958158,70.0255042184391,56.9207337747208,26.6043032303047,13.4628809053879,18.5835390704608,12.2507693845496,51.6831451614382,96.588424562831,142.376718127017,104.137286560877,54.8327229098237,47.0330020823975,40.9361150061882,34.7076272059226,28.4470385919065,25.3999522951249,23.0011715839204,20.3114631037819,20.9815658937029,12.2910999470146,2.02995406039998,20.8977888171908,36.7605920017421,54.9539472125207,87.6784568329347,121.78758003648,152.738636286142,147.643121177186,155.427099596396,163.097549676884,164.394406081829,163.317716194914,150.857143696121,132.679417214521,98.6943001060261,87.2043964433186,76.7742113434175,58.4688413537298,24.7021711054797,17.4765634198928,3.5101913463948,-5.39874364193904,-4.73239440562378,0.638898086699436,-0.0807147706289163,0.16340738580578285,-0.15919340064998924,-0.130313208659508,0.11429214917074372,-0.16390963761728541,0.20441128373200282,0.037770266314240006,-0.12493837263318279,0.2076637757007261,-0.05494598313036575,-0.009533187650193018,0.048874591780693956,0.03655900064200045,0.03330027042193584,-0.034050938411782104,-0.20149119652811498,-0.24675894481155936,-0.03542551256136628,0.10146074497232237,0.040948977130372696,0.0973615061830098,0.20175700233070762,0.06849035654763092,-0.22374961015405062,0.09370511754940797,-0.020049329116048387,-0.1033911148201177,0.0078692434315518,-0.14878579990293023,-0.15214862242862956,-0.20751199279346574,-1.0749938190911033,3.0019280697218074,-1.552431448051381,-0.00668569523780427,-0.05963167962137679,0.02152335544399442,0.07309275646670309,-0.047115034686464434,-0.01784851235791301,0.41179884855029764,0.13761693406448888,0.1152820909321987,-0.4168406395473558,-0.21336752899897843,0.16042648998559397,0.04608361923635807,-4.139772727272729,12.770573584490387
57,102.268136462638,91.1862493348652,82.0365771896287,77.6033191033993,75.7085954449646,63.5451989650183,31.0854650573189,18.6889581777742,19.8956126170555,12.069407627092,49.8631758661031,96.4462957258414,142.281119373445,104.995923614872,55.3312272953969,46.8496249385115,42.3466007048561,37.6627798570601,30.9486006110688,27.2158575207702,24.0746413270034,20.8232972593448,20.4209837301121,11.0159081040926,0.819802001910788,20.4499926143551,33.8964500202681,49.4817403879412,81.1765618863322,117.427782092125,149.931486038016,146.367462169806,154.798848141573,164.394406081829,170.122541474727,172.292535432282,158.296867743262,136.189907526517,99.1445275519173,88.3094910135446,78.9220607737116,62.0268368284901,26.7227245566067,17.1869584830465,-0.571591029666599,-10.269605783755,-10.7891140228563,-5.21376587859607,-0.16706237123059273,0.17555699002097755,0.2482828133863682,-0.3113065182971996,-0.10097284455943198,0.1834059537430708,0.04049545488296019,-0.07580175618145103,-0.0689117883038798,0.06638260681814426,-0.08743705661480249,-0.1834279888060206,0.09766059741159201,0.07873978743955114,-0.04449530167829176,0.03371442041006156,0.0003660827119021262,-0.03026722428265162,-0.04886170388468781,-0.014545584002187627,0.0011998457802501242,0.016315289174725644,0.0428264150538462,0.3780400138796604,-0.27589485791040214,-0.016927262124844543,-0.06532003391637167,0.02313622422483453,0.42378926251457905,-0.17505466995291652,0.11993410031909986,-0.12628846455531118,-0.20504829622143927,-1.5980323215722705,3.019721022489951,-1.1767770061280904,-0.13740540505250887,-0.0721157697560825,0.10539205320780833,-0.022057503915253938,0.024089370253990994,-0.0403180097062104,-0.05071868962439434,0.09176587371993881,-0.05656477839847708,-0.14020796369679223,0.034850296720964714,0.14339413728234193,-3.6028751803751806,13.042719864918011
58,101.454433684041,90.6439247836996,81.7134324722983,74.8469966071631,74.3315310143684,65.5677737150443,32.6386499466178,21.0172127125591,19.1261686630892,8.79548889121028,43.8778751857563,87.5062334893264,132.876150465456,96.8701759120103,48.2360030097513,40.3290875522146,39.3678186160145,38.2631812484706,31.5934040696469,27.5879774446546,24.1521472833536,20.7652538613744,19.8055080852102,10.2329670987681,-0.257949299535407,19.7508257121329,30.9742511870951,44.5356264586532,77.3587000992796,114.450757819994,147.321954250045,144.168241446434,152.639356045618,163.317716194914,172.292535432282,179.432949000171,165.417686125549,140.135720779203,99.9052850545668,88.1736142557349,80.7141799209461,65.6349609161822,30.6066150092446,19.544074501696,-0.0351818481721992,-8.17844130293877,-7.50601830509456,-1.58556102511787,0.2436917833665341,-0.14709121587344703,-0.10727544073458907,0.2130639899891545,-0.10632664207551251,-0.017355353803564674,0.01945383973954874,-0.22023410431662968,-0.014646836694313246,-0.12379911164855502,0.01505605317600376,-0.012668256249794419,0.036990431243649965,-0.20739753196296978,-0.1318756630390068,0.3120759025210948,0.29199948646758156,0.1774296276082417,-0.007685649866760114,-0.01912851217172967,-0.022962375507099984,-0.07270847447815168,-0.005448772570288254,0.009777319944460058,0.16801532657843166,-0.009536354158690774,-0.4346792193764306,0.5382388017485673,-0.20107051753609692,-0.190983583809581,-0.007852341509104903,0.00014902104449318436,0.16427851982228225,-0.009100625398303516,-1.1791907280253102,1.6755379144189702,-0.7275252014914293,0.007713439600410637,0.32454701083026954,-0.07832549403535465,-0.01975409735519804,-0.08606965199382029,-0.13221063361992738,0.008269408558601126,0.24278951843834662,0.07160618567722693,-0.12918155199603987,0.020810781097743095,-2.682776575276575,13.39488518055196
59,102.958654983222,95.0832761425072,87.6193899874236,72.1586883910665,70.1765462859977,62.2089525914307,45.4353592266008,40.8668361352601,32.5332024446243,-1.12001969659188,29.2632992291033,87.8448047906929,137.82624056381,104.974524814337,62.4523948652349,59.9380556296231,54.8022678404348,47.5898832210537,39.2460569859346,33.5451524676271,28.3563512256983,23.3650973106721,21.1755784153675,19.8823166052456,8.1486460631934,24.6036634254562,28.2307024563572,41.3246811047891,73.1427931810923,107.954369421761,140.038366133088,136.180462384544,143.822643760583,150.857143696121,158.296867743262,165.417686125549,190.806487308823,185.694810252,160.652001390907,142.985470080623,107.214127231304,89.7834739739419,50.5552342279643,47.467019737304,37.026619640861,35.5042054666695,42.5453742212207,49.0103683736606,0.028793930992420554,0.0639796273878691,-0.08561483517881943,-0.014192612592386467,0.10983827183677114,-0.13676421832247002,-0.07739764139167804,0.18354842578342376,-0.16583737447000513,-0.39906159208048353,0.48083460243209736,0.33378999133277765,-0.004614279235966172,-0.24068856325706478,-0.022123464730151886,0.06350400132401748,-0.014480707724323057,-0.1738231105233149,0.01872163904313017,0.01549870195231437,-0.0072303413454771264,-0.07029997072782716,0.04057697954794737,-0.19835882351150172,-0.13746320978374604,-0.0548328782491781,0.5350579543111128,-0.10274737485574521,-0.0165231189141825,0.029732027842927243,-0.031035457125938054,0.16872072254014203,-0.1540224472819917,-0.0570226396729155,-0.1336563711084992,-0.7266560604356439,1.8438603534729445,-0.8325417655572225,-0.21254555237566972,0.16100367022763284,-0.17022412617298316,-0.20871773852736175,0.2862855081069505,-0.16216207301978894,0.14547854637975152,0.0465803171816447,0.0061776040007423755,-0.0871629748010445,-1.5422414622414626,13.812910167984969
60,63.9762258949414,58.4929749482224,52.3069099908855,28.65208601684,31.7817036292457,28.7164906723245,29.798609221082,36.3480110450735,36.81431156316,-8.71762638888965,31.6116716227615,89.2506477384188,134.29488964136,101.772301710719,64.1956478223261,65.3765019947562,58.1374901686973,47.3952114761371,38.8910790607676,32.7872816828895,27.3606533910544,22.2018329875798,20.4703836800354,20.6559018078966,9.85640342895005,24.7239806813321,31.7120362349316,43.6356208327647,72.7459847810095,101.627478769381,130.266362146798,123.514407294988,130.419817105386,132.679417214521,136.189907526517,140.135720779203,185.694810252,205.818699606577,189.573289920532,167.342556739839,118.229384535504,95.3722721772297,53.1326674296337,57.4213090066256,59.7494137117759,64.7977191412539,76.3400381469282,83.4740953223343,-0.2683998103503925,0.03960870538179396,0.11703508270119095,0.09419495061520144,0.04578822518915791,0.03645274123209913,0.01372176128712454,0.008982677535486708,0.31368923197620757,0.19230930736479382,-0.29405959902042234,-0.12524472995089356,-0.03437756578327533,0.20676979444410865,0.1338580940370694,-0.287903026183608,-0.263672758501575,0.09800033428190394,-0.01632905289328669,0.0772563930951175,-0.020483002261238812,-0.12782411433863045,-0.15356373725550868,-0.022537801463511205,0.2539178384017183,-0.1237683631425497,0.07145796181200641,-0.13350822579904478,-0.07345882764320674,0.06213662134691577,0.09101914965384952,-0.030191276808761294,0.2408565625045888,0.034958296421485055,-0.06760291768888733,0.006510403884515912,-0.836626532979003,1.1209547124870138,-0.5286608534334444,0.16848424370944567,0.03776407817252685,-0.028407280511782304,-0.11540613568750825,0.2919790382794284,-0.3673707193149356,0.027957042007334586,0.23208114054040513,-0.19009979403133773,1.7250529100529102,14.346034281521055
61,84.6752864261541,84.881345732929,84.1512937431454,61.1924946235685,77.1597755703053,85.9517858614363,106.980739753339,103.481599994634,83.655657676188,-7.67163929695313,19.7408779531046,120.139661155857,153.765197060626,112.716261048668,84.6068349008616,72.9038635270152,60.1132902206359,42.7358150053995,34.1037497114995,26.8745136050959,20.2899273447772,13.9505453966232,3.98018950137099,0.850992500749056,-3.84042312422874,12.7596149901994,20.1150203801834,28.1887765430019,48.644549627884,72.0259812214831,98.0319957794167,89.4186317624866,99.0902344495533,98.6943001060261,99.1445275519173,99.9052850545668,160.652001390907,189.573289920532,301.582073597138,382.67747193559,238.078232030804,121.008789414063,83.5854650900608,96.8882317598278,110.648512791147,112.306263171509,118.870210045697,118.894752379854,0.20446168833622458,-0.02624931824414568,-0.16002884934556982,-0.04957987461982881,-0.05968106721479763,0.005790767414878131,0.08921888834345634,-0.19730725762021417,-0.13940509600993584,0.13906874915004835,0.058943247613617335,-0.1959349018639134,0.10531813857508011,-0.1658913814952526,0.019725491463557825,0.1900104871634175,0.11063264499357951,-0.10270708617342225,-0.0044047535014874245,0.06294000964539434,0.035322243891195745,0.049883850739962134,0.08038163139576517,0.12283520043896588,0.030069435440337914,0.03856567162741337,-0.3084084580355053,-0.11060870826974815,-0.025047313303895702,0.12376430648326343,-0.027230116108178354,-0.09553161855363379,-0.1990945704239414,0.06316827143792919,0.09825705725973231,0.32602862402793753,-0.21215040313629727,-0.5288072202826337,1.0197308775640692,-0.5926783654362705,0.33968882441124554,-0.10482320363711636,0.0201300091682973,-0.1477966158705535,0.30398340369400345,-0.020864115772850633,-0.35391893848646955,0.19198613561396696,7.006362433862434,17.365830633665002
63,60.8897285187376,70.5504451252561,79.268864196197,63.7919989020072,99.7812715792642,128.029793407737,163.618095554795,137.886602187366,104.333158605719,-11.3893392807174,22.7167967500268,152.858549038842,181.963680810903,136.58107563583,112.779414358213,84.1339218118007,62.5247330086766,34.6051090406581,25.7056403427671,17.878460803506,11.3081393756766,5.13327945247057,-15.7613662790003,-30.0185382407447,-26.7114346437139,-6.42385446090006,3.528623374844,11.8996281471594,28.818917312179,52.3958247802591,79.331672854311,72.1567367503368,85.3088744143883,87.2043964433186,88.3094910135446,88.1736142557349,142.985470080623,167.342556739839,382.67747193559,604.524063341471,379.534199709103,142.419648217044,95.9960739990278,113.759614421011,135.090618033307,121.607064193438,110.619625030008,103.764496271427,-0.014796599347636186,-0.06218453029792228,0.1298774154732567,-0.08764315829122443,0.11998118923828494,-0.014037023421062741,-0.032155278280648916,0.06808114894856358,-0.05437652765862559,-0.19791562893796846,0.09438222574735504,0.05730485423477043,-0.022637540759437504,0.07391653633631101,-0.14545183831456537,0.04119059767391701,0.032598644457785424,0.16569458137757861,-0.05757248265120626,-0.2169555565971631,-0.07535315979521306,0.08887818878217972,0.15076427139911303,-0.08603586099784148,0.04464126045722537,-0.1499730143510634,0.20398813928104342,0.3063675934204096,0.06125612303883662,-0.20089657720925067,-0.035499267375823304,-0.09118181301030427,0.13249080247078585,-0.031806960734211895,-0.02185264723002,-0.08083926217253976,0.15660279065433427,0.17142013112661272,-0.5938777836288424,0.6717490529451056,-0.5937611507571637,0.19097246510074464,0.09386311732576588,0.08566988719386115,-0.3068004480328808,0.02288579631286494,0.10360592904974306,0.03710840467720147,8.764338624338626,24.586867700898196
64,41.9966380161872,51.2279930290013,61.6469574061177,43.4543622641249,73.295324137945,95.682050861359,113.965668350429,91.3795533835592,60.2910252910685,-34.3016353469909,15.4297526626045,83.6825842679063,108.664024785479,77.3438793960866,60.0775028138234,46.5190998925215,37.4580643575468,25.0227408483788,18.230311228698,12.2574595358506,7.90962900959458,4.31577001949849,-6.77933098204949,-16.134101993793,-8.19940050907385,0.582041171519126,8.98924585666095,16.1789686971897,31.0190394771445,50.5668951696901,71.3442274546635,68.0628830074856,75.6353707657334,76.7742113434175,78.9220607737116,80.7141799209461,107.214127231304,118.229384535504,238.078232030804,379.534199709103,278.114801236342,132.622428801156,95.9522265277062,98.6721099708124,108.173575938544,101.217145421533,90.0558527411363,88.1257195614772,-0.09067006748321958,0.19471763258095864,-0.198174983776819,0.14329628917367065,-0.024943512332915287,-0.09172419500594876,0.030058782903409628,-0.086374533564292,0.13686050657346893,0.23139061307700493,-0.13359907410102717,0.014358185050481222,-0.05328209560847976,0.003328862543307168,0.03409774268060658,-0.02331851362527932,-0.09684124044077613,-0.18744472443316312,0.08617898783855132,0.35359933888249273,0.0830203195697189,-0.262202588092843,-0.19927843156588865,0.15843805847758752,-0.01403407875204368,0.1743835366032883,-0.1824053501899724,-0.3847388641292279,-0.02863480663635719,0.18254383210029623,0.06836775674738887,0.08938429219772881,-0.010201626201383377,-0.031940242781754696,0.02659389599840768,-0.01344239436593076,-0.16367596157645742,0.03308217703648061,0.34265951557122293,-0.5958671143500476,0.8132652774592066,-0.39411451721044577,-0.06270983459459253,0.037774466018510956,0.16398478810068273,-0.012711037298956488,0.00026340134173262193,-0.1080424452614591,4.4343518518518525,16.67647448462479
65,39.487281833753,43.9944013225154,50.3215200464322,26.9178935135751,39.5220548866303,44.9632205172962,46.5249579347099,43.2836541006993,35.4503603754091,-26.9807084509962,-1.37033061488543,18.084812665064,42.8524577787306,30.4534541369543,19.7217737992995,20.9928693594933,19.2485898395783,17.3446645704488,12.6567405870837,8.37061869111429,4.26573277641732,0.563675440720038,-0.640764797494437,12.9857085781637,23.8319522325113,21.7523895641034,17.2591767248899,14.7925268243626,25.6763416660928,40.0423106496845,54.2122005256363,53.0106820570693,57.7237786413142,58.4688413537298,62.0268368284901,65.6349609161822,89.7834739739419,95.3722721772297,121.008789414063,142.419648217044,132.622428801156,132.574372250603,124.624266264536,125.536826921956,130.905946744038,138.932694712518,136.3366184849,134.631344204406,0.14254911977438617,-0.32754849662189567,0.2688982791542936,-0.1152807725683022,-0.35918892522740026,0.3041709847582916,-0.03160175318765689,0.22253124974484978,-0.1401872773667835,0.3081820174579022,-0.3069168767281078,-0.0847214812099145,-0.02643948218819644,0.2798766771854115,0.06621896286273345,-0.19090783743087,0.10987380244159355,-0.004600282329771503,-0.030369661408279063,-0.2108785135535017,0.036293055107499216,0.2839941161467061,0.40938499343350704,-0.13524747959300373,-0.31446886827084886,0.14632795013608238,0.04276195572289901,0.19804819970794507,0.1836316058998677,-0.1901072908058189,-0.27259712161891414,-0.006498631300929813,-0.019717070408167142,0.4392368625704765,-0.047866592187862496,-0.09255767640468224,-0.2197031937676685,-0.027730942513461407,-0.10254302302504009,0.18598349579071602,-0.3901982970561091,1.0620828319488247,-0.2861007462613513,-0.30148347577388107,0.07868631506545427,-0.15531729407397646,0.06542047480246124,0.06956943713901921,1.4101851851851854,11.513660245577993
66,14.0009140291869,20.7783019112263,35.2554000198888,10.0421584436001,30.1104926118895,42.2905587820041,39.7345294175689,38.8377562658672,36.4487146060017,-11.3179225894606,-19.100932482527,-8.03048230910102,8.63728127368756,12.2424825337402,13.4373652248603,14.6211027623329,10.6522230705062,6.2476059755745,3.85243580742936,0.190595889773806,-2.97015713326084,-5.99600082397632,-5.59535016856914,10.6340174011777,33.1080224098206,32.9074386837287,18.2622422974669,5.00841293123124,6.57975465650974,11.5907597872893,17.1704460982815,16.2528770117936,22.7300628250415,24.7021711054797,26.7227245566067,30.6066150092446,50.5552342279643,53.1326674296337,83.5854650900608,95.9960739990278,95.9522265277062,124.624266264536,162.989545952395,169.601563659333,177.995155974209,191.283852733881,188.18989057882,177.876458242504,-0.12897914076188657,0.2092120922986962,-0.15680679212568083,-0.23051640212094154,0.5069319231388161,-0.22318808060013032,0.007745478801827448,-0.01302884291482553,-0.09577777239477955,-0.06349828888039458,0.15885876355208906,-0.07660352113236651,0.11245964833670058,0.03401915991365491,-0.2131176565239591,0.12229533056819522,-0.07490921066677717,-0.018261055595117922,-0.08236066726939842,0.017961942326825832,0.0017201912089014895,-0.04407724889514111,-0.1097189582565063,0.12639092390450368,0.16117159245528725,-0.03752949884095433,-0.009720389854451455,0.05685492389847097,-0.020171724273842995,-0.07081211343179494,0.0003914845823389342,-0.28161669437024933,0.185284278206715,0.13990332554671944,-0.06031900356105325,-0.13956946710597823,0.2914041329940373,-0.11341550357427639,0.02087397400971233,0.09301845612318142,-0.06290947436581627,-0.2883976231939861,0.8375342843182699,-0.7169766410634637,-0.002903792024217765,0.034927527157596346,0.03063317951673808,0.032603554201026425,1.4842328042328043,12.766344267345897
67,-13.8429928657973,-5.84159581016712,11.5201369989834,-14.1459445651987,9.50857106046379,24.2611000959393,20.5791417355001,23.3764999707752,31.5999197140445,-7.38042142058365,-22.0441086834649,-13.3340337140003,2.4326214937241,9.21838059224239,9.51512606879066,7.14355945643059,2.04890102335441,-3.33248373845692,-4.10700755589488,-6.57029278653441,-7.91149580562468,-9.43395832753996,-7.69420181578335,10.4058982083474,37.2120641065109,38.2313962336552,20.1832345260528,1.25946371121013,-0.340501826975585,1.21825175421482,5.21386560487582,3.56969141646108,13.9006667013379,17.4765634198928,17.1869584830465,19.544074501696,47.467019737304,57.4213090066256,96.8882317598278,113.759614421011,98.6721099708124,125.536826921956,169.601563659333,193.544104044853,216.475061249358,234.474162831609,233.843127763243,220.19927459159,0.18256555108348496,0.00458181880346716,-0.14137720985767857,0.32199958723929256,-0.2619336307502361,-0.0793645881802541,0.14415571173344072,-0.31005064901344925,0.0660964400413333,-0.30515646432928234,0.19188191133559612,0.34644636513675103,-0.17777577460171434,-0.36553231591358615,0.14948838632856667,0.09148858879893351,0.028444779903071434,-0.04751115850691482,-0.020254430877057594,-0.025603734322597826,-0.005568570201540557,-0.004274517796165076,0.020308292837910753,0.023727944185399006,-0.015363297649404356,-0.4732318227996368,0.1329180651860632,-0.045928041727735514,0.05916567423404126,0.2098545797395987,-0.1308675042737594,-0.0019692441704354797,-0.3085580441866632,0.12516527363605898,0.14494322896610004,0.015868456463985808,-0.15992338346181414,0.2843334885361485,-0.15299590398427193,0.09846550144971872,0.03548212026710849,-0.3054169968019784,-0.726457859650012,2.502524540861375,-1.0300389681898847,-0.47279361186499824,-0.04117331797896083,0.2612381773351354,4.077724867724868,13.911653533813057
68,-49.4230504351068,-40.0514865659037,-19.7327188518311,-44.9586641728653,-27.9343890991798,-8.56701985232923,-3.22325061915422,5.93679508799185,32.4262774377529,-6.14978042806248,-20.8605931213637,-35.2947552869519,-24.7093829147369,-19.0516348985769,-15.4656215143584,-17.1386964639405,-19.1384302672895,-21.1943602107212,-18.8262398731184,-18.5148639645463,-16.5053208923869,-14.994347518934,-12.3715112243049,6.30209436591019,34.0916207373261,30.489053843877,17.1569399570464,-2.68177508264377,-6.67081533150738,-10.0333379725089,-9.02438803703902,-12.9238846789945,-0.142841875251058,3.5101913463948,-0.571591029666599,-0.0351818481721992,37.026619640861,59.7494137117759,110.648512791147,135.090618033307,108.173575938544,130.905946744038,177.995155974209,216.475061249358,264.224583417499,294.26305561068,303.45126846387,293.799555402576,0.0008908274689592585,0.13527950873965644,-0.006734798393308259,-0.003602838270800893,-0.27232923330016856,0.0982747849599778,-0.03867015057008807,0.07247633276706508,0.015251818672845373,0.10959893616499762,-0.043406463565410114,0.08111071984301535,-0.15288476892439373,-0.03760721332516317,0.06370183408125653,0.05998605633323598,-0.0014850313041502084,0.14961341500485642,0.034822641472094594,0.017398358353572133,-0.03637763889342917,-0.019292703274102097,0.2989646896189515,-0.40834196586706994,0.1770591129862542,0.2560482598843898,0.031285510133248935,-0.2745630360145423,-0.09705585201269673,0.03135639440887606,0.23054405246880133,0.2471116669065137,-0.03560497830412314,-0.5002369399025463,-0.07022310360128534,0.22212452316510714,0.15072831966484587,-0.35927464238335827,0.29759066735720857,-0.3093009473225078,0.15923299414881112,0.08154289187639502,0.006856132517229355,-1.0438915384039629,2.0129273706195585,-1.2125493913916636,0.1351596091039316,0.0335275263884916,6.6779761904761905,16.25467881619008
69,-58.6957747956932,-49.5404165145848,-29.6781746377376,-60.0676115028716,-50.9223247507467,-25.6828979452942,-10.0117498853728,4.23143181773992,44.5319933304749,4.10568051904023,-13.7061555185945,-51.5675046477349,-45.0634924995295,-40.0721780080682,-32.2187155705875,-28.6866927469509,-27.5176565066211,-26.4629262123599,-23.9158522024844,-23.6718690917041,-21.4129079288964,-19.6546264294056,-15.2795962390362,6.14601306020951,37.6341606402285,30.1572726712955,20.2336537589869,-2.21503328075617,-8.26694667851334,-14.0221427716007,-15.1223493669747,-20.4212214726471,-8.18130623724355,-5.39874364193904,-10.269605783755,-8.17844130293877,35.5042054666695,64.7977191412539,112.306263171509,121.607064193438,101.217145421533,138.932694712518,191.283852733881,234.474162831609,294.26305561068,342.645771148817,367.630292244253,367.1733865528,-0.04910636760849404,-0.011352414892459011,-0.06002890968967892,0.24235369041812538,-0.15526047554816577,0.0803764136991873,-0.016563879209269126,0.08514830013497325,0.09114777516920693,0.04001255451141733,0.05192974042279645,-0.3978080339541092,0.3271593310629575,0.07029042522047403,-0.08017642982419168,-0.06496747752776373,0.06493964241030184,0.07830303160880209,0.05943728985281763,-0.0026037252160432444,-0.02015117802070336,-0.0656795278312342,-0.012887935438669111,0.25178379412540425,-0.32231129052176555,0.1580188814506399,0.07888376122932819,-0.0251831353562458,-0.024059476937892187,-0.009361326693746626,0.07082643863115733,0.25664905988745995,0.01174517994539775,-0.16821856264383805,-0.15786606644423629,0.09045552828573793,0.0467782689439416,0.029827137031185322,-0.019311716161774815,0.024904247295044674,-0.017848789334336698,-0.148771588980957,0.027431054110727385,-0.4803753727428365,-1.2091705370193857,3.156628182165182,-1.253067988983073,-0.3534539011362405,8.351587301587301,18.51042331090289
70,-55.4622486230747,-48.1254890780891,-30.3716893458046,-57.2181845475974,-62.6750920861849,-33.2104251423272,-9.39134298435481,8.4680469313617,60.7018155550578,17.5738008287273,0.518878692233904,-57.1222505058496,-51.4294265537584,-51.2791275445212,-43.0118099659159,-34.6668460951812,-31.1615440072152,-27.8389032354622,-25.0329898640687,-24.4564460815084,-21.5959426018725,-19.2332612253595,-12.8267989463951,10.2558912942599,37.0371537454364,27.7560700991455,23.2955731268332,1.59605602841811,-3.78339449596522,-9.30687515323132,-10.0634456804076,-17.155041181142,-6.13425168966294,-4.73239440562378,-10.7891140228563,-7.50601830509456,42.5453742212207,76.3400381469282,118.870210045697,110.619625030008,90.0558527411363,136.3366184849,188.18989057882,233.843127763243,303.45126846387,367.630292244253,411.963806136386,423.938313620574,-0.3078203703791363,0.002413190180666824,0.35330897907679965,0.04162128618562732,-0.04425119880705881,-0.000853781177846072,-0.0015242417961985094,-0.00956283452866458,0.14608259512299027,-0.15577029411287197,0.03979555834619803,0.1359952858557143,0.1311654774400972,-0.03521256919842474,-0.19824011683745207,-0.0020312314474461974,0.045395903212147,-0.2090765767027452,-0.015073408685842716,0.024115131673654505,0.00962187714271933,-0.027276451729746607,-0.4122822530947423,-0.01671339868757472,0.003255138765154507,0.16508192388645018,-0.19731214241866826,0.35782418124004506,-0.2654380079103632,-0.08758490644311703,-0.06230210258256108,0.016892298998266546,0.02420870088838913,0.16684558668605973,0.029391634105652542,-0.12192515889005849,0.005313988651372913,0.2220546524648417,-0.340029672882678,0.09196115969537826,0.012851706613636152,0.05705171054044591,0.04850354785357914,-0.031404345435309886,0.1343284985831192,-1.264334943558919,2.0298396594461097,-0.9857427152264444,9.801124338624339,20.296645194129646
71,-46.5137901436854,-38.9778875965799,-22.9199215712218,-42.5031430527082,-64.3923794054111,-32.4708384658429,-2.68786227963234,16.824954033553,75.4519832587396,28.4588853834648,22.5025402630714,-55.8377077865867,-49.031291171302,-52.6026274603904,-45.4207837003394,-33.5329659410644,-30.9846430017946,-28.7906566834384,-26.1301505840811,-25.4351240968432,-22.2467114297351,-19.4933691139628,-12.0805063519935,10.7681427100186,33.250651022356,21.8616582285696,22.2421540371108,5.19740959625953,-0.571814073537888,-3.95192014297757,-2.8059960330315,-10.2391181442874,-0.223807988384011,0.638898086699436,-5.21376587859607,-1.58556102511787,49.0103683736606,83.4740953223343,118.894752379854,103.764496271427,88.1257195614772,134.631344204406,177.876458242504,220.19927459159,293.799555402576,367.1733865528,423.938313620574,451.171728685386,0.3242349145212545,-0.10209699932586765,-0.2820027766424231,-0.278910016483371,0.4308900545317998,-0.06638472109082509,-0.10321352742484603,0.03215040485464013,-0.29468094796703875,0.033373451697861774,-0.12999332691115514,0.15010101266438558,-0.3439168697001931,0.12469089306306697,0.22930688065459856,-0.008138243882024155,-0.05370018207671573,0.14571408235747096,0.013840072227393307,-0.024099145801525675,0.021684893256588015,0.07564272742875754,0.04294225067810898,0.09262998715212763,0.0077848335414477405,-0.21360092294480848,-0.07622894355904446,-0.008179842838701087,0.28892440816873655,0.04538432178993572,-0.027212045408934425,-0.22084188131958055,-0.04262740360126584,0.04054893736768261,0.14390293807114996,0.0211967083330354,-0.08963218231433472,-0.18712579663749293,0.19299961032219856,0.03351433950131104,-0.09814013418426412,0.06032781865050912,0.02272635153272506,0.2640141924925183,0.03346969683676086,-0.34389894646796515,-0.9828247864600389,1.1948446646558621,10.356164021164025,21.240567993473867
