,Cov_0,Cov_1,Cov_2,Cov_3,Cov_4,Cov_5,Cov_6,Cov_7,Cov_8,Cov_9,Cov_10,Cov_11,Cov_12,Cov_13,Cov_14,Cov_15,Cov_16,Cov_17,Cov_18,Cov_19,Cov_23,Cov_43,Cov_44,Cov_45,Cov_46,Cov_47,Cov_48,Cov_49,Cov_50,Cov_51,Cov_52,Cov_53,Cov_54,Cov_55,Cov_56,Cov_57,Cov_58,Cov_59,Cov_60,Cov_61,Cov_62,Cov_63,Cov_64,Cov_65,Cov_66,Cov_68,Cov_69,Cov_70,Cov_71,C_0,C_1,C_2,C_3,C_4,C_5,C_6,C_7,C_8,C_9,C_10,C_11,C_12,C_13,C_14,C_15,C_16,C_17,C_18,C_19,C_23,C_43,C_44,C_45,C_46,C_47,C_48,C_49,C_50,C_51,C_52,C_53,C_54,C_55,C_56,C_57,C_58,C_59,C_60,C_61,C_62,C_63,C_64,C_65,C_66,C_68,C_69,C_70,C_71,Mean,Std
0,130.240225486746,100.894594291106,63.7545827594394,27.9898948297146,-7.47134581612241,3.48049152188239,4.8446198513785,3.90429517300077,15.3185865694548,27.8596351518487,38.3293728627572,32.3809643955941,16.6546008550172,21.5711475667227,13.8087032189705,5.39857326692348,2.0556221081068,-2.06187496507734,-5.1011577074392,-8.75212167240188,-11.4294243337606,-14.3730045744068,-2.48081330838929,3.98576085095329,-0.3725858651267,2.62215175145841,1.43079764680691,-0.119276559778949,-11.2444376795459,-8.18253115028274,-0.952221426726482,-0.745525461364512,4.1681493330337,16.5448183128907,10.7889326426227,6.71884369531351,2.00868464825234,-0.451298603936469,-1.89629423136603,0.416510841126195,8.34719781378501,5.6842169888133,6.72838374228785,7.28838147968909,8.46382689614856,9.59835886734494,8.64182796140299,5.27714465502405,3.38596491719814,0.6449316897325352,-0.6767991785030846,-0.08717550623390197,0.05231771850495307,0.24066148137014276,0.15089592840868735,-0.05624659313990168,0.17666397995252972,0.05440033440095259,-0.07570710810205986,0.015282413322084618,0.14054742098084305,0.11888138716732358,-0.27094028126676173,0.03856058394580446,-0.030527015186348153,-0.13352380360949007,0.07127441240502465,-0.05213540559842931,0.007439807322419703,0.07812264438003881,0.08306217983469043,0.006997813257695767,-0.022691566408634397,-0.09404271812534896,0.11586222948249816,-0.027759263799948877,-0.1343629005387194,-0.06377499789773378,-0.07439144957112978,0.055962363067860385,0.06311570959161049,0.08816842220788117,-0.28153641525976275,-0.061061446655806935,-0.0077790110097985905,0.36124653054590744,-0.07840321315622491,-0.16413025002745465,-0.188718289669942,0.06471407411478458,-0.03626270441967245,-0.033354639087614775,0.13122797978075343,0.06320282575031745,0.11990576116584878,-0.2059241327931133,-0.07460716421057238,0.27543684976670674,6.155952380952382,11.411845840474117
1,100.894594291106,89.0811602158105,61.3388230462642,32.1239244818044,3.20975303301846,6.01174139582518,9.83110141334166,8.29464661240424,14.7355160153988,22.3461948067755,28.8412925837222,23.7266145597001,9.9850590208576,12.9250152776134,5.77503055187335,-1.22488668341864,-4.25371403672107,-6.82749018261631,-8.48207440938701,-10.1729039723216,-9.82016281573374,-10.1214550986733,-0.23986004449275,2.79822941941052,-0.595305936433681,1.84237578378874,0.279043848965444,-1.63308961852527,-12.3429129845764,-11.4527208334304,-3.52760838628065,-5.38603501324876,-0.199797403772687,7.76103123914529,3.15025988233709,-0.0273028048422027,-3.97404094045177,-7.87623282862342,-7.74241765515978,-6.86089608788096,1.79625666183118,-1.92282449946806,0.120038135712881,1.74201482874311,3.76341168574204,5.76670719158754,8.17546202171968,6.04902962316828,4.5596175948908,-0.6712281844367326,1.562064107609059,-0.8854174006905807,-0.2418261274086816,0.15346085984458888,-0.11500701472942697,0.0430375805567716,-0.19673162746578632,0.09023814664132732,0.007918654861405574,-0.020054070754048227,-0.13232466044369415,-0.14851063386415495,0.27311048297644824,-0.009903663267586809,0.12456656237483199,0.26799684540761326,-0.1037855083672504,-0.02108542587666498,0.050171761307834566,-0.03815851748347078,-0.38115122603296653,0.18843776042178864,-0.07376796656544078,0.14237060444521918,-0.029672046892462455,0.014603609644016075,0.04973564241604686,0.2422744348216698,0.07721731839366479,-0.09965588301740914,0.02797001454648198,-0.039740992903074784,0.21304501379577231,0.04235231346302494,0.14029680301288827,-0.47931703307691825,-0.057948879036289654,0.23107355110485228,0.27744450161389356,-0.026515301976950425,-0.05552908350389679,-0.05006340442309384,-0.2936553649354468,-0.12226775619660998,-0.16060092368259016,0.2005814891129917,0.03944298385378697,-0.01895908385233675,5.224047619047619,9.437751862377526
2,63.7545827594394,61.3388230462642,47.9236482915005,29.3864368888753,11.1151498845348,9.09875344023798,11.1341811720368,9.23971561480025,11.0864435742107,14.882894817542,18.4964768933002,14.6479809906347,6.89325800455978,12.5420945186522,6.09154007234327,2.86701708397541,0.0495284325382191,-2.32632352767627,-4.19640449329173,-5.95927832953842,-5.09311248706571,-5.31512569759114,0.750789470570664,-1.09802418630431,-3.51735733695525,1.77478182218553,-0.487308678225148,-3.09503154404032,-10.8768721705309,-12.5336550245572,-5.43820450313309,-6.01746707592003,-1.18393569134381,3.06208223588369,-0.618547461155048,-3.3468193479869,-6.38618534470697,-8.60314607813976,-7.11392774638826,-6.37539275790314,-3.06782103828359,-5.3021085170548,-3.28506793916374,-1.49770428999568,0.49089301920791,2.47155913431663,4.54604743501883,4.69530132318185,4.48641763334937,-0.08614571852833024,-0.8898303469057877,2.590129481998031,-1.745231511748046,0.1972893212327889,-0.10678850882740834,-0.030532830544411183,-0.05214875202568499,-0.24934069673598172,0.19431934283708405,-0.20403907102720983,0.013051132082445332,0.07660347938715226,-0.007394266167091659,-0.03852998032895346,-0.03609482922482917,-0.07127454753756002,-0.026142384385968748,0.013150753071119736,-0.11670634617141544,-0.008474649953767408,0.5151323571342133,-0.3206140627147005,-0.008348866966013098,-0.04008370107705083,-0.18359792810392236,0.001964152066318423,0.19453753339576738,-0.11778638426057406,0.135037348696241,-0.025031355097817152,-0.16902381746404618,0.1827090081591311,0.033418776545106714,-0.016484669876978005,-0.1753203433410469,0.03495038257732377,0.19069047295952837,0.05709642274512719,0.017363071018530015,-0.026434568282851758,0.086827619014782,0.11468044285207131,0.133082919691174,0.010172096754801739,-0.09012936469383885,0.13621400903457156,0.21661067417894067,-0.5404773737343257,3.1604761904761904,6.921968527196618
3,27.9898948297146,32.1239244818044,29.3864368888753,24.7523956525139,20.235025520522,8.31454124108645,5.51447722892417,5.05094954087251,3.65792600749635,5.3154098357914,5.86785890606994,3.5751476817787,5.90697104760373,8.96405969277718,2.36152129840156,-3.11978953483055,-3.82483922662513,-4.85343183512425,-5.87498661597151,-6.78927983004717,-4.82527859674651,-3.32877245252326,1.14934062118308,-3.83044005830157,-4.61663910527376,-1.65174926103589,-0.975854018949575,-0.703983791972656,-7.47376361454612,-8.08302333407602,-2.28454416553142,-5.42741212871396,-2.88333940946537,-4.45529450529597,-6.66773376406895,-8.52529166738122,-10.04112785193,-10.2158058638791,-6.36964028377865,-3.09843762532305,-6.02766878740999,-6.14360434687669,-3.80181490198034,-1.4509664620082,0.898119244186085,3.26019795190268,5.898684881164,4.39758483604131,1.32340719861006,0.06274526645777383,-0.2508432631217348,-1.7546491508208717,4.162689572952188,-1.9860645682733664,-0.03667697052022082,0.048962398319873125,-0.09055654844575371,-0.02308400216431673,0.04480021226126298,-0.06422168966972186,0.06852127866027234,0.0042526248343729,-0.022416060103424673,-0.02016968060294342,-0.008464831502198417,-0.001232906943744393,-0.023512915889122694,0.00963158494473846,-0.02006562516666639,0.006526171279914107,0.08423412395492842,-0.05986994605863767,0.04126993252689339,0.015580405306342398,0.04477961033468509,0.011005345347933824,-0.014233042184183043,-0.025746173616104585,0.011180218821714195,0.00707244076139419,0.04362007149948451,-0.04421979261804445,-0.05691554268108449,-0.004447251464113726,0.007556852096736283,0.09810580563045335,0.050349974273680966,-0.020115214231314765,-0.0548638044312546,-0.06705547440519828,0.07247011863549659,0.050990195169118936,0.04073932576914163,0.02050191175867318,0.00999280165359708,-0.01990586870568958,-0.015195651117615835,-0.058961277662727185,0.4902380952380952,4.974172861141224
4,-7.47134581612241,3.20975303301846,11.1151498845348,20.235025520522,29.4986091954023,7.72222282749382,-0.0070175915622705,0.904693870115734,-3.7969121027791,-4.13660405176282,-6.52606955265874,-7.12001768426845,5.24041113988017,5.71588991455075,-1.12144067823337,-8.80368490713476,-7.38168455429124,-7.09292931076326,-7.29501861805837,-7.41096244938366,-4.39484503711468,-1.2305580865349,1.65223586811813,-6.480593772851,-5.68871023583196,-5.157017344579,-1.53748357572148,1.61778133242361,-4.09923125071568,-3.39467827468647,1.19956513147489,-4.74660348734009,-4.60167879410801,-11.9078784082248,-12.6553719812208,-13.654546905655,-13.6396148796811,-11.7728230165385,-5.53594012515903,0.157737691977555,-9.02098919621102,-7.01621834968945,-4.33123046995055,-1.39770256839184,1.32731863118394,4.08611683753082,7.29640392625949,4.13562201073236,-1.82513027886833,0.23134808889524913,0.1573672058729129,0.19538099323334057,-1.9865945428563851,1.8137124477817248,-0.008682335412324105,0.14640432586390068,-0.27205163119039,0.2656390752559553,0.03557578751071536,0.0029790331890238073,0.08336321928374871,-0.05177012806203606,-0.0681535183483272,-0.018905272145435893,-0.013961369734419353,0.06393116567729142,-0.021872031062805556,-0.0042709168383061975,0.016278388856044487,0.018207544687409608,-0.14703924042874542,0.05079215692418807,0.1231274134269863,0.06343639870481378,0.31194442380769627,0.0386049256839698,-0.21249289366417054,-0.0641634861744335,-0.12187407397403331,0.003393674965358947,0.25811437136089754,-0.2914336667931776,-0.08950619480926346,0.013693977165099543,0.13326245976378998,0.18711231195152828,-0.025560848964781065,-0.1513694737064518,-0.1704004770211443,-0.09600692496897686,0.04776464711401066,0.073098745339391,0.06685015920778332,0.05726891306853387,0.13784974296471972,-0.24901043824926225,-0.22597387552506712,0.39682049224012694,-2.203333333333333,5.430341535797016
5,3.48049152188239,6.01174139582518,9.09875344023798,8.31454124108645,7.72222282749382,31.4812643678161,12.2318545339634,6.35578513118921,0.902262302686478,-1.62636256791274,-5.22266356631736,-0.153484577482434,5.51723749492649,14.9180941000113,-2.48301319541947,1.49423335502615,3.95579177970167,0.269723559538347,-2.70669884722055,-6.11546391437133,-3.92581115979399,-2.28325866880172,-2.63589850166967,2.15004373872274,-3.41759027877255,3.08674076632548,-2.33421671397507,-7.87199343020271,-2.88988377295038,8.93789340295808,6.48764693215676,-3.44164141834091,-0.449052247229939,3.16855682066865,2.51786560994724,1.10915312393744,0.317266293196547,2.22282798179475,5.75867888039688,1.69430508721373,-0.56931045318589,-0.759867448661155,-1.51741401554596,-2.63825130091201,-4.10789455363537,-5.55592034637532,-5.46629212005851,-1.34872781103554,1.64817373437073,0.1477442759349929,-0.1152914350855575,-0.10241439536730645,-0.036119451071624925,-0.011297684835926717,0.6810374072921553,-0.3142378303608314,0.13024699144137228,0.15827076413799487,-0.07198344995507899,0.0498239289314583,-0.0832078412092893,0.09710847914564211,-0.19771728807974795,0.14178996870855895,0.39130051034497715,-0.49358986717723585,-0.19905359709834364,0.05906446046554913,0.4065943964872762,0.0754614815467421,-0.09764023801915053,-0.009372509527327912,-0.15755267567512,0.1995097035948695,-0.3071251664572531,-0.07987632893087082,0.048278562296516205,-0.06688381853198767,-0.07727979479742238,-0.03889560147441422,0.028552790620240017,0.07850535992547876,-0.1791456171540718,0.004458268427619517,0.08898913039183944,0.06649793358949398,-0.008965365305835605,-0.2208360380577192,-0.10242510363211653,0.17308805057895796,0.00376638049410289,-0.009943729133854683,-0.094771431407184,0.018304809070466367,0.1406211784116079,-0.03531090164188399,0.016656508353046606,0.06558591601645158,1.1666666666666667,5.609925522483886
6,4.8446198513785,9.83110141334166,11.1341811720368,5.51447722892417,-0.0070175915622705,12.2318545339634,45.6382008301405,31.4066494062243,20.8716522742884,13.1978071562789,5.4930890111198,1.83917444316456,-13.22841261433,-7.15097321457154,1.65533621408366,17.6421800479523,12.812495184868,8.55626482059504,5.59197753543186,0.273953676482435,1.18779900407573,1.47243978656356,1.21790864169552,3.36554422025785,7.05987567228146,-1.12994597376227,-3.36487876234195,-5.7173690840562,-3.29128445791705,-1.01149100879333,-11.9876632809069,-7.70535580627452,-3.67160699626664,-1.83165313194025,1.49389728933627,4.10161349665274,5.74188638217377,10.5894648109698,11.9794742683519,7.13592487190094,18.6336603361633,10.3888143786086,8.83259455222093,6.669511258119,5.24019366977922,3.77040105851561,8.370457076418,8.9444756798117,10.9812507222426,-0.05752944371087321,0.041679319570235504,-0.0312465803281509,0.04716648265914588,0.14704560188115826,-0.3129080260843926,0.8612939805436037,-0.4349601935878035,-0.13137353925861595,-0.17679486444937173,-0.05796103738381572,0.24443711316978317,-0.034218258263013945,0.03510418644649775,0.07750529529882497,-0.37156676273296435,0.0809180534250452,0.02443192008384934,0.06664272790153802,0.05690190456792317,-0.0274432589325413,-0.11877693092504105,-0.07743792257311095,0.18012598332568563,-0.08523917035394749,0.3310247923546115,0.2515542582200708,0.19886062302382904,-0.2218963121014547,0.07916955687673657,-0.03095956797402957,-0.06633802341379379,-0.0017358724230909352,0.14637773315676178,-0.03033516682333667,0.0659407699385012,0.03278643548350205,0.07660506830917986,0.05188678747789267,0.058596850768706736,-0.37728063665586664,0.1734875724455296,0.051627028878889945,-0.07381948409641162,0.049464759957552486,0.23051916677919967,-0.1625978039785035,-0.20689799028284742,-0.0737210663745174,0.5638888888888887,6.75486497497474
7,3.90429517300077,8.29464661240424,9.23971561480025,5.05094954087251,0.904693870115734,6.35578513118921,31.4066494062243,38.8858301404853,31.6124107635902,17.5555231614756,6.25604815919612,1.58613896716476,-14.5695691222424,-9.9655871913342,-1.73818504582553,6.81805225281479,6.77903356810796,5.71130152214059,6.06821445747659,2.24588952931265,1.80566239428656,0.605384931777644,0.261210674884175,4.04820556045743,14.589148561756,4.35226874423634,0.763899261887959,-2.89648643984455,-3.00294335899166,-2.18042001026029,-14.5048736430453,-5.87197810858268,0.317408337355739,-0.219782213194147,3.79011313187669,7.08809203775356,11.2243773573714,17.5685369189027,21.078007952066,16.6604056170327,12.0414580282903,9.16995132001845,8.09141139435579,6.35310835519048,4.94414749623228,3.51552155631695,3.70666837923462,2.52866584171973,3.57016302093578,0.1745679792190886,-0.19314568905995902,-0.04898656380374529,-0.0868848538330947,-0.27159722263944824,0.12705423724308215,-0.43439142342993264,1.6638225107217282,-0.7324123397674477,-0.45336403739750414,0.7136207227855367,-0.35046174624665327,0.19733361757195034,-0.03209799844622766,0.06784903822352005,-0.20157520311409816,0.000656682111397429,0.053019607759784704,-0.06966554903288998,-0.0012261126114829035,0.01002056841916148,0.01281385104759247,0.2163945993535754,0.0815851804864542,-0.45932788610379094,-0.26773598342292726,-0.06427579561011307,0.28561078435696674,0.01222067925671506,-0.050373516268609385,0.08163470044584684,0.07371718132536602,0.04143273834893359,0.03815365168014482,-0.009248581031190943,0.15722399073279128,-0.043925544968790975,-0.23465398377482746,-0.12283111986223391,0.11035241055964515,0.36493556593536586,-0.3436084150676395,-0.20825607559063766,0.006647210625393354,-0.007058687732455803,-0.020485179755813716,-0.04620128883984074,0.019712450464790456,0.1388468367728256,0.0944444444444444,6.23504852751647
8,15.3185865694548,14.7355160153988,11.0864435742107,3.65792600749635,-3.7969121027791,0.902262302686478,20.8716522742884,31.6124107635902,38.3114766922094,29.4662527002528,26.5540463573043,21.4557292637981,-2.68022307944281,-0.76533406904233,2.48079640029388,2.86415093701889,3.86745539036016,3.28878019313421,4.23456185614814,2.76203954448536,1.52344887604612,-0.576758197368619,0.18726894358655,5.14185698723308,13.933013024423,3.98863892727106,4.14132054447433,4.25343831528172,-1.64813203140082,-1.94459742789948,-9.79543091352186,-2.57140394799934,3.37516019454515,3.43062040331719,5.53954861778344,7.555627930092,11.2732862736911,16.9768845444498,19.08107466722,14.7404598320594,14.8513884001899,8.23728491032645,6.77695871646684,4.58619516717448,2.35449191665118,0.105325906710943,-0.865409788633297,-2.7934051403573,-1.83547577058023,0.053869587487059785,0.086850770852789,-0.24645422915470566,-0.02258119764619341,0.26583462649963296,0.16078808820770565,-0.13267730308406045,-0.7334766772545569,1.1270484438995245,-0.17620357182687257,-0.20147079938629053,0.1052715479212124,0.1253121433210623,-0.3038779674408711,0.13467379845118918,0.2606580834218656,-0.16689881848659818,0.04327753577302777,0.007241803935793,0.10779558431779122,-0.05452605623101922,-0.070811662228649,-0.23431752293065164,-0.16081603344469755,0.286147475669438,0.010765417434062289,-0.17777996511119354,-0.5224390870706418,0.22685523921803186,-0.02593505345086824,-0.008650232953548925,0.04054929763349347,-0.25934345790426494,0.25029318880971585,-0.04633559565308463,-0.37523221342604635,-0.050314126561542556,0.11330040254222329,-0.007742389381455974,-0.11786889536748192,-0.041292640511803015,0.05085229807795589,0.032242312041671585,0.08513708070797875,-0.013895011246035868,-0.1277981893635973,0.06755847772708075,0.1621286252170765,0.1327356754948969,-0.9194444444444444,6.188818683093685
9,27.8596351518487,22.3461948067755,14.882894817542,5.3154098357914,-4.13660405176282,-1.62636256791274,13.1978071562789,17.5555231614756,29.4662527002528,49.1642544699872,58.6122628378744,55.6868497221406,26.011774033471,25.1473444362836,25.6932777403075,13.6725530557982,12.8342734192974,10.4574228152233,9.82112901590108,8.72867302100869,5.0684695790569,0.435511920352701,0.23675672849844,3.33693752393545,8.43763855131015,-1.80096310087744,1.12398307088575,4.04628605381373,-2.37186304232353,-6.00770172045173,-7.64168696339758,0.22005443160735,5.83788593417534,10.8706743932181,10.6575655087962,11.1101095344051,13.8020347619183,18.352569713419,17.9799563551288,13.3594865038671,11.313640389226,4.11340587816595,6.61209216199093,8.29207245635523,9.5753709502399,10.8550465346882,11.8950307706993,8.8732607260252,6.17904511162281,-0.06376462716031668,0.009788792655260949,0.1979485747794372,0.04461860374507334,0.03058635721299913,-0.07224595051367033,-0.17945632657019575,-0.45096982848560313,-0.17532839209719558,2.4362737766575924,-1.3931484504168994,-0.41609109761652857,0.09536787121288949,0.18405751083769828,-0.28535356073971824,0.33485613238188255,0.04159005374427951,0.07956118732704405,-0.018220505381808354,-0.28362375330344386,-0.002686160017640321,0.27259679071739834,0.3919806659316411,0.014699161160416545,-0.02676862531734768,-0.014801180005878909,0.07106668462848381,0.20418956697871884,0.1770000614417648,-0.1430205233142355,0.21564175018074866,0.19992440729440009,-0.33836462527506234,-0.02430298025762345,0.01878059991124665,0.26448939297197277,0.24891684122901786,0.006863952855679576,-0.24526128120058707,-0.007777613479499084,0.2735470196154462,-0.004593706411005663,-0.128531478439254,-0.059949869274905886,-0.016496061208478102,0.03516730188873817,-0.04631593411546279,-0.13067974893245518,0.02692782274348246,-1.347222222222222,7.011009518606236
10,38.3293728627572,28.8412925837222,18.4964768933002,5.86785890606994,-6.52606955265874,-5.22266356631736,5.4930890111198,6.25604815919612,26.5540463573043,58.6122628378744,80.2842812899106,79.3375982926991,44.2019785493933,40.3991442903263,38.1165619088502,25.3087307571559,23.350347591215,19.9037443545541,17.7242102088587,17.0061590110841,10.8797856859184,3.70836356415507,2.53813134242438,3.36435349300955,4.27179049340148,-4.16952267433677,1.59451480718119,7.41124866507407,-1.54955469877682,-6.35516466205115,-1.83422824678394,4.39731428870853,9.29719051692472,18.3616895272855,15.4710083829978,13.950945774386,15.273096055509,18.3386709659598,15.1944986679002,9.70722737466324,14.1016797753007,3.48290205902986,6.38699785044449,8.68489802953316,10.2382815491322,11.7917488535276,11.6532258949402,9.28254622115869,6.90018693822317,0.009168690494024315,-0.022192374209042628,-0.20991720664234548,-0.062481656015456244,0.0070558956571789965,0.0534203752367444,-0.055897414698327076,0.7092365838584156,-0.2030886244359651,-1.3940921875654835,1.7823465039129793,-0.5168076328794688,-0.06571842251602604,0.16660237559239469,-0.0706057791994658,-0.2646319539572328,-0.006344429580068415,0.030857947658428513,0.20341788020752993,-0.2923720195125898,-0.06648671673370242,0.0464839071135989,0.01823354060447961,0.09031974814519783,0.05788290972320649,-0.18270155233222557,-0.084300009859712,-0.22105257512386453,-0.12144342684160836,-0.05104801505411746,-0.06369412298139951,0.21020000492933202,-0.008869995903653383,0.09897855026081728,0.04583297450382523,-0.12149759020242984,-0.05812210272891751,-0.015046617612802744,0.001733146631042822,-0.09989880891995143,-0.20405356444906927,0.2782819798995125,0.08015250931403956,-0.11698765322424841,-0.026085254449308308,0.015725010027477896,-0.016056729526948844,0.03250851899566466,0.06474758773517306,-1.7772222222222225,8.959591580530365
11,32.3809643955941,23.7266145597001,14.6479809906347,3.5751476817787,-7.12001768426845,-0.153484577482434,1.83917444316456,1.58613896716476,21.4557292637981,55.6868497221406,79.3375982926991,93.2556117496807,60.516022047473,58.2327807342162,40.2451240774514,24.3640030037828,21.3213893326087,18.108283576661,15.7544283724866,15.7011475369536,10.8552468491043,4.92657400121977,3.47153693754512,7.45779170742987,4.30632773497126,-4.386046218683,-1.04381379568856,2.15933851314824,-1.12119230474588,-1.03700409130574,8.62231785544572,9.27080018372671,14.2864681680043,27.0779965455014,21.6991094708924,18.3649767070131,17.106372649591,17.0769026535307,12.268680025783,7.56525110306788,18.3200546950263,5.69336387831068,6.64543159332024,7.2053397189307,8.07398162556624,8.93800222803431,10.3761522570254,9.4477237733403,7.77508157383562,0.13744530017733447,-0.13481818324582015,0.008089722537622876,0.06806656574783358,0.0837796958063273,-0.08349514169135529,0.24406164573739395,-0.34951156832712604,0.10862911015194732,-0.41539887724553987,-0.5159063591882225,1.176774624556035,-0.2702787771496434,-0.2641069040282513,0.08423816833980512,-0.10507906410124652,0.02572183227712399,0.1299549755569736,-0.2410950459829377,0.23881546586547295,0.01902522707520277,-0.10233148266883066,-0.22531359549245025,-0.050807564009243876,-0.17136867866158545,0.33946546382728304,0.028820482256225504,-0.05096202189069537,-0.11445456625044348,0.1739867353716528,-0.12043978520596889,-0.33047099092105026,0.4537257572743855,-0.47066683983243174,-0.06430450171085762,0.13421646543649476,-0.09480950404050675,-0.07335662179318246,0.2662936630041597,0.04251497851733733,-0.18364851246351352,-0.06516513707614854,0.003531621063171318,0.17757714017542867,0.08596166017559337,0.12142860044617956,-0.12735227768390422,-0.0229755021916531,0.005456777965658771,-1.3544444444444443,9.656376740252046
12,16.6546008550172,9.9850590208576,6.89325800455978,5.90697104760373,5.24041113988017,5.51723749492649,-13.22841261433,-14.5695691222424,-2.68022307944281,26.011774033471,44.2019785493933,60.516022047473,81.9809935012699,78.0413249326423,37.7213059834329,17.058856926272,12.9179789553626,10.5310318409993,8.18042637377769,7.8088074169037,4.58372541640784,1.25421730643119,2.1365778568119,-3.44551067351075,-14.1846634580329,-6.89863219061737,-7.29620601834682,-8.24017447793395,-3.89728555029244,-10.3393719211241,1.1232446358998,-1.01153641815309,-2.46612498109062,2.20499253818544,2.73570893945147,5.42323791191092,6.15951505360596,7.67524152153061,8.73027883657167,10.5159306385498,-6.83506104956927,-4.46252482395169,-0.0521801257551836,4.33026338079206,10.025881980075,15.7214916694457,11.7632976842563,8.70278230284665,2.89793557958104,0.1196710108608541,-0.14115298237405646,0.09011192774261943,0.0060948823465150894,-0.05101906154819385,0.0958542258439287,-0.03595518805920659,0.19778744272052945,0.12430126075283572,0.0954987457461654,-0.0676821021494873,-0.2687028186409476,0.9539230878228243,-0.7570560426148684,0.27658968552543817,0.08159055878461616,0.019289869090245573,-0.17147359442423674,-0.03196172211802783,-0.14117372018793356,0.08407963949807445,0.12225321889810782,-0.06919249938665262,-0.0822142532338333,-0.10675236564592265,0.07434120407464313,0.043884872263802235,-0.0657217493463517,0.07968862767123829,0.14608201548531577,-0.0968653874412545,0.39480810009336104,-0.07034400898638796,0.2461318090785733,-0.0555350647788349,-0.13171440359236378,-0.1597989217312158,0.09719814804856929,-0.09764766198272705,0.10735524722600906,0.05797984849203164,-0.0213276558544029,-0.039891460920352007,-0.24707129996615093,-0.0925143158325389,-0.10017765853125514,0.008767959291471545,0.010493316406599203,0.2584495011134326,-3.901002886002886,9.053783380513913
13,21.5711475667227,12.9250152776134,12.5420945186522,8.96405969277718,5.71588991455075,14.9180941000113,-7.15097321457154,-9.9655871913342,-0.76533406904233,25.1473444362836,40.3991442903263,58.2327807342162,78.0413249326423,93.3374581071845,53.0381543459628,26.5746246085702,17.21112447609,11.6613301931247,5.94297357909648,3.38885334231229,1.75298502175241,-1.20104571433321,-1.14042366778657,-5.1628328093647,-17.4220128467636,-1.80604379660043,-6.14298262302762,-11.1500490609202,-7.00982354250538,-1.59406047704872,14.3022350163891,5.4745483355835,1.84932268223365,4.8440444424935,3.5776370194834,3.56623223956745,2.34062533888638,4.58556369481565,6.10895633093665,9.48580559202773,-9.55022575971362,-2.97379537642617,1.37415819179507,5.77699367020313,11.7782519318121,17.7504188590036,12.3052728031414,12.6050227762505,9.60824370389542,-0.27163004431230836,0.2664377303874969,-0.008423608818781228,-0.03345327685946774,-0.06874307310610908,-0.19548400836803534,0.0382101033967824,-0.03181971915933236,-0.3030998638651221,0.18365488176755526,0.16426448938256114,-0.26717820255586705,-0.7560818680067024,1.1698630204617169,-0.44988303394354195,-0.11737991771587603,0.013523768385658887,0.09194529323917751,0.25858390427475814,0.02302834034476357,-0.12089833676151251,-0.15322782276578414,0.2863945924442486,0.06096297575968571,0.20982839763979122,-0.17230192604513367,-0.01024861089244952,0.31252677314055066,-0.08309683693284181,-0.12490265417248743,0.044712266468583874,-0.20107514068167548,-0.09065651916559765,-0.004307429378972647,0.050953945311289814,0.03381492765279085,0.28444024970789866,-0.07453357139889748,0.023502199781527903,-0.17960288018326953,0.0005559694328880161,-0.03126682501196883,0.11131636306157394,0.3601615287643598,0.044206746584763694,-0.17762141472546777,0.0972021618653163,0.05496773435769361,-0.30647146230459477,-2.2975613275613274,9.660613754166166
14,13.8087032189705,5.77503055187335,6.09154007234327,2.36152129840156,-1.12144067823337,-2.48301319541947,1.65533621408366,-1.73818504582553,2.48079640029388,25.6932777403075,38.1165619088502,40.2451240774514,37.7213059834329,53.0381543459628,64.5569254701817,45.8446361506369,35.9298554623524,27.158499449928,17.4051628692329,10.5982538441492,6.64579098828838,1.26870358889036,0.842200582878922,-7.11175851215034,-10.7421679315333,-3.57154977274915,-1.70496237037888,0.242131842491972,-5.56829432343264,0.27232585155646,9.57648756466683,9.7628316782596,5.35551439654245,5.67864279325744,4.95152978064841,3.91321303695661,4.08033647545879,6.14351585417134,3.77012622978553,1.62163668774268,-5.56616951086625,3.1442906020508,8.09791335255384,13.4811932322102,18.6174886162182,23.7329145444068,19.0357300980924,16.0332072516381,11.3549396408237,0.037678705185386595,-0.01032197346686669,-0.03441565292007125,-0.01638680459473013,-0.01867751105425582,0.14085308717195924,0.07635743955312868,0.06790985976697592,0.13313314980338015,-0.2849441892173615,-0.07023956665983438,0.08524213005006973,0.27385748600414495,-0.45078302445723306,0.5807738581056521,-0.10955447571200876,-0.04278319085166806,-0.17518328834136887,-0.016405491887854274,0.2947903071762137,0.0016632395077197432,-0.0658591959809128,-0.27543802824261826,-0.03460575992989361,-0.001131053776033409,0.04785773290617666,0.06971350054900287,-0.014485010720650594,0.1243717666022776,-0.04877747881185039,0.09638932723357958,-0.1835949956475321,-0.11627830386198518,0.22913165513303832,0.0321085921467164,-0.001367377000270375,-0.1890753121988359,-0.05085185561907028,-0.0171873356088718,0.13735568190096362,0.12862757853085843,-0.1308781220999978,-0.0489994570682796,-0.21986659405543726,-0.0007280280879754705,0.19604639731170959,-0.04290128368200782,-0.05630900167726129,0.022224624317646848,-4.7203102453102455,8.034110123105217
15,5.39857326692348,-1.22488668341864,2.86701708397541,-3.11978953483055,-8.80368490713476,1.49423335502615,17.6421800479523,6.81805225281479,2.86415093701889,13.6725530557982,25.3087307571559,24.3640030037828,17.058856926272,26.5746246085702,45.8446361506369,73.4926109524145,66.4505237938732,54.9589083953487,42.4985287044409,31.7634315082101,22.4330760433016,12.0545075926632,4.27126499708161,-7.80211346781442,-9.83544529092998,1.6677362988881,-0.744440535973646,-2.88131590282253,-4.44977714966104,-3.98236447663645,-1.66345495049691,8.88812205461245,9.30160919425386,16.437203135653,13.8756267292247,10.387380120613,8.16859494052459,8.39227481558128,3.22538057192121,-4.10774622075073,1.95517346395179,7.22224323600113,9.25980393544727,11.7602462877378,13.8760464268627,15.9548870789259,6.98576311799303,7.64540471586095,8.11069567980122,-0.027404961685646316,0.13637589998834299,-0.03686176437458804,-0.007396481157671313,-0.009444850624954513,0.3928389066975511,-0.36981204881026924,-0.19723645616339744,0.2636699550702045,0.32550630166003436,-0.26517107297191983,-0.10263098920617045,0.08157958256815433,-0.11770307475854425,-0.10682204704855061,1.1922336145087504,-0.8530778508908662,-0.18501646448985593,-0.058316005050385866,0.16867975592046508,0.1590454230649647,0.06055670605379668,-0.04725897579729869,-0.0923298379655728,0.19293324395452804,-0.41764415033425545,-0.09729781316005912,0.08032571353533607,-0.07858399264559696,0.17386785918517314,-0.25968055843043103,0.19830016750630156,0.16225261501102903,-0.20052916787637354,0.13670967051103106,0.12661492990836312,-0.08178175808978193,-0.04367040351115247,0.013353165190912659,0.04370528885254002,0.02266190629481357,0.09378404543413828,-0.1069025517652244,-0.18835376107797175,-0.08222556818052609,-0.07392427543750996,0.2949316604965429,-0.07171583491064604,-0.03481249694062865,-1.7090313852813852,8.572199889900753
16,2.0556221081068,-4.25371403672107,0.0495284325382191,-3.82483922662513,-7.38168455429124,3.95579177970167,12.812495184868,6.77903356810796,3.86745539036016,12.8342734192974,23.350347591215,21.3213893326087,12.9179789553626,17.21112447609,35.9298554623524,66.4505237938732,70.2879003021628,61.4586442907008,51.5181648202319,41.2836454245817,30.0214389604002,17.9321219227149,5.33041253025069,-5.70216704823282,-5.11868360660918,0.654404288827643,-1.85511794359964,-4.0469111756931,-5.06821560587399,1.42797419807226,-3.6226873135969,7.98290078230674,11.1860070353506,20.5077193108981,18.7389322690481,15.0768539493984,12.5784662533447,12.3034024471855,7.7650927070041,-2.00158143997531,0.695923757274024,4.05309174346941,5.59456407444797,7.6698970009113,9.14857000830851,10.612350204233,1.55523824059804,2.72363982798732,4.1812100617193,-0.13157570440975166,0.256363775004046,-0.06767974131068824,-0.0028203093730058216,0.04785287539779083,-0.4983300054548662,0.07063661242073221,-0.0006707406189748621,-0.17417061874661297,0.04372900724731271,-0.005798602135136882,0.026748336182457186,0.016505228612488564,0.012960753782860325,-0.04498601618976071,-0.8559248809700112,2.618651589834822,-1.5207292861652535,-0.3010935595553963,-0.07897377942970413,-0.004213593676131141,0.14489818288043296,0.0034159123828433305,0.0770592258903156,-0.022607158498620314,0.36513055092941366,-0.010282662273191768,-0.276358028489599,0.20548410724138635,-0.20157209675771,0.22263145881518354,0.13509062119858997,0.00900194526761756,-0.18357662480450262,-0.09355096006762649,-0.05833091227144397,0.10344798735231527,-0.054096717213971905,0.03916554313613916,0.3358709700282214,0.07639066489935727,-0.028812518593282085,-0.010992402351010877,-0.01876856432838551,-0.07903962710601262,-0.2635800481062106,-0.14823032423229507,0.2848987204346309,0.06546646030129526,-0.834339826839827,8.383191534383714
17,-2.06187496507734,-6.82749018261631,-2.32632352767627,-4.85343183512425,-7.09292931076326,0.269723559538347,8.55626482059504,5.71130152214059,3.28878019313421,10.4574228152233,19.9037443545541,18.108283576661,10.5310318409993,11.6613301931247,27.158499449928,54.9589083953487,61.4586442907008,58.2512965173865,53.5007613627905,46.0903906352298,34.6784044554006,22.532606263495,7.72911058000028,-2.06860852128788,-0.726924886801616,0.886676346392077,-3.21344942783681,-7.0248365326524,-4.27645205141465,1.10999792781052,-5.84673433164641,6.5899333688969,9.82778081179641,18.7552459672558,18.1373501665448,16.2264588490903,15.163637756786,16.0216697948797,13.1496150305866,5.36806215734921,3.44853746627199,3.17877351158129,3.25361204866536,4.01318049708178,4.23111955129847,4.43825195192943,-4.38968689060695,-0.491808789009831,3.90031527517337,0.07295406793234895,-0.11017263491418593,-0.022841175217145605,-0.009073677886761585,-0.009970857320550896,-0.20233967407412043,0.0280863444057361,0.05205659063469226,0.05150015409658679,0.09785269507808253,0.03514573848728822,0.12841659229723518,-0.16432664219392412,0.09168853313910946,-0.17663398966993824,-0.18678521253579727,-1.5172930481907776,3.4090181366681542,-1.1979955377470322,-0.49184349956003315,-0.18481122976851583,-0.0021791019190383894,0.270091612123599,0.03633637907507177,-0.2579020474487408,0.10376040345737199,-0.024874319556701833,-0.23415937336476286,0.24833132203068828,0.07172088470911793,0.06691563801640565,-0.21532867997881794,-0.07618888825347683,0.19468419776698345,-0.015548638647237366,-0.12930871400747843,-0.10942974234961719,-0.09286880097909465,0.22132108252871188,-0.06726138454349613,-0.10522205136161596,-0.13774299885032606,0.05824997046081982,0.04206052064210762,0.016788856289191106,0.056358807552969334,-0.0365386439826405,0.027957802173631117,0.024423948747299952,-1.0818704906204908,7.631598555832617
18,-5.1011577074392,-8.48207440938701,-4.19640449329173,-5.87498661597151,-7.29501861805837,-2.70669884722055,5.59197753543186,6.06821445747659,4.23456185614814,9.82112901590108,17.7242102088587,15.7544283724866,8.18042637377769,5.94297357909648,17.4051628692329,42.4985287044409,51.5181648202319,53.5007613627905,54.3961230709091,50.1302666134605,38.8371656068882,26.8900822586763,10.2340112629236,1.87123686784076,3.913345030479,1.21270923357134,-4.66018418929595,-10.2603899986241,-3.32357819177607,0.326079044628063,-9.3887924696552,3.70016315002673,7.39811579479814,16.1343682358012,16.8583208992763,16.8836893482295,17.4828100717104,19.6715967523888,18.7660210883371,12.3125571515079,4.7702585387103,1.36622452967126,0.361800195246408,-0.101115950718872,-1.08097278980201,-2.07366626321445,-10.4257360449362,-3.9537072762527,3.18299640869758,-0.049587737755946264,-0.02357050750751745,0.002854320065980813,-0.0015787240104573727,-0.006395890908907677,0.06025217468030687,0.0697970920370313,-0.07168683508454411,0.006928700030525296,-0.028041619772445788,0.19586766048142298,-0.23980870009391336,-0.026976469437308893,0.2608610254067503,-0.016417501708178864,-0.05980882050574547,-0.30525674149198784,-1.1986274283865168,2.7901316957604227,-0.8828306288459034,-0.39272029007096115,-0.07293329267509328,0.07826012531574497,-0.20174271555865156,0.16654777946595317,0.08167930856417809,0.050575663223634965,0.060102769636396276,0.14138661337966885,-0.06956786680255521,0.10488611230885032,-0.218172158457334,0.058510670577739794,0.1536717410885819,-0.0923135517675879,-0.03480061917280299,-0.06510170925692445,0.21583547798480504,-0.08153400954585238,-0.4904339923781466,0.02464424503390059,0.11686055722327346,0.05347513798892628,0.12258073206140528,0.039129513998127204,0.026623208736342906,0.15739110411961812,-0.24943393108139938,0.0832686074111499,-1.489401154401154,7.374694778152457
19,-8.75212167240188,-10.1729039723216,-5.95927832953842,-6.78927983004717,-7.41096244938366,-6.11546391437133,0.273953676482435,2.24588952931265,2.76203954448536,8.72867302100869,17.0061590110841,15.7011475369536,7.8088074169037,3.38885334231229,10.5982538441492,31.7634315082101,41.2836454245817,46.0903906352298,50.1302666134605,50.1294481258894,39.8384395792877,28.9768746991869,11.5873460906486,3.54351305717619,4.41474334163443,1.71903322841741,-4.47738450832844,-10.4353155670467,-1.33978571338679,-1.34737788867565,-9.64003269449522,2.6081108970081,6.48810432467264,14.2990176353816,14.3503244390386,14.1804749684985,14.5560237913477,16.0291460347676,15.4825014411151,9.136790987544,2.57754169881239,-2.00235064016027,-3.57429387329074,-4.77220338232769,-6.46695003140918,-8.17901027741251,-15.3083645192128,-7.5554912182742,0.771328078539297,0.0039248718745013575,0.048922835072634216,-0.11055900247223399,-0.01757554454531678,0.01819916670452795,0.4050387133751207,0.061768098871647456,-0.0037879067702010975,0.10915182773345695,-0.2913896565770755,-0.286411511600204,0.23424172454436998,-0.15652509878746224,0.017705399356320928,0.30077867202598824,0.17171893849121792,-0.0796959555618269,-0.49365757110173036,-0.8800869958754122,2.9356032376119217,-1.6986519665096378,-0.03453805726598573,-0.0530372529834075,0.10561502470479087,0.12693179106540828,-0.15247359970289476,0.05274358053552264,0.4172122499036883,-0.3469328450953929,-0.045049433782532435,-0.061497022210066955,-0.21493048854743127,-0.05703814820347555,0.033873763144292655,-0.03369275291544416,-0.06608288100445076,0.2290223231696221,0.02241698035807162,-0.2975891229116568,0.11777760267558486,0.17302298977006492,-0.28578211751591576,-0.024518552082585025,0.10305749820884164,0.0470264331413677,0.05335029289259176,0.031169568735493727,0.028420954634586083,-0.06824645618640302,-2.238598484848485,7.079509031415198
23,-11.4294243337606,-9.82016281573374,-5.09311248706571,-4.82527859674651,-4.39484503711468,-3.92581115979399,1.18779900407573,1.80566239428656,1.52344887604612,5.0684695790569,10.8797856859184,10.8552468491043,4.58372541640784,1.75298502175241,6.64579098828838,22.4330760433016,30.0214389604002,34.6784044554006,38.8371656068882,39.8384395792877,33.3620948586719,26.2436089907342,11.2129525739217,4.83686365149076,5.06674626327529,1.5847416357588,-3.52469657244887,-8.45523987110791,-1.19193226853449,-1.21095489086407,-7.37338219215431,0.710817442539526,3.17713017279375,8.02303267505816,7.60724255758204,7.36223856209553,7.76957264301377,8.79235659740304,9.27841846417673,4.24052312945228,-0.493612220899668,-4.85066813445851,-5.87583544613758,-6.66673289747057,-7.93599051565256,-9.22060532301858,-13.5892757842786,-6.60542295580523,0.730473624721479,0.07233092627317225,-0.03320845014058491,-0.0008054663633615922,0.009103736566546011,0.02015789212362613,0.0734573852870323,-0.022189801637184554,0.010269279988952437,-0.05260535931201733,-0.005211577394350808,-0.07087679823629163,0.019407181783952336,0.08913783791765428,-0.10904089667069726,-0.0019687698696309766,0.15445111304282177,-0.0031499901001370515,-0.16377452685137736,-0.39039052890491044,-1.707732902732927,4.15241147713545,-1.5687002433685178,-0.42062619904080356,0.02992873330980412,0.007482634873168331,-0.13065995674175737,-0.009072568522663787,0.08717149915011138,-0.13500640354215385,-0.03200451725521107,0.038684783235070574,-0.06349764870485348,-0.03617133051373917,-0.017259899747940857,0.007709235755352072,0.024163662930052045,0.06197523566553974,-0.014420250471706177,-0.020861602332826006,0.048657501858899097,0.01625126835202464,0.026676972117937545,0.09866338527033763,0.0753982091735561,0.03006299354622171,0.014476041701697615,0.008035634956173923,0.014042169582652624,-0.19524436759172428,-3.4333513708513705,5.77512725908892
43,-14.3730045744068,-10.1214550986733,-5.31512569759114,-3.32877245252326,-1.2305580865349,-2.28325866880172,1.47243978656356,0.605384931777644,-0.576758197368619,0.435511920352701,3.70836356415507,4.92657400121977,1.25421730643119,-1.20104571433321,1.26870358889036,12.0545075926632,17.9321219227149,22.532606263495,26.8900822586763,28.9768746991869,26.2436089907342,23.2023561807788,10.8289546254999,6.31283663837664,5.9364901588087,0.941890252559465,-2.51876867448446,-5.86929457756868,-0.558646817865032,-0.239029405172996,-4.53000856627685,-1.11168852028162,-0.283964546673683,1.30886469625168,0.488448714808265,0.215633094555759,0.710413363727147,1.34233537080363,3.01878882339305,-0.252307999349557,-2.80770345539348,-6.94852954918852,-7.46163526479045,-7.87347057241796,-8.743835211402,-9.6259891794472,-11.189473308175,-5.6205328362721,0.0750047590108537,0.072447221759248,-0.36332089740820483,0.5146262415551299,0.08408775334236882,-0.15590371915279733,-0.11443143038989687,-0.11488888914658829,0.013232408040547056,-0.07700438919421912,0.2749855161463157,0.044573716738360955,-0.10137650539633512,0.12953875507207338,-0.1615587566060847,-0.0610310648140205,0.05798390053896618,0.13918649072799077,0.0017372508224446277,-0.07404326229180073,-0.04536861702204191,-1.5772325967565495,2.1735926884273757,-0.527545298895471,-0.03950331421629122,-0.0653610989508976,-0.08635562340367219,-0.08744684281986517,-0.0869007702810967,-0.011996658325366913,-0.06750660978294463,0.059266585503142934,0.25626292007780005,-0.17270220248554205,-0.11469437803206266,0.127793987800468,0.2308270289810291,0.009639853918171857,-0.2113081653580098,0.14624109622231626,0.0615105459735697,-0.162299966412045,0.318913192852427,0.10138333734400823,0.003162236944866744,-0.007425349955271708,-0.0271282290304633,-0.07795771291065562,-0.03523611893599685,-0.06908880101772001,-4.718580447330447,4.815844285354206
44,-2.48081330838929,-0.23986004449275,0.750789470570664,1.14934062118308,1.65223586811813,-2.63589850166967,1.21790864169552,0.261210674884175,0.18726894358655,0.23675672849844,2.53813134242438,3.47153693754512,2.1365778568119,-1.14042366778657,0.842200582878922,4.27126499708161,5.33041253025069,7.72911058000028,10.2340112629236,11.5873460906486,11.2129525739217,10.8289546254999,8.48062420830401,4.10567830658164,2.9216653489955,-0.544170510995181,-1.35804802163056,-2.08909536597849,-0.734472548535744,-3.0912415479981,-3.44723524736378,-2.63743221951716,-2.7985760057334,-3.17276214439286,-4.22440426159278,-4.18121824675912,-3.50711466489482,-3.1228185507654,-0.928039744530549,-0.994200549210265,-0.0167291436768456,-2.5276244971915,-3.21337929692542,-3.95831651897268,-5.13719519367316,-6.32364811249025,-6.47778067853503,-5.27352104954439,-3.89281802034532,0.007205515192881855,0.18834030596307946,-0.3252222146291199,-0.061287518974746824,0.048228131676057405,-0.014735778585218988,-0.07911971343532584,0.21395210299767917,-0.23360391259978927,0.39951172465494295,0.01912473658163359,-0.22793507333979088,-0.06748295954256754,0.28992640834094957,-0.2810975064139475,-0.04936499984194586,0.0059539940209653594,0.2757521427882796,0.0877501204760226,-0.05313186011677724,-0.41705973910751254,-0.5276746465030503,1.6504852125310256,-0.08301438011020272,-0.18427710459267096,0.11049106457973668,0.13681044498864778,0.014704493400934274,0.03888100354149995,0.28984711321819756,-0.2922059877520149,0.3622135357796039,0.379040130514449,-0.2916306282922803,-0.016545029902046114,-0.04427898673508774,0.09983685266759709,0.27512376916370723,-0.1905890538927256,-0.1159287910305367,0.13073733999456053,-0.08463098902657759,-0.30117301288931925,-0.19094239440878819,-0.03591121678169184,0.055416677556153704,-0.10227116939401829,0.16509493089428334,0.18794139869426152,-5.237142857142857,2.910433680451078
45,3.98576085095329,2.79822941941052,-1.09802418630431,-3.83044005830157,-6.480593772851,2.15004373872274,3.36554422025785,4.04820556045743,5.14185698723308,3.33693752393545,3.36435349300955,7.45779170742987,-3.44551067351075,-5.1628328093647,-7.11175851215034,-7.80211346781442,-5.70216704823282,-2.06860852128788,1.87123686784076,3.54351305717619,4.83686365149076,6.31283663837664,4.10567830658164,18.3250830726927,15.726013779146,0.935169923013373,0.265277545741053,-0.212877763249979,3.32843439216168,17.2998541614284,10.643150816472,0.339639935403409,1.55410059958495,3.54390626836758,3.07391202205967,3.3485099285266,4.22171246480273,4.904808090457,6.26068362098205,4.81534734715424,13.381429356083,5.38013451178187,2.22338991295723,-1.05893752021856,-4.6584459191644,-8.25437012694333,-6.40380390998983,-2.28441689477583,3.20414382457527,-0.023904611716719898,-0.0789095973673181,-0.013361828911118567,0.0394760195647064,0.12119611850912715,-0.15766682027868095,0.18002193155461674,0.08237647610417881,-0.15951509884672171,0.016672909898500867,0.08953806332002055,-0.05190937699033352,-0.08141536017051033,0.05939056507403352,-0.034050686429440216,-0.09135592259573981,0.07757317080264813,0.036300721971468546,-0.2036217815122034,0.10334644974587379,0.020874650127781974,-0.042288315592224936,-0.0841784055161308,0.9108325296332273,-0.45989266916992805,0.043982515138183964,0.12405022833317919,0.1498685680339456,-0.3740892596007962,-0.07251091445665574,-0.0034532715820534865,0.1771943136939651,-0.28944788605753063,0.04030632442080413,0.31789046681069205,-0.004417492766942759,-0.10003259034282022,0.24889005147734547,-0.21714022357022444,0.15390356810050013,-0.14973645344244896,0.034805235169343765,-0.040917497177251724,-0.025246014020794294,0.03492575076496762,0.14988337785509703,0.05702566907030095,-0.24739618823044254,-0.06698242687595478,-3.028650793650793,4.279612490949699
46,-0.3725858651267,-0.595305936433681,-3.51735733695525,-4.61663910527376,-5.68871023583196,-3.41759027877255,7.05987567228146,14.589148561756,13.933013024423,8.43763855131015,4.27179049340148,4.30632773497126,-14.1846634580329,-17.4220128467636,-10.7421679315333,-9.83544529092998,-5.11868360660918,-0.726924886801616,3.913345030479,4.41474334163443,5.06674626327529,5.9364901588087,2.9216653489955,15.726013779146,25.414427137905,2.26232095046551,3.3599982725808,4.66750303967846,1.43248799175375,18.8649733323813,12.1904694464491,5.09795687021572,4.12288872393664,3.42818165957866,4.18266444057527,4.9875927663427,7.13342751750469,8.83182562439203,11.9733037582417,12.6393942876437,12.5371510003493,5.24087566806875,4.81467977442424,4.27430908891122,3.48488868169946,2.7139121949478,5.48642179879449,4.75896354665593,5.71643455428246,-0.09754064088085651,0.14912226390981612,-0.04103200827768524,0.016453447656786798,0.06212783869705066,0.20189705622477574,-0.08462532221132921,-0.46367320764080405,0.2864094141100038,-0.02772159579576907,0.054320920893550693,-0.1720630233116823,-0.10606853428883568,0.20919723101863383,-0.0007012140185900394,0.19700643730207418,-0.022648227198741856,-0.2597329241394825,0.16582742127005434,0.12856650220500998,0.008225652898879611,-0.05954212503960871,-0.1818167990079226,-0.45955790421214887,1.048099765845102,-0.22998307903470988,-0.14347066608728046,-0.17099147625064612,0.19486203857150752,-0.2624978844410325,0.12470440026674086,-0.15296932995308746,-0.07718118203690838,-0.06284444340546837,0.023990893453398734,0.08997233074231334,-0.013976204244949967,-0.06995938696864482,0.022385512271440818,-0.22286317532635963,-0.02777031577274152,0.15645349199655315,0.24929055279187584,0.040241507120444525,0.012455907210278299,-0.019380284827560018,-0.1685140601092642,0.1950026966432812,-0.08384093858525035,-2.653492063492064,5.040280462226776
47,2.62215175145841,1.84237578378874,1.77478182218553,-1.65174926103589,-5.157017344579,3.08674076632548,-1.12994597376227,4.35226874423634,3.98863892727106,-1.80096310087744,-4.16952267433677,-4.386046218683,-6.89863219061737,-1.80604379660043,-3.57154977274915,1.6677362988881,0.654404288827643,0.886676346392077,1.21270923357134,1.71903322841741,1.5847416357588,0.941890252559465,-0.544170510995181,0.935169923013373,2.26232095046551,9.42111111111111,3.87572753417582,-1.50574829596598,-0.601667501349705,-3.35275960875855,0.200429543973428,3.49113315970102,4.78542898915759,4.98060807112321,2.4664842761989,0.604601801134428,-0.447337856326402,-1.49997078019572,-0.479361935608323,-0.0194443014910676,-3.08505827400216,-0.525860155314498,-0.802118761837433,-1.14342668366332,-1.72014451350956,-2.29362794002752,-5.1198093336062,-3.24583999708415,-1.37131765830175,0.11058005823178522,-0.03149117885466686,-0.19072832887115565,0.042018071099478894,0.30955077198145253,-0.30645084979736614,0.329952111092686,-0.2631753670366002,0.01502651366215293,-0.015948258788239838,-0.17787421282287466,0.3421518998235025,0.07650118319495572,-0.17285103689679285,0.04752426051664436,-0.4182083766308547,0.3606509079054425,0.10093002557863825,0.0824114526426314,-0.1484645374763072,-0.1336204788153664,-0.09230828641066849,0.10731372845010283,0.0436412579899168,-0.22894726863695744,1.8854373344317426,-1.631981052834921,0.6932424356096326,0.05455802150611717,0.13635608975929456,-0.023400728297070114,-0.017133934475459394,0.006458874342607586,-0.10860398786641112,-0.023776065605108018,-0.1598329048787988,0.013789485859285631,0.2764162945003892,-0.038306961529691555,-0.0732115555794359,-0.02951661032785644,-0.03253568372516631,-0.007908530797856427,0.0028130507459429538,0.007742824999901318,0.012877050101371565,0.029576021539941426,-0.09087266559218678,0.15151110070974688,-4.433333333333334,3.067753430624944
48,1.43079764680691,0.279043848965444,-0.487308678225148,-0.975854018949575,-1.53748357572148,-2.33421671397507,-3.36487876234195,0.763899261887959,4.14132054447433,1.12398307088575,1.59451480718119,-1.04381379568856,-7.29620601834682,-6.14298262302762,-1.70496237037888,-0.744440535973646,-1.85511794359964,-3.21344942783681,-4.66018418929595,-4.47738450832844,-3.52469657244887,-2.51876867448446,-1.35804802163056,0.265277545741053,3.3599982725808,3.87572753417582,7.26545977011494,10.6224351226734,3.08537566230467,0.59609225384923,7.13139162477587,6.58038583897374,3.73622316746188,-0.0277917964260598,-2.61629060889771,-4.86748580301702,-5.10830476653082,-5.05409026872797,-4.29295706318085,-2.54154088949141,-2.24511500254544,0.349619761577231,2.04007048173848,3.7506091088933,5.01111506010837,6.27478430702863,5.68380180808551,2.40229527705469,-0.580555822309007,-0.029826327410825512,0.013117573418419081,0.0028398820642631965,0.011742884812331829,0.03928378647305149,-0.07548328759815001,0.2516958039739804,-0.0653436811386219,-0.17786642626557544,0.0661242129119865,-0.08456146469362485,0.014173581045211167,0.04829995693664719,-0.010172738375477459,0.07472384144735165,-0.09419046048258932,-0.01483098760116746,-0.026081597024438335,0.05016985278893201,0.052082879330300494,-0.010073145355246158,-0.08820714234593934,0.13597223608300765,0.13003094277643018,-0.14544711889800005,-1.6374223614380488,4.154852903119884,-1.6901539895118143,-0.12916434198768686,0.09524063439004213,-0.059374123649161926,-0.025846966983453918,0.002421223967507937,-0.005877220416527169,0.035357050461683505,0.07018051168025742,0.165425526722584,0.00017709993206782866,-0.07713698457993867,0.07168426230332853,-0.04569891199940078,-0.08869430014764158,-0.0010729880389363047,0.008666821734939708,-0.00039809530917573385,0.0004985034712085136,0.0005793686513275025,-0.06596036013006001,-0.0645195572546204,-5.849999999999999,2.6935960666207808
49,-0.119276559778949,-1.63308961852527,-3.09503154404032,-0.703983791972656,1.61778133242361,-7.87199343020271,-5.7173690840562,-2.89648643984455,4.25343831528172,4.04628605381373,7.41124866507407,2.15933851314824,-8.24017447793395,-11.1500490609202,0.242131842491972,-2.88131590282253,-4.0469111756931,-7.0248365326524,-10.2603899986241,-10.4353155670467,-8.45523987110791,-5.86929457756868,-2.08909536597849,-0.212877763249979,4.66750303967846,-1.50574829596598,10.6224351226734,22.7465210727969,6.878026396885,4.76829979997808,14.1094655187955,9.76453456382134,2.97658724931721,-4.5567812121208,-7.23463016585669,-9.8978525911983,-9.32598586956305,-8.35433199126512,-8.00833338256707,-5.11692448628774,-1.37655489696717,1.28469607588081,4.9577089247493,8.7253640758286,11.7331793152744,14.7469534222499,16.3261355160645,7.97571481161016,0.218942268103138,-0.13369622601412093,0.05043973158772672,0.20026691396476315,-0.012777422635116312,-0.2166883103577552,0.04788525086959972,0.19889934214791902,0.29410138607583713,-0.5230738169896021,0.2088385313137373,-0.21684360837060304,-0.05516587198337629,-0.06516831305281588,0.3087233028930242,-0.012348438401253962,0.0813791558303059,-0.2735893774638165,-0.23689322386339573,0.058633336107205586,0.4144042750504421,0.08759644515980688,-0.0854933729437599,0.015979198487550292,0.1500140931010724,-0.1712172586131325,0.6905803361798375,-1.6909258862168273,1.9754655317280485,-0.4489900124996413,0.08332934146547989,-0.14833611451387563,-0.006806318523213783,-0.07014766958523977,0.066296553940706,0.08235876244579088,0.3385953320391355,0.07347575290036358,-0.21896247151912718,0.016338757164754452,0.13443572270910595,-0.03696856094135542,-0.011842543976748632,0.022811645000453316,-0.025554544827200393,-0.005821135314851565,0.044743127959568606,-0.018468648688074445,-0.10504149610520645,-0.17350139597609246,-7.3133333333333335,4.768282822232437
50,-11.2444376795459,-12.3429129845764,-10.8768721705309,-7.47376361454612,-4.09923125071568,-2.88988377295038,-3.29128445791705,-3.00294335899166,-1.64813203140082,-2.37186304232353,-1.54955469877682,-1.12119230474588,-3.89728555029244,-7.00982354250538,-5.56829432343264,-4.44977714966104,-5.06821560587399,-4.27645205141465,-3.32357819177607,-1.33978571338679,-1.19193226853449,-0.558646817865032,-0.734472548535744,3.32843439216168,1.43248799175375,-0.601667501349705,3.08537566230467,6.878026396885,12.4615057471264,-0.128344052590911,-1.17011999837131,2.87139631324056,3.05040447940932,2.91495427429642,3.03644939215094,3.55787054395193,5.12542128603361,7.50411630962735,5.04279108558368,5.78437130493155,5.947609608063,6.97537095604731,6.05680468653343,5.06271643759626,3.83278844376031,2.60220806465447,2.194134621155,1.99189006808616,3.12344928588385,-0.061472814930811776,0.24160400604255947,-0.11325449931345365,-0.023937737840318413,-0.0659224825537466,-0.06990762067493622,-0.2237891709201142,0.009456646003271932,0.22484539916288548,0.18340074037845966,-0.12330681426886313,-0.11323413702186949,0.07909078893507947,-0.08091336759819695,0.12158676330898731,-0.08004149445456475,0.20451978343889646,0.251164842736837,0.14233796009110994,-0.34851629588646565,-0.13876319279775018,-0.013346314847847564,0.039161021036117974,-0.375595181391579,0.19514172464255164,0.058164618130486775,-0.13039455200281228,-0.4505256746825023,1.0809086436176678,-0.11229428748432285,0.2909800696947129,-0.3479614229732309,0.029373590518297164,0.13392104731354607,-0.04879875254347244,-0.07797986681573538,-0.15889979812143212,-0.2548955439051343,0.21038559406000615,0.04604916540116953,0.33054949756417407,-0.19672617316258884,-0.22183633088979002,-0.21053214734933287,-0.05431015826557322,0.016603243445952855,0.03660670551696624,0.21148790496384706,-0.008960468402063416,-5.026666666666667,3.528669118396685
51,-8.18253115028274,-11.4527208334304,-12.5336550245572,-8.08302333407602,-3.39467827468647,8.93789340295808,-1.01149100879333,-2.18042001026029,-1.94459742789948,-6.00770172045173,-6.35516466205115,-1.03700409130574,-10.3393719211241,-1.59406047704872,0.27232585155646,-3.98236447663645,1.42797419807226,1.10999792781052,0.326079044628063,-1.34737788867565,-1.21095489086407,-0.239029405172996,-3.0912415479981,17.2998541614284,18.8649733323813,-3.35275960875855,0.59609225384923,4.76829979997808,-0.128344052590911,82.1976743295019,73.47950261237,19.7423830965092,10.1724537259542,9.56183868108693,11.8264467004125,8.41728288140369,4.43093401584345,1.70175360657404,2.98397175990452,6.50639356447422,20.2146889157286,15.6235055300868,12.9128412948457,10.4218157387005,8.21875133906958,6.0206225028902,7.2633237608617,9.36755515569414,12.0463415267141,-0.07275067883309769,0.07794973572450217,0.13563579943314164,0.009392278418543018,-0.11811717951491021,-0.0794693192505208,0.08066963304002019,-0.050420774104343986,-0.025320436862408213,-0.14321376031197275,-0.04863190727565299,0.1736597224842964,0.1454888635141473,-0.12396844904032617,-0.04953912955874531,0.17206456357501274,-0.19992762433712766,0.07232044180004737,-0.06741952161270395,-0.045207228285313726,-0.03315236942358923,-0.06979950262575547,0.2888166521829641,-0.07412568402979751,-0.2625911017776932,0.13320405277449127,0.09721772135652278,0.0839620956141848,-0.11250427650846721,0.7319569240860531,-0.621907299294961,0.3533447618501295,0.3286869211820434,0.0813899912333499,-0.2890895803250352,-0.09335499688183446,-0.027973789355265403,0.0604148428834143,0.19232257136339298,0.0504180907923706,-0.13354906795063012,0.012495460624360102,-0.11572055048200848,-0.10274486042304648,-0.062014584948458344,-0.14232002990186232,0.13030371434889448,0.19208613465538577,-0.06814351613340427,-2.5733333333333337,9.065741796979546
52,-0.952221426726482,-3.52760838628065,-5.43820450313309,-2.28454416553142,1.19956513147489,6.48764693215676,-11.9876632809069,-14.5048736430453,-9.79543091352186,-7.64168696339758,-1.83422824678394,8.62231785544572,1.1232446358998,14.3022350163891,9.57648756466683,-1.66345495049691,-3.6226873135969,-5.84673433164641,-9.3887924696552,-9.64003269449522,-7.37338219215431,-4.53000856627685,-3.44723524736378,10.643150816472,12.1904694464491,0.200429543973428,7.13139162477587,14.1094655187955,-1.17011999837131,73.47950261237,97.9074825191571,38.8542968961249,18.5897113205113,12.6591326411429,7.99505567825478,-0.274694684915782,-7.9960824022918,-15.1180714809939,-10.6373403955698,-1.93631971126427,6.64208752479784,8.62485227880849,12.7182679567991,17.4125941571576,22.6913695550597,27.9726005940693,31.193946946495,26.8579622531253,19.0633118528348,0.0554876751262056,-0.09946446800664319,-0.02068465435969297,0.0046910406321458275,0.0029931910969286627,-0.03804613406092255,-0.033517677694775753,0.08234536086020437,-0.009713023080026974,0.21701763576721358,-0.06503758736887906,-0.12047554601187754,-0.0972862721075787,0.044395150623093266,0.09743049590895243,-0.25875568310277147,0.22216219139398918,0.06716376175247293,0.10280693773452061,-0.06307151921977196,0.03831763260580518,0.060080788821128994,-0.2931072890412044,-0.003154704902938134,0.12623636026120078,-0.020418383992044573,-0.06062906230644367,-0.1498507136018528,0.29210960394131746,-0.6233666033987862,0.8588911344407852,-0.6789953421231251,-0.20630681847149954,0.08767935332881172,0.10258225750577533,0.010065232799065618,0.014588421531859765,0.04321038792754342,-0.1844615649466351,0.024515432225612366,0.19530191524606538,-0.06824960122077661,-0.015468506457097289,-0.009207712514615676,0.044270209932958444,0.20111481194308978,-0.01353310398338473,-0.2416860387361707,-0.001953605297446767,-6.6241666666666665,9.89431566704626
53,-0.745525461364512,-5.38603501324876,-6.01746707592003,-5.42741212871396,-4.74660348734009,-3.44164141834091,-7.70535580627452,-5.87197810858268,-2.57140394799934,0.22005443160735,4.39731428870853,9.27080018372671,-1.01153641815309,5.4745483355835,9.7628316782596,8.88812205461245,7.98290078230674,6.5899333688969,3.70016315002673,2.6081108970081,0.710817442539526,-1.11168852028162,-2.63743221951716,0.339639935403409,5.09795687021572,3.49113315970102,6.58038583897374,9.76453456382134,2.87139631324056,19.7423830965092,38.8542968961249,28.6768981481482,19.5937070963831,18.0030201421981,12.8918616090912,7.1239220128143,2.55312653069808,-1.34915382894692,-1.26154340792389,4.4899239369193,4.87760470696216,8.00633825725374,11.4278362632818,15.5603413586066,20.1178598666203,24.6835996275482,24.3149222120435,19.0028418657291,12.0174253702928,0.06698607490995574,0.029426406517098373,-0.17126971172558297,0.04767538806939392,0.25619963582825334,0.02770379294765139,-0.06584470678889229,0.07281376743580824,0.03647232094080738,0.1993800432844062,0.20913811187151654,-0.32344312488172244,0.3933076811359478,-0.19916125231612386,-0.18775838916268686,0.1985859143909577,0.13479808096025023,-0.21561036704600217,-0.21682772499515265,-0.21280309626665544,-0.06406810666849874,0.25617982287475516,0.3656682353599492,0.173615891358128,-0.15400339284339915,-0.020759510704460776,-0.026730477139432402,-0.007491530533093991,-0.34979256241889956,0.35519457098378265,-0.6809389400727344,1.6062538136373452,-0.45666686086449193,-0.052452493616311255,0.01954406307742531,0.13654359248541462,0.016116224122302958,0.047628778936483575,-0.07738133562271421,-0.05489653961187857,-0.25136482209099453,0.16173606203516036,0.15284822692376357,0.07655641994092256,-0.07861352715366544,-0.34004511000982196,-0.2372955827412004,0.21300430973164158,0.2846957681582175,-6.41388888888889,5.354147751804029
54,4.1681493330337,-0.199797403772687,-1.18393569134381,-2.88333940946537,-4.60167879410801,-0.449052247229939,-3.67160699626664,0.317408337355739,3.37516019454515,5.83788593417534,9.29719051692472,14.2864681680043,-2.46612498109062,1.84932268223365,5.35551439654245,9.30160919425386,11.1860070353506,9.82778081179641,7.39811579479814,6.48810432467264,3.17713017279375,-0.283964546673683,-2.7985760057334,1.55410059958495,4.12288872393664,4.78542898915759,3.73622316746188,2.97658724931721,3.05040447940932,10.1724537259542,18.5897113205113,19.5937070963831,27.7198120210728,35.298934622916,29.0172842225429,22.1932523288485,15.6603186808389,10.9624255298592,6.38374053676409,8.54385351530705,16.2935611286394,14.9313173678895,14.3261375376287,14.2354094271948,14.5063671562795,14.8090846237677,14.6283202805177,15.1297486701246,14.0537908118089,0.08955356072441699,-0.034154995403664914,0.18148511044148627,-0.04055135409564605,-0.2857761325671607,0.07946611853752576,-0.0027743197758180794,0.03450374524796734,-0.25268017235922785,-0.3301642301276688,-0.0075723124471402245,0.4488025196928758,-0.06109468498023329,-0.09246741819637243,-0.11845507190161171,0.16479664278135903,0.010352583371636822,-0.07804454833817238,0.0661173877245182,-0.05655431702276201,-0.0334138716732432,-0.16597431118389222,0.3780812149656738,-0.28862864802286226,-0.07567090460220237,0.018400071414949246,0.007072655421642292,-0.06715098279864898,0.02311380519339348,0.3285418413608253,-0.20698838456267593,-0.45986338218044615,2.145973889830008,-1.1869579725768318,-0.35366216701474235,0.12744152338884587,0.06772978372062402,0.16542041568701457,0.15542445837320365,0.013745425802804204,-0.014857029938207087,-0.018127349241254212,-0.08811222232697875,-0.45003175646731564,-0.11297542491641635,0.026309302123683175,0.2670183909220571,-0.0018682054926906825,-0.002129459154912488,-2.5875000000000004,5.264011020227142
55,16.5448183128907,7.76103123914529,3.06208223588369,-4.45529450529597,-11.9078784082248,3.16855682066865,-1.83165313194025,-0.219782213194147,3.43062040331719,10.8706743932181,18.3616895272855,27.0779965455014,2.20499253818544,4.8440444424935,5.67864279325744,16.437203135653,20.5077193108981,18.7552459672558,16.1343682358012,14.2990176353816,8.02303267505816,1.30886469625168,-3.17276214439286,3.54390626836758,3.42818165957866,4.98060807112321,-0.0277917964260598,-4.5567812121208,2.91495427429642,9.56183868108693,12.6591326411429,18.0030201421981,35.298934622916,56.0945246500899,49.4325352344036,42.1726235242913,33.3503728445041,26.7372031683808,16.490616899688,12.3794685242521,27.7730685925943,20.9367350780206,17.441182131843,14.366200846345,12.1545383641454,9.97538057593116,10.0708107111171,16.2843195026837,21.1110344981843,-0.28264870117034774,0.21254724376021356,0.03505495862640498,-0.04681898916836315,-0.09729661564535258,-0.17710234784126275,0.14677405168456736,0.035920748306167295,0.24175466825635225,-0.023040943184678368,0.097866636269963,-0.473425133984603,0.233562693281223,-0.00497085652557857,0.23389419818454674,-0.2007198740988237,-0.17678211140691652,0.1934023013324186,0.1467453925858056,0.03362031604648619,-0.01929100104455718,-0.12918463455336252,-0.2871511482607554,0.03918758509243374,-0.062441258771520965,-0.1250706479100146,-0.008425730632601101,0.0653878068665886,0.14063048759210342,0.080259582414394,0.09264978405490613,-0.051515259735759766,-1.1836464659506936,2.4976844217751624,-1.5316163021870248,-0.22864218671290934,0.07973980123665617,0.032196592878568915,0.02063889866017505,0.10486734439993822,-0.015853501233819397,0.03443163062502045,-0.11619711087327313,-0.05379722282864475,-0.0027446877273701025,0.04149524132716449,0.14338165301878686,-0.039362198748534846,-0.0967828771009863,0.3730952380952383,7.488960184838073
56,10.7889326426227,3.15025988233709,-0.618547461155048,-6.66773376406895,-12.6553719812208,2.51786560994724,1.49389728933627,3.79011313187669,5.53954861778344,10.6575655087962,15.4710083829978,21.6991094708924,2.73570893945147,3.5776370194834,4.95152978064841,13.8756267292247,18.7389322690481,18.1373501665448,16.8583208992763,14.3503244390386,7.60724255758204,0.488448714808265,-4.22440426159278,3.07391202205967,4.18266444057527,2.4664842761989,-2.61629060889771,-7.23463016585669,3.03644939215094,11.8264467004125,7.99505567825478,12.8918616090912,29.0172842225429,49.4325352344036,48.3970969583236,45.933433679497,40.2445372615643,36.5886093494397,26.9371482256523,20.795166985012,28.3171775163183,21.8172479936548,18.4906761117803,15.4825836220713,13.7290856728291,11.9993570792914,11.6165395065847,18.2706285908555,24.3447404016727,-0.06343306011508142,0.04352947198471436,-0.01696464808917054,-0.0037935473166468632,0.009621212488766259,0.0077121586063263374,-0.03154373841209464,8.500563684873816e-05,-0.04726187958815541,0.01952259706617148,0.04235477109812798,-0.06433488753716515,-0.05260734863641764,0.05909676086862408,0.030510662204688937,0.14056565360052725,-0.11128637498934504,-0.018234923405740535,-0.08817048670775061,-0.026938205054358243,0.007191769076199509,0.11594598930776841,-0.015480409709361126,0.3210294844180465,0.024971437590144807,-0.025348327242317423,0.03236176140242426,0.08021959355086186,-0.05229998981215091,-0.29217878733138386,0.10492785733242306,0.02045023428780047,-0.35451834578317215,-1.531041388591195,3.5116683105756805,-1.1848483725984795,-0.4740929194197128,-0.0374909186878889,0.043339894123970234,0.1608147015352173,0.03328931963447619,-0.03426570853695678,-0.06173818722871675,-0.018215547269864858,0.01611779580570227,0.04382156708970157,0.0944392193677207,-0.17637190310876277,-0.07832154350309017,-0.21047619047619037,6.956083449637702
57,6.71884369531351,-0.0273028048422027,-3.3468193479869,-8.52529166738122,-13.654546905655,1.10915312393744,4.10161349665274,7.08809203775356,7.555627930092,11.1101095344051,13.950945774386,18.3649767070131,5.42323791191092,3.56623223956745,3.91321303695661,10.387380120613,15.0768539493984,16.2264588490903,16.8836893482295,14.1804749684985,7.36223856209553,0.215633094555759,-4.18121824675912,3.3485099285266,4.9875927663427,0.604601801134428,-4.86748580301702,-9.8978525911983,3.55787054395193,8.41728288140369,-0.274694684915782,7.1239220128143,22.1932523288485,42.1726235242913,45.933433679497,48.6272442463575,46.4218069481936,46.0230408064292,37.5041612342033,29.8481774866414,28.8430864987863,22.0697463749528,18.987798794884,16.125927852288,14.8874597993474,13.6637564424886,13.0130412056865,19.9896473641871,27.0880990526608,-0.008947733651401503,0.1477674250074336,-0.17061955868814904,0.008302831473524975,0.13357519742964008,0.08727359678699416,0.06695599265360386,0.15960518294569737,-0.3692161590765032,0.269249690612608,-0.12040713004308512,0.12842626139902083,-0.12985901873557715,0.034770178916188596,-0.00374133148658949,0.12713721599336406,-0.05377476103527641,-0.13044207915623499,-0.0349216638847911,-0.06683391457790894,0.02233344248692213,0.2261197102461299,-0.0403782864379188,-0.0026149631209279006,0.08959860981236721,-0.15703038095246535,0.06990321231474346,0.343634420190244,-0.08132010635921715,-0.09303021265649494,0.004454697152369179,0.13605710365830065,0.12848526718399048,-0.22782575796700005,-1.1858699413762026,2.8953666516670316,-1.2829321709434998,-0.17604597698805183,0.05797396984783412,0.05385914613207692,-0.07701088019853919,-0.17109991362828517,0.02956329890190664,0.2739617665994268,0.11747875316690602,0.16313629485612235,-0.5145074696218189,-0.13731747054636725,-0.0009651166599287112,-0.9801587301587303,6.972606703834481
58,2.00868464825234,-3.97404094045177,-6.38618534470697,-10.04112785193,-13.6396148796811,0.317266293196547,5.74188638217377,11.2243773573714,11.2732862736911,13.8020347619183,15.273096055509,17.106372649591,6.15951505360596,2.34062533888638,4.08033647545879,8.16859494052459,12.5784662533447,15.163637756786,17.4828100717104,14.5560237913477,7.76957264301377,0.710413363727147,-3.50711466489482,4.22171246480273,7.13342751750469,-0.447337856326402,-5.10830476653082,-9.32598586956305,5.12542128603361,4.43093401584345,-7.9960824022918,2.55312653069808,15.6603186808389,33.3503728445041,40.2445372615643,46.4218069481936,49.003529048401,53.1639893452682,46.6518143145125,37.1363383098125,28.1526202242829,21.0736624786633,18.1272011823491,15.2948016775485,13.5019421119459,11.7271598253298,9.42445700374285,16.497010085752,24.6192166097945,0.3570396648652684,-0.47482757776598555,0.006353938742937798,0.08967738618692318,0.1908795184774389,0.06995642623177321,0.034439916719389195,-0.046318126247413396,-0.05065102077971528,0.2339585958525048,-0.05805184235768887,-0.09064622215029251,-0.16145758504914606,0.2867908102064864,-0.18806875383078697,-0.08211454682842109,0.10194385986535102,-0.10687633800497154,-0.0659521724839742,0.24163431102720556,0.06895065069849517,0.011413763681207799,0.11691381521609223,-0.09859647257869299,-0.013676902832689204,0.020529637892068745,0.16593762369031131,0.07511445404054193,-0.15797899063041454,-0.02151489423585079,0.009203865814787836,0.016345645938972857,0.06790789215415989,0.0857793817740155,-0.47394852664006815,-1.2864705613858871,2.8213097970892176,-1.0111302913948892,-0.09735620033263602,-0.24818423175276508,0.02440799500265177,0.27400815830735875,0.16068258965222557,-0.09328877720927506,-0.025299021193342007,-0.007428302127212337,0.00653354629123215,0.01794299821898035,0.13777370823981175,-1.3276190476190477,6.999537773910572
59,-0.451298603936469,-7.87623282862342,-8.60314607813976,-10.2158058638791,-11.7728230165385,2.22282798179475,10.5894648109698,17.5685369189027,16.9768845444498,18.352569713419,18.3386709659598,17.0769026535307,7.67524152153061,4.58556369481565,6.14351585417134,8.39227481558128,12.3034024471855,16.0216697948797,19.6715967523888,16.0291460347676,8.79235659740304,1.34233537080363,-3.1228185507654,4.904808090457,8.83182562439203,-1.49997078019572,-5.05409026872797,-8.35433199126512,7.50411630962735,1.70175360657404,-15.1180714809939,-1.34915382894692,10.9624255298592,26.7372031683808,36.5886093494397,46.0230408064292,53.1639893452682,64.7197351174186,61.116673381641,50.2959585160001,32.5876111578205,24.4672090005929,20.8895501313928,17.3332106907792,14.5811275175166,11.8326780645778,7.55334824247429,15.5149185510476,25.3861484818921,-0.07933083445466947,-0.05503970918218842,0.20395034586903862,0.052901094723019224,-0.02677100648283016,-0.010054512068975884,0.07729413028220977,-0.23350471113644677,0.11210028709156869,0.006279614537994218,-0.012660310973234922,-0.07619480443451619,0.09888970326878625,-0.07625256965993611,-0.05046406183252385,-0.04123103330099172,-0.056321984451000416,-0.09442810441766351,0.21405458504660882,0.022299386606370833,-0.016123399286396778,-0.21818366725747235,0.2689721915086024,0.24768414989334334,-0.06989553897222099,0.27253305379464926,0.0004935315184277109,-0.21600498676287294,-0.25832093585163535,0.06319798790325175,0.04322105091539973,0.050842476295898595,0.16039846785786843,0.027299247247676715,-0.05331266304492586,-0.1776768646572389,-1.0109478700019567,2.2223649419668514,-1.0122326554981447,-0.12488862765138468,-0.026941053631047873,-0.09375119287115229,-0.0030351312489898903,-0.003107468504660952,0.011388906267606793,0.03713999276114047,0.18046998321792448,0.1435248142873651,-0.3223879906761027,-1.8334126984126984,8.044236142569325
60,-1.89629423136603,-7.74241765515978,-7.11392774638826,-6.36964028377865,-5.53594012515903,5.75867888039688,11.9794742683519,21.078007952066,19.08107466722,17.9799563551288,15.1944986679002,12.268680025783,8.73027883657167,6.10895633093665,3.77012622978553,3.22538057192121,7.7650927070041,13.1496150305866,18.7660210883371,15.4825014411151,9.27841846417673,3.01878882339305,-0.928039744530549,6.26068362098205,11.9733037582417,-0.479361935608323,-4.29295706318085,-8.00833338256707,5.04279108558368,2.98397175990452,-10.6373403955698,-1.26154340792389,6.38374053676409,16.490616899688,26.9371482256523,37.5041612342033,46.6518143145125,61.116673381641,64.7385005668934,55.6008721316608,27.8386084497167,20.835838940698,19.1646542924815,17.3927403793107,16.1822279227858,14.9753685470641,10.4382214198413,16.2134207669797,22.9224201645465,-0.16176467222802834,0.22527571754724954,0.05661823523994813,-0.021783972363589147,-0.15093856363511582,-0.22104081012139698,0.05095986688142132,-0.1242483525402851,-0.008701318124118788,-0.23807089303490783,0.00020222738644637935,0.26706603074926993,-0.09707116606988102,0.024523008953929754,-0.019530350422303916,0.014947810728424481,0.0394631729736149,0.22189017145378476,-0.08000724188699447,-0.30216439623380076,-0.024778433910038436,0.14888330645725167,-0.19209529523928395,-0.2201092680384923,0.022822095249712574,-0.038677796158113356,-0.07578501519425616,0.017018901696089526,0.21011119931953573,0.19194136045054563,-0.18526614675724362,-0.07751440337734287,0.1609214510422619,0.029705811186477526,0.04389080394019592,0.06580327026062806,-0.09700038343446918,-1.012721597421968,1.1833621443946123,-0.00587239101474948,-0.16321808981978753,0.12758142385996132,-0.019731027691765116,-0.01210682763460998,-0.0490251983591957,-0.1383780962743362,0.08625362120085395,-0.06306711127623112,0.07800935117298051,-1.3797619047619045,8.045402449032206
61,0.416510841126195,-6.86089608788096,-6.37539275790314,-3.09843762532305,0.157737691977555,1.69430508721373,7.13592487190094,16.6604056170327,14.7404598320594,13.3594865038671,9.70722737466324,7.56525110306788,10.5159306385498,9.48580559202773,1.62163668774268,-4.10774622075073,-2.00158143997531,5.36806215734921,12.3125571515079,9.136790987544,4.24052312945228,-0.252307999349557,-0.994200549210265,4.81534734715424,12.6393942876437,-0.0194443014910676,-2.54154088949141,-5.11692448628774,5.78437130493155,6.50639356447422,-1.93631971126427,4.4899239369193,8.54385351530705,12.3794685242521,20.795166985012,29.8481774866414,37.1363383098125,50.2959585160001,55.6008721316608,66.9392046615581,30.0109500790303,26.3057973118053,25.9996974524881,25.9022599057057,26.9103153809282,27.9300111110119,22.9883146196063,24.5471635814677,26.6199643902628,-0.18665039961521823,0.2779701412915144,0.028452381915930195,-0.05083358937893143,-0.17164049050388122,-0.10425439214740104,0.056065137055135696,0.11090244711259932,-0.11812249762877469,-0.008225666962721125,-0.09573483751927984,0.0412793689724498,0.10547392817680551,-0.1799774504362865,0.13907381415400114,0.04373717146214826,0.3347188053398476,-0.06727081594900572,-0.48925615330570443,0.119393767618433,0.04451063047967322,0.05686122192120221,-0.12028355126868835,0.15222913502589905,-0.22293755885130664,-0.07322498035188381,0.06963108255190371,0.13250599313014008,0.046398369579897424,0.04990625692927797,0.025294269764040856,-0.05381532609869898,0.013493978519873107,0.10399064144555097,0.15958625550824504,0.05517986803265653,-0.24858399504852854,-0.12416716527278088,-0.0055430454961326635,0.6917295596428867,-0.021734087701761873,-0.07181734477252108,-0.17802812201262783,-0.33024672141284106,-0.11273328585711284,-0.04214365569681909,0.1903855294870722,-0.03146923234087629,-0.11686570294236552,0.3105555555555556,8.181027115317374
62,8.34719781378501,1.79625666183118,-3.06782103828359,-6.02766878740999,-9.02098919621102,-0.56931045318589,18.6336603361633,12.0414580282903,14.8513884001899,11.313640389226,14.1016797753007,18.3200546950263,-6.83506104956927,-9.55022575971362,-5.56616951086625,1.95517346395179,0.695923757274024,3.44853746627199,4.7702585387103,2.57754169881239,-0.493612220899668,-2.80770345539348,-0.0167291436768456,13.381429356083,12.5371510003493,-3.08505827400216,-2.24511500254544,-1.37655489696717,5.947609608063,20.2146889157286,6.64208752479784,4.87760470696216,16.2935611286394,27.7730685925943,28.3171775163183,28.8430864987863,28.1526202242829,32.5876111578205,27.8386084497167,30.0109500790303,61.5496436781609,38.6388053096629,26.6151808252648,15.3010353717808,5.09577023947614,-5.11461908384504,-3.33260266388965,2.46389972875369,11.3803882687371,0.06526163225471276,-0.02634166584430694,-0.028089736020426404,-0.06764337598726104,-0.09657613940656128,0.17084669500621041,-0.37696139094952197,0.36801826671172816,-0.04174145434711027,0.274486632153305,-0.20456495052853366,-0.18598300898159223,0.05617329021760269,0.0008013777500908068,0.12936822756119506,0.019858689072363923,0.07512775629027996,-0.10392999581243641,0.02691812962469675,0.17713682503112,0.01635418474504331,-0.1608792746212964,0.13149485841133715,-0.14737919721009618,-0.027407264287634767,-0.028139147239798296,-0.04803788341538287,-0.03848167398152248,0.332054961830013,-0.1348216491367012,0.19657505451584117,-0.25133300460683566,-0.014981122107169984,-0.018739833901588995,0.03470753848956644,-0.07966500349687114,0.024189894056388717,-0.02701068840349659,-0.1625465217169506,-0.021099368373598538,0.8006369695823154,-0.601506755556031,-0.17928364814575515,-0.0070729625873057434,0.04622260583302755,0.09725854742913415,0.013267895236922166,0.11564941427558344,-0.03057918438745177,0.11333333333333341,7.844720752082952
63,5.6842169888133,-1.92282449946806,-5.3021085170548,-6.14360434687669,-7.01621834968945,-0.759867448661155,10.3888143786086,9.16995132001845,8.23728491032645,4.11340587816595,3.48290205902986,5.69336387831068,-4.46252482395169,-2.97379537642617,3.1442906020508,7.22224323600113,4.05309174346941,3.17877351158129,1.36622452967126,-2.00235064016027,-4.85066813445851,-6.94852954918852,-2.5276244971915,5.38013451178187,5.24087566806875,-0.525860155314498,0.349619761577231,1.28469607588081,6.97537095604731,15.6235055300868,8.62485227880849,8.00633825725374,14.9313173678895,20.9367350780206,21.8172479936548,22.0697463749528,21.0736624786633,24.4672090005929,20.835838940698,26.3057973118053,38.6388053096629,33.2113314648656,26.830413603859,20.9297217091814,16.1717884964076,11.396450177803,9.99474350509849,10.3192407999084,12.5344280139277,-0.03813844076072687,-0.04557457154848592,0.08174246007667874,0.07292138557398889,0.04775958928967861,0.005499210256768052,0.17343320361433998,-0.34818554625100023,0.04638803351209438,-0.005761091678740916,0.27727349409330543,-0.06026160122001818,-0.021638658941869254,-0.029881039844024414,-0.1316199022231177,0.09653752206570286,-0.03299704407002116,-0.13463953467849368,0.1139670574069596,-0.2892311754971848,0.025967747655645874,0.3223102254681266,-0.07583026635940371,0.030489737783233748,0.15828447484573863,-0.032984247248620764,-0.08915649996796145,-0.014588580886099014,-0.19487122059017412,0.013014914426808442,-0.067280469620805,0.15986694258590012,-0.01586382043454395,0.03156623682393173,-0.03382831103544847,-0.1697113757833402,0.2777495727726464,-0.09194721835181129,0.12428183991502993,-0.07235922029441409,-0.6009989470198545,2.3243828200475205,-1.7639842515526083,-0.27850904905190227,0.03460510665161643,0.5253734598823443,-0.13515850747858194,0.02608322402377361,-0.0429219799778892,-0.2892460317460318,5.762059654747219
64,6.72838374228785,0.120038135712881,-3.28506793916374,-3.80181490198034,-4.33123046995055,-1.51741401554596,8.83259455222093,8.09141139435579,6.77695871646684,6.61209216199093,6.38699785044449,6.64543159332024,-0.0521801257551836,1.37415819179507,8.09791335255384,9.25980393544727,5.59456407444797,3.25361204866536,0.361800195246408,-3.57429387329074,-5.87583544613758,-7.46163526479045,-3.21337929692542,2.22338991295723,4.81467977442424,-0.802118761837433,2.04007048173848,4.9577089247493,6.05680468653343,12.9128412948457,12.7182679567991,11.4278362632818,14.3261375376287,17.441182131843,18.4906761117803,18.987798794884,18.1272011823491,20.8895501313928,19.1646542924815,25.9996974524881,26.6151808252648,26.830413603859,26.2436313356042,25.8628015202046,26.6459817938426,27.4168037184193,26.7493983132943,22.7069411734075,19.1701262370181,-0.02633269341797795,-0.06119228896887653,0.11044953074194344,0.05066123669683662,0.07653012040950724,-0.008514260536426324,0.0503552082322756,-0.21381939720076193,0.03418879889197966,-0.13069877795859436,0.08301364127917588,0.010428936018780777,-0.039541000729197896,0.1066971659782666,-0.05254062533541677,-0.10718842662079851,-0.008378686444040433,0.07266726554170029,0.05273029622953564,-0.027199913367963888,0.09110613670994192,0.08446517568923823,-0.29105347624574107,-0.04640432970727681,0.2464772458544561,-0.008336571576805495,-0.0010415329632889909,0.007249709022808112,-0.2220647686913195,-0.11545835417558056,-0.015224971684566864,0.1498162235072302,-0.08742926265716158,-0.12416875343303839,-0.054495771802242784,0.03152665662689851,0.16318469933342075,-0.0021555744796429768,-0.020870878551443657,-0.18336986883154627,-0.1807740697807277,-1.7620581904213115,4.238027095371792,-1.2516047343527041,-0.46388432502376103,-0.08536361743370055,-0.024943524600589507,0.004831119140489574,0.01958826324509066,-1.169980158730159,5.121877715799564
65,7.28838147968909,1.74201482874311,-1.49770428999568,-1.4509664620082,-1.39770256839184,-2.63825130091201,6.669511258119,6.35310835519048,4.58619516717448,8.29207245635523,8.68489802953316,7.2053397189307,4.33026338079206,5.77699367020313,13.4811932322102,11.7602462877378,7.6698970009113,4.01318049708178,-0.101115950718872,-4.77220338232769,-6.66673289747057,-7.87347057241796,-3.95831651897268,-1.05893752021856,4.27430908891122,-1.14342668366332,3.7506091088933,8.7253640758286,5.06271643759626,10.4218157387005,17.4125941571576,15.5603413586066,14.2354094271948,14.366200846345,15.4825836220713,16.125927852288,15.2948016775485,17.3332106907792,17.3927403793107,25.9022599057057,15.3010353717808,20.9297217091814,25.8628015202046,31.0384512667136,37.3198054819177,43.6071182416479,43.5456797690443,35.2027781425558,25.992674498935,0.13611890431260665,-0.3035070203001346,0.10841043628760863,0.03831795571063821,0.07485247149930079,-0.09642252362967399,-0.06491715685721929,0.011631952676710494,0.09620038351439235,-0.061009463617370925,-0.12861258397102338,0.18432925027040123,-0.24930397553090056,0.3588846518174832,-0.21760491624707345,-0.1931606815987094,-0.018483515866362116,0.05235395049342694,0.112631535782642,0.09188718734918429,0.10159483582045614,0.005950212122328924,-0.18388470918364444,-0.026147191863398138,0.04208425338040291,0.006044948190010155,0.031448218900722344,-0.021150148420870214,-0.20312926811629148,-0.1024231835928869,-0.009563131957989334,0.07514325952657765,-0.4375363874306795,-0.05311793731772437,-0.017508138166676877,0.27045159590500245,-0.09675504609024033,-0.0016804847234753435,-0.01180472655223429,-0.33505962406097595,-0.0018699088452488832,-0.2789628371707837,-1.2524099364670218,4.420930410891235,-1.6811440575153338,-0.4759683138504198,0.06752125895877885,0.008723697072746082,0.08274703228265322,-1.9757142857142858,5.570318776040882
66,8.46382689614856,3.76341168574204,0.49089301920791,0.898119244186085,1.32731863118394,-4.10789455363537,5.24019366977922,4.94414749623228,2.35449191665118,9.5753709502399,10.2382815491322,8.07398162556624,10.025881980075,11.7782519318121,18.6174886162182,13.8760464268627,9.14857000830851,4.23111955129847,-1.08097278980201,-6.46695003140918,-7.93599051565256,-8.743835211402,-5.13719519367316,-4.6584459191644,3.48488868169946,-1.72014451350956,5.01111506010837,11.7331793152744,3.83278844376031,8.21875133906958,22.6913695550597,20.1178598666203,14.5063671562795,12.1545383641454,13.7290856728291,14.8874597993474,13.5019421119459,14.5811275175166,16.1822279227858,26.9103153809282,5.09577023947614,16.1717884964076,26.6459817938426,37.3198054819177,49.7828947520819,62.1824763354195,63.3631749556537,50.4551008088541,35.2731669580691,0.05929127578080169,-0.11636195341149891,0.00552845038452541,0.02008079280233163,0.05963147167942661,0.0187800044034578,0.05134161301132039,-0.004676169719156965,-0.012416111968445357,-0.016530126729579063,-0.026365771714900923,0.08659471551670722,-0.09283673253573961,0.039954677890531705,0.00020205552911043838,-0.0946740465908163,-0.085274845691105,0.019164104044873276,0.03701457643652773,0.04035717303044658,0.032996242656901015,-0.01896408564456195,-0.03403834103540386,0.03565224261983557,0.013364438314222574,0.009156979812142321,0.0037995640455509403,-0.00663785108734422,-0.054305683647117436,-0.06739914439777103,0.04352420248212573,-0.07858611316671847,-0.10831682668058813,-0.0037762433698839,0.016253726511023057,0.1062928128239485,-0.02917558730408552,0.010548835357281797,-0.04621808465942083,-0.11574465376594308,0.04539059346815521,0.03111652247580896,-0.4673236893893546,-1.6788831767635854,4.827061693219756,-2.188562978136876,-0.26196818963930657,-0.06625245188088724,-0.007090762300183679,-2.815892857142857,7.054990769099692
68,9.59835886734494,5.76670719158754,2.47155913431663,3.26019795190268,4.08611683753082,-5.55592034637532,3.77040105851561,3.51552155631695,0.105325906710943,10.8550465346882,11.7917488535276,8.93800222803431,15.7214916694457,17.7504188590036,23.7329145444068,15.9548870789259,10.612350204233,4.43825195192943,-2.07366626321445,-8.17901027741251,-9.22060532301858,-9.6259891794472,-6.32364811249025,-8.25437012694333,2.7139121949478,-2.29362794002752,6.27478430702863,14.7469534222499,2.60220806465447,6.0206225028902,27.9726005940693,24.6835996275482,14.8090846237677,9.97538057593116,11.9993570792914,13.6637564424886,11.7271598253298,11.8326780645778,14.9753685470641,27.9300111110119,-5.11461908384504,11.396450177803,27.4168037184193,43.6071182416479,62.1824763354195,80.7542697190945,83.1705995642176,65.6922285339571,44.5276866983667,0.11788894731370919,-0.1663121814061679,-0.09207605591132824,0.008656350471164361,0.13595424060301897,0.1400225297487175,0.23186890340832705,-0.021935456300099358,-0.13139539317439689,0.030242680136062683,0.017930182223560874,0.12134494457974473,-0.09889874173033925,-0.17596912797287598,0.19810018534683532,-0.07052676770037969,-0.27071890211658617,0.06342204892621899,0.0287435105363781,0.06017018380540617,0.02009320543750691,-0.018246347142010802,0.05813389651374741,0.15424355048645158,-0.019197688072576404,0.0086956750285653,0.00026626567076935674,0.03629950309065627,0.01433864200220976,-0.1378824075784686,0.20029319131187504,-0.3380400636210014,0.011550438519607175,0.04012547507104314,0.04844656110813978,0.17159045844551984,-0.005559380743443065,0.04134763932720504,-0.13868629531238777,-0.04444517289413579,0.09613944396204505,0.5181902515848901,-0.08725532323982348,-0.4757026234158478,-2.1863717447175204,3.0975161239552316,-0.8589725213524825,-0.14767153702033092,-0.10337220103377226,-3.6594047619047614,8.985781530790439
69,8.64182796140299,8.17546202171968,4.54604743501883,5.898684881164,7.29640392625949,-5.46629212005851,8.370457076418,3.70666837923462,-0.865409788633297,11.8950307706993,11.6532258949402,10.3761522570254,11.7632976842563,12.3052728031414,19.0357300980924,6.98576311799303,1.55523824059804,-4.38968689060695,-10.4257360449362,-15.3083645192128,-13.5892757842786,-11.189473308175,-6.47778067853503,-6.40380390998983,5.48642179879449,-5.1198093336062,5.68380180808551,16.3261355160645,2.194134621155,7.2633237608617,31.193946946495,24.3149222120435,14.6283202805177,10.0708107111171,11.6165395065847,13.0130412056865,9.42445700374285,7.55334824247429,10.4382214198413,22.9883146196063,-3.33260266388965,9.99474350509849,26.7493983132943,43.5456797690443,63.3631749556537,83.1705995642176,92.5356026455841,73.5927419812158,49.9620150463886,-0.20290565230660004,0.1999023178671749,0.14114096517467983,-0.019439090096119802,-0.24912124084863144,-0.028504477824691708,-0.16567642294990653,-0.046848494858543456,0.06818971276993867,-0.04818282493648859,-0.01664699504927224,-0.12663389870220598,0.007068823681475485,0.09635620213685628,-0.04143575764838385,0.3014010619766412,-0.14263781458161232,-0.041649846827641133,0.15643115747559927,0.03206315520918823,0.005027716776846002,-0.08820599577416197,-0.10267399092967393,0.051940442793250725,-0.17071921636121726,0.02874167059020377,0.0009157889527065555,-0.01830742714293881,0.03675466519237257,0.13185647220011068,-0.013845555864004324,-0.2379850839104564,0.2712085393372267,0.14280764278029542,0.09109858617019106,-0.5164688068891224,0.005736720460200161,0.1814732219159702,0.08456274002613771,0.1901389298445443,0.014849396011765971,-0.12724734278977204,-0.022249580495353423,0.06804605881657676,-0.25852769509505247,-0.8608615550655414,1.8075287822505606,-1.1566728658177776,0.2814441604521516,-3.6712500000000006,9.619022956911168
70,5.27714465502405,6.04902962316828,4.69530132318185,4.39758483604131,4.13562201073236,-1.34872781103554,8.9444756798117,2.52866584171973,-2.7934051403573,8.8732607260252,9.28254622115869,9.4477237733403,8.70278230284665,12.6050227762505,16.0332072516381,7.64540471586095,2.72363982798732,-0.491808789009831,-3.9537072762527,-7.5554912182742,-6.60542295580523,-5.6205328362721,-5.27352104954439,-2.28441689477583,4.75896354665593,-3.24583999708415,2.40229527705469,7.97571481161016,1.99189006808616,9.36755515569414,26.8579622531253,19.0028418657291,15.1297486701246,16.2843195026837,18.2706285908555,19.9896473641871,16.497010085752,15.5149185510476,16.2134207669797,24.5471635814677,2.46389972875369,10.3192407999084,22.7069411734075,35.2027781425558,50.4551008088541,65.6922285339571,73.5927419812158,65.3929574960252,52.6150305552298,-0.07407774581017484,0.03989896022994373,0.21753127054749125,-0.015168233060591335,-0.22533923782047696,0.017102030611879367,-0.2091802012531488,0.01976875262620339,0.1658047154399532,-0.1257595867990798,0.03592780121285363,-0.03272973338289623,0.014916535308627906,0.052422151954034324,-0.05489046542866374,-0.06976038624998819,0.27066935239537837,0.025188537751599897,-0.24595887083961304,0.03731621169543358,0.010468610230544967,-0.03790684672690996,0.1620938506502801,-0.24611571893031567,0.19769771657318497,-0.09389236234302774,-0.06665894359518626,-0.10142002757014523,0.2100730297965584,0.192200536554486,-0.24206943298685857,0.21683195817594017,-0.0011668491747587354,-0.039604263100921466,-0.1787378785675739,-0.1392647158853347,0.017342498155291784,0.14406143913896757,-0.06495193318566464,-0.031238652903943585,0.1187137270303994,0.02647572528543499,0.011326476076748986,0.009172479426753042,-0.06525211277584321,-0.14753347014861942,-1.1521476306790397,2.608793242327194,-1.1502831241156437,-0.7477777777777778,8.085972884942493
71,3.38596491719814,4.5596175948908,4.48641763334937,1.32340719861006,-1.82513027886833,1.64817373437073,10.9812507222426,3.57016302093578,-1.83547577058023,6.17904511162281,6.90018693822317,7.77508157383562,2.89793557958104,9.60824370389542,11.3549396408237,8.11069567980122,4.1812100617193,3.90031527517337,3.18299640869758,0.771328078539297,0.730473624721479,0.0750047590108537,-3.89281802034532,3.20414382457527,5.71643455428246,-1.37131765830175,-0.580555822309007,0.218942268103138,3.12344928588385,12.0463415267141,19.0633118528348,12.0174253702928,14.0537908118089,21.1110344981843,24.3447404016727,27.0880990526608,24.6192166097945,25.3861484818921,22.9224201645465,26.6199643902628,11.3803882687371,12.5344280139277,19.1701262370181,25.992674498935,35.2731669580691,44.5276866983667,49.9620150463886,52.6150305552298,52.8257800278397,0.2782325688047236,-0.022118907178263536,-0.5425250425414108,-0.056040246368595226,0.39870722928762564,0.07069397688191507,-0.07594381889086972,0.13552640781520245,0.1325828175750104,0.027171919193963383,0.06334315951741876,0.011791646940373674,0.2554514974223637,-0.3026869814093144,0.018402804935339988,-0.032229126714928474,0.061167723313259925,0.025491780708088448,0.08858522400212267,-0.06706810336782047,-0.18944463739172376,-0.06625260692644598,0.1901649832795428,-0.06576879640725444,-0.08517746746362853,0.15249210578181285,-0.06197868701768664,-0.17266967635828676,-0.013082565650272795,-0.06816924213503679,-0.004980554882828005,0.2848922102065764,-0.005008145812402059,-0.0933146393325406,-0.07614996275780786,-0.0008416067848007104,0.14003684887272352,-0.32223827358381446,0.07657999709260264,-0.12065270863126878,-0.033913849501487243,-0.0517097620251,0.018636632998580028,0.07668768573945424,-0.00829949139442802,-0.10316019789934457,0.27865262548110104,-1.1521060329291961,1.2776960276851088,1.7668849206349206,7.267446596146385
