,Cov_0,Cov_1,Cov_2,Cov_3,Cov_4,Cov_5,Cov_6,Cov_7,Cov_8,Cov_9,Cov_35,Cov_36,Cov_37,Cov_38,Cov_39,Cov_40,Cov_41,Cov_42,Cov_43,Cov_44,Cov_45,Cov_47,Cov_48,Cov_49,Cov_50,Cov_52,Cov_53,Cov_54,Cov_55,Cov_56,Cov_59,Cov_60,Cov_61,Cov_62,Cov_63,Cov_64,Cov_65,Cov_66,Cov_67,Cov_68,Cov_69,Cov_70,Cov_71,C_0,C_1,C_2,C_3,C_4,C_5,C_6,C_7,C_8,C_9,C_35,C_36,C_37,C_38,C_39,C_40,C_41,C_42,C_43,C_44,C_45,C_47,C_48,C_49,C_50,C_52,C_53,C_54,C_55,C_56,C_59,C_60,C_61,C_62,C_63,C_64,C_65,C_66,C_67,C_68,C_69,C_70,C_71,Mean,Std
0,85.9365349707358,80.4734225487744,114.660333779283,208.090402063311,180.687691660151,152.817785190103,123.384037568882,93.8024778863189,64.6664269677971,38.4886823713755,13.963541437603,0.662329859586879,0.0785872518799113,0.631990054591098,1.38411598407343,1.48402505801064,-3.66682545967832,-8.87140169795804,-11.4816329132853,-14.3430920911869,-17.1751006939841,-10.0831569829597,-2.97583170423482,-0.0468013004446366,5.1121284228664,10.3285326005069,14.6880561282696,7.44698064660849,0.168472949263858,1.31453624368488,3.8287383945019,4.55664456846273,5.18643387584519,6.72917155947091,8.10521284760787,9.30496116192991,10.5537561112299,11.1071811574293,19.3354598218615,10.0807243715648,0.908130755411781,-5.54776156951716,-3.74944201205097,1.5426120551342142,-0.8264175936970978,0.06782579045364669,-0.26811822325370566,-0.031891216926569536,-0.021445711473173458,-0.10978713498207726,0.051843775219989646,0.239838026659192,-0.14406653699888625,-0.2500686641868958,0.12185190618147274,-0.14880363693648818,0.178592075784318,0.006939210770034869,-0.1732887494325934,-0.049887539114575934,-0.02449786930922309,-0.03522043718789141,-0.005187435979119863,0.06347300719032219,0.009809869300976867,-0.06958215750004662,-0.09624592003805321,-0.050454646429473046,-0.014431481305711358,-0.02977815128199833,-0.008096152702900561,0.04333216503148536,0.1433640590740648,-0.043317816027275684,-0.025189621351132025,-0.04286805991312338,-0.007599271326029495,-0.09210716056199922,-0.005371675058099527,0.07972500503054078,0.024869556460887583,-0.06551795240014799,-0.115635745867783,0.1820672758319561,-0.07563895014252428,0.03028878564980184,-0.7600529100529102,9.269656680305687
1,80.4734225487744,85.7505124600713,135.975912506398,172.555203494816,150.28671009616,128.158615162571,104.878088432539,81.6693193149039,58.941703273982,35.7918638852088,17.4012909758059,2.43173315131552,1.06914425868317,1.13666980236137,1.5411180968162,1.41176213934251,-4.55220395439154,-10.5453038604066,-12.4072739220076,-14.5539946262716,-16.737628696975,-9.25935368415587,-1.78852834286746,1.32464176937682,7.08751178753713,12.879779442629,17.9450187649597,9.22547208233491,0.401591748070086,1.4508065053495,3.86365850051825,4.5545525916066,5.2001398822261,7.02654149403347,9.02931598803844,10.9353991872842,12.8634448842923,13.8291306162742,18.1951787537633,9.06486680954095,0.319006956148975,-7.02463613322716,-3.87686528737842,-0.8267904095370522,1.4548445535903396,-0.47006332806032586,-0.3438739703355074,0.3590865017983965,0.03990819396386719,0.1513613794672954,0.017731381893395036,-0.28235957188337624,0.1038931505225837,0.1366365054125752,-0.24188671738705772,0.008699385776289741,0.018488533793804753,0.0010558867728780242,-0.03157360873556798,-0.007007279849832289,0.0016658727208934449,-0.005206529088461331,-0.013291150173481486,-0.017860399622000124,0.04271206736686747,0.2150216942108525,-0.15917286811701914,-0.08477207280178929,0.01538142982092399,0.15522286510495173,0.057032012915402955,0.00441397233099519,0.004030395999264424,-0.09845105937845045,0.01819986678259126,0.13055212847234193,0.07606964779434403,0.002982059634931625,-0.042437617816041995,-0.047813695802721476,0.024576377636811857,0.0972118852551779,0.02518651367580496,-0.14351572643183708,0.04424121344327932,0.019860698061332373,-0.5116931216931219,9.259617295551221
2,114.660333779283,135.975912506398,243.799123926848,218.079351176984,195.222023286511,171.474472282896,145.369738808662,118.813270750601,92.5718824554042,63.6271830262892,31.7452170395274,4.75107292338442,2.38006765971171,2.48766492554624,2.74429611249622,2.01318207490568,-7.98476761731481,-18.0293997220261,-16.2402111968577,-14.842025300817,-13.3997684083668,-6.57936338997367,0.264244583459864,4.42445573945349,14.4584119469174,24.5888366494159,33.3730379783123,16.9089309107507,0.608372008989234,2.55364634712066,6.01872246758623,7.2458892257699,8.40607850226212,11.7084111940033,16.0125166412391,20.1107158639503,24.2241458845755,26.6058781352848,29.1648506401833,14.3817568505038,-0.113570971413101,-12.6050352579101,-7.44223849127522,0.06734556663888522,-0.47015922787527115,0.31722304482262625,0.2036945051142027,-0.1696653083687094,-0.024544063862785334,-0.030548038611401675,-0.013058412206521383,0.04873656633189035,-0.027702217015283515,-0.17817285995329984,0.16435372033533027,0.040553175413532774,-0.04275574527278937,0.015506103363504489,0.023309040221215882,0.003973146239869719,-0.018062222354758777,0.0655913425690844,0.017270378000262238,-0.016332692371541738,-0.028752325164892307,-0.09624815288099273,0.07661151397820956,0.05285580739258423,0.028704869273960164,-0.14774990356161208,-0.061067064016153486,0.024990474727374576,-0.06373445072701796,0.05802289964532488,0.0006831179666526477,-0.05646790754029521,-0.05851774536562544,-0.013793335386619825,-0.009280635098961466,0.0005914837211480382,-0.006083837575143746,-0.029448795022628222,-0.03771122084210733,0.07785720107878409,0.05303932440007819,-0.059977683024056046,-0.31879629629629597,15.6137479141572
3,208.090402063311,172.555203494816,218.079351176984,585.183281512903,514.253040906405,439.183272150475,359.286373084425,277.97056784558,197.136397680963,113.156196510482,20.1572212344286,-3.53552958113907,-2.82846607659595,1.10359385959618,3.45067212247038,3.81566280091398,-7.03128143849702,-18.0858638230996,-19.793366112008,-22.0139768642613,-23.929286164063,-17.8098717074359,-11.6152847196144,-5.20598950370871,7.09521050359963,19.6794339178071,28.6223479972988,15.1042742806226,2.15924710612335,5.83556021208069,11.9831336857771,12.6144936330712,12.9582756134908,15.6015716498329,17.2555027444376,18.5794751508412,19.984045187018,18.1044644573845,40.1506638910459,18.4775627128451,-1.8260096514859,-12.6480829919789,-9.79724959097359,-0.269950052100644,-0.3445909675725508,0.20334923486218306,1.1591034412884553,-1.2663794776334738,0.05013875222217028,-0.03623589758964967,0.122721668887612,0.09258445715364629,-0.04024885649763682,0.05158470917878106,0.009840890823163051,0.09057650362910578,-0.11941162055303674,0.03673899623997094,0.10790406103219617,0.0025215450156469213,-0.07263893263758565,-0.0258224731561436,0.014848486364215074,0.03430196129846349,0.05437852278302851,0.07184365952513207,0.06743172296848918,-0.020950009196485674,-0.1102760886721182,0.051289545144939455,-0.01144805136552939,-0.020517758365298962,-0.10336866947497392,0.11426664414707094,0.003710587830411416,-0.11718206558506498,-0.044401702977853265,0.05806788902664759,0.02363358722841637,-0.02575160251156628,-0.08343788404532039,-0.0036459508991213705,0.15495080002202477,-0.13647560415009247,0.08924034938289666,-0.05661583230785819,2.4879629629629627,24.190355134079844
4,180.687691660151,150.28671009616,195.222023286511,514.253040906405,456.353860817347,393.630056783431,325.778318741165,256.118100665617,186.579513493037,110.697876572349,17.0932031379872,-3.73397520362546,-2.74739459677747,1.25899478370847,3.2358398093243,3.14133818677682,-6.90611179847958,-17.1392863016557,-15.0046547205722,-13.2742596103702,-11.2020631465072,-10.6003225515749,-9.91988175243558,-4.54691440541367,6.48531457802497,17.7916396382938,25.786425279508,13.508542835504,1.96027922720749,5.57889347244095,11.5645108625344,11.6007696349766,11.3706986880667,13.3532176333846,14.6945662216594,15.6156812844578,16.5937325657875,14.3547417289537,32.0989056143299,12.7041363989211,-6.09935969827378,-14.8345559590841,-12.4184709832867,-0.0295997436166041,0.3597860142700552,-0.17025533014437705,-1.2610061359866775,2.327842901665485,-0.9106159589019458,-0.13671663394004077,-0.0789747904656594,0.013608367044303165,0.05409680965067084,0.08168299680427289,-0.11535604013827837,0.004785928341497092,-0.014910865424743226,-0.0017464040859787458,0.003905516191384928,0.0049546867430872235,0.0364147032332861,0.01169178893256269,-0.0039053897702485164,-0.04376157150220158,-0.035867827316728274,-0.03188182300288734,-0.06403218671422099,0.08233641964238043,0.2713817032360569,-0.2423500004497919,-0.1079635356886823,-0.014655573113234892,0.04243172903387939,0.016753584805601213,0.0059546417180317834,0.0018312663880427223,-0.0023718062891422034,0.009938888798763541,0.018271212573119887,0.04696269322122657,0.08229944526978406,-0.04499770234162839,-0.12341575303024455,0.20805310156399245,-0.17660574845519525,0.0541901104953551,1.2042460317460315,21.36220636585433
5,152.817785190103,128.158615162571,171.474472282896,439.183272150475,393.630056783431,344.282248261129,289.055895796818,231.606697157446,173.948211917579,107.199538900464,14.4428452660621,-3.63805248589176,-2.28545014924597,1.04123095487932,2.77585942265556,2.22725215719976,-7.10472217673297,-16.6073442022519,-11.1120643603637,-6.09353630303517,-0.771239372145554,-4.60643099670714,-8.36225050815729,-3.98441489516451,5.76802812058977,15.7535191413668,22.3987146067789,11.4744366183101,1.59175353313059,5.22293819565128,11.1688168954848,11.4212540564051,11.4314008540394,13.59327275103,15.3484521101678,16.5907660535928,17.9005519482763,16.2247269274996,30.0520824847526,13.9651360090826,-1.83817796645715,-11.1735498362589,-10.581542615698,-0.022027132674736133,0.03449024807602502,-0.02183857792198501,0.05304259034515732,-0.917789509507551,1.5639578935460903,-0.45543219393695755,-0.2256161913410903,-0.06824738250345581,0.00876225242753716,0.037974774006883684,0.015305501542499536,-0.036144585282864766,0.17171860591370153,-0.029541103536042175,-0.034634652557008906,-0.03025467817687702,-0.07630215426504186,0.025510076047146935,-0.0039516268262609865,0.054845854949221645,-0.03773239548874949,-0.16711227517097865,0.0030216664480775526,-0.01699395302371956,-0.12976196862450762,0.25870077193468777,0.01025588800151846,-0.08398708088739196,0.293029377029539,-0.16277422249080323,0.015812065107083356,0.1955384840161715,0.028770136784212922,-0.04795074070430263,-0.017525855362877183,-0.016104256374041975,0.023393617840222,-0.1152083602772853,0.010248904954725309,-0.054838311380347886,0.19291500911333045,-0.0726788300905592,0.5461243386243386,18.55457486069483
6,123.384037568882,104.878088432539,145.369738808662,359.286373084425,325.778318741165,289.055895796818,248.58719690044,203.984154326692,158.973659625032,102.383987038446,11.828841348416,-3.12858185949313,-1.03854379804706,1.50835065193491,2.81569137756094,2.17253521852147,-5.97324995501334,-14.2808244551891,-5.30343612040907,3.1449914283906,11.8220812884786,1.96638157456982,-7.83223325224757,-3.97194805530365,4.71143842555764,13.5991772934331,19.0267187680332,9.92801718333389,2.1692524782363,6.02598045249319,11.3597211125414,11.8194356594385,12.0645954929451,13.8282471247519,15.5524489302207,16.7978827787667,18.1014574229262,16.5136368210887,26.0398876292263,13.7153634380329,1.83673525384533,-6.5057869034631,-7.18090807890212,-0.11021297438588859,0.1550356714781067,-0.03189769876446112,-0.03943178857235897,-0.13661577863011584,-0.4546497661507582,1.656251488896573,-1.1004355101972103,0.07120791933271935,0.05308816249362471,-0.2042500362335114,0.2212516256727158,-0.052016925183919205,-0.0733093956329941,-0.014884372355836131,-0.020100390003678026,0.003912564616105896,0.06806282604203281,0.007822765059542198,0.004026783111886571,-0.020068778810570082,0.02044818183012217,0.108331304224645,-0.04774069938143643,-0.04153529041303839,-0.0399843324846181,0.007167763773209675,0.23253784615222362,0.08139456293232328,-0.33716313921397534,0.0051335981919633025,-0.004309888654854663,-0.012108420171145226,-0.0024382710609659854,-0.05459721431414994,-0.06159180221927066,-0.018642696670164497,0.11236957861400859,0.05259561146793771,-0.12112622654622365,0.04364115381676159,0.009724169442746016,-0.007902556281802357,0.3848809523809518,15.766331117303086
7,93.8024778863189,81.6693193149039,118.813270750601,277.97056784558,256.118100665617,231.606697157446,203.984154326692,173.134853950914,141.580858577023,96.1404742105157,8.91013608280808,-2.24742194651121,-0.328452155775415,1.63622665452421,2.64116205262648,1.97644807205877,-4.77677243635782,-11.6789392598511,0.708115411003002,12.4963407820097,24.4706780169008,8.90471811115325,-6.61314104097533,-3.34750517153371,4.53667160789342,12.5822341545346,16.9583055000229,9.23630185577435,2.57332525226622,5.88497991369606,10.5727149748737,11.1761473214397,11.5973742319458,13.287011933771,15.3874979888898,17.0463379192299,18.7674456125485,17.5477445274778,23.1294980294955,13.8057246534504,5.31287803262231,-2.21965442629502,-4.35040105511505,0.055147647220251374,0.018368047608019727,-0.013557423919465343,0.12411641859173313,-0.07173735197651145,-0.2259321594949094,-1.1020864806692294,2.4339632453088633,-1.059682134883846,-0.10524490315727461,-0.007910543215544227,0.012869127924368935,0.005972452251661587,-0.029110273839233387,-0.01665644507243417,-0.023092175560026372,-0.015035644203671254,-0.10789898087345794,-0.017785985260139612,0.02307938973648851,0.04513597215708949,0.018685764767896143,0.03401531334774952,0.01815506086985807,0.0042191412689661836,0.02433759199380729,-0.1435781851635924,0.0019194654028462177,0.11769399695898049,-0.013744367365833435,0.023839835469315618,0.0002610156366826484,0.023445628225992356,-0.0020184363330186857,-0.020324202851764835,-0.0278061258233694,-0.10567217203929505,0.03954297349305628,0.17484125160110606,-0.0019469878674242818,-0.083258974355389,-0.029326134293412923,0.04646170429949013,0.37363756613756666,13.157691816991083
8,64.6664269677971,58.941703273982,92.5718824554042,197.136397680963,186.579513493037,173.948211917579,158.973659625032,141.580858577023,123.925074974189,89.882036108777,6.11832513844841,-1.12812126116232,0.567856606203129,1.84644291784963,2.4404585984026,1.709780986214,-3.50140841626371,-8.85982937141828,7.12425134837592,22.4339478766415,37.8986788865599,16.4328974223874,-4.98841095020974,-2.24535822764334,4.60102993777081,11.5667022937868,14.8325285057001,8.70916558944152,3.3292671411954,6.10507550962915,10.0910789242607,10.8808289398612,11.5138325857478,13.0982281192932,15.4373755087432,17.3699542546428,19.3770392101042,18.9374395825013,20.9895712736108,14.7156734706987,9.6028104582148,2.5788960724598,-1.13062278613748,0.23586892248217253,-0.2807849050953271,0.047598977319994046,0.08774482916486746,0.01395609404228013,-0.07151466480321152,0.07160166048783513,-1.0600681616744498,1.2173328328859023,-0.10386196363884953,0.18832365403061027,-0.13325031005612614,0.04992479366051944,-0.005603129913576231,0.005768608450441093,-0.005492688531619584,0.08556665299056929,0.25732907923886184,-0.06039723691110141,-0.028538165068025163,-0.09229924200140777,-0.029616282032037526,-0.013132601342490894,0.09734099649449596,0.015518218779228128,-0.004420195460426942,-0.0032872197847047977,-0.1959275671612924,-0.05377391017749697,0.014159238134152301,-0.029249676010622422,-0.06251901797725865,-0.14005657670931337,0.0013395438521580615,0.10613418673375571,0.07175805004069384,0.11266058672890174,-0.3096484487033128,0.027986018685012767,0.1027923670932325,0.01276205734571682,-0.10454953495629926,0.055404248275987666,0.2235052910052911,11.131714826305483
9,38.4886823713755,35.7918638852088,63.6271830262892,113.156196510482,110.697876572349,107.199538900464,102.383987038446,96.1404742105157,89.882036108777,91.1364213641715,6.15420828632812,-1.30939925746069,1.23059543021102,1.71513442260106,1.99883288696938,1.49249431222753,-0.963354652031985,-3.52538547838114,15.9921863056086,34.9150639474939,53.9402986026236,24.6976263792321,-4.49503498297976,-2.89492501848001,1.00447999711384,5.00115238666574,7.08202956575837,4.53028018932347,2.33812743464847,4.24295283502276,7.07543243218287,8.05265014953574,8.93742666316103,10.3403185872674,12.209793546952,13.6709273694434,15.1539144618194,15.4248229577137,20.9579761663091,17.3837730193462,14.986753284517,6.80328802396664,1.21445832119448,-0.14690232757128358,0.10630182816123959,-0.029071331411199407,-0.0425356210916173,0.05404817637825477,0.009956090907180777,0.05401054730511664,-0.10472184785189347,-0.10537999365172239,0.4479512044541418,-0.21944568514166007,0.09686349300104652,0.08339362581826168,0.03316879999540594,-0.0649176182524308,-0.07906892214636117,0.09564201079593829,0.3469607426669535,0.15572750132335153,-0.04074713942541404,-0.2693383943375097,-0.05020327406280069,0.11841067141519401,0.1452426455717884,0.03375925583048875,-0.07726521491554311,0.12982859079131887,-0.0008112380422220085,-0.10381139342024141,0.07454045666151804,-0.022767512299836933,-0.019077081259213976,0.012309205945693425,0.04214347364771085,-0.0032549767298834537,0.02098105266479962,-0.045479045018277806,0.19951671134310117,-0.16041037648741985,0.031889690119755815,-0.044063169004963126,-0.04969410042859273,0.037001225764346404,-0.5766269841269842,9.546015994338763
35,13.963541437603,17.4012909758059,31.7452170395274,20.1572212344286,17.0932031379872,14.4428452660621,11.828841348416,8.91013608280808,6.11832513844841,6.15420828632812,6.57816041925497,1.99220106500286,1.28239624437666,0.524859204699278,0.312307831771447,-0.101541138807948,-1.52028255707936,-2.94894082505199,-3.67348198967335,-4.79786087103963,-5.94964222966952,-2.95301304290151,0.0429935913495874,0.408957062245642,1.3882094836332,2.35625274336704,3.61601291778456,2.07719884046347,0.464527742775448,0.393906854288817,0.852027083728721,1.15041483370153,1.44195671742742,2.10850855356731,2.771791694937,3.53852906139968,4.33517148577272,5.39992864943408,6.52757135078538,5.14494263048386,3.97604659194054,1.01333541188073,1.39787489715452,-0.24879821381056572,0.13403236408450334,-0.17722976052270906,0.053977091185420434,0.07889457291933168,0.03765457552062555,-0.20769942457610088,-0.008939348056592617,0.18930891943326578,-0.21972291615742337,1.3556200939422611,-0.5826216030152069,-0.15254820146589526,-0.07593262984408528,0.03934910112076656,0.21962014402377864,0.015043090677682192,-0.10039978808128576,-0.4107414074182519,-0.011409460303644266,0.2868648341311639,0.04235510246224283,-0.11916793024325718,-0.0021779186270462205,0.0016204964346733714,-0.00475687473237611,0.06041037130260143,0.06793176208959674,-0.05377160015748266,0.0023258539142067577,0.05928177700578416,-0.009857301645197459,-0.09784845721575679,0.07632077190465916,0.24170504040543303,0.06550187347637856,-0.0028853766241110986,-0.27752516117067727,0.05308029816449864,0.13321830010733784,-0.10914421185694931,0.04953660128482537,-0.0063485436759018335,-1.9809259259259262,2.562842254071634
36,0.662329859586879,2.43173315131552,4.75107292338442,-3.53552958113907,-3.73397520362546,-3.63805248589176,-3.12858185949313,-2.24742194651121,-1.12812126116232,-1.30939925746069,1.99220106500286,2.56597698054317,1.88897822044142,0.9268637575118,0.582939990362283,0.270873119441341,-0.344223991967179,-0.983831460484119,-1.50560922046731,-2.20809214686293,-2.92438672410729,-1.36886476399679,0.187135603795373,0.506026436918644,1.05410511696664,1.58368686958234,2.19197328438968,2.08188435516049,1.52462296826727,0.957563503311073,0.940804160117296,1.23526611879662,1.5101095334216,2.12480357808761,2.74183131486412,3.33644628929359,3.97438339745161,4.87135567928704,5.32334917430468,5.48059712155613,6.16330642453732,3.94377449198045,3.03340633065733,0.11993460364018331,-0.24008454761893802,0.16430897541225192,0.009954032720676418,-0.1164819807861064,0.015646269659939722,0.22239752399453036,0.012127350213660815,-0.13416403733787302,0.09835559166693364,-0.5859371591504597,2.03209246180587,-0.29986971066778567,-0.29832193803405943,-0.054840484869323095,0.09201791208704416,0.06190973153404207,0.17939882390758963,-0.09050619102841471,-0.01302181490423601,-0.008573421910240036,0.02192431535701312,0.04264125945668319,-0.03254450946094789,0.07643902350011367,0.38677681709933054,-0.25939463109349153,-0.5861889805181822,-0.16781520175739398,0.22846432025838131,-0.37013385439863244,-0.08943852999545225,0.04858783009652939,-0.019365738436867473,0.007292397570595648,5.365891190929722e-05,-0.04255452956840561,-0.12224997352728986,-0.017610942281393958,-0.14301589823462818,0.12886178135497695,0.11565141264735826,-0.039784973124253845,-1.4840079365079366,1.5987423121138613
37,0.0785872518799113,1.06914425868317,2.38006765971171,-2.82846607659595,-2.74739459677747,-2.28545014924597,-1.03854379804706,-0.328452155775415,0.567856606203129,1.23059543021102,1.28239624437666,1.88897822044142,2.88154022988506,1.60527971054554,1.25804155678803,1.22510736127859,0.839747098269635,0.432133085384178,0.816594579846616,1.2213225220319,1.63149278531717,0.723487921180746,-0.178264967689628,0.231105274185123,0.4030195749321,0.572677511788995,0.996591821677427,1.3736074970558,1.66981541463832,1.66693668892542,1.2329135448929,1.91589372270014,2.55374447171739,3.36025064676709,4.06577628081621,4.64187639229715,5.25936504709174,5.85225263783524,6.91288162618503,7.19993854856287,8.97904404252404,6.77485613130851,5.46335240807772,-0.1501015130653897,0.005474120082358789,0.042297854435960174,0.09431612326389671,0.006992329267699763,-0.03609029055578647,-0.052666318116045,0.003401087074663783,0.048801191606332735,0.08247414026290453,-0.14949650939725267,-0.3009519414399765,1.6526679593707931,-0.7378302452228667,-0.17920616442962947,-0.010633941551597054,0.14779515050558678,0.10436742120039146,0.14846261071865618,-0.17848318065125657,-0.05413170397785693,0.05860939237910341,0.24673620074669164,-0.12665282421216847,-0.043212612035359976,0.05507474269808981,0.05322505645451362,-0.05111955170500826,-0.05157807048643334,-0.14451309324860903,-0.06530039679945461,-0.02980848902774011,-0.035091490631131636,-0.02728516853691533,-0.1687073890083952,-0.10254332487665505,-0.1457816917333394,0.33828111913071396,-0.16812894925297958,0.029207494406305306,-0.003594706026342737,0.0490746550772911,-0.053091829921501695,-1.5466666666666669,1.694561958113381
38,0.631990054591098,1.13666980236137,2.48766492554624,1.10359385959618,1.25899478370847,1.04123095487932,1.50835065193491,1.63622665452421,1.84644291784963,1.71513442260106,0.524859204699278,0.9268637575118,1.60527971054554,2.06713569604087,1.82605168887147,2.13587918978523,1.5902827855665,1.00085505985455,1.52118703914643,2.2843542418177,3.22698114847301,1.50512170919661,-0.204174781874934,0.10320188615787,0.539321328471936,0.984431086762422,1.53634783547462,1.42988199941177,1.3322418826776,1.38030049664484,0.597088207555841,0.111643402947122,-0.427814642604961,-0.681017405799985,-0.98035466088329,-1.38197422702307,-1.74400196744603,-1.88587274556086,-1.49530738701724,-2.64818738072886,-2.29667416642232,-2.15967220039172,-0.930545751184954,0.1845143866556386,0.019221185214669482,-0.043778620266536616,-0.12574703517616023,-0.014901843002627806,0.17124579725742123,-0.07573721155076128,-0.012600731409484292,-0.0042985957295526,0.031464586682466184,-0.07932570624914718,-0.3027726486902622,-0.7366635469714691,2.817440120180347,-1.3275338927597702,-0.19195614976560332,-0.08825492212167398,0.024198520819334855,0.12015664771309836,0.3666639123070614,-0.29457221399853234,-0.1330995342655817,-0.03089212517739822,-0.023423892897442726,0.003001302498281776,0.043555116007783015,-0.028630346764375952,0.026723887814144216,0.00524624562007846,-0.12035268932636375,0.2083001796738335,0.02438172289579389,-0.06001713324208692,-0.01413885622485132,-0.0169153945123226,0.045921745405518,0.14053758009018244,0.04435888298182298,-0.043384460365954745,0.043053004909952425,-0.0281200677666528,0.02033226678199622,-0.02026328317043398,-1.8394444444444444,1.4342718347791914
39,1.38411598407343,1.5411180968162,2.74429611249622,3.45067212247038,3.2358398093243,2.77585942265556,2.81569137756094,2.64116205262648,2.4404585984026,1.99883288696938,0.312307831771447,0.582939990362283,1.25804155678803,1.82605168887147,1.99496040868455,2.73876095823832,2.31849772711514,1.83488975930829,2.33028049293303,3.03775491122551,3.90804568373274,1.66421809864683,-0.556663903187822,-0.300244016455953,0.490376231399308,1.28838348951707,1.84365404114885,1.43963198660235,1.16626230715982,1.29267500363615,0.269322464886009,-0.0243234666366866,-0.390743962891845,-0.372271607993803,-0.268782791576403,-0.2418491445996,-0.149986667038601,-0.0437699867887249,0.641918988616152,-0.600606542944841,-0.180441884537642,-0.0488684963210436,0.824176489288276,0.00916411435735033,0.0006816463484915085,0.014055684682599975,0.03764302328904801,-0.0018008673541311624,-0.03387445609216032,-0.01575509648639838,-0.014462652699233797,0.00015862690750501724,-0.06545495587721412,0.040480912225137076,-0.05613829727723221,-0.17944766319833025,-1.331226706148524,3.4176693065277846,-0.9924666205123535,-0.45547963491991356,0.017457851692988267,0.27438381150378827,0.09207682382366769,-0.06986053700745679,-0.04270293390391683,-0.17966842828208918,0.14519385324909964,0.020293396780281008,-0.006714643767062488,-0.14023223371905288,0.04406558923994948,0.12230652771054545,0.09828412529480716,-0.10756078009378518,-0.01500904342590731,0.018939466588646453,0.05070616584657364,-0.09377924118862903,0.009493264179211744,0.030285578668989583,0.03314373449162548,-0.09083893688821025,0.12180064400931863,-0.061739002584528045,0.02303599798858921,-0.06343307878661632,-1.8155555555555556,1.408886229858375
40,1.48402505801064,1.41176213934251,2.01318207490568,3.81566280091398,3.14133818677682,2.22725215719976,2.17253521852147,1.97644807205877,1.709780986214,1.49249431222753,-0.101541138807948,0.270873119441341,1.22510736127859,2.13587918978523,2.73876095823832,5.43754948914432,6.63344820270685,7.76349080867583,9.46566354358694,11.3492539013141,13.4091507466877,5.99962671887214,-1.37307968188206,-0.9654751911468,0.472751737874823,1.9364316449145,2.63162609742006,2.23696250954867,2.12874485384243,2.52807080044739,-0.388699607085194,-0.424854192002117,-0.580103796131853,-0.201972187268222,0.479606233520403,1.09176969814129,1.8054612414281,2.17116899273649,3.34757311374279,1.51114993265989,1.7843814067038,2.01221513846238,2.28210580801632,-0.17108544642375104,-0.029738537808914448,0.02197881672631139,0.10878560925887788,0.0020106299260865246,-0.03527122907237422,-0.018721312686401814,-0.02300128763692973,-0.008226777164212705,-0.07926086432605273,0.22035231480150708,0.08702363706349724,-0.007649599523150432,-0.19873561422983232,-0.9935556510007932,2.3450673712087973,-1.5793499644732045,0.24500069314879283,0.028156505180991984,0.01738880523134058,0.05723583861596508,0.10284309673663129,0.1053311750081065,-0.04019485034141361,0.03393478914361495,0.0467435990938209,-0.09054839840513801,-0.009559579384222763,-0.1125157446530613,-0.1606614007619991,0.18105785271841404,0.03481319289608791,0.049290739534359584,0.02517496151365083,0.008815503647897285,0.06864494429706627,0.04521890008908285,-0.23193856882660374,-0.003484634197447558,0.04886385746660397,0.030036879292058404,0.06747731729153274,-0.06490430766411841,-1.5805555555555557,2.3297101727777894
41,-3.66682545967832,-4.55220395439154,-7.98476761731481,-7.03128143849702,-6.90611179847958,-7.10472217673297,-5.97324995501334,-4.77677243635782,-3.50140841626371,-0.963354652031985,-1.52028255707936,-0.344223991967179,0.839747098269635,1.5902827855665,2.31849772711514,6.63344820270685,12.085662835249,17.3667597324562,21.9883604085456,26.6323726414216,31.41062192949,15.1255713897859,-1.11690676167729,-0.706252753182639,0.360548522269689,1.47373333240336,1.60070424831139,2.25380486067547,3.04062263306045,3.80721940238203,-0.859084243022233,-0.19894788971468,0.312615237134936,0.802256650679258,1.59924484762827,2.39036828034186,3.29595378094517,3.86456843431291,5.72090615843982,4.89553800187894,5.51723954872972,5.6500762482147,4.30200810984125,-0.04932301768370202,-0.007381403489892644,0.002052297911840578,0.0013852206928735259,0.007145824867554247,-0.03532348222266824,0.006864192492888081,-0.015545626656032825,0.08419402317613911,0.09129522088068816,0.014801240666163194,0.06208475036281342,0.1591098829984559,-0.08747545837104316,-0.45283569271180885,-1.5789165871378656,3.989388232270126,-1.3924437570699524,-0.376230132139863,-0.18290632746922778,0.07202270870739509,0.028720545705284938,0.026818226443486838,0.09732515193914915,0.03118846089284922,-0.024972009671575097,-0.0019476452414727763,-0.022273853562765414,-0.0522632334433482,-0.0657288418519715,0.024080081172128454,-0.08799509455896337,-0.012962021343711749,0.014272859573787171,0.019528299556553042,0.1085740302012358,-0.0557903734838665,-0.01403749268907952,-0.03597882767049949,0.012690996608914281,0.003514156428992138,-0.02527251883763705,0.010771643869499104,-1.6933333333333331,3.475005443916461
42,-8.87140169795804,-10.5453038604066,-18.0293997220261,-18.0858638230996,-17.1392863016557,-16.6073442022519,-14.2808244551891,-11.6789392598511,-8.85982937141828,-3.52538547838114,-2.94894082505199,-0.983831460484119,0.432133085384178,1.00085505985455,1.83488975930829,7.76349080867583,17.3667597324562,26.8976998722861,34.389353685066,41.7544124212017,49.2096525703462,24.1374108059397,-0.888921087686588,-0.477108382211443,0.204469253259273,0.953245488625786,0.511621836439928,2.23688862651779,3.92916066659868,5.03832742867007,-1.39921331369852,-0.0789673590392754,1.07828428149482,1.66990696025768,2.58075995900522,3.54755057293868,4.62237397321679,5.31151495504581,7.7841999471757,7.93993890626077,8.83612677934246,8.94936957531664,5.99856606720482,-0.026435282545974628,-0.0029367758176568844,-0.017044125276979554,-0.07787774879394502,0.04338191736731216,-0.08212286560090275,0.068698649429192,-0.11121585567656271,0.2623499438776637,0.3495227102905985,-0.10049398581432999,0.18316375633917797,0.1010700806587353,0.023485838753205188,0.018759134887284448,0.24254957663742918,-1.392345572125993,3.0305566039803917,-1.4169432985122266,-0.2912540461470664,0.12571022156105696,0.014103733325205607,-0.01395418286660196,0.3678484397771408,0.05005796941663073,-0.1814387394654137,0.1497655338954853,-0.10685959263858127,-0.07008151997680893,-0.1036953300185723,0.017842397085408523,-0.02646139877155493,-0.07025166914927503,0.006659593205524087,0.009337977702802374,0.008414516025139103,-0.03172105236766723,0.22830618874806582,-0.09832228285945827,-0.007140210960568619,-0.014528434325181113,-0.2026255981556905,0.14943229696112958,-1.767777777777778,5.185335078110774
43,-11.4816329132853,-12.4072739220076,-16.2402111968577,-19.793366112008,-15.0046547205722,-11.1120643603637,-5.30343612040907,0.708115411003002,7.12425134837592,15.9921863056086,-3.67348198967335,-1.50560922046731,0.816594579846616,1.52118703914643,2.33028049293303,9.46566354358694,21.9883604085456,34.389353685066,51.061133760784,67.2796748787579,83.6467346259193,41.4221500606092,-0.741447064520073,0.159690591256211,1.19841615084027,2.33006481181928,1.79900240314462,3.57754639534301,5.36407107859092,7.25691593173312,-0.211744534385633,1.65888814033348,3.32844242859975,4.28090221627949,5.8282264678425,7.30778006053956,8.93546592056701,9.57309020846598,11.5738617418208,11.4097601162658,12.4988888590787,11.5110141224188,6.45006049720635,-0.03665852995028738,-0.0034629717096749846,0.06554286626231355,-0.026340599743306107,0.01396161077366393,0.024027276601263393,0.006144813684785284,-0.019416327586285486,-0.05482447806715972,0.15535694524842383,-0.41271288393527655,-0.0823764900261472,0.14497517414394087,0.12341524562273928,0.2823670915951167,0.028800541669494976,-0.3747074436207691,-1.4188707551512538,3.7515962662499573,-1.4381217552113612,-0.38176539688801886,-0.11494716974537585,0.13699428194653623,0.09170561207410215,0.034086909474464,0.009417907444014786,0.01682358096331247,-0.024283091494345283,-0.0030189103203509494,-0.023984228627429795,0.12244334363765139,0.003462417197234165,-0.06321677451916738,-0.011794099408945487,0.052455135785113856,0.016705494710777556,0.002866503893880589,0.00028321691555633873,-0.07729683373379698,0.028497680914079577,-0.014325471741732855,0.04601055167926574,-0.08048783675538844,-0.637936507936508,7.145007610967535
44,-14.3430920911869,-14.5539946262716,-14.842025300817,-22.0139768642613,-13.2742596103702,-6.09353630303517,3.1449914283906,12.4963407820097,22.4339478766415,34.9150639474939,-4.79786087103963,-2.20809214686293,1.2213225220319,2.2843542418177,3.03775491122551,11.3492539013141,26.6323726414216,41.7544124212017,67.2796748787579,92.4409898871426,117.724363117592,58.5816389680004,-0.480595519660105,0.912333255958279,2.27015695120158,3.75374149796018,3.10376855291837,4.9377849942031,6.82251985736838,9.5034116673917,1.00403978550355,3.15065235759767,5.05869863876843,6.08370186440425,7.95957140332454,9.55489770652901,11.3255547623633,11.4892239674748,12.8717992723029,11.9875395823906,12.9393983299959,11.3645608577249,4.66986231237071,-0.0038716274269252086,-0.009776970309817343,0.017871227048536758,0.008608097539676247,-0.00020832457618846634,-0.0031663536091410625,0.0014277027885255852,0.019293300026604693,-0.026954923223091933,-0.04108557186419301,-0.011019657474614109,-0.012480937922094008,-0.17308359506755644,0.37745541349904954,0.09584222276141743,0.016538081232508075,-0.1770014519734981,-0.2923539297669421,-1.4550210775690298,3.872190293866138,-1.8076517175243099,-0.42871657715278655,0.24845998081989934,0.013616523494802624,0.011359222189716025,0.01532350268094672,-0.0436680532261991,-0.002138206410615339,0.01685873117349738,-0.024525743191293543,-0.08150641245369897,-0.012541573671007958,-0.0092317412112779,-0.008256925708625473,-0.0001037599499797222,-0.01403107729312708,-0.013393288863621457,-0.0087766042084587,0.0064534753671418865,-0.001969234876083098,0.021191886633869266,0.05149117381646123,-0.04283522058734474,0.5641269841269841,9.614103696504559
45,-17.1751006939841,-16.737628696975,-13.3997684083668,-23.929286164063,-11.2020631465072,-0.771239372145554,11.8220812884786,24.4706780169008,37.8986788865599,53.9402986026236,-5.94964222966952,-2.92438672410729,1.63149278531717,3.22698114847301,3.90804568373274,13.4091507466877,31.41062192949,49.2096525703462,83.6467346259193,117.724363117592,152.151365131493,76.0439194763928,0.0469332200530398,1.90769834014303,3.54629298013589,5.34631442505719,4.58344204431842,6.43307443014693,8.36634968493941,11.8023067654847,2.09999762850835,4.51317263906018,6.63942397183798,7.7512421516005,9.95495335582414,11.6652876882919,13.5838906376411,13.4199137539927,14.39714288747,12.8227985131363,13.6640886198206,11.4368435619445,3.16532684183712,0.0703195386021192,-0.006701422266206057,-0.021133183704812368,0.023810215553446562,-0.02792324111515058,0.0549917465467281,-0.023642352895214692,0.04822907589104488,-0.09125778500832876,-0.2727888685537018,0.291540080026461,-0.009079882461297406,-0.05210447766761547,-0.30142119427042013,-0.0725273488201648,0.04525138594459702,0.06956389807805584,0.12813971378590922,-0.3867089261164398,-1.8110510555273502,2.5962243000464533,-1.7323756076695749,0.5098893785291212,-0.09239182219364303,-0.013777542282468086,0.07111818864977817,-0.0869652950842477,0.03582285632898507,0.08448021549940268,0.0004698383138279276,0.008210634804283534,0.036152807290178765,0.010233764732776266,-0.012830225050382386,-0.022301110816594853,-0.0385860164343246,0.01297192703296592,-0.06537963002213698,0.09515619009150711,-0.044971733608007866,0.02548437477170147,0.0414564689016467,0.00303386688199488,1.705079365079365,12.334559786692562
47,-10.0831569829597,-9.25935368415587,-6.57936338997367,-17.8098717074359,-10.6003225515749,-4.60643099670714,1.96638157456982,8.90471811115325,16.4328974223874,24.6976263792321,-2.95301304290151,-1.36886476399679,0.723487921180746,1.50512170919661,1.66421809864683,5.99962671887214,15.1255713897859,24.1374108059397,41.4221500606092,58.5816389680004,76.0439194763928,39.2649192274611,2.48684339541086,3.27740978912273,3.43442160619168,3.67796296323736,2.86462156989581,3.67595133496791,4.42427633106927,5.85951122832753,0.86824108205861,2.18548253205259,3.33913659998771,4.01579061782514,5.16357525184286,6.039259554687,7.03779832197985,7.3953502365721,7.85626498334703,7.62705951942257,8.26325700112213,6.95619221870375,2.85802839387285,0.012942249417078158,0.045575826505970723,-0.030767270754720605,0.05543040883187204,-0.033782240172754704,-0.03532845341867517,0.018286146091008953,0.018790063392206874,-0.029019014396879608,-0.053989456941333724,0.043312661268339256,0.018090804813750097,0.057024925433747944,-0.12788641035065035,-0.04180702731631573,0.11122551966914256,0.030328035046142846,0.014689115469733897,-0.11596960113825733,-0.4288398642872179,-1.7288118381270787,4.350402059150194,-1.6243538532040562,-0.39659128571007174,-0.12147439677233142,0.0326943687053651,0.05838347693707199,0.008477592341150156,-0.04230537166951522,0.012674179215389748,-0.0060915733430965385,0.014616265119318812,0.09035360193219066,-0.006804656723125608,-0.04186329795559419,-0.009211934961109794,0.005746531963996534,-0.009104090377090833,-0.005452549816473187,0.0004402523270780493,0.0047019206733015856,0.007663686884711007,0.001011609341165123,-0.03285714285714293,6.265374627862335
48,-2.97583170423482,-1.78852834286746,0.264244583459864,-11.6152847196144,-9.91988175243558,-8.36225050815729,-7.83223325224757,-6.61314104097533,-4.98841095020974,-4.49503498297976,0.0429935913495874,0.187135603795373,-0.178264967689628,-0.204174781874934,-0.556663903187822,-1.37307968188206,-1.11690676167729,-0.888921087686588,-0.741447064520073,-0.480595519660105,0.0469332200530398,2.48684339541086,4.9835684312039,4.66339787060736,3.33389582634756,2.01541680612389,1.14597592950832,0.930886239136208,0.510146973177797,-0.055157337136689,-0.343394942555019,-0.111493854367561,0.0775181681881844,0.329193679547022,0.427205214150574,0.472841804212243,0.558318092913863,1.46484839204717,1.44698292320387,2.56319258803892,3.01198924199199,2.60455410903437,2.65620092218906,-0.06939892632293601,0.21391400069939484,-0.09543499219705269,0.06568073161865559,-0.033807325876960344,-0.16443004275021506,0.10310323211277798,0.03278876072333073,-0.012985764582524944,0.1180766565224443,-0.11897733883809898,0.043512144483766446,0.2442834748324971,-0.035214906436284624,-0.18475357893152866,0.09401268454667146,0.02523668707840073,-0.014856857705954109,0.13851008387982097,0.24557591205491838,0.5086249061693203,-1.624251122031424,2.2102104042678175,-0.7503050699748764,-0.3050533407305714,0.020229193491765128,0.26321699979970425,-0.004169658909806751,-0.21597538300396055,0.1205792879354487,-0.09330067922245062,-0.03471416818129136,0.12896294647765907,-0.010626013850984375,-0.06439208389567345,0.006219892996514263,0.01676102033365869,0.024896297486177804,-0.0992436317958103,0.04393849991049012,-0.014028080679761126,-0.018121704342683457,0.004772830507071583,-1.784126984126984,2.230149867431312
49,-0.0468013004446366,1.32464176937682,4.42445573945349,-5.20598950370871,-4.54691440541367,-3.98441489516451,-3.97194805530365,-3.34750517153371,-2.24535822764334,-2.89492501848001,0.408957062245642,0.506026436918644,0.231105274185123,0.10320188615787,-0.300244016455953,-0.9654751911468,-0.706252753182639,-0.477108382211443,0.159690591256211,0.912333255958279,1.90769834014303,3.27740978912273,4.66339787060736,5.19769385148695,4.3953647599594,3.62071205411431,2.91076088294834,2.03421107323629,0.824166264641564,0.320356029304808,-0.0154783970522302,0.32159203236785,0.617291651013056,0.795484066123648,0.923451398317096,0.984845732147073,1.10434025840981,1.97700856570907,2.04392612853797,2.85752425258939,3.23212632817435,2.51429257906091,2.76720404209382,-0.09508139747387438,-0.15659757991863152,0.07290848302322273,0.06646460430620695,-0.07158345777316504,0.004835717833770308,-0.04748806887475215,0.012345233730944635,0.0980494705180388,0.14462741892288808,-0.002223821698177756,-0.035956390889700374,-0.12264724133848476,-0.02237585272293132,0.14597455139878554,-0.03120905472894707,0.10100994106038369,0.3707935990705121,0.09568110824086673,0.02123958197572829,-0.08321368153530039,-0.39567371388762823,-0.7531594384852862,2.3745545750396406,-1.5155115913183346,0.432613989743366,0.015515387075800817,0.011784429746737692,0.02969958768368578,-0.15981273456552586,0.2492937753822447,0.010039909382585446,-0.1246596587197008,-0.14100959859884862,-0.016413897819404107,0.11917880489267738,0.06534909358278329,0.0025809843184440334,0.03266185000950119,-0.007604480091819262,0.0053475122879192045,-0.05564876996716812,-0.015834771567393175,-1.8134920634920633,2.2776509503185416
50,5.1121284228664,7.08751178753713,14.4584119469174,7.09521050359963,6.48531457802497,5.76802812058977,4.71143842555764,4.53667160789342,4.60102993777081,1.00447999711384,1.3882094836332,1.05410511696664,0.4030195749321,0.539321328471936,0.490376231399308,0.472751737874823,0.360548522269689,0.204469253259273,1.19841615084027,2.27015695120158,3.54629298013589,3.43442160619168,3.33389582634756,4.3953647599594,6.22477196549118,7.98491218313715,7.74172063814452,4.93183366213676,1.67524108969546,1.00886988516177,0.302357664468193,0.539850341862486,0.731693931182239,1.09087866388641,1.96847368087134,2.77443722323773,3.6540333883972,4.71045615017222,5.06099206498201,4.52807504623343,4.24691050932252,2.59163495722914,2.74362240581408,-0.05027345923444012,-0.08813951870996099,0.05569296993903982,-0.030429562693171697,0.10608565671426792,-0.012629475888242593,-0.0404005544973166,0.005012754195734499,0.016367018543965384,0.033768240482402186,0.0005281067739649387,0.07684851932260638,-0.03470698133448822,0.003948882473035696,0.021551208444736087,0.03973804029233797,0.03144522589744065,0.04754964182609213,0.029671465343525032,0.00969051153362671,-0.016057021017422235,-0.12180759584877866,-0.3027959605110114,-1.5186922977699322,4.053311072214878,-1.6722476897806449,-0.2922141993461574,-0.09978155366927682,0.05075136157432501,-0.03685674200022225,0.019952466000059524,-0.014163563907803288,-0.06072429309971603,0.025480944861448078,0.024783381478617344,0.02476833831170567,0.004538474813384284,-0.046399707722317204,0.0119502659584206,-0.004662301188349055,0.007472598543358142,0.007220870095532472,-0.017470165991753404,-1.913968253968254,2.4929444369041156
52,10.3285326005069,12.879779442629,24.5888366494159,19.6794339178071,17.7916396382938,15.7535191413668,13.5991772934331,12.5822341545346,11.5667022937868,5.00115238666574,2.35625274336704,1.58368686958234,0.572677511788995,0.984431086762422,1.28838348951707,1.9364316449145,1.47373333240336,0.953245488625786,2.33006481181928,3.75374149796018,5.34631442505719,3.67796296323736,2.01541680612389,3.62071205411431,7.98491218313715,12.3716521750463,12.5874752278915,7.87438189380386,2.59735972359109,1.76286258932386,0.644385641553468,0.783825547692404,0.872584940057285,1.4027839747238,3.01365574621568,4.5492803077861,6.17165253503873,7.40349315174413,8.07795409545296,6.24289146644559,5.32873601868086,2.73215334188985,2.78452402087588,-0.013488165377986572,0.014966789166501017,0.02971399676585995,-0.10347163910405832,0.263024909355127,-0.13323635309351373,-0.03991034269692382,0.02901992422041793,-0.002910985518829035,-0.07580326833844603,-0.00842926277733162,0.387235675671455,0.05690320549406658,0.04370915104651656,-0.0065054044969569845,0.05070434660943035,-0.030064184520164416,-0.19347641812267458,-0.009965552001633245,0.0055673192909296764,0.07431845797291804,0.032167237776500233,0.02172626946147893,0.4355421465874971,-1.6712723027977634,2.2617232465930814,-0.998399176702722,-0.3512421150476336,0.01311323063116546,-0.021860771615625604,-0.11802522504098635,-0.052521636247477355,-0.2084111436366832,0.26982979484500835,0.04156318339950563,-0.039673612407600964,-0.06187145298295542,-0.10698537869314408,0.05767203654644488,0.010441394651110346,-0.03279160162163672,0.05740867789127763,0.002738136307655769,-2.0453968253968258,3.5159141307839508
53,14.6880561282696,17.9450187649597,33.3730379783123,28.6223479972988,25.786425279508,22.3987146067789,19.0267187680332,16.9583055000229,14.8325285057001,7.08202956575837,3.61601291778456,2.19197328438968,0.996591821677427,1.53634783547462,1.84365404114885,2.63162609742006,1.60070424831139,0.511621836439928,1.79900240314462,3.10376855291837,4.58344204431842,2.86462156989581,1.14597592950832,2.91076088294834,7.74172063814452,12.5874752278915,13.9428618083249,8.54145658146932,2.52226611507214,1.72796968496064,0.602462933873513,0.57860933817217,0.499132100848426,1.22252990820329,3.00586287391578,4.70644499612565,6.49080466029204,7.68040271345229,8.60767482194263,5.46108011907801,3.65128299330459,0.88123036172431,1.38882053461334,-0.02941697652537178,0.15406066234415675,-0.14886348929588705,0.05008771502130659,-0.24786552071293388,0.25896514837359585,0.003717582484454903,-0.14609279252364546,-0.0050219171760687645,0.1257861332449043,0.06698157485727911,-0.2592086918038022,0.04960768220870366,-0.03560356241524095,-0.14519111307333946,-0.09013341770445564,0.0012689975209582013,0.16721063446287102,0.021033642763962457,-0.03148040512154369,-0.08587782055084367,0.05963561940687037,0.2617030655248366,0.011624693815461823,-0.29968517079873747,-0.9985903984473318,2.127763713385464,-1.0422396117504098,0.4479911542292231,0.112955970293145,-0.09053744533215041,0.01600397734572233,0.17764605013259274,0.021249826472040698,0.03100317230559479,0.009273383263469891,-0.0085960108681333,-0.005627785245979757,-0.20995129971558887,0.07595634877148105,-0.008162990997693631,0.11932539108413791,-0.08003518997777663,-1.537936507936508,3.7326748865022874
54,7.44698064660849,9.22547208233491,16.9089309107507,15.1042742806226,13.508542835504,11.4744366183101,9.92801718333389,9.23630185577435,8.70916558944152,4.53028018932347,2.07719884046347,2.08188435516049,1.3736074970558,1.42988199941177,1.43963198660235,2.23696250954867,2.25380486067547,2.23688862651779,3.57754639534301,4.9377849942031,6.43307443014693,3.67595133496791,0.930886239136208,2.03421107323629,4.93183366213676,7.87438189380386,8.54145658146932,6.57525910287487,3.74550266814251,2.74129068352972,1.08614004987554,0.99084907244858,0.849664593487778,1.26255693053442,2.27580621430466,3.28771427795792,4.31012519215367,5.01705357701904,6.26901966126114,5.47804053373215,5.32893678419227,3.44617262551288,3.27858728254153,-0.012475892526434686,0.06054058224313761,-0.06207208800613819,-0.01125601452136236,-0.10288715081086672,0.012029824820145585,0.2350076755129368,0.0016748024456544376,-0.19671431746725615,-0.0019909572510136138,0.07215690441808163,-0.5896588556536397,-0.05091788393485795,0.026675771856331538,0.03822961107751956,-0.006732752334433989,-0.02106138044591197,-0.10624417769313627,-0.02507858360971088,-0.0022026694039384387,0.03923334491070343,0.009448793320072212,-0.004540742957539626,0.012222381926848347,-0.10134352647452982,-0.3432945445449224,-1.042629420335316,2.9699958440707226,-1.2963272124462006,0.1794601477668948,0.22122826563968637,0.0426486066363119,0.029646841863440684,-0.11049845232932866,-0.01905970082714485,-0.035182673371163195,-0.03688138527776912,0.31330921905314374,0.03942227123948335,-0.07368805896999922,-0.023575952516130597,-0.16144051654141858,0.11545917225204859,-1.9415873015873015,2.5622761566378567
55,0.168472949263858,0.401591748070086,0.608372008989234,2.15924710612335,1.96027922720749,1.59175353313059,2.1692524782363,2.57332525226622,3.3292671411954,2.33812743464847,0.464527742775448,1.52462296826727,1.66981541463832,1.3322418826776,1.16626230715982,2.12874485384243,3.04062263306045,3.92916066659868,5.36407107859092,6.82251985736838,8.36634968493941,4.42427633106927,0.510146973177797,0.824166264641564,1.67524108969546,2.59735972359109,2.52226611507214,3.74550266814251,4.70446985690828,3.97384356515064,1.66972990556465,1.46571414081189,1.22426882205012,1.47513647340846,1.84787565451913,2.29546476174786,2.7087199917549,3.05446173617958,4.23426023966836,5.37782530801887,7.05928115383756,6.20336680649594,5.62072482432704,0.04205039620211247,0.010716535069495861,0.024098781243177853,-0.025088356404758722,-0.013279426573937944,-0.08624707701263226,0.08279419519697898,0.1180472141314471,-0.054119575978039666,-0.10563814617772432,-0.05152602092352971,-0.16362272151676643,-0.05095673374356742,0.007059174232252971,0.12526973626147286,-0.10658420889237048,-0.05008298939228538,-0.07260072706647112,-0.00545344900386731,0.012783395217301288,0.06521807885362159,-0.040197891675403837,-0.21324169439005994,0.03330606399579987,0.040979107830823855,0.010736525483380372,0.4439835756797021,-1.2986166893222135,2.335504685949381,-1.3163202451038487,-0.12681480014320265,0.018039379351756098,0.20829677237525404,0.11935855447248374,0.0010099494903762904,-0.1213648794163504,-0.09838479203568108,0.05980151740247821,0.22922954530290376,-0.06707688671745535,-0.0847468297414352,-0.10061384246767308,0.09044684589717022,-2.411904761904762,2.166672531073462
56,1.31453624368488,1.4508065053495,2.55364634712066,5.83556021208069,5.57889347244095,5.22293819565128,6.02598045249319,5.88497991369606,6.10507550962915,4.24295283502276,0.393906854288817,0.957563503311073,1.66693668892542,1.38030049664484,1.29267500363615,2.52807080044739,3.80721940238203,5.03832742867007,7.25691593173312,9.5034116673917,11.8023067654847,5.85951122832753,-0.055157337136689,0.320356029304808,1.00886988516177,1.76286258932386,1.72796968496064,2.74129068352972,3.97384356515064,4.27215034404566,2.12967517668694,2.1892592196424,2.18959368015439,2.40997880780496,2.59583724823854,2.79718456306592,3.01106247365437,3.59368769335375,4.67733595688546,5.30041769907694,6.79776781465197,5.5487868460376,4.81240451463495,0.14000836062346292,0.004617780301211531,-0.06486055681278372,-0.10531647398038894,0.049665130741450486,0.2915211129644411,-0.34031098922410663,-0.013883854855344517,0.014058975898162008,0.0794356225803418,-0.0011200169170361143,0.22504387355608788,-0.14539926510700432,-0.1185279088425796,0.09861270345063619,-0.165946359348787,-0.06625610500055938,-0.09999578927965658,-0.019765892083406237,-0.009712177335367066,0.006310677374089996,0.016230983453991293,0.12014169254321211,-0.16507031911097444,-0.0280676498881207,-0.0199632301936696,0.11503625511763409,0.1792793693497785,-1.3177398449724023,2.1549250058400533,-0.49716800485271184,-0.060547919173167805,0.03696650965067686,0.006687949355035243,0.011978499654877836,0.020880025211287505,0.1595234417590285,-0.16134448241010207,-0.1579496767591798,0.1290652123779943,-0.030591646960663306,0.04090111411808171,-0.015325850662888198,-2.241190476190476,2.064497600881547
59,3.8287383945019,3.86365850051825,6.01872246758623,11.9831336857771,11.5645108625344,11.1688168954848,11.3597211125414,10.5727149748737,10.0910789242607,7.07543243218287,0.852027083728721,0.940804160117296,1.2329135448929,0.597088207555841,0.269322464886009,-0.388699607085194,-0.859084243022233,-1.39921331369852,-0.211744534385633,1.00403978550355,2.09999762850835,0.86824108205861,-0.343394942555019,-0.0154783970522302,0.302357664468193,0.644385641553468,0.602462933873513,1.08614004987554,1.66972990556465,2.12967517668694,3.61767453801444,3.46779771344673,3.27022835844337,2.71028891473659,1.87281907320647,1.01851013791875,0.224562772752277,0.347490147029245,0.528297898474047,1.320928450465,2.30724514633194,1.19757947585353,1.30063511545713,-0.047841452194976056,-0.10049512726015776,0.059362673167770566,0.11646506234436366,0.01834129805000106,-0.1632731398109021,0.005602461403991618,0.020730315286050432,-0.02877575489562367,-0.020670756811353323,0.052985697309104754,-0.3679453853813002,-0.061559617940788264,0.2052547685505428,-0.1136756536783324,0.15762989407179473,0.01953954392807756,0.01861598046273092,0.1227128452558656,-0.05693151968640106,0.01982684373107055,-0.00022399905753640992,-0.09436240207545661,0.2553571752050035,0.02078939767717092,-0.12198239122577124,-0.08696192536873193,0.2203399807813357,-0.12877152523396437,-0.4981132167839816,2.2712497015744644,-1.5272630252633776,0.1592782933380517,-0.06461132532907057,-0.01978917664590572,0.0673556727807107,0.10509821293614903,0.0726151504489527,-0.04059566171008706,0.016958987590433166,0.05683895982725636,0.11866401934298644,-0.18262767074397374,-2.3046031746031748,1.8993879377353222
60,4.55664456846273,4.5545525916066,7.2458892257699,12.6144936330712,11.6007696349766,11.4212540564051,11.8194356594385,11.1761473214397,10.8808289398612,8.05265014953574,1.15041483370153,1.23526611879662,1.91589372270014,0.111643402947122,-0.0243234666366866,-0.424854192002117,-0.19894788971468,-0.0789673590392754,1.65888814033348,3.15065235759767,4.51317263906018,2.18548253205259,-0.111493854367561,0.32159203236785,0.539850341862486,0.783825547692404,0.57860933817217,0.99084907244858,1.46571414081189,2.1892592196424,3.46779771344673,5.58058389371074,7.48292527918788,8.53596081898086,9.28385033539589,9.95979260247198,10.7576778156422,12.6583528928347,14.450095855693,17.0101481310138,19.5538049950586,14.738027361649,10.7396548438889,-0.02748138496076684,0.023887123934605962,-0.0008906860863773283,0.0024721656401930246,0.005620817488425225,0.014895096228580335,-0.004292462167094133,-0.0012848222144757465,-0.06005385659191819,-0.01091841507876636,-0.011658022698618199,-0.09095358185792835,-0.030000528270238695,0.023004455344452026,-0.014856877036911317,0.0318807530046762,-0.08131633457045567,-0.021491624081798194,0.006402508755953,-0.007175619447829524,0.036556314494282996,0.011201017305232075,-0.03241435960621084,0.008525775368256362,-0.014561690488043717,-0.053547530179822056,0.01902509317666534,0.042121911585312276,0.016719986981091575,-0.05817815444736784,-1.530251390295367,3.6678442257117103,-1.4041194092185896,-0.437390769574999,-0.18365393628498836,0.19796488994317132,0.03709968374581152,0.022080857145846775,0.03401581237494989,-0.06208221357837349,0.053614576198918074,-0.02216011385333484,-0.02858619541644608,-1.7046825396825396,2.360208442852186
61,5.18643387584519,5.2001398822261,8.40607850226212,12.9582756134908,11.3706986880667,11.4314008540394,12.0645954929451,11.5973742319458,11.5138325857478,8.93742666316103,1.44195671742742,1.5101095334216,2.55374447171739,-0.427814642604961,-0.390743962891845,-0.580103796131853,0.312615237134936,1.07828428149482,3.32844242859975,5.05869863876843,6.63942397183798,3.33913659998771,0.0775181681881844,0.617291651013056,0.731693931182239,0.872584940057285,0.499132100848426,0.849664593487778,1.22426882205012,2.18959368015439,3.27022835844337,7.48292527918788,11.5574153569474,14.1954078305325,16.5241613156664,18.7311527163807,21.0906315556152,24.6620193633281,27.9330431824572,32.2091457901133,36.2632164780575,27.8361665079403,19.8030161237453,-0.04917869792057491,0.13412992564711443,-0.05725335795963878,-0.12255961058360573,0.0008462241314906552,0.19430470246523443,-0.01066241513028722,0.018140899789918206,-0.13991144684038148,0.011985473450955577,-0.09823378219227022,0.0459282321788678,-0.040455613851871894,-0.06515917239914494,0.020556031972420567,0.051733994786979993,-0.008200664204164735,-0.05662928299706495,-0.06186713195048328,-0.013358341374945001,-0.001972495989254367,0.058839598780762496,0.13578296528162057,-0.12074807963196461,-0.06076128513643847,-0.21142196839398703,0.17303100485665268,0.027666409585072174,0.20595919990307351,0.03882483767738427,0.1540677510037805,-1.4029687109566034,2.722746003756113,-1.2246075639775427,-0.42524264273821005,-0.007391057039636406,0.30481383801733664,0.019714010132531296,0.1805326041391976,-0.1742760569248811,0.0825544355304342,-0.24360662146688372,0.14039460659419464,-1.0547619047619048,3.3981488132433775
62,6.72917155947091,7.02654149403347,11.7084111940033,15.6015716498329,13.3532176333846,13.59327275103,13.8282471247519,13.287011933771,13.0982281192932,10.3403185872674,2.10850855356731,2.12480357808761,3.36025064676709,-0.681017405799985,-0.372271607993803,-0.201972187268222,0.802256650679258,1.66990696025768,4.28090221627949,6.08370186440425,7.7512421516005,4.01579061782514,0.329193679547022,0.795484066123648,1.09087866388641,1.4027839747238,1.22252990820329,1.26255693053442,1.47513647340846,2.40997880780496,2.71028891473659,8.53596081898086,14.1954078305325,19.1338777399849,23.6640196614063,28.0360973144431,32.5826687154062,37.6842113008997,42.278077908931,47.1725644811708,52.7003891983269,40.6411966514546,29.1168545863317,-0.008493308179223898,0.07386920342855348,-0.05522693718249256,-0.04959683878874052,-0.000483914781910307,0.026828697293209715,-0.0022916244659703863,-0.006663272442305609,0.010248128812786764,0.0501799344942287,0.06403538571541324,-0.010900692400349438,-0.017414673948850018,-0.01203568855095462,0.05870236917065161,0.026381268725149985,0.016225623223318667,0.011093260921554458,0.0026522004428194226,-0.005018080106360392,-0.011400196462695494,-0.007409179000956923,-0.006628324001251099,-0.11797421080061013,0.027894865345868384,0.2692893012898487,0.02647350272025329,-0.11236048410561339,0.10990283343192046,0.005284552078809673,-0.06526002627624115,-0.4329794041418007,-1.2299406261956662,3.4278422418105556,-1.4373571224406538,-0.26997814080191623,0.2133735167358094,-0.08843132924161581,-0.07645877758402841,0.25668316188274437,-0.3930892019656378,0.14405957268130848,0.038482031020944246,-0.45484126984126994,4.373085608581758
63,8.10521284760787,9.02931598803844,16.0125166412391,17.2555027444376,14.6945662216594,15.3484521101678,15.5524489302207,15.3874979888898,15.4373755087432,12.209793546952,2.771791694937,2.74183131486412,4.06577628081621,-0.98035466088329,-0.268782791576403,0.479606233520403,1.59924484762827,2.58075995900522,5.8282264678425,7.95957140332454,9.95495335582414,5.16357525184286,0.427205214150574,0.923451398317096,1.96847368087134,3.01365574621568,3.00586287391578,2.27580621430466,1.84787565451913,2.59583724823854,1.87281907320647,9.28385033539589,16.5241613156664,23.6640196614063,30.988851493471,38.0322938101704,45.2769512159923,51.5559112758172,56.8162475372824,62.0126065764197,68.6354861128885,54.26207182192,39.1129456862083,-0.08639737243870776,0.0005433468161149187,-0.012494020857072248,0.0578717501378312,0.016822084956310056,-0.05472086361825262,-0.04933324865436027,-0.0227801338841268,0.10552816768313286,-0.005866213545586984,0.2505345744865095,0.009799417528302497,-0.16687456949254637,-0.012947397486397732,-0.04983176400353285,0.010627793149974024,0.019225002970444858,0.010979093221035949,0.052164144536348524,-0.001784574665211584,-0.02246716879359602,-0.033688210594288205,-0.059758481988020154,-0.01700947558904055,0.012444189104242736,0.03893133151200938,0.026856196414351427,-0.02044140367827541,-0.0009880497474425382,0.011016198148126185,-0.018437557915506733,-0.17571750423709476,-0.4287571432519588,-1.436294702082312,4.251790071963621,-1.6161977290981904,-0.4292344067783925,-0.093710404102474,-0.05652255504387681,0.10612308764215103,-0.13746702643053152,-0.06502067864660216,0.21206008348074232,-0.14547619047619045,5.565864846856323
64,9.30496116192991,10.9353991872842,20.1107158639503,18.5794751508412,15.6156812844578,16.5907660535928,16.7978827787667,17.0463379192299,17.3699542546428,13.6709273694434,3.53852906139968,3.33644628929359,4.64187639229715,-1.38197422702307,-0.2418491445996,1.09176969814129,2.39036828034186,3.54755057293868,7.30778006053956,9.55489770652901,11.6652876882919,6.039259554687,0.472841804212243,0.984845732147073,2.77443722323773,4.5492803077861,4.70644499612565,3.28771427795792,2.29546476174786,2.79718456306592,1.01851013791875,9.95979260247198,18.7311527163807,28.0360973144431,38.0322938101704,47.9316874201788,57.9721509865098,65.5047747309203,71.4134754732523,77.3622091576726,85.5399316820713,69.3896120191843,51.0928452288405,-0.005733646559569236,-0.051353716522670546,-0.00944612275009169,0.031631622256557766,0.019849813941960965,-0.02153868156951571,-0.058180027147487406,-0.02841428433835688,0.07825663552711418,0.019363309476376753,0.06095591355815257,-0.000957954705865147,-0.10172499378438374,0.027131522179490997,0.013464181506248828,0.049831769599608715,0.08767594471632592,0.006380329638087698,0.015666473857891244,-0.02156305972298585,-0.0437295591701968,-0.008453633021889687,0.008133648842112476,0.10919652897520231,0.03160733864230784,-0.029526238093906067,0.009991528420355004,-0.034198847663730846,-0.11842967951550006,0.01975664489046248,0.06707567266132687,0.1929365034798047,-0.008819124580731946,-0.27189957453043845,-1.6234204236580148,3.7307317858638953,-1.559424267681041,-0.24318257410522773,-0.0145876153946615,0.12716580979408257,-0.04028353439989909,-0.1824581028481872,0.10440100465748538,0.16388888888888878,6.922549199549166
65,10.5537561112299,12.8634448842923,24.2241458845755,19.984045187018,16.5937325657875,17.9005519482763,18.1014574229262,18.7674456125485,19.3770392101042,15.1539144618194,4.33517148577272,3.97438339745161,5.25936504709174,-1.74400196744603,-0.149986667038601,1.8054612414281,3.29595378094517,4.62237397321679,8.93546592056701,11.3255547623633,13.5838906376411,7.03779832197985,0.558318092913863,1.10434025840981,3.6540333883972,6.17165253503873,6.49080466029204,4.31012519215367,2.7087199917549,3.01106247365437,0.224562772752277,10.7576778156422,21.0906315556152,32.5826687154062,45.2769512159923,57.9721509865098,70.9880782247765,79.8938414397817,86.5005846336693,93.2309480558418,102.999513485268,84.9319451162928,63.4691129829954,0.07826978878415274,-0.04640380449953767,0.0012788299368591835,-0.026204523229271116,0.039206873568571124,-0.01605293190351619,-0.018171358811019334,-0.10947702973480578,0.11299969293916755,-0.046037966865322445,-0.006545302668868743,-0.04415457700638927,-0.14628962947513716,0.13403788172719938,0.03440512512471609,0.05206717542938469,-0.048977600718051725,-0.02848159529881652,0.010588877969950823,-0.012475781547088352,0.01629945786041249,0.00879177765540444,0.016873446715333713,0.05908349097064161,0.0027355978649931836,-0.06398233581604292,-0.009931900418457824,-0.03851689467003528,-0.09866517602956511,0.15921775965687893,0.10273351140447133,0.03329526926428961,0.30376741564333776,0.21066243589004516,-0.4297402818179645,-1.5589755035880968,2.0346166593268147,-0.6402725540369081,0.10252414113648509,0.051763839117491356,0.09495434968721589,-0.1340206880032427,-0.04923515095716728,0.4427777777777778,8.424848854714043
66,11.1071811574293,13.8291306162742,26.6058781352848,18.1044644573845,14.3547417289537,16.2247269274996,16.5136368210887,17.5477445274778,18.9374395825013,15.4248229577137,5.39992864943408,4.87135567928704,5.85225263783524,-1.88587274556086,-0.0437699867887249,2.17116899273649,3.86456843431291,5.31151495504581,9.57309020846598,11.4892239674748,13.4199137539927,7.3953502365721,1.46484839204717,1.97700856570907,4.71045615017222,7.40349315174413,7.68040271345229,5.01705357701904,3.05446173617958,3.59368769335375,0.347490147029245,12.6583528928347,24.6620193633281,37.6842113008997,51.5559112758172,65.5047747309203,79.8938414397817,93.6545670498084,104.446207090417,114.143353178061,125.284284821666,100.465352776917,75.0522007484094,0.024935195727503308,0.021761560187750145,-0.0027577753481218244,-0.08256988729567356,0.08480270749560415,0.023486296612525045,0.11315483891502763,0.03923266616510937,-0.3107187145794529,0.2008949868997816,-0.2762662603679439,-0.12052984809117871,0.3400269645697611,0.04300267241327718,0.03306236620464087,-0.2368847115453961,-0.01602619785180663,0.22600647557484976,-4.6084388067056015e-06,-0.0073718645017661925,-0.06327478258721879,-0.006959991281942364,0.02899488015302278,-0.001724989732603718,-0.047203576743711964,-0.10687100325306877,-0.00588536565610625,0.31537042347928806,0.05971071427781913,-0.16197255639852143,0.07449226509368587,0.023990948180791453,0.022053561857597416,-0.08229823483952893,-0.09144420621806448,-0.2400374609349967,-0.6411557205200421,1.541120288664282,-0.5193869948682713,-0.23027151501572093,0.08842845927634309,0.15324248789419498,-0.14985763663411264,1.1133333333333333,9.677012299765277
67,19.3354598218615,18.1951787537633,29.1648506401833,40.1506638910459,32.0989056143299,30.0520824847526,26.0398876292263,23.1294980294955,20.9895712736108,20.9579761663091,6.52757135078538,5.32334917430468,6.91288162618503,-1.49530738701724,0.641918988616152,3.34757311374279,5.72090615843982,7.7841999471757,11.5738617418208,12.8717992723029,14.39714288747,7.85626498334703,1.44698292320387,2.04392612853797,5.06099206498201,8.07795409545296,8.60767482194263,6.26901966126114,4.23426023966836,4.67733595688546,0.528297898474047,14.450095855693,27.9330431824572,42.278077908931,56.8162475372824,71.4134754732523,86.5005846336693,104.446207090417,125.007312899106,137.397979237041,149.478094204832,117.02267705501,87.0132568964235,-0.06514782139320066,0.09982600806239796,-0.03054470646291151,-0.0035518101749532475,-0.046766156301172424,-0.1160551555008977,0.05379844060179499,0.1736447870255924,0.02822535805318507,-0.16160844891188295,0.05423874604157306,-0.01742962328636044,-0.16748806115490725,-0.04335313900105612,-0.0925825884932265,-0.004787122742634132,-0.037465379034320845,-0.09841256059429103,-0.07672335851861217,0.01052641879511005,0.10220295207050543,-0.0019179996409090425,-0.09629194908970222,0.0378028985435951,0.013176801893771973,0.056794732674019646,-0.21154707763352987,0.039213481248128595,0.22883619963377566,-0.15806961422700666,-0.0390237067959107,0.03561555670088758,0.18180605236245953,-0.07957579970611167,-0.058597965719383784,-0.014872496438290554,0.10297071254668036,-0.5193699031236882,0.9577406899162803,-0.2844247545725547,-0.12444096897269707,-0.18311723170808417,0.198780319371978,1.4977777777777779,11.18021971604789
68,10.0807243715648,9.06486680954095,14.3817568505038,18.4775627128451,12.7041363989211,13.9651360090826,13.7153634380329,13.8057246534504,14.7156734706987,17.3837730193462,5.14494263048386,5.48059712155613,7.19993854856287,-2.64818738072886,-0.600606542944841,1.51114993265989,4.89553800187894,7.93993890626077,11.4097601162658,11.9875395823906,12.8227985131363,7.62705951942257,2.56319258803892,2.85752425258939,4.52807504623343,6.24289146644559,5.46108011907801,5.47804053373215,5.37782530801887,5.30041769907694,1.320928450465,17.0101481310138,32.2091457901133,47.1725644811708,62.0126065764197,77.3622091576726,93.2309480558418,114.143353178061,137.397979237041,159.486755258425,176.151874387117,139.36828787953,106.01133402668,-0.11570471508592206,0.025133582033679755,-0.03873174262257406,0.1530788820593482,-0.1249522256749327,0.011773521962649301,-0.1183942525321611,-0.0013683283074924684,0.1042904275927195,0.032551445962028955,0.13227532886791926,-0.14429300297251985,0.02667483515542379,0.041839362872353986,0.12028231953454391,0.047779652199616315,0.010114023258502424,-0.009239556151178907,0.024527938185766027,-0.0021137109527485792,-0.04840131901467669,-0.0014663399219877835,0.04571006763342537,-0.006965446733428527,-0.0013622009174564839,0.010806726285753725,0.07327219477208477,-0.07738599701446994,-0.0685043231067406,0.12964270776721096,0.01481190969950254,-0.06405486513398045,-0.17569428615628563,0.2577400806712533,0.10671855806323464,0.12683569478247622,0.05086104701620587,-0.23068634703080024,-0.2852777514309493,0.9819936371422863,-0.5730072761166478,-0.2702750406496302,0.2536117199621054,1.677619047619048,12.628410638652243
69,0.908130755411781,0.319006956148975,-0.113570971413101,-1.8260096514859,-6.09935969827378,-1.83817796645715,1.83673525384533,5.31287803262231,9.6028104582148,14.986753284517,3.97604659194054,6.16330642453732,8.97904404252404,-2.29667416642232,-0.180441884537642,1.7843814067038,5.51723954872972,8.83612677934246,12.4988888590787,12.9393983299959,13.6640886198206,8.26325700112213,3.01198924199199,3.23212632817435,4.24691050932252,5.32873601868086,3.65128299330459,5.32893678419227,7.05928115383756,6.79776781465197,2.30724514633194,19.5538049950586,36.2632164780575,52.7003891983269,68.6354861128885,85.5399316820713,102.999513485268,125.284284821666,149.478094204832,176.151874387117,200.691338777827,162.029541235547,127.537851919573,0.18234699250850464,-0.1437067472280853,0.07879945240778194,-0.13574674312705076,0.2132089274461937,-0.05686627727021958,0.04149465172341722,-0.08440547087323767,0.011803175981404289,-0.04468594504769387,-0.10866747528133475,0.12921702572727262,-0.0027678799820111,-0.027664175310536786,-0.058889933887254005,0.031123084943077143,0.0048600170274382595,-0.012109359171778127,-0.01157946976060018,0.019598166896377542,0.023565171193348614,0.00299431341741163,-0.018007369606966084,-0.00047003690656150014,0.00555990786869803,-0.03149218055966358,-0.0049448902970584425,-0.022534116849735324,-0.082395975890668,-0.03135709698734773,0.05695531388595534,0.05403357014940456,0.08279522912849209,-0.3943769395294358,-0.13825837375933855,-0.04003913409843584,0.09554123263561434,0.08797068935076657,-0.12355289939364131,-0.5739811082866518,0.8150152774533598,0.08012902625370061,-0.30129209508743754,1.3848677248677246,14.166204106175623
70,-5.54776156951716,-7.02463613322716,-12.6050352579101,-12.6480829919789,-14.8345559590841,-11.1735498362589,-6.5057869034631,-2.21965442629502,2.5788960724598,6.80328802396664,1.01333541188073,3.94377449198045,6.77485613130851,-2.15967220039172,-0.0488684963210436,2.01221513846238,5.6500762482147,8.94936957531664,11.5110141224188,11.3645608577249,11.4368435619445,6.95619221870375,2.60455410903437,2.51429257906091,2.59163495722914,2.73215334188985,0.88123036172431,3.44617262551288,6.20336680649594,5.5487868460376,1.19757947585353,14.738027361649,27.8361665079403,40.6411966514546,54.26207182192,69.3896120191843,84.9319451162928,100.465352776917,117.02267705501,139.36828787953,162.029541235547,143.927638028051,118.889985438875,-0.07631113850548454,0.042439500111967725,0.05480189327302319,0.09144225704956503,-0.17571476831547178,0.1918137528250285,0.01010506485273198,-0.03175784078772369,-0.10464236830314025,-0.05067055601798647,0.05073948857437926,0.1147475332777242,0.04867160595856275,0.02033820290792888,0.02361517322254203,0.06824218244010836,-0.024686174268960057,-0.1998387259502363,0.045662409746472676,0.04589135255015417,0.03426462850081053,0.003364273421802527,-0.01996165815747398,-0.058660661572474945,0.006260716474136269,0.0584836463521396,0.1201380871564862,-0.16089811652225555,-0.0997805851421296,0.03988498965016854,0.11900347072269629,-0.021713533610182103,-0.2414103694231831,0.14602571745403367,-0.06304715329741416,-0.18380337608275155,-0.13388069793432966,0.1526541507112338,-0.1827791199954865,-0.270411725518011,0.0801954767601026,1.048951117271654,-0.6995853535017821,-0.5023280423280423,11.996567760324233
71,-3.74944201205097,-3.87686528737842,-7.44223849127522,-9.79724959097359,-12.4184709832867,-10.581542615698,-7.18090807890212,-4.35040105511505,-1.13062278613748,1.21445832119448,1.39787489715452,3.03340633065733,5.46335240807772,-0.930545751184954,0.824176489288276,2.28210580801632,4.30200810984125,5.99856606720482,6.45006049720635,4.66986231237071,3.16532684183712,2.85802839387285,2.65620092218906,2.76720404209382,2.74362240581408,2.78452402087588,1.38882053461334,3.27858728254153,5.62072482432704,4.81240451463495,1.30063511545713,10.7396548438889,19.8030161237453,29.1168545863317,39.1129456862083,51.0928452288405,63.4691129829954,75.0522007484094,87.0132568964235,106.01133402668,127.537851919573,118.889985438875,105.913714494227,0.030790728283787216,0.02111981970136179,-0.06106228376395522,-0.05720528827030948,0.05096666845213656,-0.0707029395548355,-0.007900990616748175,0.04880213574201755,0.05520060563696498,0.037607944467626594,-0.006828530570553436,-0.03856868635728669,-0.05185418541012098,-0.01944233769074831,-0.06419510806249674,-0.06493580904303382,0.010697377021810435,0.145706608788233,-0.08063256054552871,-0.03921595786209266,0.008425368391415689,0.005547394390913172,0.008674505804806153,-0.01432010348590261,-0.01471546975603789,0.00040341275617084216,-0.08114376653647837,0.11464072132247782,0.08893653332387559,-0.013619867727717599,-0.1822342228944376,-0.028300932065309127,0.1389885924927651,0.03791193060705185,0.2112253550238771,0.1052904734202449,-0.04942351528890362,-0.14916914960594274,0.1980369569357673,0.25439558565542314,-0.30174217907710965,-0.6994981866667213,0.7580150259344391,-0.8173015873015872,10.29095304110493
