,Cov_0,Cov_1,Cov_2,Cov_3,Cov_4,Cov_5,Cov_6,Cov_7,Cov_8,Cov_9,Cov_10,Cov_11,Cov_12,Cov_13,Cov_14,Cov_15,Cov_35,Cov_36,Cov_37,Cov_41,Cov_42,Cov_43,Cov_44,Cov_45,Cov_46,Cov_47,Cov_48,Cov_49,Cov_50,Cov_51,Cov_52,Cov_53,Cov_54,Cov_55,Cov_56,Cov_57,Cov_58,Cov_59,Cov_60,Cov_63,Cov_64,Cov_65,Cov_66,Cov_67,Cov_68,Cov_69,Cov_70,Cov_71,C_0,C_1,C_2,C_3,C_4,C_5,C_6,C_7,C_8,C_9,C_10,C_11,C_12,C_13,C_14,C_15,C_35,C_36,C_37,C_41,C_42,C_43,C_44,C_45,C_46,C_47,C_48,C_49,C_50,C_51,C_52,C_53,C_54,C_55,C_56,C_57,C_58,C_59,C_60,C_63,C_64,C_65,C_66,C_67,C_68,C_69,C_70,C_71,Mean,Std
0,304.512918563954,312.282706111131,301.827271759737,275.215213777034,271.127292705253,197.526721524202,122.821211293878,107.65318458304,95.2029249061206,66.8532496460126,27.2416910558949,50.3726913889077,36.2006027454464,58.5077617476757,37.3147085989952,4.82771719002662,-17.7296298698352,-17.6265109343967,-32.6044694415987,-40.7991437597683,-28.7278188158051,-32.2541575633607,-24.1798241303494,-16.2103577585706,-12.2546409120649,-8.64256761760748,-28.7050424436052,-50.3745232722643,-45.4438549514253,-33.909278365099,-25.7585857828709,-19.1053588121531,-16.9067637561214,-6.27864715743473,7.12237747314324,13.2342191048581,-6.11629762096797,27.0242707960572,59.6607217572795,101.115165792232,13.6493111035146,44.3614733783318,53.7409208789079,75.5655679050776,59.7599657417327,82.6893289533823,111.133055364085,105.429405179495,1.7780529919225154,-1.4336522580881355,0.04959218100168992,0.02114063273718059,0.02932797767711091,-0.11313235943062898,-0.0032182591779390058,-0.16013520558988725,-0.11542695374761272,0.2556041801711149,-0.02631146288298936,-0.18783139847773436,-0.0020302281793598033,0.14292133546711402,-0.08897627295391136,0.19932277154347347,-0.1155635587928388,-0.019225291097109406,-0.1497144268057284,0.06586187886556207,0.25131870685872815,0.1363119822703875,0.14212010822988574,0.12759787608281006,0.2448574914103816,-0.1867587032983584,0.003871026631250344,-0.013422464393716459,0.2881138378584733,0.058730584706616774,-0.014883099607684054,-0.2916425084000794,0.029540859620538845,0.22387793058600405,0.016705935071260874,-0.01003626534990082,0.09319477764430832,-0.05593078941165383,0.07824131536659985,-0.11477114560129394,0.17555889603492314,0.2554356164059034,-0.25435721411257034,-0.4867694494077161,0.2935718278569492,-0.05218898447468764,0.05231791115397251,-0.14516200289553238,5.420194003527336,17.450011993232373
1,312.282706111131,334.483539345255,327.642871387783,305.820382581187,303.845497554196,221.235465340091,135.567015196442,119.136615582057,106.021117254441,98.7396001699635,49.7657842779963,74.1120203033596,66.7300721204294,90.214389103003,61.6463729258067,26.9729281117358,-8.66199407597594,-17.6428463677759,-33.7925876696391,-39.1683697633334,-25.6106798282822,-30.142906255042,-21.056947368423,-12.070125697219,-7.30282295706084,-19.1029815381486,-38.5383466197727,-53.1151936770808,-45.7461666115817,-34.0676293486097,-27.1434837815328,-21.3054610648711,-18.0702335027041,-6.04191429344283,7.90794449381162,12.5671491798063,-7.16392370495657,26.7115948403959,57.8412189646537,95.7884677193606,4.00510931277553,32.8746534816254,36.7215203351427,56.5117485057316,44.2487710450566,71.0544325030781,104.739762321785,105.325747208638,-1.444848736120401,1.5558944045715815,-0.48185956787665013,0.11481176235112378,-0.00792439281454518,0.039120003068314514,0.066983911202772,0.060050776578690956,0.16921632473500883,-0.35643282840749785,-0.058258723440942704,0.24455457329914557,0.20560855260223962,-0.18621560915212323,0.019146628249638357,-0.009667029759677754,-0.11615064208746957,0.027257465136463547,0.0310522033816418,-0.019831374983779765,-0.16218927700542457,-0.16272201900411196,-0.07736336535355996,-0.053866763426858026,-0.2434471417765115,0.1671848756918905,0.011795692257886323,-0.05452762822235092,-0.24416498701541492,-0.06532712093984848,0.08077261006546448,0.30032295447501756,-0.03470824113189083,-0.11125224667353423,-0.10719012539993483,-0.07413455953394825,0.038375708683936145,-0.02994938280176167,-0.1353398581048076,0.11071731932350237,-0.21681998249151171,0.03686981632784601,0.13360191441649613,0.29587382681863494,-0.1569961835090557,-0.016359181831430356,0.0826052919902849,-0.029979586582747016,5.913787477954144,18.288617753817682
2,301.827271759737,327.642871387783,378.311946224765,373.57987368262,375.269566211536,267.090411217564,151.744125551127,136.231824232549,122.409518416808,117.881589692315,95.8558453544709,135.421559674011,143.028860811349,167.533449961981,123.385199514272,77.0125675708551,15.5030603961154,-12.1289954273392,-34.7132392362109,-38.6774259432107,-20.2158937177436,-25.5763945636578,-14.047681527083,-5.39711381490319,-0.905775135609973,-15.2385047930767,-39.183079183338,-53.5955019794166,-49.4826323964366,-39.2103801072808,-32.976926974777,-27.3723600328341,-24.9023845852992,-13.8324277714878,-1.87082392411486,7.47070533927998,-3.13801900895099,34.5087575315458,68.4594211862952,108.380555185222,-1.06101549027276,37.6986510852006,33.3032470067209,55.6452340639279,50.2593514075042,81.7771345298084,112.518359127778,110.806539339942,0.06009074394577848,-0.48666701404448304,1.1338695564069288,-0.6955096593996558,0.06703696478719617,-0.04529475787009433,-0.08985762047924438,0.1576449927087414,-0.2472538574660329,0.20766827244819802,0.24471889678561173,0.03463946763539218,-0.40019506149237266,0.09492969190244441,-0.029253900817399307,-0.14544098741058872,0.25884413757223734,-0.09284011364087535,0.5081746204005483,0.13029409539289247,-0.15846501563654988,0.005513662574813119,-0.03299503146726771,0.027121994933041734,0.09665690068920847,0.26309040509912435,-0.22872070957029336,0.26961343967830137,-0.010085653286102858,0.00993689222472339,-0.0029092108433445853,-0.0028073102012233543,-0.1305674802484982,-0.11843748207160076,0.16641507652035842,0.0946838045202074,-0.07225112975504472,0.0931477172506324,0.049582227201890525,0.0864083203282939,0.028788029059474335,-0.3543263570323405,-0.05337347604248024,0.10689393921873144,-0.04139200743592967,0.005621142081513346,-0.12745625053807144,0.22923456044357307,5.589973544973545,19.44998576412756
3,275.215213777034,305.820382581187,373.57987368262,403.658456466837,412.352903283995,282.125482355285,151.48088204475,133.450715417228,122.305215194031,132.773535877294,128.077798027283,169.9995876845,169.676187515829,181.748067982388,138.522390157202,94.6300802453124,31.0111654766793,-3.65073228628606,-28.0018851573425,-28.6546349226883,-8.68324393839538,-17.9178521844528,-7.41272820357918,1.45555394326823,6.18136054124888,-18.1294390942045,-41.9279847794043,-48.8955459340672,-42.7571238900975,-31.4489976559343,-27.5934326278695,-24.0311899611157,-19.1979818150776,-5.74293725093658,8.70567640361539,14.6700340634589,7.40317783292789,46.2925115405085,80.1127473573395,118.338598000808,0.351302062272815,36.1825654814129,21.6600816876125,44.1377399338941,49.1255959805127,90.9374025518454,128.631822937194,134.848133072493,0.01167122761096797,0.12376528475314055,-0.702575395652278,1.10030745955525,-0.5719848855913748,0.30368577768910743,-0.17608819814323579,-0.06228715058896773,0.2183318062431989,-0.05783735444923788,-0.2143857590643958,-0.19357770406240427,0.12416078902992045,-0.028285918361066593,0.1418943465959367,0.032100394159931364,-0.014549902475848238,0.04717384823365312,-0.40113666640105744,-0.056044690292046326,0.08780093072809748,0.22045714165553293,0.029604886378673173,-0.14691052253445347,-0.3027853687646007,-0.3108066151088481,0.376655504037981,-0.04297701884426346,-0.1252410072747901,-0.02477871775710815,-0.09296911447832225,-0.1892772793516976,0.12603345294948148,0.23733425238537903,-0.03882042624916915,-0.1202552880301308,0.09516024925146073,0.015134692883206789,0.07886314585801085,-0.09269804971179513,0.110449097482425,0.24111974789612742,-0.12859960026702438,-0.03817874370097299,0.08552148782274452,0.008076799649247766,-0.2865819212963696,0.04860137975415136,5.97449294532628,20.091004366801492
4,271.127292705253,303.845497554196,375.269566211536,412.352903283995,453.425930356495,321.905759963634,166.656949728247,142.397427168191,136.895425940027,149.012514092177,142.433621204174,187.521299230912,185.748749341027,195.086204289524,155.860582501477,114.586834245575,42.2204387213643,-0.691884078221493,-28.2966827940532,-26.764755900961,-4.03558319259727,-14.158017652032,-7.93490023629163,-1.44858443892397,1.37856487199152,-18.1576434806458,-33.3988309795505,-34.6101114467638,-29.2409205506038,-18.7468370655665,-19.840645530648,-20.8558258121057,-16.3219772727286,-4.15333311780518,8.75929543770894,17.4466586151274,17.0107980507661,57.9316151299045,93.8709559399167,134.46197362461,2.5752920628317,36.9326798709893,14.8964657655556,40.8629866775939,49.6483903767323,95.7988185353359,132.833906690827,139.376738408959,0.027443193778950586,-0.01635985458706756,0.06814666050792728,-0.581805408182339,0.9967641192100928,-0.7246632235671242,0.2771221985079667,-0.07509491866330947,-0.12743660686687536,-0.058190952914240215,-0.00832371370444342,0.06387447254595556,0.04812928649466155,-0.07960413594015407,-0.0344405130147357,0.15413835578911403,-0.1705142950567576,-0.2191557777771774,0.14521629650226886,0.022779479402530257,-0.19785589967176884,-0.23254553852938228,-0.019402628121340137,0.13505033382107146,0.35877966478852424,-0.30101193093677675,0.2951590021191259,-0.05554034474772678,-0.03310459827769094,-0.033709180666695676,0.05165031103519337,0.2580302886352892,0.01984570111071985,-0.07235579276506773,-0.21753670441954556,0.01809818956210821,0.02527927196678675,0.07096614163380013,-0.08105488575299692,-0.01713666117609763,0.06972382371342119,-0.39300011831745196,0.40940909189382274,-0.09918825675471188,-0.12662160500859435,-0.008598323173270072,0.2749785751592601,-0.1999845508870624,4.647901234567901,21.293565468387282
5,197.526721524202,221.235465340091,267.090411217564,282.125482355285,321.905759963634,293.863389287995,189.519292032296,105.108553047477,104.117041424906,104.143651629117,88.2488502060959,114.062038047693,121.730845484603,135.925009459615,118.315306868414,96.9862121930492,29.466135179668,-10.4022684040076,-27.1590504125575,-31.1324393598593,-3.30777398962936,-18.2409912636491,-7.65675457144184,0.336195668712618,5.49056917368796,-25.7354221456712,-25.6531633474831,-16.4059955622049,-10.4421587773674,-6.48088210099769,-4.5100582532302,-2.02580422225595,-2.56311440862234,2.89733382339004,8.61197186792289,18.5043760091772,39.7217794871812,69.7492454783397,99.1035673566238,131.662269954793,-27.1960185973108,-3.63550389376688,-14.5929889406605,-12.3301976138378,-28.4532602317821,14.795757089473,69.3505125146166,73.1212906772951,-0.10105844963675488,0.036668746643509435,-0.034056456039476234,0.3139017383026284,-0.7324905820914537,1.1383557475818025,-0.6825793265700154,-0.09484682728510391,0.15531461853890186,0.06532951204900247,-0.1461902297630182,-0.08637228891951076,0.015151663323924966,0.09446641243378885,-0.09175928827564732,-0.015696438707585022,0.04314794904144718,0.05592102624982628,0.18929078699390622,-0.06660840733409007,0.027763866734628977,0.3333630900219009,0.17256997770244634,-0.014230078143664284,-0.31507288816935003,0.29204851740808885,-0.4519569904693,0.15586555910552374,-0.022653727037079137,-0.19790745829251513,-0.09373502851481376,-0.04802516037597699,-0.027623121826276128,0.0032303239496317866,0.2861914495071329,0.11117755318895398,-0.21610581825987438,0.0009409857109695362,0.10825109626865916,-0.032615786175950755,0.11555932191000776,0.07502871520634238,0.11474670145285587,-0.08450190884479797,-0.05238745809057836,0.09190881218606686,-0.11677642747581818,0.0981352646850884,2.364722222222223,17.142152411176227
6,122.821211293878,135.567015196442,151.744125551127,151.48088204475,166.656949728247,189.519292032296,162.29536075635,58.2907691093908,48.467830782013,49.9087775360952,35.6430919560144,43.6977410254008,53.1122110985787,60.5163696181847,63.7976421574168,59.0722500480495,9.17835115889554,-17.3377770888452,-21.7126003224944,-29.1984095455988,-0.957562487393398,0.504897778013029,8.84644423469109,12.2785105493559,14.1005517254545,-24.6801092049029,-24.5236963314806,-13.8170870443094,-6.22971243068715,-1.80368005836962,9.29472233064136,20.7880284445259,21.5738721762225,25.8514977469785,29.4712180084307,29.3351799877217,53.3434557519608,78.6253137000702,104.082087534269,132.844235807674,-16.4314175476496,1.7915145142488,6.67777651796678,4.92468062669862,-14.0146622549776,3.87712632031483,45.0166516479939,51.6084998616692,-0.007695628644297359,0.07636894245719801,-0.09466837828296848,-0.18393899645677894,0.2783483042337495,-0.6820304079976288,0.800678866420552,0.10020365627518199,-0.09942623061984328,-0.05455091237620752,0.1574567385444143,0.10273749179757792,0.062408872697062294,-0.06478376677630995,0.09498363338455489,-0.18845545105989364,0.1209842987854294,0.12432534212539254,-0.4171619244888104,0.022398512421352584,0.17424629065986005,-0.2822535238146609,-0.16761500275752603,-0.026730386813072653,0.11952092070132925,0.10967139245214198,0.053448777856269565,-0.27364645264253185,0.14698064567215108,0.258018687282604,0.1093199953576149,-0.03900763629769143,-0.033720395070503985,-0.024744709974866358,-0.17773672237518895,0.04040950184184475,0.050316976030361754,-0.06446316971535368,-0.11210243244247088,-0.003988221945220922,-0.17124383126725917,0.30503540515409633,-0.3855453351435017,0.12388195130550067,0.13342026127000137,-0.09649284471022437,0.20834743422805987,-0.1444006927996521,-1.3446296296296296,12.739127158339782
7,107.65318458304,119.136615582057,136.231824232549,133.450715417228,142.397427168191,105.108553047477,58.2907691093908,106.346067440045,95.624961444259,96.2448636488902,52.4521474450363,80.8657256741358,92.9352914766363,107.383217082523,97.3066592632826,71.2165536821211,19.4650180783341,-5.73426349987514,-21.3405822620079,-30.3218809499266,-17.8125916424765,-4.87783503207891,2.41518058030191,6.08226516111781,6.49036895850272,1.75498626155105,-2.39259001762079,-11.5785685184288,-6.7357480905375,2.05909175025645,12.5176020962633,22.6458535581877,20.443722109726,24.9537441659607,28.9460403720582,34.3449173349598,15.6902653890016,37.7707066279138,55.9564993419089,84.5375843634827,-3.40039646363967,12.0940546378406,6.79053830708759,7.31807790422679,6.34110475370547,31.6090085788903,48.4560585163135,33.5173545599831,-0.18301052136743465,0.06328854406689888,0.16890523845937033,-0.04959376500487638,-0.0897732639279761,-0.10001905013629077,0.1121879954880242,0.5201390814666347,-0.3234810069529307,0.009222924797934849,0.24801787117812957,0.08166958778075534,-0.16292617688252248,-0.050257744408844125,0.030604202593137956,-0.10762119716837212,0.11017049516731908,0.20059844383306463,0.03326171697826283,-0.015506782429209142,-0.12035390359383058,-0.038308989751998916,-0.048756684219981555,-0.13458745758155322,-0.22210493021891137,0.09158129064457006,0.16674141891587302,-0.0064995014827747225,-0.09814857745501988,-0.016377472729621218,0.023142322562556383,0.02737106032903209,0.020456010099802607,0.021464891033020756,-0.2206151938534456,0.04401022008318951,0.09149409077423655,0.05315501466191354,0.002333630276164014,0.03174623363735039,-0.1367039685561925,-0.05040510420573244,-0.1474259485598603,0.020689260855420867,0.24279151856198816,-0.21443013377984627,-0.19834733221535206,0.2805488680332682,-1.049814814814815,10.311938102997196
8,95.2029249061206,106.021117254441,122.409518416808,122.305215194031,136.895425940027,104.117041424906,48.467830782013,95.624961444259,160.903552123244,152.168504365552,91.7366000319991,111.907002437092,108.257909217263,102.971925973861,98.7602170598159,80.6401201965068,35.3122909143675,13.7509162237553,-3.86735655109475,-14.5422547123372,-19.5059566558919,-11.2584744474866,-1.79653082517583,4.18274228819059,5.48566149317007,6.95886249868244,14.7636675862345,-14.3750210672482,-17.212162008199,-12.2278891769114,-6.33854521441611,-0.367447391034039,-8.6000485543372,-7.27557172605869,-7.29983855080943,30.3430021254094,20.0765177094821,23.5359511684048,17.4816575248322,21.5283681738517,-15.3747751084955,-6.24751640950802,-13.1573862854205,-14.9812413995471,-9.13861063383797,21.9799530278313,29.1059675767373,12.6073652778278,-0.11072473467759221,0.16376597017179084,-0.2480769724259566,0.2049100940990324,-0.11882386224713787,0.15536046119373453,-0.11063257654919023,-0.3212017877108148,0.6724197617934254,-0.16618519823489153,-0.2849015494410753,0.03489605921305538,0.0785993751702358,0.042057537262693415,0.07587604215094866,-0.025899382771084258,0.012877441170849638,-0.2762466060547634,-0.10346980145003278,0.14376423501924446,0.23879233573798522,0.030177618820396313,-0.022242168712771057,0.08346546668957332,0.14390855476259812,0.023475192548726695,-0.18728060140569847,0.003666230714017818,0.0005576467838742142,0.10602455914271232,0.026413306711809054,-0.16679303046122793,-0.0743185601783582,-0.03821468957095626,0.5599663413611128,-0.45800002789416283,0.10326550518057263,-0.20657181353151333,-0.06131723059408785,0.10309851401163797,0.0986533831371978,0.01905490004355895,0.10366698940929343,0.11359815104545737,-0.13775755222195324,0.0904699537403755,-0.026581126605906398,-0.10454623521304503,2.3630555555555555,12.684382212912222
9,66.8532496460126,98.7396001699635,117.881589692315,132.773535877294,149.012514092177,104.143651629117,49.9087775360952,96.2448636488902,152.168504365552,241.684369412516,148.576136424049,181.438857655146,181.561548638663,177.212803471961,163.939128140942,130.892954717617,45.5236287056789,3.90370587238518,-10.6454175510374,-16.2992902841741,-13.0416227794391,0.745408475904886,4.30015230592464,6.54296846630948,4.60388923962738,-10.9046303309261,-6.40053922822421,-21.9701138387926,-20.918530786077,-6.55201389304272,5.3641114941042,18.002029377957,14.4245058102397,19.4541687694805,23.205927089789,43.1724413450314,25.6474520714602,36.8312130127982,35.2359083600789,49.4124177979824,-19.4674402953969,-19.303745687108,-31.7652826031088,-38.0470890407164,-36.7726009273668,-6.6538270360194,-3.32781931146167,-13.8524039070967,0.25817914636672795,-0.35734133337320867,0.213330405355542,-0.05431137021326478,-0.06417531401952214,0.07074578402240776,-0.05712750110993607,0.005085327598270224,-0.16535803861806123,0.2842450946881056,0.05706327629909295,-0.15001932390343234,-0.09190863208266192,0.04397555120309505,0.054221871682565335,-0.10982742536673075,0.11291403498190791,0.1134275846323502,0.04022436831240274,-0.13060164278257844,0.09168887271832593,-0.0036266055648338405,0.014707065817517444,-0.0029921685609230315,0.025946653226889972,-0.020015122810040673,-0.08939006031219111,0.027023385188990702,0.16345885810857633,-0.009469824890152917,-0.04177510641722782,-0.07526627788852815,-0.0001834190982143767,0.03432007969804844,-0.05104737025274074,0.13670686154005063,-0.09362314129099006,0.03526465373192319,0.10744088343288044,-0.07361104450124333,0.04130277450730942,-0.07677598508615925,0.03889005072524921,-0.02599822860101666,-0.013781525771236607,0.08079136545736638,-0.019417526783970136,0.024348315460608363,-0.18055555555555572,15.545879499485256
10,27.2416910558949,49.7657842779963,95.8558453544709,128.077798027283,142.433621204174,88.2488502060959,35.6430919560144,52.4521474450363,91.7366000319991,148.576136424049,183.262423184312,185.604453529012,182.336756931143,157.980273567134,169.06573854303,156.280384462989,67.4345904163869,7.28684920166166,-2.90809249527471,-1.40963367505432,4.47397571999495,15.9420225934805,15.5408649232568,15.6790300092545,12.8605769979591,-14.1093332356118,-15.3931757997372,-18.211073552984,-11.535282394856,2.29944005446511,10.6854677926221,20.4494769252185,22.3650414748525,30.2499199996768,36.3516728412489,44.7853222959385,47.0269740143225,58.1395157556295,54.7276779421114,60.5659223759227,32.0679288075857,27.1047538850357,11.077042685724,13.8945461220679,27.8683986131726,45.3914446502959,31.7307722511544,40.8901826149953,-0.039389556168579754,-0.05814952633443741,0.257111908454185,-0.20849121710308344,-0.013586026361142093,-0.15375292961230944,0.1702077895817421,0.24661650308220806,-0.2895438128680587,0.06257484735321962,0.47033084526804075,-0.05582497109279175,-0.21179902158055425,0.05101401528475204,0.013304828812797414,-0.10968206596941243,0.04402859870434915,0.3221842202811455,-0.028604329784011583,-0.11766059959726137,0.020105668412631034,-0.15074197119924604,-0.10488968320635798,-0.09666121514803416,-0.0016442328326963138,0.08449262749489811,0.01415200549227105,0.06428069485618787,0.026702539700102296,0.035642219917667285,-0.03792496107810585,0.032185716812130394,0.039932828475969635,-0.12882380719849748,-0.08944790438600643,0.13190633750913525,-0.05359746232371471,0.07476955590929932,0.029956121219705832,0.005157496981316149,-0.25578762194891896,0.059739704311652625,-0.18219957237078668,0.05430395380876247,0.1469355967557093,-0.04036142749281178,-0.08631609097874557,0.1599332785378909,-5.425992063492063,13.537075872739727
11,50.3726913889077,74.1120203033596,135.421559674011,169.9995876845,187.521299230912,114.062038047693,43.6977410254008,80.8657256741358,111.907002437092,181.438857655146,185.604453529012,268.714602669612,253.951023531962,243.647491991401,218.795841000562,180.529821272094,77.5010496292568,8.41170405513863,-14.5185945162233,-21.3119988480241,6.37434250140823,2.74208003877783,7.24667301312237,11.633562226405,11.5798430675989,-9.84107532899439,-9.29894675200761,-21.2733606851238,-27.8774476911032,-19.3803716609263,-17.2586866765681,-14.1117733974144,-4.91834484912637,13.3286936707065,31.954693948103,57.9660973842508,61.9187376447814,105.548171679423,133.283332488647,153.123837922443,33.1224794434863,28.6398297683546,3.33869233663963,2.15418890605938,21.4652147729933,54.9213420277329,50.7626685875743,43.5965955792606,-0.1976100284899573,0.25217048634355615,0.020240674403691795,-0.19378788166869979,0.0681981701021329,-0.0924283321855336,0.10771636274863947,0.08015238323748705,0.03892046075147273,-0.15177194282402584,-0.055545204274190976,0.4330329693703582,-0.01246844220285045,-0.058361678888387225,-0.11393032200152943,0.04382899617323682,-0.04646267935556331,-0.07753634608641889,0.13057252543913836,0.12307388647582361,-0.06833870958369176,-0.11022503783138567,0.025605644256254896,0.059798914567817094,-0.07861987336638064,0.24489864403073927,-0.0805358503873462,-0.14231248366664803,-0.00043779746929687753,0.02970667359620334,0.1761340809604068,0.060597359659010155,-0.11545176535492882,0.03088800957819161,0.025978469710581927,-0.21799167001931485,0.16316569086764152,-0.13935983122024606,-0.09405011198183914,0.10945170720889491,-0.09274681011903689,-0.03875208726341734,0.011355553982108009,-0.01368658086666513,0.14219706595208845,-0.2212494375048481,0.06713285819841656,0.04574690301332493,0.6430555555555556,16.392211646681847
12,36.2006027454464,66.7300721204294,143.028860811349,169.676187515829,185.748749341027,121.730845484603,53.1122110985787,92.9352914766363,108.257909217263,181.561548638663,182.336756931143,253.951023531962,313.479703527771,312.837545937598,268.157226976088,215.200354208497,98.5924291845322,19.9368347345798,-5.25287213288673,-15.688401485616,4.21782565794508,-3.33645661472428,5.30180741083,11.9667336944058,12.9014886224165,-11.7994791990316,-11.4207047166066,-19.008639922876,-25.6127671070991,-15.0293827539889,-8.17808267389358,-0.589243095343858,6.0046487564727,24.3535471868509,38.6701811695466,49.2658072841487,49.4186675220448,83.9500218122848,103.202043229341,119.035774337743,-5.12689757157752,-7.05491317141745,-31.9582110822275,-41.4804765910759,-33.2581306701272,11.5326126224093,27.9088484937801,27.7700680460667,-0.0019789423830593182,0.21820355278229359,-0.41470552369189273,0.11356561302247473,0.06692095706592635,0.016130541877201525,0.05666146551499559,-0.16157441080599888,0.09100537102588027,-0.10082998562517184,-0.21823800844498756,-0.013509864637337485,0.5742898771835098,-0.18214576997725068,-0.11381419812471426,0.08454822339882234,-0.1198078936255697,-0.07559727885825392,-0.08340381797186275,-0.08830550842022662,-0.012447056547313838,0.12197385173347683,0.0414674985138784,-0.018740268777476848,0.026210449416755658,-0.04155979104454332,-0.14233470091654213,-0.26796135201174387,0.23852452631138796,0.021746261934253167,0.013072347690994034,0.032799462539368586,0.12274263131184812,-0.06843091647586827,-0.21605757680817841,0.16453091503437844,0.002388894260189874,-0.13386981588206676,-0.05746771101665876,-0.02695557977123973,0.020441809766210937,0.2186357598337773,0.09879830142740383,-0.035263528316054206,-0.15772383118886463,0.05324447532675546,0.32120262388476933,-0.2852315415994095,6.31126984126984,17.705075643096563
13,58.5077617476757,90.214389103003,167.533449961981,181.748067982388,195.086204289524,135.925009459615,60.5163696181847,107.383217082523,102.971925973861,177.212803471961,157.980273567134,243.647491991401,312.837545937598,361.406241095864,290.721922298186,211.066066439523,87.1442636155155,13.1019823578717,-13.1198270073268,-25.009064464756,-6.14966095161124,-7.81153856581314,0.418691552821418,6.00592626874919,5.52923444894388,-9.22326364067871,-14.293160435692,-22.0718996320232,-28.4579309630929,-18.5402648973582,-11.2289518385292,-3.37751348872171,-3.67073651002948,8.51141136627444,18.99237528031,29.5720627365876,27.7524489518387,64.5539852904345,87.8431654169239,115.605693231445,-27.4489368781938,-23.6584534045202,-45.0495203028004,-55.5586346999725,-57.0652011907578,-9.51433145284039,10.7723300342046,-1.9779944685299,0.14272888191968638,-0.1966972047195273,0.09740023851863248,-0.03472490524657166,-0.07971123835442855,0.09221066670792581,-0.07027572128750435,-0.05870480265375266,0.04574027704725199,0.04746958236331778,0.05052614163082076,-0.056917250852804004,-0.1849713046627386,0.562539761007317,-0.6959773697492626,0.29601152380198276,0.09192096250535355,0.006129256064579124,-0.15809590070629567,-0.008869772830381343,0.10471128879266309,0.10203490376931362,-0.024512314867207848,-0.010427238381182584,-0.0009467464263115618,0.15032946647042933,0.04103120585841246,-0.20383575688971262,0.006329641134503967,0.19515692188388212,0.042444527614027776,-0.010493671284635414,-0.051878007519254726,-0.1919943071013751,0.21068300265528328,0.061181668635430425,0.010677238883798974,0.019013853654168064,-0.07297505873078337,0.04002342781806173,0.07768562467999678,-0.0861438547607477,0.002557827241126601,0.042828004776057776,-0.027816556078015,0.0007478097903063588,-0.10418668635678946,0.11733486278869136,8.662261904761902,19.010424537496885
14,37.3147085989952,61.6463729258067,123.385199514272,138.522390157202,155.860582501477,118.315306868414,63.7976421574168,97.3066592632826,98.7602170598159,163.939128140942,169.06573854303,218.795841000562,268.157226976088,290.721922298186,317.00262738812,302.508353371303,141.182719026721,20.2426279756574,-2.93154272530651,-15.4907453831071,-1.77456667877765,-0.090833366851714,5.29915001831816,7.65011741186543,4.75965383560395,-16.9254440903679,-21.7382805911136,-26.3842167726971,-12.8403646490993,8.67982170493495,29.2471465388965,50.3001510241677,49.330008178787,59.1514416600066,68.6712029593406,63.1823370788775,53.3691608131522,74.1671906517116,84.4303968526122,115.495336453205,-4.92207931737691,1.00898349800204,-14.0507254375204,-24.5888384763933,-26.4898399133954,23.3749184005333,40.9348193802012,35.637470484999,-0.06462169921926607,0.019471333131061083,-0.02158650377818929,0.16099886543723171,-0.04488448424897922,-0.0876218902487302,0.10429389706241485,0.04864384612995476,0.04362808993047478,0.05456205605460993,0.0136579872799167,-0.11154457375114049,-0.10798909692151196,-0.705406218209844,1.7194149468419113,-0.9696111832643011,0.18515019630920493,-0.04839442372599799,0.1198369767443939,0.01593932907030635,0.13696382029221985,-0.296289018097262,-0.0236237996413653,0.0033478198837702607,0.09681286168117682,-0.39974682318269994,-0.03884100467291909,0.550233175995596,0.03099160759510161,-0.33002095168407936,-0.17393997455467736,-0.19378909313774806,0.05732407172446413,0.3681445589821059,0.04445558962217334,-0.3069455916074164,-0.10732032160641673,0.025997450267963587,0.2755560002541285,-0.17694509646643883,-0.1135242744836292,0.056353531320478774,-0.00027277217897366945,-0.04876741050510253,0.16668674739756992,0.06015061697030229,0.030309701995549925,-0.14048493350862967,7.329365079365082,17.804286769992217
15,4.82771719002662,26.9729281117358,77.0125675708551,94.6300802453124,114.586834245575,96.9862121930492,59.0722500480495,71.2165536821211,80.6401201965068,130.892954717617,156.280384462989,180.529821272094,215.200354208497,211.066066439523,302.508353371303,385.753928496494,212.714079881431,42.4679163128171,25.7814966878311,16.5572365035524,10.4723674982276,-9.72863182996231,-4.83375691173178,-2.72128618371453,-4.56153871832997,-29.2682299431953,-23.9380052390035,-19.4712191684348,-9.27917335645453,-0.718014592305467,7.75160972768172,16.7025115963761,16.8786370089914,25.1445161044345,34.1487103908076,21.2762391847594,9.16061411231619,13.7441625654412,11.2569485902916,13.4947413723373,-10.8030227298092,-6.13273817661257,-17.8239949138175,-29.175436330942,-26.224604019196,23.328211875388,40.348188223375,43.8757943584191,0.20317141971338046,-0.008015103154062453,-0.1754415915198167,0.02406217463862263,0.17738195906376697,-0.00832476927830081,-0.1970386501967148,-0.13211436905210397,0.0031780614694088766,-0.11470754493251144,-0.10827167796003265,0.044186152939604206,0.09010495728518637,0.3070602142152738,-0.9989813756221309,1.1965865368581525,-0.9852738560299865,0.22866234122821,0.1778571226172522,0.031164298296587897,-0.18880172517145336,0.018653076014137054,0.10112940992297746,0.11086347646793358,0.019035252882313673,0.023346689309700977,0.20757661430967703,-0.05663013578180808,-0.20048512005177127,-0.03437029169513963,0.06482462219065412,0.27229224829608545,-0.009700890601277122,-0.11236819109391925,-0.0668574180551969,0.03288089144640764,0.12232202940682357,0.03347571527410448,-0.15088057305240507,0.119416901860315,0.07067729636248148,0.10857258557750905,-0.09729026895911841,-0.15702840761757345,-0.04909206149419703,0.08709370508441182,-0.1710375120403254,0.07118024277394942,4.290912698412698,19.640364775036495
35,-17.7296298698352,-8.66199407597594,15.5030603961154,31.0111654766793,42.2204387213643,29.466135179668,9.17835115889554,19.4650180783341,35.3122909143675,45.5236287056789,67.4345904163869,77.5010496292568,98.5924291845322,87.1442636155155,141.182719026721,212.714079881431,141.550083072693,46.3046809108691,36.1739905905474,31.4368264340491,11.9999390721751,-16.1580182891709,-11.8389648989099,-8.64531273802559,-6.87292416642211,-12.0630957082296,-2.63435520938908,-3.6240672586177,-5.42425875332309,-9.28404485531475,-14.1066397383986,-18.2879874473152,-18.0000420996432,-14.8082516598935,-10.8044975349925,-17.0379814185378,-23.6543658446519,-34.2064554088028,-47.1496903910976,-67.6685490188895,-16.4339901258191,-15.6873174711911,-25.7489316026916,-34.8195823304573,-29.9119987600907,5.00838011889249,17.9080774918568,24.5072210755826,-0.1405333998898805,-0.12605634314006847,0.27198687447124215,-0.013082190049340522,-0.2044546264933619,0.038459738300711165,0.13917809228625502,0.12286942145686357,-0.023167351689046822,0.13342844246613003,0.039641850498973265,-0.06515265300919902,-0.10742120574464058,0.0926692201340123,0.20367789196519304,-1.009768806103081,1.6945793491130339,-0.7111183849108635,-0.49763983890466323,0.07425565603241437,0.040829353286146744,0.4593995429644219,-0.12209537965604281,-0.18109728554499227,-0.12456245277665205,0.16646376836840718,0.033156608211796675,-0.29638206284244006,0.013223272510528369,0.3237393470711668,-0.015361424273592815,-0.338627535810904,-0.021964366647122993,0.031080885339830347,0.002514096318226198,0.20783988091143799,-0.028817225423324686,0.017067160620854577,-0.034621655603337236,-0.04680330223543035,0.22794507662981076,-0.3323583164636511,0.06225724912487404,0.3078955219836353,-0.09365208763165114,-0.2993772742795378,0.20831404376294185,0.017552629090858772,-2.5725396825396825,11.897061951284135
36,-17.6265109343967,-17.6428463677759,-12.1289954273392,-3.65073228628606,-0.691884078221493,-10.4022684040076,-17.3377770888452,-5.73426349987514,13.7509162237553,3.90370587238518,7.28684920166166,8.41170405513863,19.9368347345798,13.1019823578717,20.2426279756574,42.4679163128171,46.3046809108691,32.9244369412516,28.5732954990091,26.7475160800562,7.41139978612723,-11.6562756462145,-9.70824709128579,-7.3594149831086,-4.74383906712468,2.79764338347911,10.3507094007071,0.509335632199308,-4.81933934330231,-9.19781800037174,-15.0907212489457,-20.3449822039725,-20.4364871482926,-21.0271856983873,-21.6508341187238,-18.6612568377032,-23.3707787315635,-40.1256406199807,-56.7353878585194,-78.8484338998783,-16.76035062715,-17.9688680742055,-22.75114193147,-27.0769075778714,-26.6506934377739,-11.0018866681944,-4.49255017159873,-1.47643437586468,-0.02409097119011662,-0.0044554100292201896,-0.06755233337108972,0.056875940474676055,-0.2145786859401565,0.029944565948452448,0.13454260356845388,0.1918736652573086,-0.27181864429099845,0.12263281649176232,0.34242242645519516,-0.09824869684527622,-0.07291625493776119,0.011500558747419959,-0.043320835523593414,0.21494256768936162,-0.7245356223166054,2.403724367221528,-1.2759262008877588,-0.341188890146627,0.3352032957195257,-0.3309723066269247,-0.06748786921039787,-0.05106706370182937,-0.008866863507986612,-0.004659945498036822,-0.5685331391989157,0.440781615897843,0.06951173554821863,-0.011081202992476493,0.06945812722170859,0.014350196704651631,0.046995341064117666,-0.042167704442925516,-0.33474317271174603,0.23496048507591566,-0.008294658078445401,-0.1963973755654227,0.012082914213531184,0.08193425633031551,-0.22278594467549973,-0.23623683057400638,0.33969499108001916,-0.027129692027118214,0.1269729897487324,0.22130216798601715,-0.3278843808357679,0.19754933966602523,-6.686944444444445,5.737110504535503
37,-32.6044694415987,-33.7925876696391,-34.7132392362109,-28.0018851573425,-28.2966827940532,-27.1590504125575,-21.7126003224944,-21.3405822620079,-3.86735655109475,-10.6454175510374,-2.90809249527471,-14.5185945162233,-5.25287213288673,-13.1198270073268,-2.93154272530651,25.7814966878311,36.1739905905474,28.5732954990091,31.3813601532567,33.0346374446517,10.671027041788,-8.56211226126781,-8.64081211415057,-7.70941340554279,-5.65519472596893,-0.309564502737859,7.19109677994014,1.72113318969127,-3.78729727441926,-9.61547350547369,-16.4018923790142,-22.5727861517049,-22.8192079930534,-25.3182492013471,-28.0558077512672,-26.1982562558555,-31.1820545960985,-55.0502030363144,-77.2906966969636,-105.666239060293,-18.5075237416353,-21.4722689060503,-21.1759192831612,-24.2446578717149,-27.0562718577823,-21.4976440057135,-20.5677695797278,-12.4667075002529,-0.12563828641221747,0.02994282632634308,0.5195176758631015,-0.37437056701402655,0.14337497658454207,0.21927384609286846,-0.4544244740239781,0.028639517455642974,-0.08360847935561458,0.03469284004948884,-0.04077164945365877,0.13195230118750478,-0.10939949288162844,-0.1597835124747368,0.13767323795718142,0.19073029390480867,-0.4953814211312998,-1.2760544694333735,3.494397089282259,-1.2762834940131744,-0.14229775201493586,-0.03067008465892318,0.067824993868496,-0.006108074842295231,0.010920739821026518,0.05796762072377494,-0.12203508599193252,0.05354097766915874,0.03393833988017689,-0.01622749773583402,-0.0009125160524813028,-0.011345891401273234,0.15943142724805093,0.09082882383065796,-0.10365549786781963,-0.19120667374579126,0.0281702601911276,-0.0133272435485989,0.14694797686922625,0.053839401169831894,-0.06706861554232624,0.19532558069124797,-0.049332833676045254,-0.33586148662037657,0.06895466885698971,0.08363518983109298,-0.075916179044895,0.12401470316567804,-8.15,5.601014207557119
41,-40.7991437597683,-39.1683697633334,-38.6774259432107,-28.6546349226883,-26.764755900961,-31.1324393598593,-29.1984095455988,-30.3218809499266,-14.5422547123372,-16.2992902841741,-1.40963367505432,-21.3119988480241,-15.688401485616,-25.009064464756,-15.4907453831071,16.5572365035524,31.4368264340491,26.7475160800562,33.0346374446517,41.9527362707535,16.5923466689491,-5.26950840988425,-8.78726827153005,-9.72174059176067,-7.96692983805473,-2.92996952541107,5.05774097288321,4.79331871733372,-0.561617208105007,-7.26452080816767,-17.7790777482499,-27.0040067068298,-26.8848142900639,-32.360860403773,-38.2123783997429,-38.1566627345681,-41.8892393985463,-70.3436913799714,-96.7986206665754,-129.746850146291,-15.0583453163034,-20.5967499786452,-21.9237153522115,-23.5256983554381,-21.7445505542202,-17.6007954473055,-20.8424118860123,-6.11068770063547,0.11726685457554238,-0.0127148197395405,0.09287784166504758,-0.06823053960746897,0.018597973662600555,-0.0516369336613475,0.011604909012546944,-0.02686491391261167,0.1700710347297177,-0.13651415319605834,-0.11228585195765702,0.14322737461672763,-0.10305562225638412,-0.0064455744636547204,0.00777862695362395,0.05327349304577253,0.1341031113392779,-0.34342635756265166,-1.2971719627799743,3.0457824852501165,-1.3498964291785642,-0.11738052906236791,0.139922959010256,0.10190308981082237,0.009810410150953535,0.29816089984926486,-0.029028834333833613,0.21265369119018168,-0.020423721778186816,-0.3714476010857082,-0.03213197690018608,-0.022978460240950148,-0.16692382543739676,0.12094951958427205,0.40249552411063766,-0.055147281223582784,0.004089808720265748,0.01487742170464105,0.24559026071578613,0.1709935564311273,-0.29031295732176116,0.31078759978962284,0.020328265797375702,-0.14473292178257008,-0.030211047123645147,0.04648011896029303,-0.25835086857783174,-0.03986425108482233,-9.338888888888887,6.476321198856146
42,-28.7278188158051,-25.6106798282822,-20.2158937177436,-8.68324393839538,-4.03558319259727,-3.30777398962936,-0.957562487393398,-17.8125916424765,-19.5059566558919,-13.0416227794391,4.47397571999495,6.37434250140823,4.21782565794508,-6.14966095161124,-1.77456667877765,10.4723674982276,11.9999390721751,7.41139978612723,10.671027041788,16.5923466689491,25.896566091954,1.46168927608737,-0.581348709104423,-2.08782043634439,0.46556420973119,-8.95321732133153,-4.80154930579982,-1.21461760102135,-1.34649222251762,-2.65763523192285,-5.13317533480729,-5.66243568305028,2.28676209477377,1.73545399371007,1.00152738020657,2.56391886982158,4.22335994898932,6.0025597979549,11.1942901342769,8.00219605624754,-3.65936375091145,-7.70157049981284,-11.3367036409423,-17.280534929883,-19.0057348102292,-17.5614736120649,-9.18936223937948,-3.63453331812021,0.228570771760718,-0.16354021983773767,-0.11597370369992596,0.0754713237029135,-0.22100562048155892,0.036286849700382186,0.17825249402489493,-0.11368785300482137,0.23048888012448576,0.0962014397558603,0.01598230274932407,-0.06619494486129977,-0.01358266881422076,0.11018098431407092,0.14871598782065787,-0.22890082882293739,0.035370120250431375,0.3291188820516307,-0.14303147345410433,-1.3465347638531528,1.8117855706280768,-0.38000680108912616,-0.09923831751165609,0.33592333410974085,0.013110033896870524,0.05933003433006903,-0.16861877357780164,-0.13395913477563037,0.15674556756721644,0.25998148806311233,0.25607879289579727,0.1353347191901332,-0.5756928255884741,-0.022683144156242604,0.5189439895986573,-0.4836604684103436,-0.08986640612331748,0.13209884506846808,-0.2573045295572912,-0.15799483433391395,0.14353129162647088,-0.08921984318553514,-0.2997098308604921,0.28657600056142507,0.11109397275274896,0.07617555019678436,0.22401418845067878,-0.18903466352246942,-9.191666666666666,5.087884245141002
43,-32.2541575633607,-30.142906255042,-25.5763945636578,-17.9178521844528,-14.158017652032,-18.2409912636491,0.504897778013029,-4.87783503207891,-11.2584744474866,0.745408475904886,15.9420225934805,2.74208003877783,-3.33645661472428,-7.81153856581314,-0.090833366851714,-9.72863182996231,-16.1580182891709,-11.6562756462145,-8.56211226126781,-5.26950840988425,1.46168927608737,57.1889259259259,47.4488463751413,34.9735093478632,24.2767776622119,17.4067258084666,16.350032077737,21.5020450227988,24.0302486084582,26.5453712016298,33.1197671137851,41.0280427807389,36.0173771970782,27.3170533216286,18.8035935183997,17.4755611512021,25.3416942979852,37.0410445656562,42.0914995163614,58.2956132966783,39.9184957922501,49.7539658310965,54.8757324539063,78.1855352335204,104.833664123774,66.2361776223151,26.797477888204,29.8647366459662,0.136189296987553,-0.19468265385463207,0.007120458122786119,0.20613516438680457,-0.23494686200113782,0.3357680339628628,-0.27976154555038835,-0.039479813063757946,0.034639626119187895,0.002809270922560481,-0.16741489973757578,-0.11035437701280548,0.12817831403757657,0.12396115937206338,-0.31444547564149605,0.030185796480940698,0.4576217691274705,-0.4240777517397065,-0.030136559002490144,-0.13093704573214252,-0.35931615776679604,2.253552471532834,-1.63395665457551,-0.27203261916611077,0.3325811721215591,0.016856933605840868,0.039922112000613845,-0.019902041169469937,-0.18699996941083927,-0.24074839506753523,-0.04385277776700005,0.058148621556419186,-0.08605751124305218,0.008518966283293064,-0.17351083528688796,0.4605908640565499,0.04901055836831828,-0.047206303577567624,-0.03296030952097517,-0.011096189303093406,0.14224681470989253,0.3262659442874465,0.12945739058979724,-0.24844648333273583,-0.1100338440230696,-0.34782892041545044,0.1510787180677639,0.07683053029567388,-5.690555555555556,7.561674809585897
44,-24.1798241303494,-21.056947368423,-14.047681527083,-7.41272820357918,-7.93490023629163,-7.65675457144184,8.84644423469109,2.41518058030191,-1.79653082517583,4.30015230592464,15.5408649232568,7.24667301312237,5.30180741083,0.418691552821418,5.29915001831816,-4.83375691173178,-11.8389648989099,-9.70824709128579,-8.64081211415057,-8.78726827153005,-0.581348709104423,47.4488463751413,44.4529961685824,36.6276900963258,29.3727011326852,15.1743612107223,13.4770931131263,16.911889573928,19.1675178905269,20.0377024482594,27.5209947744488,35.8997405249897,31.1386573373271,25.2306227659108,19.068890998672,22.1887182184942,33.0442663929451,42.1986688808854,45.2672235081799,55.8711773267781,31.1230215445148,43.0090808731226,46.4629498991563,63.8855500769756,84.9909896024425,52.260412129291,23.1029062732802,27.9581808976857,0.14798312262043878,-0.057397846059493746,-0.0354329216382512,0.06472636900845086,-0.0014975130884657547,0.16355666028816096,-0.17938348846600766,-0.05363526979866641,-0.031403954699640524,0.005473634290493243,-0.1171272189408366,0.02856156433004524,0.042300205182482974,-0.04312558307526355,-0.03215472867540865,0.07493482302799434,-0.05196761436903421,-0.06237421707953161,0.137307524848021,0.14658544608719312,-0.14390942219870126,-1.651657405803128,3.7968472946216,-1.613382849402894,-0.29114842877732716,0.12514391260217725,-0.08381209211451271,-0.04990906272706471,-0.034517193367259766,0.2358548347181293,-0.05596222366475908,-0.19981774765457055,0.04865301664746533,0.10236183108270112,-0.0017639180618083629,0.046827065936124165,-0.05395487119751745,0.10209197686851212,0.01075761416770115,-0.07907253869142919,0.5173652954742425,-0.5312259455480669,-0.06628905199370592,0.07008354596401938,-0.054761568593952925,-0.09132337923172507,0.16617339439917167,-0.061559606747676826,-5.72,6.666558045092112
45,-16.2103577585706,-12.070125697219,-5.39711381490319,1.45555394326823,-1.44858443892397,0.336195668712618,12.2785105493559,6.08226516111781,4.18274228819059,6.54296846630948,15.6790300092545,11.633562226405,11.9667336944058,6.00592626874919,7.65011741186543,-2.72128618371453,-8.64531273802559,-7.3594149831086,-7.70941340554279,-9.72174059176067,-2.08782043634439,34.9735093478632,36.6276900963258,33.6479195402299,29.8302243846137,10.3190047813477,8.33192953345378,11.1601053765525,13.6843039861743,13.7158211815994,20.0136223112527,26.726886877671,23.0245936415966,20.9387147859451,18.2267180751991,24.1170051124533,36.8387335155572,43.4494847230367,43.9569265180136,48.1499439441372,24.1525602602295,33.5619473935291,34.5734207776381,46.7017946547924,63.4656708959603,38.8402820663636,20.2946348604893,27.5115941316081,0.14806635387357286,-0.049969759362218764,0.020291847384846254,-0.17852614079104975,0.20636775505181768,-0.007806999048445136,-0.050287200875372966,-0.1483951294891178,0.0975337772901735,-0.00576618582815736,-0.11621731318231288,0.06697052052686511,-0.01319626877139369,-0.01927927315220733,0.013106002371665064,0.10528122751228569,-0.1907381341648599,-0.048668297100596,0.007470033776507919,0.11891282408553175,0.29409984836495984,-0.27840330370389843,-1.6928389170885458,3.834489167339676,-1.5981827931696877,0.09239694661093045,-0.1000814484673451,0.015818984685174235,-0.044461438827258976,0.11948736571317091,-0.2311340098121413,-0.08891574442610194,0.413296953082995,0.09178869861525532,-0.036864758518663214,-0.24030580046917574,-0.08345670554232561,-0.00806941478592064,0.008056467258779683,-0.025909146746146968,0.11560487911266272,-0.11537540074894896,0.008960724817348005,0.03665333206622038,-0.15240767636003102,0.20645051105894627,0.047091753568616064,-0.1754650619289687,-5.405,5.799820647246765
46,-12.2546409120649,-7.30282295706084,-0.905775135609973,6.18136054124888,1.37856487199152,5.49056917368796,14.1005517254545,6.49036895850272,5.48566149317007,4.60388923962738,12.8605769979591,11.5798430675989,12.9014886224165,5.52923444894388,4.75965383560395,-4.56153871832997,-6.87292416642211,-4.74383906712468,-5.65519472596893,-7.96692983805473,0.46556420973119,24.2767776622119,29.3727011326852,29.8302243846137,30.1647065772669,7.6695379915109,5.47864726348265,7.81877500871083,10.2986538116105,9.39903042092149,14.675118468883,21.0976887839639,19.8050836239434,18.8197105274508,16.9223994532093,24.3174128947504,37.8079879341732,41.7599353192095,40.2681172410182,38.3721100204736,17.0977548546344,24.5827578931467,23.6077011588759,29.3958358586598,40.0402443828681,22.6247759032624,14.0892236758442,23.2092527953181,0.24257139302647152,-0.25210838483506787,0.09549863965335197,-0.3208592513409706,0.3254096192117653,-0.3054065161678922,0.1188772905102438,-0.22485553224812746,0.15211677253577957,0.027719028607364853,-0.0006156304540358762,-0.07603702852563556,0.020832856539179184,7.119934262170902e-05,0.12250475399281391,0.011677538169692735,-0.1560765855637992,-0.004454175780682481,0.011152167520344293,0.014031613625352969,0.031603517946349656,0.3905489004107858,-0.294188433757575,-1.5764566440823853,2.260509159039074,-0.43468663846468963,-0.08235764371188001,0.2520772874089075,-0.0907855022159536,0.05621521786145883,0.22090388647388962,-0.03849604062850021,-0.34780454588254645,-0.02005260649179923,0.2577102909111292,-0.13844731064609228,0.1041406219847399,-0.24808272695176872,-0.1970782101244254,0.25682043264444315,-0.18281903913328584,0.026173514514837105,0.14477151735556762,0.1835901636873672,-0.36628339680224,0.49582746373302683,0.015732698805607223,-0.22178255355500426,-4.792777777777777,5.491330128235502
47,-8.64256761760748,-19.1029815381486,-15.2385047930767,-18.1294390942045,-18.1576434806458,-25.7354221456712,-24.6801092049029,1.75498626155105,6.95886249868244,-10.9046303309261,-14.1093332356118,-9.84107532899439,-11.7994791990316,-9.22326364067871,-16.9254440903679,-29.2682299431953,-12.0630957082296,2.79764338347911,-0.309564502737859,-2.92996952541107,-8.95321732133153,17.4067258084666,15.1743612107223,10.3190047813477,7.6695379915109,41.9590421455939,43.6182410884935,31.4138469690592,18.3155005293112,11.7358555989348,9.16734315354918,7.81012342830842,1.97751464086281,-8.44427547348142,-16.8950115727056,-8.6713171920785,-11.7846520343045,-13.149897639049,-14.4468330419684,-13.6272556970393,17.4288038857758,29.2029931593717,33.5255681764557,42.6077705323416,49.37291710974,38.3545473758486,14.1363424921667,5.98291398674394,-0.17765591809916803,0.1658116662667233,0.2663988133541048,-0.3105112983821121,-0.30697534736814014,0.2836421640048358,0.10926831241722211,0.08478619405054133,0.042058448168860896,-0.023709618249885298,0.08078213657997817,0.24987320679217653,-0.04006936601763745,0.16293933015703213,-0.4231067958878991,0.022583407324627415,0.20082872971808102,0.003875232915797529,0.04523592951076284,0.2500689714108991,0.05642141879568568,0.008863018717011633,0.14083500623576933,0.09757649085671322,-0.43812318541434053,1.4404890917843955,-0.9171708620311722,-0.19279633212048572,0.1746050482264659,0.08743916806843481,0.2632736785619744,-0.0436143500276487,-0.4201844196456109,0.07521469955483123,0.11994010740826362,0.13390039803791867,0.005637881641741321,-0.20900286072826052,-0.05478562275395071,0.14217359267833019,0.020640057869657297,0.2761992558014717,-0.3755919041853645,-0.04851584885171434,0.22961639998324626,-0.37500379286126906,0.1508351000643101,0.11317686337501445,-9.8,6.476808021363137
48,-28.7050424436052,-38.5383466197727,-39.183079183338,-41.9279847794043,-33.3988309795505,-25.6531633474831,-24.5236963314806,-2.39259001762079,14.7636675862345,-6.40053922822421,-15.3931757997372,-9.29894675200761,-11.4207047166066,-14.293160435692,-21.7382805911136,-23.9380052390035,-2.63435520938908,10.3507094007071,7.19109677994014,5.05774097288321,-4.80154930579982,16.350032077737,13.4770931131263,8.33192953345378,5.47864726348265,43.6182410884935,62.1632187899106,51.3494610549689,31.1992737440391,18.5115442482497,9.51260372265424,1.59802963255824,-6.1330257953357,-18.6329268006006,-29.7274022630494,-16.8137652401464,-23.5783197849782,-25.8432446164964,-26.6351152752467,-30.2452294636944,12.9172258031048,19.1921656723583,20.1986842204545,23.1470813044085,30.4176587963877,25.43277276911,7.56407520493832,0.296393614240101,-0.006180525816767355,0.008352399488894149,-0.240486726940084,0.3870494519653119,0.27811344974746227,-0.4341473049290991,0.05743014410956421,0.17222582900949251,-0.1987281796533551,-0.07974627678727138,0.018729420721295135,-0.08373710106971677,-0.14855255096234835,0.03992065311707951,-0.03264640069227677,0.21849181543981047,0.01603956158405143,-0.5834360055905626,-0.09777026247583089,-0.01814046678349484,-0.13694174977302379,0.0014835921117680136,-0.10141749955943731,-0.07944179765848267,-0.06786813014316996,-0.9302807439070189,1.9497829742922939,-0.6773812874688214,-0.1502661761031977,-0.07315249169694045,-0.14082672772120233,0.22675779771872615,0.08143294482382323,0.02731388113671412,0.025742704223651953,-0.3764785856761725,0.05799764276177756,0.49233340445471574,0.03494721540335781,-0.19914287737883513,0.01392435236995702,-0.19770541023926735,-0.17428516171803637,0.06305810813582405,0.1361852733401508,-0.1072368609761477,-0.44724707216551524,0.2936849848224433,-7.365277777777778,7.883731273319161
49,-50.3745232722643,-53.1151936770808,-53.5955019794166,-48.8955459340672,-34.6101114467638,-16.4059955622049,-13.8170870443094,-11.5785685184288,-14.3750210672482,-21.9701138387926,-18.211073552984,-21.2733606851238,-19.008639922876,-22.0718996320232,-26.3842167726971,-19.4712191684348,-3.6240672586177,0.509335632199308,1.72113318969127,4.79331871733372,-1.21461760102135,21.5020450227988,16.911889573928,11.1601053765525,7.81877500871083,31.4138469690592,51.3494610549689,64.4923196040868,48.3548810451825,33.7459541670695,21.5380766714643,10.5682377558831,3.44824089033961,-8.72172057708106,-20.6117801768446,-22.5266324649737,-23.9794711123327,-25.6985846750896,-25.8426103946264,-31.5263539823574,9.97831196610055,11.4580293818886,8.41980796125855,8.78192745365135,16.7733388428691,11.7584374920779,1.09932847260933,6.68696314949309,-0.01121858153514259,-0.0575819519764058,0.2758959829640324,-0.0214207937480935,-0.059469024483927206,0.14412060568857937,-0.270657290618309,-0.018184296518569135,0.006240190690577189,0.025969143851856995,0.07001215565758531,-0.13376285461190981,-0.27511595234246344,-0.24158270113230323,0.6298672970527749,-0.052403792195774464,-0.3259202961140419,0.45417970534329427,0.06754407888057982,0.23352676539001196,-0.12575006140686731,-0.01703195922288911,-0.042060398744183644,0.05243369178215229,0.2496351236406976,-0.20622050917276966,-0.6860743648296709,2.267050256407846,-1.5575413440005852,-0.32385650316349335,-0.178816716522775,0.12934199848773836,0.11707474127455149,0.058308479421592445,0.09981380435361653,0.055281916738922514,0.1461268139117454,0.08150124188768289,-0.2639438524971807,0.2120299917298133,0.19706074761390602,-0.14616541315826104,-0.13548568922454776,-0.05733741344644417,0.09700702642082178,0.029234308706070283,0.13170195395025616,-0.18292019688232034,-7.097222222222222,8.030088393292246
50,-45.4438549514253,-45.7461666115817,-49.4826323964366,-42.7571238900975,-29.2409205506038,-10.4421587773674,-6.22971243068715,-6.7357480905375,-17.212162008199,-20.918530786077,-11.535282394856,-27.8774476911032,-25.6127671070991,-28.4579309630929,-12.8403646490993,-9.27917335645453,-5.42425875332309,-4.81933934330231,-3.78729727441926,-0.561617208105007,-1.34649222251762,24.0302486084582,19.1675178905269,13.6843039861743,10.2986538116105,18.3155005293112,31.1992737440391,48.3548810451825,49.8771091449032,48.050336454348,47.5480656378778,48.3700918077166,42.2292943516595,31.7062398436902,20.7102094355792,7.83593602160278,3.71964822871288,-0.519227428066338,-3.62758670565094,1.70256123818555,13.3451982971686,13.5977754265119,9.94054145146609,9.20183387180936,14.6078574170997,11.9699311366491,9.03129519567617,17.0752442746311,0.2912016981516398,-0.23824406242079102,-0.016002960584254815,-0.10887113603453177,-0.03406558566759085,-0.034543765872420466,0.13072888165436403,-0.08165892749834573,0.0027112912413516472,0.16279437635119937,0.02134760179208036,0.002093415515068059,0.24341373372021116,0.007764737828499934,0.032291954409704,-0.2161802068349794,0.0078325496012613,0.06887567346849,0.03975412261648067,-0.0007858760931688701,0.09138632332763941,-0.13899077894530543,-0.08763281469683637,-0.046455756128859084,-0.0742978519755321,0.16284120753332912,-0.19309694948916994,-1.55346436547575,3.6530928819647492,-1.6536074033363077,-0.494485850779523,0.06396084462334807,0.11876719603466952,0.04244996957480638,0.0730208333809148,-0.0015913878274550115,0.010617322018635812,-0.16859633770948784,-0.2118028605417485,0.23609340279076968,-0.15346825237257483,0.01060090606377592,0.15689051595944076,-0.007933315400426888,-0.04054144362304873,0.25330411999854363,-0.015178706550198356,-0.018087030268624956,-5.32281746031746,7.0616647573290505
51,-33.909278365099,-34.0676293486097,-39.2103801072808,-31.4489976559343,-18.7468370655665,-6.48088210099769,-1.80368005836962,2.05909175025645,-12.2278891769114,-6.55201389304272,2.29944005446511,-19.3803716609263,-15.0293827539889,-18.5402648973582,8.67982170493495,-0.718014592305467,-9.28404485531475,-9.19781800037174,-9.61547350547369,-7.26452080816767,-2.65763523192285,26.5453712016298,20.0377024482594,13.7158211815994,9.39903042092149,11.7358555989348,18.5115442482497,33.7459541670695,48.050336454348,60.2202078690672,72.2134056466746,85.6560313867569,81.3147401679115,72.7988907632805,62.8749116194781,40.0698795375805,28.6153912990345,25.4223234776658,22.980639152488,43.6989656240761,20.9083196664586,20.5281711321036,17.2907357313106,15.9122521181016,18.0467451086756,20.7198191907915,22.4577949414904,30.4821952889134,0.06941275967111556,-0.05775833896925908,-0.018930628622293843,-0.019425551446219342,-0.03908788945254228,-0.20310242108997487,0.25421314171384873,-0.01207996368673228,0.10273337451751344,-0.017834361396675883,0.0249301031689835,0.03218448171154741,0.03534821333097045,0.1989694127672567,-0.37917015201782495,-0.04714327053604225,0.3231813320404855,-0.01033412099174756,-0.002650329134996205,-0.2776522552393746,0.18613847821623083,-0.25903558275208666,0.20341433675602252,0.09361993180087867,0.052784865994545065,0.07917707531872753,-0.06978252385822516,-0.3282581418823733,-1.70840715323173,3.8151672948491977,-1.1991321383925517,-0.2386495912681199,-0.11777168403658184,-0.008745350171293648,-0.05781646720516416,-0.020522694227908263,0.033488018023464544,-0.18555414788291927,0.053803410178863385,-0.009617555598872769,-0.43530360114055233,0.24674203056246322,0.44764593522524904,-0.09802060030108938,-0.11200354783942137,0.04750869583451066,-0.11494022579078465,0.013958002204519737,-4.2875,7.759523688285718
52,-25.7585857828709,-27.1434837815328,-32.976926974777,-27.5934326278695,-19.840645530648,-4.5100582532302,9.29472233064136,12.5176020962633,-6.33854521441611,5.3641114941042,10.6854677926221,-17.2586866765681,-8.17808267389358,-11.2289518385292,29.2471465388965,7.75160972768172,-14.1066397383986,-15.0907212489457,-16.4018923790142,-17.7790777482499,-5.13317533480729,33.1197671137851,27.5209947744488,20.0136223112527,14.675118468883,9.16734315354918,9.51260372265424,21.5380766714643,47.5480656378778,72.2134056466746,100.147990045156,129.600534455283,125.970347907557,117.866085657445,107.316155666661,76.3220046913013,58.2536579169708,55.4040616962614,54.0617593458002,90.7118175850573,24.6040976185092,29.3663929706978,29.8511157028442,26.6962583155193,21.4012146845296,23.9354327206122,29.2879133401317,35.9535533210249,-0.018293578841645234,0.09645419837931654,-0.004434375840222247,-0.09846624333260733,0.041985125347566,-0.11040839454546282,0.14092449733134121,0.013406883199059265,0.06549936536726632,-0.06147559887368736,-0.055482354237142976,0.19642638185866318,0.012638616162084015,0.038609585547741646,-0.15395295511974608,0.07007895025522269,-0.003939762851012031,0.021141081460330488,-0.010209337026465561,-0.015875055784608474,0.2844285206828328,-0.04097671871134995,-0.055485615905689595,-0.223778547049462,0.24143205809904408,0.2684574525204913,-0.09971126271110671,-0.14491656027660613,-0.46830643440152475,-1.2500744429869626,4.067289560669141,-1.5019179186312368,-0.18261477242761492,-0.04953776026232959,-0.19049771644751087,-0.1714217093204388,-0.26290036896497393,0.10295656488663368,0.6555890813430704,-0.4753199088583391,-0.03660374803050524,-0.004061374938657042,0.051715756067561354,0.09771217174085343,0.005995441766962485,-0.07735400688119545,0.00553561300800335,-0.010543283229037494,-3.6827380952380957,10.006897123742004
53,-19.1053588121531,-21.3054610648711,-27.3723600328341,-24.0311899611157,-20.8558258121057,-2.02580422225595,20.7880284445259,22.6458535581877,-0.367447391034039,18.002029377957,20.4494769252185,-14.1117733974144,-0.589243095343858,-3.37751348872171,50.3001510241677,16.7025115963761,-18.2879874473152,-20.3449822039725,-22.5727861517049,-27.0040067068298,-5.66243568305028,41.0280427807389,35.8997405249897,26.726886877671,21.0976887839639,7.81012342830842,1.59802963255824,10.5682377558831,48.3700918077166,85.6560313867569,129.600534455283,176.525088039526,174.172794858641,164.52767042726,151.403298234497,111.878836031917,88.1627016795298,86.6941324378765,86.3973989975795,138.887610210685,29.4863926651734,39.1148461406189,42.9893722920685,37.421654310767,24.1585899867734,26.2689303956578,35.0834399373161,40.2726354637789,-0.31306668464535553,0.3167092542783437,0.013754992297638794,-0.19810176613765,0.24348688090697615,-0.05302469483544062,-0.022325007341508104,0.027107148997982222,-0.16348771521043248,-0.07701383228891721,0.042141087611399966,0.07156920179611155,0.028765598005390948,-0.002858759485881162,-0.21415220831617524,0.270222109656302,-0.2886150385909435,0.010332743586516991,-0.08115060450559222,-0.0359015300700039,0.1865882159342231,0.06317650747130645,-0.17475728282990985,-0.1188419519337111,-0.04494889346550487,-0.01923226205994962,0.22148085094870038,0.1178224959197068,0.014328419387956171,-0.25630250486549555,-1.5213617194552596,2.65368409576656,-1.3145288853069743,-0.18361542544472895,0.2842958654923492,0.07629019313831985,-0.11641569510758232,-0.05185704280099804,0.48927325110400294,-0.38142091029850705,0.07969630846415045,-0.09913751525890263,-0.23987394146246926,0.015751471565072166,0.059933766543772186,-0.04476512645721011,0.20123334168085882,-0.06438887257928864,-3.0446428571428568,13.285898089309812
54,-16.9067637561214,-18.0702335027041,-24.9023845852992,-19.1979818150776,-16.3219772727286,-2.56311440862234,21.5738721762225,20.443722109726,-8.6000485543372,14.4245058102397,22.3650414748525,-4.91834484912637,6.0046487564727,-3.67073651002948,49.330008178787,16.8786370089914,-18.0000420996432,-20.4364871482926,-22.8192079930534,-26.8848142900639,2.28676209477377,36.0173771970782,31.1386573373271,23.0245936415966,19.8050836239434,1.97751464086281,-6.1330257953357,3.44824089033961,42.2292943516595,81.3147401679115,125.970347907557,174.172794858641,179.626935167266,174.827299459549,165.562930665525,122.729358510401,96.6641116380344,99.7571641530543,105.445566805242,157.645413901817,31.6866017467859,38.7431076349973,41.1675324785796,32.2654100013591,15.5609761935704,21.5125953018024,36.6966696860299,43.3543446622668,0.0054182204760688515,-0.053956230358372964,-0.10753162059833354,0.15780324742395974,0.0058641461536343515,-0.011857706225821291,-0.051582767233973925,0.05399218490849513,-0.10253531140483559,0.01855913311392882,0.07328189532448136,-0.13207210393189503,0.08977625981921177,-0.03073877461293752,0.05009402388219142,-0.018447912142676475,-0.010371545855134558,0.0995034082000275,0.16784487770798315,-0.160359673884962,-0.5493474220525321,-0.08731604476875682,0.06147370606090043,0.4389101526210479,-0.36631210595346625,-0.41764827302491575,0.08669122324909344,0.13203506453562844,0.15443229212473633,-0.10473647363508412,-0.18344954931007076,-1.3481479857147596,2.664638367620922,-1.540363960951365,0.01361786638056357,0.261269774434916,0.23734036546953358,-0.17244646019576967,-0.26178900263404625,0.23358607541839768,0.01844833764756216,-0.021791582271407314,-0.06037557666068702,0.08728569134926678,0.01501235079740768,-0.06887459456139304,0.02222833879682217,0.09124419711161064,-2.4287698412698413,13.402124278160763
55,-6.27864715743473,-6.04191429344283,-13.8324277714878,-5.74293725093658,-4.15333311780518,2.89733382339004,25.8514977469785,24.9537441659607,-7.27557172605869,19.4541687694805,30.2499199996768,13.3286936707065,24.3535471868509,8.51141136627444,59.1514416600066,25.1445161044345,-14.8082516598935,-21.0271856983873,-25.3182492013471,-32.360860403773,1.73545399371007,27.3170533216286,25.2306227659108,20.9387147859451,18.8197105274508,-8.44427547348142,-18.6329268006006,-8.72172057708106,31.7062398436902,72.7988907632805,117.866085657445,164.52767042726,174.827299459549,180.690007436404,180.824844498063,137.257351282922,111.060243663944,118.863513194224,129.332345355991,180.614668893399,34.0132468637525,37.4493221014237,37.5419087795069,27.5885960341637,10.9623340442476,22.4257712775962,45.2291802632414,54.317368004332,0.25109694058529425,-0.1314244603977295,-0.10111498165437408,0.23772849860106265,-0.1251372051660499,0.013409060961035462,-0.025523097663545834,0.0369508348150604,-0.02032282494262107,0.03412112225718324,-0.12324740012827129,0.04417326174484306,-0.09238873447209582,-0.2041813419572108,0.36991932593426013,-0.11590667215022614,0.020489805234491967,-0.03409906399002849,0.11682811957938838,0.05958200978100283,-0.03724921205478527,-0.020193489720493906,0.07008595246457548,0.08699881688520555,-0.017739605860462228,0.11811763693595749,0.033902268400820126,0.026708766412183713,0.03768884230761931,-0.013290054624188736,-0.048655506672073454,-0.1860891915747833,-1.542987058427817,3.170604238343597,-1.4676418125491728,-0.1706250027858858,0.1548545777972778,0.016958807933445487,-0.292412135961803,0.2653208492788579,0.20304885457409877,-0.0575318795851051,-0.012159501105746356,-0.13219235885202,-0.024417560001491114,0.13838286212709106,-0.2797744144374744,0.0019195667135258714,-2.4240079365079366,13.441726356253636
56,7.12237747314324,7.90794449381162,-1.87082392411486,8.70567640361539,8.75929543770894,8.61197186792289,29.4712180084307,28.9460403720582,-7.29983855080943,23.205927089789,36.3516728412489,31.954693948103,38.6701811695466,18.99237528031,68.6712029593406,34.1487103908076,-10.8044975349925,-21.6508341187238,-28.0558077512672,-38.2123783997429,1.00152738020657,18.8035935183997,19.068890998672,18.2267180751991,16.9223994532093,-16.8950115727056,-29.7274022630494,-20.6117801768446,20.7102094355792,62.8749116194781,107.316155666661,151.403298234497,165.562930665525,180.824844498063,190.909681203899,148.193242890185,123.105304998808,137.217883789228,154.162612926035,206.42710079091,38.2469342753083,38.3190151518966,36.3386473626946,25.928567657641,9.56973297936955,25.9809068331468,54.1727800104152,63.2500482881383,0.017774993971194763,-0.09288885279539152,0.15607036021003445,-0.04362637343861549,-0.18537795862887124,0.28537322511618674,-0.20866302502412903,-0.23108204302685126,0.5607353006985216,-0.06501427926360186,-0.10098129275150373,0.044663366540966844,-0.2224820032519963,0.22305900644444987,0.041939281544120084,-0.0227591373918299,-0.003127424815935544,-0.35167488786047,-0.12579087776206177,0.41987492690423933,0.5098688275011151,-0.13568143109831746,-0.008650819796742964,-0.04218341132439017,0.26041370347968545,0.08690868403405408,0.027848978169513493,0.12205289541729238,0.07761185030952698,-0.07281381460455745,-0.1851672330111143,0.28438244695464493,0.007992134886276541,-1.475119897352319,2.181283532381792,-0.8882946616130885,-0.021517536021639583,0.1278698932223868,-0.07579097785199695,0.012244617342833547,-0.09976485560322564,-0.0002214570743068984,0.010635035092455794,-0.024463102276559182,0.240862429054098,-0.05335669798103558,-0.08935676250155714,-0.0021144242966089685,-2.6539682539682548,13.816645077727776
57,13.2342191048581,12.5671491798063,7.47070533927998,14.6700340634589,17.4466586151274,18.5043760091772,29.3351799877217,34.3449173349598,30.3430021254094,43.1724413450314,44.7853222959385,57.9660973842508,49.2658072841487,29.5720627365876,63.1823370788775,21.2762391847594,-17.0379814185378,-18.6612568377032,-26.1982562558555,-38.1566627345681,2.56391886982158,17.4755611512021,22.1887182184942,24.1170051124533,24.3174128947504,-8.6713171920785,-16.8137652401464,-22.5266324649737,7.83593602160278,40.0698795375805,76.3220046913013,111.878836031917,122.729358510401,137.257351282922,148.193242890185,144.159722621328,131.77854736776,147.26226937244,162.605549133504,203.035496537442,37.021170287292,38.7172251720275,37.1602601363306,31.9063186153762,23.5573136737911,27.6418684449805,42.2167441534006,43.5367910772093,-0.012756398643742766,-0.061400408397733267,0.10349424546350593,-0.12782488090380742,0.020647677852330435,0.0997146301960752,0.06305892753818669,0.04818064957012211,-0.4660504102591548,0.14094053588997255,0.1349015191175335,-0.22699092239813848,0.18461077590853306,0.06477452768901101,-0.3308944776929062,-0.00031439564760325366,0.2136473397155976,0.23949142401663948,-0.19627490950696388,-0.052873862952935946,-0.4823135773286743,0.4434417660819484,0.044219963340975735,-0.2340181153436874,-0.1388508435167572,0.1399964358805948,-0.3714079820410804,0.05528634492487935,0.027386353909004738,-0.01884518594031294,-0.1830193905519974,0.0873359614647491,0.2853775120061506,-0.15527418858818498,-0.8799652760137412,1.3745308029107246,-0.46574415814853687,0.2051661682418998,0.03758742863848155,-0.14957543919583088,0.055212470727336635,0.2399893396384326,-0.06802407724862869,0.012292522501215066,-0.3303132644706537,0.10020393372015053,0.33614943864182645,-0.12094099322534844,1.7930555555555556,12.00623682180758
58,-6.11629762096797,-7.16392370495657,-3.13801900895099,7.40317783292789,17.0107980507661,39.7217794871812,53.3434557519608,15.6902653890016,20.0765177094821,25.6474520714602,47.0269740143225,61.9187376447814,49.4186675220448,27.7524489518387,53.3691608131522,9.16061411231619,-23.6543658446519,-23.3707787315635,-31.1820545960985,-41.8892393985463,4.22335994898932,25.3416942979852,33.0442663929451,36.8387335155572,37.8079879341732,-11.7846520343045,-23.5783197849782,-23.9794711123327,3.71964822871288,28.6153912990345,58.2536579169708,88.1627016795298,96.6641116380344,111.060243663944,123.105304998808,131.77854736776,179.617752145398,197.622475559338,207.942769911054,234.505012906822,54.2103416126847,52.8560630842147,45.7998754866126,41.2780658200256,45.7951428871326,49.5160644230953,57.4845696097694,65.945363963194,0.03350077844744176,0.027028216742064983,-0.08478703737117924,0.08416599815573421,0.017054847904452757,-0.22243176477973295,0.057699003506430646,0.08162810562519533,0.11663946929723355,-0.08758635410505823,-0.04409128081263548,0.1659625210267878,0.002541671476481532,0.018779046827736203,-0.11913719270512652,0.1462020450732957,0.0038706157755465215,-0.004554824389249846,0.013388892617355513,-0.010967302494211382,-0.05839362992991903,0.0705385861365373,-0.04506488939973475,-0.05549359903039027,0.10910980754690364,0.03373586161838976,0.06099013107543867,0.10192026606482057,-0.0016210337378930813,0.0071260704306783116,-0.2756784655936228,-0.1277074204475631,0.20105529096763552,0.12754810036796635,-0.030435400644941876,-0.4617920984823926,1.2143999913482293,-1.1962581768001423,-0.03624823163219775,0.4098704042119886,0.2844439542365273,-0.3316465983962034,-0.14720153903863667,0.02564532427465182,0.30332630548046496,-0.36397690094719237,-0.0008848704896618553,0.07685224710906027,4.892261904761905,13.401781678023204
59,27.0242707960572,26.7115948403959,34.5087575315458,46.2925115405085,57.9316151299045,69.7492454783397,78.6253137000702,37.7707066279138,23.5359511684048,36.8312130127982,58.1395157556295,105.548171679423,83.9500218122848,64.5539852904345,74.1671906517116,13.7441625654412,-34.2064554088028,-40.1256406199807,-55.0502030363144,-70.3436913799714,6.0025597979549,37.0410445656562,42.1986688808854,43.4494847230367,41.7599353192095,-13.149897639049,-25.8432446164964,-25.6985846750896,-0.519227428066338,25.4223234776658,55.4040616962614,86.6941324378765,99.7571641530543,118.863513194224,137.217883789228,147.26226937244,197.622475559338,271.735417676649,331.599234772933,402.320921520894,84.1733425479585,81.2824049489338,70.9024817689734,73.5288529349874,91.5553511259294,85.7210129190305,98.0395867371858,86.6487228708882,-0.025219826655956963,-0.013888515294864312,0.1269124984370159,0.01703374584078651,0.06601716855927935,0.007210257972448945,-0.06399566957136749,0.09164987032149068,-0.24449922754003647,0.03441225320236244,0.08258065642760676,-0.12736145472806895,-0.1640211871930952,0.033265142284979475,0.012980166419362726,-0.0028209455053535668,0.008607884755294922,-0.18361960009527875,-0.019289282950622936,0.020039752174874192,0.10823557799761649,-0.08627696813729573,0.05791911946581295,-0.022954409258851498,-0.28005244568859944,-0.22731562486081353,0.5137563210643814,0.10256792555211275,-0.12122669122467065,-0.09084482962987442,0.14214259755893968,-0.045363054531367804,-0.16246133133993995,0.0180021062667163,0.12310851315092883,0.1972034875281897,-1.1938552670127418,2.57332516123698,-1.3718179004042093,0.03585428334419637,-0.33985780517278164,0.22551941563715477,0.20299423304724398,-0.17964873915026913,-0.024197894690440327,0.047624645523851115,-0.056441374529818025,0.004784401187996916,4.653968253968255,16.484095901099614
60,59.6607217572795,57.8412189646537,68.4594211862952,80.1127473573395,93.8709559399167,99.1035673566238,104.082087534269,55.9564993419089,17.4816575248322,35.2359083600789,54.7276779421114,133.283332488647,103.202043229341,87.8431654169239,84.4303968526122,11.2569485902916,-47.1496903910976,-56.7353878585194,-77.2906966969636,-96.7986206665754,11.1942901342769,42.0914995163614,45.2672235081799,43.9569265180136,40.2681172410182,-14.4468330419684,-26.6351152752467,-25.8426103946264,-3.62758670565094,22.980639152488,54.0617593458002,86.3973989975795,105.445566805242,129.332345355991,154.162612926035,162.605549133504,207.942769911054,331.599234772933,441.809723696471,557.043742983587,102.017720296804,100.682205690331,88.7130483943383,93.5647690452475,115.796212386977,105.626896821483,129.920446540582,98.3351146423323,0.052849186656123016,-0.10956487296446028,0.049332949674096425,0.07026099413149615,-0.05106432741017043,0.08903655296304508,-0.09997849796044411,-0.0025348171399834753,-0.040466556459052734,0.10379099239777352,0.03516244551699765,-0.09675266252115029,-0.0400534895485294,-0.08261277512101915,0.26623305896542426,-0.11411364204113081,-0.02047636057797483,0.017426458750609986,0.13131835503252676,0.22914119798058577,-0.21633097734387996,-0.05576112084452608,0.006241861480581485,0.016322510342272292,-0.16805274299936093,-0.06765392291094859,0.025332514547248167,-0.2950689410817154,-0.2918046413223276,0.054259075885202915,0.6444980517638398,0.5013031925687805,-0.2505916984813932,-0.2731091135083739,-0.06810132248241202,0.037547808114853545,-0.042673670418059376,-1.3838958734151767,2.7790520054294725,-1.272534567307701,-0.10674869779413625,0.009829808260899303,0.041387224290754074,-0.014883599728145284,-0.03921349470266994,0.17876976544236117,-0.2187673555951688,0.11027467192663272,4.721230158730156,21.01903241580047
63,101.115165792232,95.7884677193606,108.380555185222,118.338598000808,134.46197362461,131.662269954793,132.844235807674,84.5375843634827,21.5283681738517,49.4124177979824,60.5659223759227,153.123837922443,119.035774337743,115.605693231445,115.495336453205,13.4947413723373,-67.6685490188895,-78.8484338998783,-105.666239060293,-129.746850146291,8.00219605624754,58.2956132966783,55.8711773267781,48.1499439441372,38.3721100204736,-13.6272556970393,-30.2452294636944,-31.5263539823574,1.70256123818555,43.6989656240761,90.7118175850573,138.887610210685,157.645413901817,180.614668893399,206.42710079091,203.035496537442,234.505012906822,402.320921520894,557.043742983587,737.223381845075,125.637245814872,130.149480591701,119.959821627943,130.105288591461,154.248937171406,140.336486758603,173.833474388857,119.805005075176,-0.10447990250462101,0.0868368379395057,0.07767555837749092,-0.10816465843088806,-0.00620667352160236,-0.05535261782761808,0.004134946206144935,0.021552696598825558,0.10365331760273247,-0.07057772486106291,0.008352095618266029,0.10900199368717331,-0.032057312346564545,0.040841769592578306,-0.16438181192896992,0.11195912459850284,-0.051974111812110445,0.08415811501571864,0.0494547584405896,0.17560456099022578,-0.16976006031454957,-0.01668190056662309,-0.05885162588772925,-0.0079289848300474,0.2554270786783778,0.14641954495638568,-0.19327334308700264,0.2046424799673975,0.24980986784560782,-0.011339352598927224,-0.4816193832542301,-0.38875625106158157,0.2147417761787279,0.2342395178580044,0.00884636800597519,-0.15346106109020524,0.41047940946534817,0.04216662025975691,-1.2809628682643097,0.9751522148043978,0.03665418515814288,-0.10692017730149639,-0.03669417063130483,0.09616677841637504,-0.03614299808453406,0.018609547842575208,-0.1577824062578055,0.09868689097109548,5.766269841269841,27.151673647218786
64,13.6493111035146,4.00510931277553,-1.06101549027276,0.351302062272815,2.5752920628317,-27.1960185973108,-16.4314175476496,-3.40039646363967,-15.3747751084955,-19.4674402953969,32.0679288075857,33.1224794434863,-5.12689757157752,-27.4489368781938,-4.92207931737691,-10.8030227298092,-16.4339901258191,-16.76035062715,-18.5075237416353,-15.0583453163034,-3.65936375091145,39.9184957922501,31.1230215445148,24.1525602602295,17.0977548546344,17.4288038857758,12.9172258031048,9.97831196610055,13.3451982971686,20.9083196664586,24.6040976185092,29.4863926651734,31.6866017467859,34.0132468637525,38.2469342753083,37.021170287292,54.2103416126847,84.1733425479585,102.017720296804,125.637245814872,121.704489307217,120.633586277853,117.651308555173,145.202562821375,180.42004775573,148.325095066162,102.019228445416,111.83712336894,0.1513597706721377,-0.22379000521899706,0.03125033189698255,0.11157757192662535,0.05541241097666207,0.13721829766328902,-0.1851598438126185,-0.14447815667752567,0.10862121171486167,0.03811852352496396,-0.2715057895260815,-0.08655803198738686,0.029862137447742534,0.08020455344696266,-0.12257965325013634,0.0676669274781357,0.2563704462299789,-0.2488212396320783,-0.07864029608478343,-0.30167958224671876,0.15239102178866157,0.1461595146809241,0.5374950713039407,0.12988898106315042,-0.17187483915517596,0.03655047238647472,0.028103154096028427,0.2119875270182641,-0.14089375145453825,-0.46591285917587566,-0.03991912942653993,0.0511427959352786,0.013222927070133058,0.1987491294003007,-0.0946561080459025,0.053262427355394375,0.294511027500399,-0.33444608029830075,-0.09742366167131139,0.03266617718195206,1.1935458547775954,-0.842639314716172,-0.18334770389955313,0.23808031772092997,-0.17888573378329062,-0.19902910350992442,0.27044882574946183,-0.1211184559759901,1.5083333333333333,11.031522528972017
65,44.3614733783318,32.8746534816254,37.6986510852006,36.1825654814129,36.9326798709893,-3.63550389376688,1.7915145142488,12.0940546378406,-6.24751640950802,-19.303745687108,27.1047538850357,28.6398297683546,-7.05491317141745,-23.6584534045202,1.00898349800204,-6.13273817661257,-15.6873174711911,-17.9688680742055,-21.4722689060503,-20.5967499786452,-7.70157049981284,49.7539658310965,43.0090808731226,33.5619473935291,24.5827578931467,29.2029931593717,19.1921656723583,11.4580293818886,13.5977754265119,20.5281711321036,29.3663929706978,39.1148461406189,38.7431076349973,37.4493221014237,38.3190151518966,38.7172251720275,52.8560630842147,81.2824049489338,100.682205690331,130.149480591701,120.633586277853,139.852530546361,142.548459164642,180.267239260708,213.163848443921,169.931504161528,116.801449773635,125.381107340321,0.3213511082215123,0.047602919661561376,-0.3602764001694921,0.24311217716490519,-0.381600056780737,0.054191155182456076,0.3214617541288019,-0.04197777659563887,0.026303920338734455,-0.080303156939601,0.06470424634632373,-0.034317535590417975,0.20438355971811437,-0.08985565955298591,0.06251231492462202,0.10544667423329979,-0.32649124261896517,-0.230897595866947,0.19498027180181626,0.2930735812315805,-0.058169441076973555,0.31702875293914046,-0.5138828093611022,-0.10893970932032106,0.028046083745355173,0.27222655220181674,-0.21199814136953263,-0.13706915538098838,0.00448460973871307,0.24972758401466935,-0.015814664864753622,-0.08181471619125912,-0.007061268817740524,-0.014954892909685985,0.00870801372907855,0.22982805795257336,-0.32736719564422156,0.26065052723026166,0.014245222739532989,-0.10895478361133216,-0.8255871560444102,2.243796590191391,-1.2859064820991715,-0.17169666903963304,0.1654614025476346,0.0659901742664549,0.05483492287081539,-0.17641801695007545,1.8811375661375667,11.825503395050916
66,53.7409208789079,36.7215203351427,33.3032470067209,21.6600816876125,14.8964657655556,-14.5929889406605,6.67777651796678,6.79053830708759,-13.1573862854205,-31.7652826031088,11.077042685724,3.33869233663963,-31.9582110822275,-45.0495203028004,-14.0507254375204,-17.8239949138175,-25.7489316026916,-22.75114193147,-21.1759192831612,-21.9237153522115,-11.3367036409423,54.8757324539063,46.4629498991563,34.5734207776381,23.6077011588759,33.5255681764557,20.1986842204545,8.41980796125855,9.94054145146609,17.2907357313106,29.8511157028442,42.9893722920685,41.1675324785796,37.5419087795069,36.3386473626946,37.1602601363306,45.7998754866126,70.9024817689734,88.7130483943383,119.959821627943,117.651308555173,142.548459164642,157.464330878243,201.430679373361,228.403408757391,171.093876065498,108.931730747538,114.474306964787,-0.26503770361165413,0.11080878312971927,-0.05347048528823097,-0.13919253952370703,0.425483487495387,0.15770942716110908,-0.4365248278823909,-0.1583114970914068,0.11708357718378196,0.04555519785953117,-0.19821558170524414,0.002456747554394549,0.09616232278354434,-0.0008339971959101106,0.005897125824379708,-0.1259155475923761,0.03450378906084587,0.354633661089428,-0.04649768742608563,0.02306481106068559,-0.281211949457943,0.03972355261940588,-0.07993711830273267,-0.008143943985022543,0.04045136741457123,-0.36548152535654566,-0.17585970475534032,-0.19319762142446628,0.15748003028299445,0.5311472476198401,0.07416372381639687,-0.10259279377141256,-0.04030363108211996,-0.006192540461977285,0.01533665054514247,-0.06874886199721492,-0.15302096638884335,0.17980263444930877,0.0220835431543192,-0.017323286415395732,-0.1464826611377634,-1.321977888276171,3.0641789627824583,-1.2435703551153952,0.1269560795704758,-0.09707294059952351,0.015058593074953839,-0.040845764637186116,2.4728306878306876,12.548080764732237
67,75.5655679050776,56.5117485057316,55.6452340639279,44.1377399338941,40.8629866775939,-12.3301976138378,4.92468062669862,7.31807790422679,-14.9812413995471,-38.0470890407164,13.8945461220679,2.15418890605938,-41.4804765910759,-55.5586346999725,-24.5888384763933,-29.175436330942,-34.8195823304573,-27.0769075778714,-24.2446578717149,-23.5256983554381,-17.280534929883,78.1855352335204,63.8855500769756,46.7017946547924,29.3958358586598,42.6077705323416,23.1470813044085,8.78192745365135,9.20183387180936,15.9122521181016,26.6962583155193,37.421654310767,32.2654100013591,27.5885960341637,25.928567657641,31.9063186153762,41.2780658200256,73.5288529349874,93.5647690452475,130.105288591461,145.202562821375,180.267239260708,201.430679373361,274.513902448719,320.257620642915,228.710839233479,135.002170759253,140.379038772939,-0.527192685598619,0.32743160934630156,0.10278591013669014,-0.038094512680624505,-0.12096843640108673,-0.09607413471101224,0.14324018093412147,0.025205800488351197,0.09733239150126473,-0.03186080665632263,0.05501482056132844,-0.0096712402383763,-0.02088076280918892,0.05710329206560511,-0.06359635229584301,-0.14319399276870834,0.3082530808602404,-0.02301376821580943,-0.3452703482927199,-0.1372889052966139,0.2513937465213825,-0.1972113978979615,0.12266761128916005,0.051269644007363425,0.20788353763569833,-0.043952666976494185,0.06873235146157167,-0.03946077511165183,-0.01522930094918306,-0.1462398929302332,0.017949275100638627,-0.023808534222043144,0.024420550162496907,-0.1429527660230135,-0.026964500635314508,-0.00010297612406558159,0.026967116710859357,-0.22179424981340165,-0.0008504424945969761,0.0706563543923812,0.228063502685886,-0.18658724558943754,-1.2480312874673545,1.7361543348648867,-0.9653551240565991,0.5226828136581859,-0.08581645005906392,0.04983433823956651,4.2986507936507925,16.568159295731043
68,59.7599657417327,44.2487710450566,50.2593514075042,49.1255959805127,49.6483903767323,-28.4532602317821,-14.0146622549776,6.34110475370547,-9.13861063383797,-36.7726009273668,27.8683986131726,21.4652147729933,-33.2581306701272,-57.0652011907578,-26.4898399133954,-26.224604019196,-29.9119987600907,-26.6506934377739,-27.0562718577823,-21.7445505542202,-19.0057348102292,104.833664123774,84.9909896024425,63.4656708959603,40.0402443828681,49.37291710974,30.4176587963877,16.7733388428691,14.6078574170997,18.0467451086756,21.4012146845296,24.1585899867734,15.5609761935704,10.9623340442476,9.56973297936955,23.5573136737911,45.7951428871326,91.5553511259294,115.796212386977,154.248937171406,180.42004775573,213.163848443921,228.403408757391,320.257620642915,410.683178744465,306.143982670461,184.358681983072,192.122127907827,0.2805831623585215,-0.1650220947025902,-0.038044789620007256,0.10017380781284226,-0.12072318083261231,-0.05803050019559427,0.1381767676408233,0.24032050574488342,-0.1357600810067324,-0.009263839194234872,0.15062422164834044,0.14174013730099397,-0.16943807735725477,-0.04072895342302046,0.18469798851873423,-0.04118432810318127,-0.0835974042335453,0.11962852630029323,0.06543372170564794,-0.03929766556111122,0.13389582751675708,-0.12133125143445589,-0.05604062217775469,-0.15292902242665296,-0.3624479169417981,0.22240482373568216,0.13513526710202786,0.116468510596518,-0.01736594653975795,-0.09138815640301215,0.004921906121000708,0.0675347117739767,0.015819007165964676,-0.024164195384720102,0.23450692492680575,-0.31624298296839864,0.30552466518259097,-0.020768020148261842,-0.027334583574983067,-0.022711161072943437,-0.16935648832383154,0.16663962196700907,0.13494847927280612,-0.9698801534208386,1.2963636786217625,-0.8864776839573357,0.07037612621113418,0.1459575154591189,4.61058201058201,20.265072877847373
69,82.6893289533823,71.0544325030781,81.7771345298084,90.9374025518454,95.7988185353359,14.795757089473,3.87712632031483,31.6090085788903,21.9799530278313,-6.6538270360194,45.3914446502959,54.9213420277329,11.5326126224093,-9.51433145284039,23.3749184005333,23.328211875388,5.00838011889249,-11.0018866681944,-21.4976440057135,-17.6007954473055,-17.5614736120649,66.2361776223151,52.260412129291,38.8402820663636,22.6247759032624,38.3545473758486,25.43277276911,11.7584374920779,11.9699311366491,20.7198191907915,23.9354327206122,26.2689303956578,21.5125953018024,22.4257712775962,25.9809068331468,27.6418684449805,49.5160644230953,85.7210129190305,105.626896821483,140.336486758603,148.325095066162,169.931504161528,171.093876065498,228.710839233479,306.143982670461,279.744075975464,209.460984608816,221.581251884769,-0.018600477275955065,-0.014258124721471244,0.003597045117932743,0.010879672974813267,-0.012484667478414896,0.09052115031697519,-0.10375908594641382,-0.21054718609730497,0.08779485133376591,0.0810650394225566,-0.027833937182987666,-0.23005385952195043,0.051160881187145714,-0.0025405404020919903,0.08125889666507911,0.07132718903976415,-0.33094505250018247,0.24572590528890145,0.11136725905305773,0.041300005484941,0.05552048369360031,-0.3339880615570515,-0.10429998680816162,0.20918875707089934,0.49087689713467364,-0.3912467969510941,-0.12273474283994291,0.008636632965338462,0.2083581991349709,0.04561427930279382,-0.05239677939823659,-0.04117238240799974,-0.060126333746639615,0.1421537040922154,-0.05186122085834005,0.09279160458466963,-0.3630466780679254,0.0523705952563627,0.164704420294558,0.010259277653316785,-0.20458236882865788,0.07432976326258017,-0.10270795047800325,0.5305463958891462,-0.8870251287567498,1.336426622302175,-0.5507315654753021,-0.09785926541940113,2.045167548500881,16.725252643098212
70,111.133055364085,104.739762321785,112.518359127778,128.631822937194,132.833906690827,69.3505125146166,45.0166516479939,48.4560585163135,29.1059675767373,-3.32781931146167,31.7307722511544,50.7626685875743,27.9088484937801,10.7723300342046,40.9348193802012,40.348188223375,17.9080774918568,-4.49255017159873,-20.5677695797278,-20.8424118860123,-9.18936223937948,26.797477888204,23.1029062732802,20.2946348604893,14.0892236758442,14.1363424921667,7.56407520493832,1.09932847260933,9.03129519567617,22.4577949414904,29.2879133401317,35.0834399373161,36.6966696860299,45.2291802632414,54.1727800104152,42.2167441534006,57.4845696097694,98.0395867371858,129.920446540582,173.833474388857,102.019228445416,116.801449773635,108.931730747538,135.002170759253,184.358681983072,209.460984608816,211.736953031991,227.017054771582,0.03150377831046044,0.10929260692629963,-0.1312338151835918,-0.30467176500257226,0.2893190466085312,-0.11176648767243495,0.2127031171635569,-0.19693983279765412,-0.02570719421278693,-0.031800273016573136,-0.10121944239555782,0.07715212452712032,0.3297178442310945,-0.10188855748479589,0.008162218265215494,-0.17116481393556657,0.21579637217867237,-0.33402273825716783,-0.07929544044153962,-0.2457245861620884,0.22818778896419245,0.16539938818390593,0.15952321847536555,0.04674961671042034,0.0263566111836219,0.171624889853241,-0.44388806931249625,0.16426874840205857,-0.012942871975491198,-0.11871336462641624,0.011009868576343642,0.2147407362496714,0.06224728359590182,-0.25345134280845816,-0.08751473161749819,0.32937939585829273,0.006734969678276258,-0.037618520951508534,-0.2032733706418103,-0.17518440013032088,0.26777072784148775,0.06403849239134758,0.012707880281000254,-0.09141488304089611,0.06872147366477123,-0.5499498405454929,1.445278140916046,-0.7579912565694833,2.6107848324515,14.55084028611375
71,105.429405179495,105.325747208638,110.806539339942,134.848133072493,139.376738408959,73.1212906772951,51.6084998616692,33.5173545599831,12.6073652778278,-13.8524039070967,40.8901826149953,43.5965955792606,27.7700680460667,-1.9779944685299,35.637470484999,43.8757943584191,24.5072210755826,-1.47643437586468,-12.4667075002529,-6.11068770063547,-3.63453331812021,29.8647366459662,27.9581808976857,27.5115941316081,23.2092527953181,5.98291398674394,0.296393614240101,6.68696314949309,17.0752442746311,30.4821952889134,35.9535533210249,40.2726354637789,43.3543446622668,54.317368004332,63.2500482881383,43.5367910772093,65.945363963194,86.6487228708882,98.3351146423323,119.805005075176,111.83712336894,125.381107340321,114.474306964787,140.379038772939,192.122127907827,221.581251884769,227.017054771582,276.968275228748,-0.1697227985135707,-0.028510125242842445,0.23024898889862846,0.06852645509116281,-0.21011850719169092,0.0921574151563205,-0.14164784817083353,0.2802457438676988,-0.10689888311810847,0.028848807249951182,0.1632974977831045,0.04299847846641746,-0.2863496512330912,0.11756722917478599,-0.1364260428767034,0.07788816419124159,0.02012505722491332,0.18896894114667917,0.11605434226569797,-0.04277318018267348,-0.1911759458512914,0.062329362191609554,-0.04722847131310465,-0.16871676183867101,-0.23476793040680344,0.10428076126812623,0.3066559229177398,-0.18878036255522998,-0.006617093997989243,0.01259192323514292,-0.01811729635206863,-0.08330837681873676,0.03593528013087943,-0.010619287191247408,-0.008290682241681111,-0.11951551538268668,0.058173646315298984,0.004886098416554207,0.09293635136818895,0.11500358703822536,-0.12283112192948531,-0.1841698450951447,-0.03826865651448752,0.0496818711752334,0.14735327591931036,-0.09883525526450564,-0.7586151070173978,0.7405430629981937,2.6577116402116405,16.642063430619064
