,Cov_0,Cov_1,Cov_2,Cov_3,Cov_4,Cov_5,Cov_6,Cov_30,Cov_31,Cov_32,Cov_33,Cov_34,Cov_35,Cov_36,Cov_37,Cov_38,Cov_39,Cov_42,Cov_43,Cov_45,Cov_46,Cov_47,Cov_48,Cov_49,Cov_51,Cov_53,Cov_54,Cov_55,Cov_56,Cov_57,Cov_58,Cov_59,Cov_60,Cov_61,Cov_62,Cov_63,Cov_64,Cov_65,Cov_66,Cov_67,Cov_68,Cov_69,Cov_70,Cov_71,C_0,C_1,C_2,C_3,C_4,C_5,C_6,C_30,C_31,C_32,C_33,C_34,C_35,C_36,C_37,C_38,C_39,C_42,C_43,C_45,C_46,C_47,C_48,C_49,C_51,C_53,C_54,C_55,C_56,C_57,C_58,C_59,C_60,C_61,C_62,C_63,C_64,C_65,C_66,C_67,C_68,C_69,C_70,C_71,Mean,Std
0,387.502492956186,112.067134228372,104.376056738749,65.7995848326018,32.2914636404225,6.28197446284071,-0.967636108386085,-8.49892816714779,-6.31909633218545,-20.8733125824834,-5.68026494192653,-12.2880990787799,-16.6167116135076,-16.3120093649348,-14.6214298727389,-14.0036431049363,-2.11868664534004,4.58140516852849,13.1329125099519,15.8184605584869,20.2053361881359,17.043174284173,9.61922248020716,5.67641834421619,-11.7789938341604,-5.83782534648732,-0.258537202853829,-6.68119007723028,-20.3745991267346,-25.1850807735932,-29.571955633145,-30.1427167944084,-31.8543249576874,-43.0282572177292,-26.6410223692848,29.9235216124334,42.9652334093828,19.7686059241729,3.51953721006382,-6.90305316108306,-2.71919371650165,1.79314692735854,5.99288929034112,8.06287364568531,0.10871045240480794,-0.11788895923058947,0.026868234143248616,-0.0477194876678524,-0.09784648978553225,0.18403094790131763,0.034185959505531945,-0.04548838362520651,-0.07507805309819963,0.16089071652697096,-0.11330052652795197,-0.010112765460984198,0.030748249951056645,-0.008171970952035076,-0.01008186044592252,0.010994472074129532,0.01583321890912873,-0.0700589321322189,-0.057910072460077074,-0.04225352602090262,-0.01978264223510101,-0.024169770648722107,-0.03092287580270617,-0.07058998920847541,0.1872744416227226,0.04446889340316455,-0.07655788910930014,-0.02574338850962405,0.024320881104686876,-0.04812544135083974,0.018408482693930774,0.02770231600663332,-0.019393955607930294,-0.0008428690639574285,0.01166606704796924,0.002517649133121811,0.01067349361666522,-0.01744011497268056,0.010661252122778608,-0.025201044796411134,-0.009162436916487412,0.04388968638629159,0.015840544229756618,-0.029646193175735767,4.730079365079364,19.684829005002463
1,112.067134228372,79.4667681291865,115.871208165574,67.7707875457455,29.0383281321376,16.0780744153718,5.02608051182628,-6.14247673326896,-7.86907177155139,-7.59063306468768,-4.69906353882688,-3.95642073929765,-4.72774834568444,-4.42479482609376,-3.21844632194582,-1.26478259470312,-1.92392640382459,-2.17651560173959,-1.7919377175743,-2.22292973555133,-3.17813949298952,-3.17292957806466,-3.15172837120376,-1.67806841383416,-4.72543350548569,-5.86732352490039,-7.39791687537066,-12.427633640128,-17.915456322911,-18.5144862938636,-16.9746724850951,-15.8153888645963,-16.6932787142239,-18.5357775161916,22.0510718433736,54.6627127135101,50.6170009607792,31.3266775761518,10.7612061248019,1.50200116970286,-1.31398506966828,2.0955817771902,4.11891445813527,4.96909150238277,-0.11788895923082371,0.4666817945792584,-0.19749759176125306,0.37083060921002686,-0.1328831113597956,-0.27722851389996533,-0.03287378883666154,0.11843269057173711,0.12946372081169621,-0.31326280938640955,0.13549984996579478,0.05920888661096653,-0.010737920815987722,-0.012203679273028345,0.005393770887906642,-0.02571168794827955,0.041739096837449946,0.09887895863538725,0.0815817772119516,0.052640680118154176,0.015029306198316484,0.04692458948405181,0.04570588395814353,0.0003671861921611326,-0.20203647708619893,-0.020011021817625405,0.10030895246525373,0.011732340666892507,-0.06337461013906046,0.20815334972274688,-0.04448136211287874,-0.1055700359085515,-0.00488983784873498,0.07229677448864694,-0.004173389897917667,-0.050247547334858166,-0.19803235755211052,0.17657385811038095,-0.0923480968515634,0.11877274242340909,0.11869430824515213,-0.1937642758833551,-0.011730345405895418,0.03480600598968922,1.9331349206349204,8.913852597456755
2,104.376056738749,115.871208165574,3447.33888621081,1779.46886717741,111.343876280778,82.6103240926199,53.1677190114982,22.5502190671845,-6.79539598829115,-53.6509078352932,-3.98197572827042,44.5880144609075,1.29157162566983,-21.6862415404028,-41.3160537246593,1.84332862584375,35.5797554389519,23.1352145565698,16.050421857851,7.80583308340783,3.45479227993669,13.1553867837298,15.5626518305856,23.7249591799009,-9.28044537841429,-44.6959593167871,-80.2857208675295,-16.2135522046746,-21.7811934196342,-11.3321256320132,-4.60267222539375,-21.0811956704794,-36.8838143046934,-52.6357361973677,-113.513291997141,-97.0158459291699,-92.076316704011,-146.00015915636,-140.033341741916,-136.861097130242,-101.669381051781,-105.839420782875,-106.776092472523,-112.498940911492,0.026868234143121707,-0.1974975917613085,0.4606273301677032,-0.8793553035843507,0.37222845369968155,0.2154223943857358,0.04618403024178621,-0.10016346880093806,-0.04482465713505807,-0.0010279361684938473,0.1460735409999029,-0.05618210382151061,-0.006513768877854401,0.001020887099989969,-0.015580355056140022,8.076723943785188e-05,-0.1347892878020838,-0.03141264867058407,0.035495324583073556,0.05551562453003457,0.06567917392317676,-0.023370548332665553,-0.034995392106102884,-0.11852456384343289,-0.025802418603584024,-0.001165300640295623,0.0014220015724706332,0.019198410442232867,-0.009627013845614844,0.016169789435870774,-0.019234785553972945,0.043125609821733336,0.026221288004218715,-0.06320480216273969,-0.024824088690738287,0.04421968270949321,0.05708045647641121,-0.02332948716446384,0.0745385125947895,-0.10441707445538333,-0.03450841916539031,0.022987592506901695,0.007500464998931496,0.0207263733878305,11.37452380952381,58.71395818892478
3,65.7995848326018,67.7707875457455,1779.46886717741,928.410130041768,70.9563932067,52.4079658939554,33.51150243954,13.9435862092183,-3.0006687613327,-27.5463998716275,-0.927773247311501,24.1136188272117,-0.745660746824115,-12.4492317378793,-22.7551229291702,-1.50172692634855,17.2789335956763,10.8716555721907,6.65457996752178,1.894734877702,-1.95989371785738,3.11551123962817,7.12495810555889,13.3610754298532,-3.26742243193658,-21.179943521892,-39.3318287451459,-7.03312742310186,-8.67210435961403,-2.44516667646576,0.512498018447871,-6.86189239628985,-14.2161239575516,-21.5464272759828,-57.4419595528852,-26.9693024099748,-27.1985810911628,-50.0271679366255,-42.1571647572399,-56.5882820967815,-55.5939299597409,-58.7970598274507,-58.9297980336526,-61.1963486598269,-0.04771948766842191,0.3708306092111113,-0.8793553035846805,1.7592682011938199,-0.7457052286313982,-0.4408867848283913,-0.10759519593983399,0.17705292839512551,0.08723526899873735,0.06287684498553527,-0.3017959351499345,0.07935736225793828,0.01758541950185557,0.007674525952488407,0.0501939589353642,-0.002764009297700634,0.2521465885585564,0.046978677988656216,-0.08374133159939623,-0.12189856179093587,-0.11429120530268297,0.023471543417071923,0.06172692556753865,0.23889539327997725,0.07072010238499012,0.020197634985178056,0.018661993642715508,-0.06600647350382788,0.025591748946026525,-0.028788467686725057,0.024025696055028686,-0.06656294709316089,-0.04951134757814843,0.11245962818878441,0.04556089519354403,-0.07789330323337766,-0.11335576881876713,0.047487086745387236,-0.14948527714517273,0.20676475229440489,0.04898837279045571,-0.03092562988981782,-0.012764594725454192,-0.03844424287860391,5.682579365079365,30.4696591717362
4,32.2914636404225,29.0383281321376,111.343876280778,70.9563932067,27.0652683702791,19.6202032001665,12.1248200215773,4.40739089800912,0.558383689608398,-0.952335811697277,2.46881175094842,3.6331260346834,-2.62144040555009,-2.24932488464115,-2.48362059842617,-2.62687425295584,-0.730478096894436,-0.760625170688867,-1.85691688317753,-2.87362602841826,-5.91617168605071,-5.72964848652138,-0.680719840124499,3.26508733833826,2.95030849319691,2.29120766201268,1.33288130358361,1.25080195026875,1.82905807756395,3.7373067349072,4.54257955380683,5.38653953212271,5.61093816059169,5.87782362754603,7.71716062198779,37.5259790095457,21.8039836566801,17.8583189307342,18.1376448341052,2.83979757871091,-12.5164244560077,-13.5668225320484,-13.11854893618,-12.0556328106484,-0.09784648978483261,-0.13288311136300016,0.3722284536972319,-0.745705228637023,2.6044901379769043,-2.126626258589652,-0.45867590833773875,0.27777812494244253,0.4230593717834533,0.116910195384602,-0.0634540311802789,-0.05413746211541617,0.04320876208735583,-0.022494150641976438,-0.11815770702937675,0.12946894798583272,0.031067872149363733,0.0010930822125736058,0.028122856921996165,0.09017024812935094,0.02552436751862354,0.049532724504178206,-0.034982699205749423,-0.2548371371199994,-0.14209579871861258,0.005433649823649101,0.24440303982117262,-0.12311768502321957,0.14018438581182174,-0.13195724843431816,-0.0019355947865176337,0.05777560924220283,-0.007858676102275175,0.011301495076645535,0.012977865035593115,-0.03172408672709049,-0.04442763402485563,0.03540616014270933,0.0248643232258915,-0.034605294194082044,0.027385690380061025,0.0010930479428453042,-0.007028696992256974,-0.029554305111649845,0.33988095238095223,5.201467905339716
5,6.28197446284071,16.0780744153718,82.6103240926199,52.4079658939554,19.6202032001665,15.7706711317669,11.0180806731817,5.96081461143059,2.75404412626413,1.35216789126519,3.50840083230507,3.96765286310988,-3.00941509123255,-1.56832396146113,-0.990436652520992,-1.33694651803773,-0.0298670080004702,-0.287057320541784,-1.89920630462241,-3.10412024212986,-5.72411900282938,-5.16021775641315,-0.0715508464404531,3.24519820944526,4.31189180289326,4.12719810919813,3.72109798169999,3.78310873235989,5.16947111920305,7.81028371973583,9.50649525652792,9.88767698728888,10.0893650746603,10.7569119781651,9.18002917957731,28.2786215749312,5.84157558088969,2.27581541328118,7.29166813342301,-4.67714852353833,-17.9111601539165,-19.3739716024163,-19.7345932456143,-19.1112306876342,0.18403094790072952,-0.27722851389618497,0.2154223943914075,-0.4408867848200262,-2.126626258590359,4.7801596919223925,-1.7076890636034954,-0.3316509165405499,-0.024962410107906313,0.027667060309959017,-0.027094377589386404,-0.02797162656292239,0.015608731814108576,-0.020979101656447733,-0.03594093362698869,0.06156274731083518,0.0030846832589106177,-0.00044266808860045495,0.0210809499149845,0.04198643703428215,0.016448016748407724,0.056006991780986864,-0.023731457883420903,-0.0777562645598654,-0.09774309711716975,-0.04078657516264283,0.023773855933541577,0.03126279122663001,0.03510951441552982,-0.06066541555454611,0.02929558702998086,-0.029508296387679534,0.007948027484746689,0.002624844750469083,0.03077702957836373,-0.031239780519525796,-0.005680589341116311,-0.00877420419010003,-0.0029372416438089442,0.03856181526853129,0.039380227495443634,-0.035028706421647196,0.0018486380117167364,-0.004370660446523966,0.17138888888888876,3.969971175180857
6,-0.967636108386085,5.02608051182628,53.1677190114982,33.51150243954,12.1248200215773,11.0180806731817,9.47560175574061,7.4583307577503,5.15400466314965,2.79187677429378,4.54949331660563,3.71653788797229,-4.28511309235313,-1.70761134082064,-0.209678263373198,-0.837397701214902,0.69570081277378,0.738864456958098,-0.77852920265388,-1.91674657512957,-3.74013818808461,-3.09102452872841,1.57579591540937,3.91065820357747,5.31106067903204,6.06365665543107,6.67218829922887,6.81310206788672,8.47356927422103,11.5913543597608,13.8388763875729,13.6386593080308,13.7327598574626,14.1111761600211,8.01284193245586,16.399731525209,-12.0417637514629,-15.6076363132,-5.27067235044774,-13.675404858452,-23.9748352418803,-25.7145476118579,-26.6936393550825,-26.3815881177608,0.034185959505426466,-0.03287378883722421,0.04618403023876387,-0.10759519594087194,-0.45867590834105454,-1.707689063600816,4.90042355714185,-1.824460455977577,-0.47358423416385487,-0.0017223647006776005,-0.02655147514960781,-0.0033935256647256128,-0.01692707152099538,0.021907371982712434,-0.047467119044605544,-0.03327723903832038,-0.07647628143150578,-0.013550421405149136,0.00664639641806003,0.017926791452590133,-0.027764615803433475,0.10274247987476678,0.007523690658733644,-0.10594987788531746,-0.061689550709699226,-0.11702584868883123,-0.10966750540239066,0.17863200197560675,-0.02145470402051001,-0.05955094446037457,0.13889773002956735,-0.1227731549508182,-0.025875150970823737,0.0055429809602652695,0.02922510865463765,-0.00034415941720726724,0.037850975196566945,-0.053944548247915,0.024869498890657236,0.005217607604506925,0.13156347607300006,-0.08416077078208668,-0.0002951326615905347,0.026104447632852173,0.20289682539682538,3.0766218090205055
30,-8.49892816714779,-6.14247673326896,22.5502190671845,13.9435862092183,4.40739089800912,5.96081461143059,7.4583307577503,8.7377203407225,7.44551121432173,4.24638088773288,5.66716173121854,5.6260511428766,-1.14319106843826,0.218357392010902,0.310601047310509,-0.411569725535451,1.46805362321015,1.88473802352525,0.579968738831918,-0.380524858888901,-1.26881996128257,-1.06543554179527,2.99612747725727,4.21186676639279,6.01001275792981,7.7353538495846,9.39045095990726,9.43224797211577,11.3829070344631,15.081081482067,17.9422077326434,16.8752806663157,16.5993582423297,16.4370189933759,5.33373075985048,4.93383346495696,-27.2561940772888,-29.0603874446179,-11.0819952004352,-13.7529078144029,-18.6467228034014,-18.5612808724372,-18.0265700625649,-15.9443967354512,-0.045488383625046744,0.11843269057181535,-0.10016346880113043,0.17705292839431006,0.277778124945301,-0.33165091654431317,-1.824460455975314,3.6306772296714374,-1.468189231634566,0.05369128928336454,0.038792433251800956,-0.10015295929268068,-0.02893633907407391,0.02146513357758281,-0.01977949520668079,-0.12196785736862356,-0.12198058575170025,-0.05917274189916388,0.03868779582214153,-0.008781432078084636,-0.027592480825826635,0.146418552468961,-0.009147148203535344,-0.07552453750024377,-0.0459729206398451,-0.1514670341692256,-0.4282227833630829,0.5560768922155287,-0.20477179289668057,-0.012918413428794533,0.17092771168802315,-0.17523085394093546,-0.05758495890458256,-0.006381467806242513,0.020798590627037348,0.059590896645550756,0.22446873040951387,-0.18598686392809882,0.04069823992749264,0.0017770797277878196,0.04090842142089805,-0.09459571967008933,0.002213206474306275,0.041989750929456615,0.3344047619047619,2.954271541467117
31,-6.31909633218545,-7.86907177155139,-6.79539598829115,-3.0006687613327,0.558383689608398,2.75404412626413,5.15400466314965,7.44551121432173,7.60205923058879,4.85956722242869,5.9112024846698,5.82392223267234,-0.307556650139952,0.401350551408648,-0.201194477018109,-0.928857537552583,1.46555895603409,1.90990458711272,0.75114997789854,-0.104366137136504,-0.123661177796712,0.287351796347014,3.38190569901103,3.41748422297985,5.59199712596576,8.05798206932042,10.5369702686188,10.7319503708144,12.9438036477366,16.0026877522716,18.2386827272484,18.6436687939753,20.4650645621342,22.3186686192896,15.0689062947164,16.6628402997207,-17.1053446274498,-18.1656002521236,-9.96756377043797,-6.25109453943307,-8.60162286216946,-9.18554033356858,-9.61466270763743,-8.50611374899314,-0.07507805309816716,0.1294637208110399,-0.04482465713478898,0.08723526899790368,0.42305937178317604,-0.024962410107033244,-0.4735842341644249,-1.4681892316340341,2.9494403003019065,-0.35182533660389004,-0.20696310011256525,-0.12271697012470406,0.013119749392248789,0.16516101646186812,-0.0013224356601616312,-0.218911121962388,-0.24954036540511398,-0.06743162394756053,0.14777400828338147,0.12583251230783243,-0.1567486775001242,-0.07267400894042664,-0.010408102520385798,0.019558289927224654,0.010709329507763606,-0.08024691661965472,-0.23150067286786463,0.12685553769321992,-0.09233164287465007,-0.046502458788975944,0.039456337759809966,0.0013689118720448465,-0.0008902833983064546,0.007908500631426948,0.03873116886214125,-0.09704710997937371,-0.08744142930888657,0.13576323039527632,-0.08740212267040336,0.08840567597434715,-0.11069562411236238,-0.015912329415688577,0.05381379015672021,-0.006975043113805836,1.0788095238095239,2.7553691641209874
32,-20.8733125824834,-7.59063306468768,-53.6509078352932,-27.5463998716275,-0.952335811697277,1.35216789126519,2.79187677429378,4.24638088773288,4.85956722242869,10.9392237860662,8.92563250233715,8.26547522096194,3.28244845938117,3.29762019887093,1.63733603766567,-1.31213025194394,1.00355048090289,1.43258596339949,-0.315964444571027,-1.29027826676312,-1.8253319558752,-1.45222302341331,0.12996885943873,3.94248960685303,6.14318306970778,7.32634374342041,8.57329767748772,9.81166916347099,6.00228105900474,0.117582894641367,-6.38240074621275,-9.24816468008386,-10.5367743185855,-11.2791942071925,-19.7607486889958,-25.1902053607586,2.14052733405665,5.51803785677851,-0.935147200800509,-0.633953593688873,4.2025480147783,1.87036151742115,-0.173088506167039,0.0368386833799324,0.16089071652701598,-0.3132628093864316,-0.0010279361684842375,0.06287684498591975,0.11691019538228897,0.027667060312857036,-0.0017223647016146562,0.053691289283227826,-0.35182533660427134,1.853312408818904,-1.0824255306616306,-0.34458413073848765,0.3307638434094028,0.004072799844905763,-0.41952823220716695,0.3727011823149572,-0.07093754721658953,-0.3036109863665533,-0.032938991271095175,-0.06416395965997022,-0.1026042053489199,-0.06794158350554623,-0.05948305898951849,-0.0447630768497056,0.041221369573936156,0.02838854249922033,0.10537037701744219,-0.04731152705359967,-0.01034893165622135,-0.06377024904720892,0.07435734680514304,-0.016302952123957194,-0.010653703090914023,-0.04481834500320165,0.03713841831968806,0.03706969963767946,0.020573439627843994,-0.03231823263295132,-0.11933119436638077,0.13780389830468,-0.1691358196446161,0.007536429357667088,0.07233145974379784,-0.014495714608660547,0.3057142857142857,3.3059376561069858
33,-5.68026494192653,-4.69906353882688,-3.98197572827042,-0.927773247311501,2.46881175094842,3.50840083230507,4.54949331660563,5.66716173121854,5.9112024846698,8.92563250233715,11.6716693642974,12.835884788413,7.65215828299062,5.84183236636255,2.06868457601418,-0.488503823752928,0.813434857691088,1.69829998756489,0.0308402693981868,-0.956512532649593,-1.67534783203424,-1.16693150753446,0.693746814077297,3.63959498133476,5.35581206241515,7.05451230773509,8.87302678607771,10.0519915384431,6.46563072725954,2.23545881306307,-3.06162436882348,-9.2912117725348,-13.1839299819873,-16.8551685980109,-20.075630795759,-28.7009518740481,-24.9296734357446,-33.1381415715206,-31.9396164676947,-21.1880276149246,-4.5136440233727,-4.37645858280232,-2.99804203692935,1.01813635477147,-0.11330052652799828,0.13549984996598635,0.14607354099960626,-0.3017959351497278,-0.06345403117857756,-0.027094377593257786,-0.026551475147167398,0.03879243325193471,-0.20696310011290037,-1.08242553066169,1.8691690549442659,-0.25832388012222235,-0.12433965292860678,0.05891454036924823,0.20099380512876705,-0.07558558321108963,0.028747888629169542,0.23283710993598358,0.13912981774540273,0.1572772463713808,0.48327454003563997,-0.20938125804113084,-0.06852531312694987,-0.02886999083223376,-0.014209122307303021,-0.0031313488162748033,-0.0371230271807541,-0.0655947471527877,0.02750810328327923,-0.002856489566626946,-0.022464233144164836,0.13906015588852377,-0.039654131051541246,-0.015275371506863242,-0.10096209927296809,0.07125368154724698,0.1463872553025509,-0.09999382524540669,0.14621015366064724,-0.09422884039278615,-0.11460422772797327,0.047817939000706404,0.15718064799319378,-0.09343575880415574,0.08261904761904762,3.414918646805139
34,-12.2880990787799,-3.95642073929765,44.5880144609075,24.1136188272117,3.6331260346834,3.96765286310988,3.71653788797229,5.6260511428766,5.82392223267234,8.26547522096194,12.835884788413,42.4888179229546,60.9300534043144,35.6406165078033,8.61568559789052,2.60084037998587,1.31508808734012,2.96340702728947,2.63129212555014,3.04476985934157,2.84362735929792,-1.84630387481916,-1.61127852379931,-0.494205949084025,2.60502229051136,4.61653308607907,6.82616746806798,7.0053886332231,2.60474464411355,0.68000991468846,-2.94063741412496,-12.3072430802307,-19.3961929677969,-26.0518930561426,-32.2541132429358,-23.3265501545014,-12.9287336833447,-16.2073254436319,8.65664593429373,33.2441785971083,67.2448459904415,81.246984213762,97.9528973397612,117.009493728213,-0.010112765460976635,0.059208886610977646,-0.05618210382143471,0.0793573622578009,-0.0541374621140241,-0.027971626564085254,-0.003393525665255488,-0.10015295929265632,-0.1227169701241628,-0.34458413073842376,-0.2583238801225926,1.3109330473062917,-0.6518259915023549,-0.1753323753453043,0.2966344406548988,-0.07350324350463842,-0.14102856853758985,-0.11895048101450753,0.25352196787334585,0.059551526287596794,-0.41489535715111914,0.31040894695816823,0.058069309240370286,-0.019106998232767687,-0.03067698911485437,0.10078620323056112,0.04946170517511175,-0.44139262622494674,0.1687897348526199,0.018666330701751808,-0.04903732232297125,-0.15306351683612898,0.2055279889669782,0.0242574566312009,0.034321699350183026,-0.09265421671799641,0.0653460302967929,-0.13916682733995114,0.14217279340825453,-0.11573405560652383,0.20118221137007386,0.1011208993031253,0.008583152036235248,-0.14177900951842218,1.7273015873015871,6.517577611578908
35,-16.6167116135076,-4.72774834568444,1.29157162566983,-0.745660746824115,-2.62144040555009,-3.00941509123255,-4.28511309235313,-1.14319106843826,-0.307556650139952,3.28244845938117,7.65215828299062,60.9300534043144,114.452044699872,66.1828893714751,18.1957013581056,8.13009615616957,-0.681045884104401,1.41392521909578,4.00139910425267,6.78606346374617,7.32040533505433,-0.99617504149315,-6.31216912401321,-9.90283804596113,-7.54645849821547,-6.89539378182519,-5.99235916931353,-8.22560330098302,-10.9015904560595,-9.63814129865173,-9.61919339577062,-17.4234937914686,-25.0644536903145,-32.6362263081117,-48.8316087137771,-23.9839599142204,9.76122609301622,17.0645565942553,62.9990930783303,101.065634474039,152.431543328625,181.382630501314,214.080289856442,247.233973252301,0.030748249951237174,-0.010737920816667463,-0.00651376887701796,0.017585419500821577,0.043208762086504135,0.015608731818982828,-0.01692707152483306,-0.028936339073869305,0.013119749392425216,0.33076384340911735,-0.12433965292791298,-0.6518259915028015,1.5529643670793067,-1.594913808467271,0.11851935360481199,0.1966971622535348,0.06154673867158286,0.12793749026234438,-0.1687970537794821,-0.11414538031369673,-6.152525381207241e-05,-0.1881985703649521,-0.06583269492143869,-0.04697084298671241,-0.03511487429360183,0.029386366090623752,0.09350826867196622,0.3286770229001201,-0.11945087600803007,0.005018055945330197,-0.013065060220688093,0.127110044263414,-0.06990135460924202,-0.006920670024570272,0.004571032523107054,0.0035818602028834224,-0.1798484640754677,0.23916092375909162,-0.09345026489516668,-0.059934151716346126,-0.11668489447292003,0.020389307266097955,-0.0014155570189138256,-0.011119713931524236,2.0022222222222217,10.697758863419583
36,-16.3120093649348,-4.42479482609376,-21.6862415404028,-12.4492317378793,-2.24932488464115,-1.56832396146113,-1.70761134082064,0.218357392010902,0.401350551408648,3.29762019887093,5.84183236636255,35.6406165078033,66.1828893714751,42.1606222860792,17.8058264792788,9.22699566387688,-1.25949081320122,0.0147653716765673,1.06069816646339,2.37865682553422,1.65225625254154,-2.03378083349569,-5.28522763910053,-6.93843010658808,-4.50444760896685,-3.73413076996406,-2.81206132364993,-2.08169704003315,-4.66819519104069,-4.27132521284503,-4.26295584443506,-11.4672719514714,-18.3905983142284,-25.1185952804137,-45.9019137817268,-37.567844226384,-19.8791423400924,-25.1372556844883,7.82865980732022,28.1827436939756,62.1750037440107,76.7419265639132,93.7100240823578,111.397628169293,-0.008171970951940107,-0.012203679273406664,0.0010208870994942289,0.007674525952447726,-0.022494150644078056,-0.02097910165224067,0.02190737198078339,0.021465133578253096,0.16516101646140138,0.004072799845086602,0.058914540368658036,-0.17533237534522592,-1.5949138084670882,3.258923148906075,-1.2937036655286747,-0.05035035162070439,0.056529048249831126,-0.2041063867817156,-0.07452942609990257,0.038356716668126935,0.313832695047561,-0.023880478973371654,0.04050150439528526,0.1294839553327211,0.017435415668115607,-0.08254979959967931,-0.16171903711734892,-0.0678406504671305,0.017102382284997362,-0.006640499096624312,0.0972301528514965,-0.08594307978201836,-0.04121379352416447,-0.0004986650203636433,-0.01954262741235133,0.06161059323427956,-0.02023867399286579,0.05401368015731135,-0.002250765420086812,-0.02664035289024555,-0.10415761175250345,0.016622505566270842,0.046998524935971,0.02578864188909541,0.4311111111111113,6.492351059984294
37,-14.6214298727389,-3.21844632194582,-41.3160537246593,-22.7551229291702,-2.48362059842617,-0.990436652520992,-0.209678263373198,0.310601047310509,-0.201194477018109,1.63733603766567,2.06868457601418,8.61568559789052,18.1957013581056,17.8058264792788,17.4865057471264,10.8839020718008,-1.90890162212813,-1.73346154355973,-1.79536639780768,-1.52473494641507,-3.13584549885121,-2.26318744343034,-4.3859631012424,-5.15850774408801,-3.47057888059557,-3.34155155868895,-3.18989591412771,0.283245883067032,-1.08452838523948,-0.672325543598918,0.291759615775603,-4.80826520293629,-10.5332537316112,-15.9611631866707,-40.1731561259864,-47.9796378426302,-46.8309347250929,-63.8573983866325,-44.4688858227254,-42.0406001330612,-26.1208611098857,-25.3054953306039,-23.5433125161442,-21.4832335796356,-0.01008186044603178,0.005393770888136015,-0.015580355056160646,0.050193958935486296,-0.11815770702755789,-0.035940933631344256,-0.047467119041455494,-0.019779495207294794,-0.0013224356602945825,-0.4195282322074149,0.20099380512909562,0.29663444065527483,0.11851935360410448,-1.2937036655287377,2.0470169355997068,-0.8194199718277035,0.16924159383082812,0.09055292399074746,-0.0019454048892070235,-0.2402328344516314,0.01307875099231202,0.030779549421916224,0.07977061990466032,0.2281152475996272,0.26248274017047957,0.0113913466833107,-0.12736304602948242,-0.09361390832073814,0.07771463908896793,-0.11087216229484523,0.007536983426373584,0.06754181728718427,-0.005768784627588054,-0.10158715617975851,-0.020364266392233585,0.07181647194210312,-0.0025558120086386993,-0.07199710994471892,-0.02278543227877152,0.15428012361663623,0.006398367100949076,0.050691020876329186,-0.018761805134935965,0.03318599703474759,-1.3733333333333335,4.180491089229403
38,-14.0036431049363,-1.26478259470312,1.84332862584375,-1.50172692634855,-2.62687425295584,-1.33694651803773,-0.837397701214902,-0.411569725535451,-0.928857537552583,-1.31213025194394,-0.488503823752928,2.60084037998587,8.13009615616957,9.22699566387688,10.8839020718008,10.7276551724138,-0.676220164722191,-1.37104277338204,-1.86440405798238,-1.98341417219568,-3.10357313292322,-2.04007562561783,-3.72191785573599,-4.74325479734851,-3.91168562494834,-4.80708473962947,-5.77962006929751,-2.57507339298059,-3.40489473191868,-2.43883132141284,-0.384820922760485,-6.64988110597177,-14.1254521830146,-21.0737060852579,-38.493153996024,-45.7937826056628,-51.6414579885792,-65.7637477107094,-39.699280842006,-36.4410174470972,-20.032536420992,-15.4391166386583,-11.1529121805614,-7.3509754213198,0.010994472074151732,-0.025711687948405178,8.07672398724484e-05,-0.002764009298366844,0.12946894798679395,0.06156274731040754,-0.03327723903848035,-0.12196785736856311,-0.2189111219623263,0.3727011823150859,-0.07558558321131251,-0.07350324350469435,0.19669716225394981,-0.05035035162084274,-0.8194199718279155,1.2153231839859753,-0.18281053129683156,0.18397806642778905,0.1085034025144495,0.023694828508191906,0.14437980582819204,0.007099073133574809,-0.013622999617701316,-0.00871219913448129,-0.275415852232131,0.04664377725032184,0.4073190770264668,-0.31477437878146697,0.05145332874270402,0.2388001901406604,-0.056895859310411585,-0.13634033617538305,0.013557647044703388,0.10619621540146028,-0.010321523439160478,-0.06679218750479188,0.11250602359762932,-0.06353147742906824,-0.049685830370990794,0.1267140742103427,0.016903285739077158,-0.0949357471830727,-0.1989884160206174,0.1430765384454958,-2.24,3.2737830063114743
39,-2.11868664534004,-1.92392640382459,35.5797554389519,17.2789335956763,-0.730478096894436,-0.0298670080004702,0.69570081277378,1.46805362321015,1.46555895603409,1.00355048090289,0.813434857691088,1.31508808734012,-0.681045884104401,-1.25949081320122,-1.90890162212813,-0.676220164722191,3.01104853128991,2.1849892323129,0.829261571958456,-0.386526683821262,0.180947586366609,0.466192260286821,0.0602484314066599,-0.0652693709085199,-0.176322290418065,-0.360985479043758,-0.701004452293006,-1.37060607833433,-2.11061369633811,-1.22917572424201,-1.35551144452697,-1.42758269504592,-1.37709513051787,-1.3368751554352,-3.21413608797579,-4.4512070268142,0.162594747581774,2.14443883665517,1.42270345204993,1.44961009073788,2.85367396503372,4.20998144137022,5.22302236063848,6.52972615348016,0.01583321890897565,0.04173909683757291,-0.13478928780200888,0.2521465885588321,0.031067872150595668,0.003084683256423151,-0.07647628143031243,-0.12198058575207348,-0.24954036540500418,-0.07093754721667507,0.028747888629254467,-0.14102856853702658,0.061546738671506174,0.05652904825014483,0.1692415938306805,-0.182810531296777,2.3869943205716755,-1.4735644476768222,-0.3083876704198269,0.4103420857379368,0.05261297274046447,-0.2193968653171263,-0.025524245362458953,0.10457177783514023,-0.01960609016488488,0.018827687197047437,0.27115155588768164,0.03120754115767946,0.25405525575015747,-0.43151173450145575,-0.10844853056324288,0.27440263262242537,0.013352865248319558,-0.03262908143263088,0.0141716905881822,-0.026258245125458973,-0.09941379479664372,-0.008584433410207022,-0.09476015596619945,0.19719404883204178,0.17099292847242215,-0.21177067621325435,0.004170306053085125,0.0038851679331497486,-2.4522222222222223,1.7323534660368565
42,4.58140516852849,-2.17651560173959,23.1352145565698,10.8716555721907,-0.760625170688867,-0.287057320541784,0.738864456958098,1.88473802352525,1.90990458711272,1.43258596339949,1.69829998756489,2.96340702728947,1.41392521909578,0.0147653716765673,-1.73346154355973,-1.37104277338204,2.1849892323129,2.66786749680715,2.42451546998728,1.99196991432255,2.29589527141379,1.11417152065712,1.19896548971297,1.84505886970347,1.46549784133986,1.79401899147114,1.94611571986801,1.36925070988579,-0.453842360497387,-1.14939191689448,-2.38774677817613,-3.44951589495209,-4.06294363862672,-5.10921531473447,-5.48305643671191,-10.4380764401629,-4.28929691428686,-3.94043835027158,-5.61757214772981,-1.12041968777269,5.66358757474946,7.26942942498789,8.59714847431627,10.3811082693472,-0.07005893213227243,0.09887895863537237,-0.031412648671079055,0.04697867798829795,0.0010930822136951271,-0.000442668088691725,-0.013550421405538008,-0.059172741898769456,-0.06743162394756236,-0.3036109863665762,0.23283710993592088,-0.11895048101508537,0.1279374902610646,-0.2041063867822594,0.09055292399122425,0.18397806642805342,-1.473564447676744,3.3370519436695147,-1.284182819447679,0.060437166888934794,0.1424112392344223,0.1991899271613372,0.05521110077860414,0.05327628239215256,-0.13340109893557361,-0.11007257372499007,0.03990054425438384,-0.017343531811612252,0.06869373153494364,-0.0271817302380252,0.1461943443910206,-0.08488614057893719,-0.08141108290290337,0.0516749192448577,-0.014795682702498,-0.00859645194869888,0.09771173053074374,-0.07606877300040685,-0.011730146225243513,0.1260029890112387,0.01668122765214508,-0.1668323785103346,0.08012279537539369,-0.013093945919585943,-1.3261111111111112,1.6302967511490516
43,13.1329125099519,-1.7919377175743,16.050421857851,6.65457996752178,-1.85691688317753,-1.89920630462241,-0.77852920265388,0.579968738831918,0.75114997789854,-0.315964444571027,0.0308402693981868,2.63129212555014,4.00139910425267,1.06069816646339,-1.79536639780768,-1.86440405798238,0.829261571958456,2.42451546998728,4.42327107279693,5.56491351136556,6.2042955881551,3.3923673140385,3.02450525105579,3.2611903833399,1.80362462347608,2.00321341487847,2.05373838411182,2.07857556299509,0.49346899633151,-0.991377428694773,-2.22352500778372,-2.62429809568443,-3.24729201881558,-4.83238238562771,-1.55948036754987,-9.576339835058,-2.72711695805582,-2.37212166358624,-6.16375658289797,2.41121585596755,12.1835697077257,13.8599961957157,15.1503483654725,16.1735680995442,-0.05791007245991675,0.0815817772118291,0.03549532458378955,-0.0837413315991204,0.02812285692094089,0.021080949916558574,0.006646396416295211,0.03868779582260071,0.1477740082833376,-0.03293899127065966,0.13912981774493122,0.25352196787401887,-0.1687970537778358,-0.07452942609968752,-0.001945404889430274,0.1085034025141032,-0.3083876704196369,-1.2841828194477534,3.328476327208178,-1.1770115429463142,-0.1937650273279236,0.0717007089380958,-0.026921020218234375,-0.10405959016945036,-0.19417557707899089,-0.21035075109406712,0.09060000909749652,-0.10402598066783222,-0.08175741275400916,0.22701218658197111,0.11335643188975124,-0.0699879602000266,-0.3762469788538325,0.2461019905678957,0.0032683268899172837,-0.02719787276889487,0.05740080788081612,-0.042053668174436204,-0.007136029110397447,0.09785854584213816,-0.032664576321916064,-0.04801703237160057,0.08984886299502269,-0.0625761860324883,-0.6583333333333333,2.1007786824882184
45,15.8184605584869,-2.22292973555133,7.80583308340783,1.894734877702,-2.87362602841826,-3.10412024212986,-1.91674657512957,-0.380524858888901,-0.104366137136504,-1.29027826676312,-0.956512532649593,3.04476985934157,6.78606346374617,2.37865682553422,-1.52473494641507,-1.98341417219568,-0.386526683821262,1.99196991432255,5.56491351136556,8.23790111945161,9.09258522756468,4.87211425943083,4.20882765015729,4.21903527984745,2.01145736160047,1.94162303858304,1.81015112807698,2.27565893185968,1.04078964441674,-1.08810646973016,-2.40529934362512,-2.54241768319442,-3.53046161931077,-5.62206077837681,1.26212912125578,-9.80278864986065,-2.27922191643043,-2.24035042422476,-8.02148196600313,4.60782419918309,17.5254748710449,19.1921511776744,20.4128370017949,20.8113592587488,-0.04225352602084481,0.05264068011829377,0.055515624529733534,-0.1218985617910971,0.09017024812870483,0.04198643703555676,0.01792679145261767,-0.008781432078089405,0.1258325123076099,-0.06416395965990807,0.15727724637135013,0.059551526287008015,-0.11414538031402079,0.0383567166684027,-0.2402328344517799,0.02369482850812439,0.41034208573775016,0.06043716688903652,-1.1770115429463273,2.539959332239097,-1.1575121036112215,0.4499364945638471,-0.08293449110101903,-0.582832127146282,-0.13694536862193302,-0.032072982986764455,0.08990370216535568,0.1746914249257344,-0.09429344214309054,0.04927584270441189,-0.08838607798513357,0.03558420421693793,0.05674559114597928,-0.02015121609003728,0.026512523244744294,-0.06499608350181188,0.16298374334532134,-0.15876940427081956,0.03459129791369193,0.10274447465860839,-0.03134372974446669,-0.009924111902060278,-0.11207409982795187,0.081572929372444,0.0634126984126984,2.86843182234677
46,20.2053361881359,-3.17813949298952,3.45479227993669,-1.95989371785738,-5.91617168605071,-5.72411900282938,-3.74013818808461,-1.26881996128257,-0.123661177796712,-1.8253319558752,-1.67534783203424,2.84362735929792,7.32040533505433,1.65225625254154,-3.13584549885121,-3.10357313292322,0.180947586366609,2.29589527141379,6.2042955881551,9.09258522756468,12.3212402650715,8.17842401872843,5.54947460284981,3.39589598241601,0.988384941962328,1.36735000121423,1.75331808018562,1.29826806305649,-0.153175455830088,-0.573684621575166,-0.541638044429835,-0.385139618843879,-1.80652869161166,-4.45098832905756,6.80201219247494,-8.17074099791264,-2.94476486677905,-2.88975482822088,-7.33236251174956,7.90904633095,22.7186711675994,26.060215616426,28.4197895295562,29.5028102085882,-0.01978264223507224,0.015029306197905152,0.06567917392341664,-0.11429120530316737,0.02552436751842177,0.016448016750607936,-0.02776461580536486,-0.02759248082545153,-0.15674867749996513,-0.10260420534911124,0.4832745400358057,-0.41489535715074466,-6.152525427218086e-05,0.31383269504741923,0.013078750992432334,0.14437980582843743,0.052612972740465815,0.14241123923474708,-0.19376502732792433,-1.1575121036110567,2.006006409849373,-0.7712874648081879,-0.15031687101992133,0.24139603770586035,0.17580246604738417,0.06411323477590124,-0.047065964570673566,-0.13101563275892045,0.09895284923614801,-0.04130982438042546,0.026754199594764716,-0.040963128857733094,0.015245733144381808,-0.006310756504571632,-0.11070677721636815,0.12017143280947121,-0.12868053995505557,0.14689071676303533,-0.07505296660631745,0.06682015609143226,0.04934649319452751,-0.25270634309841483,-0.08881595836810548,0.18736970958990856,0.314047619047619,3.5087377025180357
47,17.043174284173,-3.17292957806466,13.1553867837298,3.11551123962817,-5.72964848652138,-5.16021775641315,-3.09102452872841,-1.06543554179527,0.287351796347014,-1.45222302341331,-1.16693150753446,-1.84630387481916,-0.99617504149315,-2.03378083349569,-2.26318744343034,-2.04007562561783,0.466192260286821,1.11417152065712,3.3923673140385,4.87211425943083,8.17842401872843,8.89422196158157,5.33295084793966,1.51151199780908,-0.677429897634458,-0.513063131735253,-0.221785210909553,0.375024220257433,0.179755640644329,1.58395899319609,3.31982321071698,6.46847039442725,7.73093033546938,8.03402186746152,7.36327650477199,3.23176965878951,-1.44403233440982,-3.0255732518244,-14.299049346931,-2.8988139634121,4.01612913024786,2.09118208340509,-0.529378584158238,-4.22983853399669,-0.02416977064847191,0.04692458948354807,-0.023370548332512467,0.023471543416979546,0.049532724502090765,0.05600699178504029,0.10274247987230502,0.14641855246896976,-0.07267400894038184,-0.06794158350537431,-0.20938125804118962,0.3104089469583694,-0.18819857036460688,-0.023880478973984067,0.03077954942231865,0.0070990731331791465,-0.21939686531728228,0.19918992716108214,0.07170070893717839,0.44993649456399826,-0.7712874648087221,1.8468831327050395,-1.699245115244715,0.46550407816739686,0.07563040856441001,-0.0010524152153551945,-0.04374872022669466,-0.03562291965531327,0.048223305968172446,0.023423349371235528,0.1474574088450436,-0.222815315103354,-0.0703303784743114,0.11024824396935663,0.05570553055429721,0.008876259915251247,-0.10679426183253453,0.015266696097398091,0.023853818230347743,0.04055792694860209,0.10597876790465308,-0.00714606307415691,-0.1629883036569234,0.08964970863346715,-0.5803174603174603,2.980641199739003
48,9.61922248020716,-3.15172837120376,15.5626518305856,7.12495810555889,-0.680719840124499,-0.0715508464404531,1.57579591540937,2.99612747725727,3.38190569901103,0.12996885943873,0.693746814077297,-1.61127852379931,-6.31216912401321,-5.28522763910053,-4.3859631012424,-3.72191785573599,0.0602484314066599,1.19896548971297,3.02450525105579,4.20882765015729,5.54947460284981,5.33295084793966,7.31703162222743,5.77593466077725,4.97125078070182,5.85821817895128,6.84269717419259,7.76929423716642,11.2295707789068,14.3488779099207,17.8835206094038,23.0635792906841,27.9863112157966,32.1989619761538,41.7015750840377,36.6038349708785,2.70192665993032,6.2442327034965,2.2489665539006,5.26163781264545,-4.84478260103707,-8.23920507870471,-11.9502977560437,-15.9095539673271,-0.03092287580279002,0.04570588395897093,-0.03499539210619306,0.0617269255670256,-0.034982699205706826,-0.023731457882227056,0.007523690658538037,-0.0091471482035418,-0.01040810251995335,-0.059483058989507565,-0.0685253131271894,0.05806930923919533,-0.06583269492093613,0.04050150439591309,0.07977061990393082,-0.013622999617287631,-0.025524245362353568,0.05521110077909784,-0.026921020216529524,-0.08293449110146456,-0.15031687101896993,-1.699245115244245,4.009209619358229,-1.484879128751579,-0.27934152263662826,-0.09890491501986291,0.08535515747723615,0.00984693060877694,-0.036439435966057275,0.05782986401064365,0.031966167575610424,-0.05271215514925058,-0.004861400842754932,-0.009056780248996128,-0.009968272798646252,-0.15089031000931513,0.28024856240013807,-0.08439136962301616,-0.013219710701443206,-0.05270863655650201,-0.032382395318598316,0.09361485635611483,-0.12356697809482135,0.09267100616548533,-0.738015873015873,2.7031521640905525
49,5.67641834421619,-1.67806841383416,23.7249591799009,13.3610754298532,3.26508733833826,3.24519820944526,3.91065820357747,4.21186676639279,3.41748422297985,3.94248960685303,3.63959498133476,-0.494205949084025,-9.90283804596113,-6.93843010658808,-5.15850774408801,-4.74325479734851,-0.0652693709085199,1.84505886970347,3.2611903833399,4.21903527984745,3.39589598241601,1.51151199780908,5.77593466077725,10.9101569317382,9.99355486079961,10.2874119550908,10.634749558244,11.8058973530118,8.76900043143234,2.78466976481768,-2.48080167670332,-4.68908940502063,-5.71666689245261,-7.23943317658433,3.89967339683654,-12.1944815276241,2.92610556089078,9.85769354189653,8.36648508552031,-0.981143627650982,-10.4999653581457,-15.1864992582754,-19.9807904561161,-24.0097888561406,-0.07058998920834608,0.0003671861912236359,-0.11852456384302384,0.23889539327946163,-0.25483713712025696,-0.07775626456060862,-0.10594987788438708,-0.07552453749921048,0.0195582899257288,-0.044763076850144586,-0.028869990831616153,-0.01910699823123157,-0.04697084298848478,0.12948395533245682,0.22811524759993332,-0.008712199134174542,0.10457177783451338,0.0532762823917922,-0.10405959017050445,-0.5828321271455791,0.24139603770508852,0.4655040781666283,-1.484879128749516,2.9786773922968095,-1.4796648795909162,-0.23328456836741857,0.4400846818248217,0.021386168454021998,-0.13007105744761194,0.06458900752818621,-0.09922591194994146,0.08332853028184091,0.11560713231084532,-0.10118112518001499,-0.06102723178223748,0.16456362430143479,0.0729140323023342,-0.08836783948260254,0.03199319062967617,-0.07830257757196732,-0.31108431254825447,0.3393194868679998,-0.034003452420823005,0.020029968970254507,-1.3957142857142855,3.3015385703847553
51,-11.7789938341604,-4.72543350548569,-9.28044537841429,-3.26742243193658,2.95030849319691,4.31189180289326,5.31106067903204,6.01001275792981,5.59199712596576,6.14318306970778,5.35581206241515,2.60502229051136,-7.54645849821547,-4.50444760896685,-3.47057888059557,-3.91168562494834,-0.176322290418065,1.46549784133986,1.80362462347608,2.01145736160047,0.988384941962328,-0.677429897634458,4.97125078070182,9.99355486079961,12.3516601848594,14.3996480519333,16.4862333253985,16.2915600298409,13.232755091987,9.21025938014845,5.7352411641943,4.1650053757329,5.34638948197009,6.63156125366572,22.1918035580684,9.00410689055101,8.45680873378534,15.2162441695492,12.338809304935,4.7865287494583,-7.46175878162926,-12.0566670971938,-16.8151941614477,-20.1804075710832,0.18727444162255788,-0.20203647708447925,-0.025802418604355816,0.07072010238706107,-0.14209579872037087,-0.09774309711551078,-0.061689550710611274,-0.04597292064030155,0.010709329509051355,0.04122136957370399,-0.014209122307658511,-0.030676989115466687,-0.03511487429276709,0.017435415668003575,0.2624827401697623,-0.2754158522317616,-0.019606090164545762,-0.13340109893491245,-0.19417557707824837,-0.13694536862183385,0.175802466047642,0.07563040856401843,-0.27934152263578543,-1.4796648795925873,4.20403598479779,-1.4334021451316656,-0.3098180483706646,-0.24611094271804485,-0.007427783332008604,0.05205309678346156,-0.06934975999000219,0.028355256518311597,0.012540119154101647,0.014874598402620932,-0.051323138284091505,0.06360029162829987,0.036443662865970686,-0.058320070847643034,0.007151071396951965,-0.025323557040877635,-0.05994445123792603,0.049714707015834796,0.006010582454523414,0.028266485367802466,-1.2459126984126987,3.513069908905797
53,-5.83782534648732,-5.86732352490039,-44.6959593167871,-21.179943521892,2.29120766201268,4.12719810919813,6.06365665543107,7.7353538495846,8.05798206932042,7.32634374342041,7.05451230773509,4.61653308607907,-6.89539378182519,-3.73413076996406,-3.34155155868895,-4.80708473962947,-0.360985479043758,1.79401899147114,2.00321341487847,1.94162303858304,1.36735000121423,-0.513063131735253,5.85821817895128,10.2874119550908,14.3996480519333,18.9247448914432,23.3947784988827,21.3122916570962,17.3259359807643,14.7754387529123,12.572656699903,11.2265725089253,14.3241359011971,17.3392349185055,35.8227162284971,25.4480860098189,10.4130848890346,16.4118436228762,13.1782002486212,7.9966868986954,-5.52984343082933,-9.93003332307296,-14.4887248152064,-17.1203041850582,0.04446889340306925,-0.020011021818120513,-0.0011653006410555684,0.020197634984760314,0.00543364982216198,-0.040786575162175535,-0.11702584868823908,-0.15146703416953186,-0.08024691662011993,0.028388542499308098,-0.0031313488159237716,0.10078620323004073,0.02938636609069808,-0.08254979959891755,0.011391346683559268,0.04664377725007431,0.018827687197143554,-0.1100725737251058,-0.2103507510943048,-0.03207298298665553,0.06411323477631312,-0.0010524152154631425,-0.0989049150199732,-0.23328456836701159,-1.4334021451311014,4.222329783146448,-1.9256663879209543,-0.38581595593889234,0.07830647963401169,0.1277963742185899,-0.0822206234657019,0.03989309963514591,0.007644006518539948,0.01289050834233335,-0.01803826997867198,-0.021290829407992568,-0.033384722889228585,0.003461233998705957,-0.021532562711585386,0.045281595610269634,0.05224435084109295,0.009192352136922337,0.0036641248685329035,-0.06428032759459917,-0.7572222222222221,4.349108516862182
54,-0.258537202853829,-7.39791687537066,-80.2857208675295,-39.3318287451459,1.33288130358361,3.72109798169999,6.67218829922887,9.39045095990726,10.5369702686188,8.57329767748772,8.87302678607771,6.82616746806798,-5.99235916931353,-2.81206132364993,-3.18989591412771,-5.77962006929751,-0.701004452293006,1.94611571986801,2.05373838411182,1.81015112807698,1.75331808018562,-0.221785210909553,6.84269717419259,10.634749558244,16.4862333253985,23.3947784988827,30.4017513569604,26.5270781708001,21.6910167666344,20.6770420632855,19.7922400825325,18.5558906084115,23.411782315032,28.039867581018,49.5722363640084,42.1772279438738,12.6316445438317,17.9730786267818,14.350279501609,11.4969846637145,-3.91244197944958,-8.67988991949031,-13.5775801080813,-15.9542047868049,-0.07655788910920164,0.10030895246535151,0.0014220015729980678,0.01866199364281312,0.24440303982118639,0.02377385593417321,-0.10966750540318615,-0.42822278336300446,-0.23150067286738674,0.10537037701739017,-0.037123027180831915,0.04946170517540688,0.09350826867161588,-0.16171903711709734,-0.12736304602976872,0.40731907702639963,0.2711515558873798,0.0399005442541713,0.0906000090972642,0.08990370216546996,-0.047065964571107406,-0.04374872022653576,0.08535515747705737,0.44008468182528276,-0.3098180483713489,-1.9256663879205465,2.278676975732513,-0.5919242358966023,0.30715061083278683,0.023563872776856197,-0.23302989654527473,0.13425712102189086,0.06831125532447864,0.022194197729669126,-0.020080325662148377,-0.06670669819482247,-0.1315101047725976,0.11138218653288381,-0.042680887621160964,0.02808091415368968,0.034937274575952706,-0.03150180763767355,0.01088044742317142,-0.028562676814779635,-0.28805555555555556,5.512871425759937
55,-6.68119007723028,-12.427633640128,-16.2135522046746,-7.03312742310186,1.25080195026875,3.78310873235989,6.81310206788672,9.43224797211577,10.7319503708144,9.81166916347099,10.0519915384431,7.0053886332231,-8.22560330098302,-2.08169704003315,0.283245883067032,-2.57507339298059,-1.37060607833433,1.36925070988579,2.07857556299509,2.27565893185968,1.29826806305649,0.375024220257433,7.76929423716642,11.8058973530118,16.2915600298409,21.3122916570962,26.5270781708001,41.0545874856648,47.186421950056,41.9755846267899,36.8828365183884,34.9705593711787,38.5922138827854,42.0641607260234,23.7040883406156,22.1741716669575,-15.4399821420493,-16.8456362319468,-12.7465340385121,-8.91640917085181,-15.3657212200808,-21.834867753354,-28.4417437786827,-32.8018856856997,-0.025743388509625577,0.011732340666845514,0.019198410442225013,-0.06600647350365363,-0.12311768502383494,0.03126279122695647,0.17863200197666937,0.5560768922151189,0.12685553769271649,-0.04731152705371315,-0.06559474715249132,-0.44139262622489545,0.3286770228997955,-0.06784065046704203,-0.09361390832054867,-0.3147743787814454,0.03120754115804891,-0.017343531811614306,-0.10402598066781733,0.17469142492535686,-0.13101563275844103,-0.03562291965532764,0.009846930608353956,0.021386168454997374,-0.24611094271869222,-0.38581595593917667,-0.5919242358963264,1.5078846020692331,-0.6144766989506424,-0.0837964753369565,0.012974383943650306,0.1388405580600372,-0.10793797021536114,-0.07880896323553145,0.0506106316524378,0.06809098693491619,0.0026510507103678195,0.019381570028176167,-0.017847924258339455,0.00639340449652873,-0.0476196566919543,-0.1579753012677094,0.06075001085711627,0.08400953380050329,2.54718253968254,6.406604989045664
56,-20.3745991267346,-17.915456322911,-21.7811934196342,-8.67210435961403,1.82905807756395,5.16947111920305,8.47356927422103,11.3829070344631,12.9438036477366,6.00228105900474,6.46563072725954,2.60474464411355,-10.9015904560595,-4.66819519104069,-1.08452838523948,-3.40489473191868,-2.11061369633811,-0.453842360497387,0.49346899633151,1.04078964441674,-0.153175455830088,0.179755640644329,11.2295707789068,8.76900043143234,13.232755091987,17.3259359807643,21.6910167666344,47.186421950056,82.4975410199521,89.10706412591,94.0879653587723,107.86648303149,124.427527325127,141.179063751604,117.964512919765,132.592803204804,-12.2496312803696,-11.9038487309484,-1.17093034200987,10.7886624874645,-17.1017587721022,-23.3632491581327,-28.7377378969312,-33.0273389591361,0.02432088110472882,-0.06337461013930347,-0.009627013845768959,0.025591748946403148,0.14018438581223389,0.035109514413363255,-0.0214547040190827,-0.20477179289652553,-0.09233164287523883,-0.010348931655708837,0.02750810328327011,0.16878973485279544,-0.1194508760080786,0.01710238228491447,0.07771463908933211,0.05145332874232568,0.25405525575031235,0.06869373153419797,-0.08175741275388329,-0.09429344214342314,0.09895284923576067,0.04822330596821245,-0.03643943596688169,-0.13007105744718944,-0.007427783330897217,0.07830647963380977,0.3071506108327303,-0.6144766989508675,1.1084752738109194,-1.2475418271426253,0.5704908252926062,-0.0070278857746193975,-0.002443165671080014,0.018733479396168325,0.013765307728055115,-0.05469515462566615,0.01598542421464526,-0.022899224545284463,0.006002361743915986,0.016605820505337127,0.043283416877736236,0.05151073940968831,-0.012109394337947135,-0.054342297846852156,3.748293650793651,9.08226519211766
57,-25.1850807735932,-18.5144862938636,-11.3321256320132,-2.44516667646576,3.7373067349072,7.81028371973583,11.5913543597608,15.081081482067,16.0026877522716,0.117582894641367,2.23545881306307,0.68000991468846,-9.63814129865173,-4.27132521284503,-0.672325543598918,-2.43883132141284,-1.22917572424201,-1.14939191689448,-0.991377428694773,-1.08810646973016,-0.573684621575166,1.58395899319609,14.3488779099207,2.78466976481768,9.21025938014845,14.7754387529123,20.6770420632855,41.9755846267899,89.10706412591,124.448647094183,156.753685423387,185.694066726931,214.259359622014,243.204992483703,216.791983760544,246.372359148849,-13.8551814948217,-13.4670873256314,9.10863136209742,29.8032764613814,-18.700548468217,-22.3959002985263,-24.5232065930936,-26.2463082425338,-0.04812544135114246,0.20815334972346627,0.016169789436244485,-0.028788467687697328,-0.13195724843155496,-0.06066541555744671,-0.05955094445852218,-0.012918413429961754,-0.04650245878760303,-0.06377024904811601,-0.0028564895665524367,0.018666330701165797,0.005018055945824067,-0.006640499096274847,-0.11087216229607778,0.23880019014133566,-0.43151173450160557,-0.02718173023844766,0.22701218658363428,0.04927584270450536,-0.041309824379994975,0.023423349371404004,0.057829864011612185,0.06458900752721124,0.0520530967814883,0.12779637421875512,0.02356387277711178,-0.08379647533640462,-1.2475418271427292,2.5945912297296676,-1.1998556133766116,-0.1588596817426505,0.04995081126544078,0.04043715900168638,-0.0552266858384458,0.025648099523667964,-0.1491345013384731,0.1516982105096095,-0.04859826650942796,0.014494556357723195,0.03452245450270228,-0.0737891608168259,-0.08774348780627841,0.09614164533855364,3.7460714285714287,11.155207173969588
58,-29.571955633145,-16.9746724850951,-4.60267222539375,0.512498018447871,4.54257955380683,9.50649525652792,13.8388763875729,17.9422077326434,18.2386827272484,-6.38240074621275,-3.06162436882348,-2.94063741412496,-9.61919339577062,-4.26295584443506,0.291759615775603,-0.384820922760485,-1.35551144452697,-2.38774677817613,-2.22352500778372,-2.40529934362512,-0.541638044429835,3.31982321071698,17.8835206094038,-2.48080167670332,5.7352411641943,12.572656699903,19.7922400825325,36.8828365183884,94.0879653587723,156.753685423387,216.870008061941,260.452048011879,300.625103061803,341.279113389768,310.408017199298,354.366394748771,-20.1131112907476,-20.7028364822646,15.0973748216077,45.2235611714407,-22.0997599497719,-23.4061810585936,-22.9377207934778,-23.0094022213799,0.01840848269423639,-0.044481362113783986,-0.01923478555352094,0.024025696054238606,-0.001935594787617013,0.02929558703366031,0.13889773002700712,0.1709277116888783,0.039456337759096745,0.07435734680597723,-0.02246423314417622,-0.04903732232301868,-0.013065060220082815,0.09723015285032191,0.007536983427257415,-0.05689585931091954,-0.10844853056279875,0.14619434438967746,0.11335643189047033,-0.08838607798616363,0.026754199594636208,0.14745740884555436,0.031966167573158226,-0.09922591194852547,-0.06934975998921752,-0.08222062346581949,-0.23302989654539263,0.012974383943557492,0.5704908252931428,-1.199855613377767,1.5380421382191456,-0.7355818201052932,-0.1300479393950025,0.10256715226361864,0.027796770071639044,-0.0005749352598025205,-0.06878416351633626,0.20652459381678304,-0.05434697698224411,-0.06257357717123908,-0.05736059301951306,0.0702105662382289,-0.0540059674353283,0.034152712329850045,4.133293650793651,14.726167460067174
59,-30.1427167944084,-15.8153888645963,-21.0811956704794,-6.86189239628985,5.38653953212271,9.88767698728888,13.6386593080308,16.8752806663157,18.6436687939753,-9.24816468008386,-9.2912117725348,-12.3072430802307,-17.4234937914686,-11.4672719514714,-4.80826520293629,-6.64988110597177,-1.42758269504592,-3.44951589495209,-2.62429809568443,-2.54241768319442,-0.385139618843879,6.46847039442725,23.0635792906841,-4.68908940502063,4.1650053757329,11.2265725089253,18.5558906084115,34.9705593711787,107.86648303149,185.694066726931,260.452048011879,352.942806091498,439.574929125378,526.462259288075,519.107730527292,610.977501700204,172.050981203041,207.638414507575,108.256397041728,161.365619327894,45.1745923557261,21.9475870847691,1.33815175800821,-21.276669692784,0.02770231600658294,-0.10557003590823869,0.04312560982079899,-0.066562947091304,0.05777560924000891,-0.029508296390472883,-0.12277315494341529,-0.17523085394325977,0.0013689118703722367,-0.016302952123885443,0.13906015588889917,-0.15306351683619343,0.12711004426217748,-0.08594307978020116,0.06754181728757952,-0.1363403361759535,0.2744026326245621,-0.08488614058039892,-0.0699879601993022,0.03558420421592351,-0.04096312885705058,-0.22281531510310687,-0.05271215515114144,0.08332853028441488,0.02835525651766028,0.039893099633622066,0.13425712102290063,0.13884055806021198,-0.0070278857737324325,-0.15885968174443116,-0.7355818201047902,1.6886751190981317,-1.2029876393571715,0.32180411531040765,-0.015723910148611346,0.020562929665646858,0.11802862067777005,-0.16085009242542833,0.07336237967932402,-0.048300132530766905,-0.01939465074114461,0.05526268954274347,0.025165304965414113,-0.03286902771164188,6.72234126984127,18.786505957508382
60,-31.8543249576874,-16.6932787142239,-36.8838143046934,-14.2161239575516,5.61093816059169,10.0893650746603,13.7327598574626,16.5993582423297,20.4650645621342,-10.5367743185855,-13.1839299819873,-19.3961929677969,-25.0644536903145,-18.3905983142284,-10.5332537316112,-14.1254521830146,-1.37709513051787,-4.06294363862672,-3.24729201881558,-3.53046161931077,-1.80652869161166,7.73093033546938,27.9863112157966,-5.71666689245261,5.34638948197009,14.3241359011971,23.411782315032,38.5922138827854,124.427527325127,214.259359622014,300.625103061803,439.574929125378,575.964264832082,712.246452426016,732.339154956776,872.309829253559,368.115939630765,440.645408601848,204.982245898141,280.536411758349,114.11146654568,68.7281612530504,26.7100992594114,-17.9739490407014,-0.019393955608455485,-0.004889837848167874,0.026221288005104936,-0.04951134758004616,-0.007858676094063897,0.007948027471651397,-0.025875150965328213,-0.057584958903683675,-0.000890283398419098,-0.01065370309240095,-0.039654131050317364,0.20552798896727828,-0.06990135460864307,-0.041213793525124796,-0.0057687846296822455,0.013557647046271938,0.013352865245664163,-0.0814110829045551,-0.37624697885075353,0.05674559114631702,0.015245733143990272,-0.07033037847732174,-0.0048614008346692305,0.1156071323036824,0.01254011915768798,0.007644006519139573,0.06831125532287247,-0.10793797021545805,-0.0024431656747364505,0.04995081127244375,-0.13004793939795667,-1.2029876393582848,2.6957423697371605,-1.3285974176623065,-0.016178664670277256,-0.020231535180652103,0.04597764476173104,-0.02907040846144745,0.016415095608571833,-0.04044653058863076,-0.14953680530980268,0.11088438574115157,0.21807293322698185,-0.16294353968251027,9.022499999999999,23.999047165087248
61,-43.0282572177292,-18.5357775161916,-52.6357361973677,-21.5464272759828,5.87782362754603,10.7569119781651,14.1111761600211,16.4370189933759,22.3186686192896,-11.2791942071925,-16.8551685980109,-26.0518930561426,-32.6362263081117,-25.1185952804137,-15.9611631866707,-21.0737060852579,-1.3368751554352,-5.10921531473447,-4.83238238562771,-5.62206077837681,-4.45098832905756,8.03402186746152,32.1989619761538,-7.23943317658433,6.63156125366572,17.3392349185055,28.039867581018,42.0641607260234,141.179063751604,243.204992483703,341.279113389768,526.462259288075,712.246452426016,898.408392676323,946.506185380126,1134.63814738892,564.820919218346,674.324478592533,302.187388284459,400.027325167516,183.004299352141,115.514933239874,52.1439476706062,-14.5672072880406,-0.0008428690635840273,0.0722967744877643,-0.06320480216232277,0.11245962818798018,0.011301495074302554,0.0026248447584700297,0.005542980955665264,-0.0063814678058562255,0.007908500631007337,-0.044818345002268445,-0.01527537150737792,0.02425745663098087,-0.006920670024195409,-0.0004986650207796933,-0.10158715617884738,0.10619621540081028,-0.032629081430713705,0.051674919243138884,0.2461019905693205,-0.020151216091030447,-0.006310756504761416,0.11024824397124497,-0.009056780253514847,-0.10118112517718741,0.014874598401054047,0.01289050834177277,0.02219419773071796,-0.07880896323544812,0.018733479398436226,0.040437158997401544,0.1025671522655847,0.321804115311453,-1.328597417663478,0.9150313007535344,0.006286943341385696,-0.06876599752195096,0.007766389997685723,-0.055054485169152984,0.007876313535044154,0.050419537980199845,0.1658133205746014,-0.11352871337829311,-0.1412017146429315,0.08761076435665684,11.244880952380953,29.973294658350852
62,-26.6410223692848,22.0510718433736,-113.513291997141,-57.4419595528852,7.71716062198779,9.18002917957731,8.01284193245586,5.33373075985048,15.0689062947164,-19.7607486889958,-20.075630795759,-32.2541132429358,-48.8316087137771,-45.9019137817268,-40.1731561259864,-38.493153996024,-3.21413608797579,-5.48305643671191,-1.55948036754987,1.26212912125578,6.80201219247494,7.36327650477199,41.7015750840377,3.89967339683654,22.1918035580684,35.8227162284971,49.5722363640084,23.7040883406156,117.964512919765,216.791983760544,310.408017199298,519.107730527292,732.339154956776,946.506185380126,1385.89657851311,1426.08412637991,779.708587555727,903.94659816906,385.822813841565,493.067760515123,217.184786198991,139.773856210546,66.3134131192897,-12.2801525141281,0.011666067048166348,-0.004173389898041654,-0.024824088690700578,0.045560895193483386,0.01297786503276638,0.03077702958371935,0.029225108652443328,0.020798590626973035,0.03873116886191248,0.03713841831967939,-0.100962099272943,0.034321699350193385,0.00457103252356003,-0.019542627413089184,-0.020364266391947584,-0.010321523439270914,0.014171690588419349,-0.014795682703385113,0.0032683268909622647,0.026512523244274753,-0.11070677721651079,0.0557055305544282,-0.009968272798846704,-0.06102723178245416,-0.0513231382837551,-0.01803826997869658,-0.020080325662207247,0.05061063165251819,0.013765307728087657,-0.05522668583856449,0.027796770071685677,-0.015723910148598218,-0.01617866467020399,0.006286943341296463,0.09442727365784166,-0.05427291775506391,-0.015066648964828292,-0.018689908035396444,0.027186715803232914,-0.028994703684959194,0.10535733421901843,-0.023206649626813333,0.01521734790415306,-0.04591963278144521,15.615277777777777,37.227497612827946
63,29.9235216124334,54.6627127135101,-97.0158459291699,-26.9693024099748,37.5259790095457,28.2786215749312,16.399731525209,4.93383346495696,16.6628402997207,-25.1902053607586,-28.7009518740481,-23.3265501545014,-23.9839599142204,-37.567844226384,-47.9796378426302,-45.7937826056628,-4.4512070268142,-10.4380764401629,-9.576339835058,-9.80278864986065,-8.17074099791264,3.23176965878951,36.6038349708785,-12.1944815276241,9.00410689055101,25.4480860098189,42.1772279438738,22.1741716669575,132.592803204804,246.372359148849,354.366394748771,610.977501700204,872.309829253559,1134.63814738892,1426.08412637991,1763.19176357069,1055.14809746327,1224.43562072819,573.129776216778,710.250592452664,387.80777178911,287.994466992633,192.492381875712,91.3092210538297,0.0025176491335837147,-0.05024754733540513,0.04421968270964204,-0.07789330323365505,-0.03172408673326962,-0.031239780506448517,-0.0003441594243755992,0.05959089664603129,-0.0970471099795489,0.03706969963722468,0.07125368154763416,-0.09265421671786725,0.00358186020317063,0.06161059323337404,0.07181647194288422,-0.0667921875050706,-0.026258245125424944,-0.008596451948566576,-0.02719787276899,-0.06499608350220142,0.12017143280966923,0.008876259915150413,-0.15089031000949182,0.16456362430157404,0.0636002916296053,-0.021290829409166923,-0.0667066981944099,0.06809098693479307,-0.05469515462578675,0.025648099523913247,-0.0005749352601100765,0.020562929665291746,-0.02023153517964658,-0.0687659975223932,-0.05427291775507338,0.16694318825719962,-0.11088495240567961,0.10047071166191929,0.06613766279047238,-0.20518657592590794,0.013207779585805903,0.04399842948941054,-0.014878607619414163,0.031076661384062634,17.059920634920637,41.990257960277994
64,42.9652334093828,50.6170009607792,-92.076316704011,-27.1985810911628,21.8039836566801,5.84157558088969,-12.0417637514629,-27.2561940772888,-17.1053446274498,2.14052733405665,-24.9296734357446,-12.9287336833447,9.76122609301622,-19.8791423400924,-46.8309347250929,-51.6414579885792,0.162594747581774,-4.28929691428686,-2.72711695805582,-2.27922191643043,-2.94476486677905,-1.44403233440982,2.70192665993032,2.92610556089078,8.45680873378534,10.4130848890346,12.6316445438317,-15.4399821420493,-12.2496312803696,-13.8551814948217,-20.1131112907476,172.050981203041,368.115939630765,564.820919218346,779.708587555727,1055.14809746327,1278.12128591411,1541.4799642131,785.128856737205,816.418918236757,569.451288522172,461.199954704536,356.519828414657,246.88832799976,0.010673493617382894,-0.19803235755233464,0.05708045647617331,-0.11335576881842885,-0.044427634035632525,-0.005680589320135229,0.03785097518391435,0.2244687304132708,-0.08744142931072221,0.020573439627670605,0.14638725530196184,0.06534603029780879,-0.17984846407529062,-0.020238673994797653,-0.0025558120080468216,0.11250602359813912,-0.09941379479798942,0.0977117305332032,0.057400807880087175,0.16298374334688703,-0.12868053995656376,-0.10679426183195452,0.2802485624024476,0.07291403229857081,0.03644366286831258,-0.0333847228903702,-0.13151010477226088,0.002651050710045221,0.015985424214278354,-0.1491345013370368,-0.06878416351665051,0.11802862067765141,0.045977644760183185,0.007766389998731941,-0.015066648964633198,-0.11088495240579066,1.009400663884904,-0.9018972465114717,0.022090873674833197,0.4466886525823177,-0.34078989715197694,0.08441336565324087,-0.012228934924294235,0.05040289380118972,14.995238095238097,35.75068231396584
65,19.7686059241729,31.3266775761518,-146.00015915636,-50.0271679366255,17.8583189307342,2.27581541328118,-15.6076363132,-29.0603874446179,-18.1656002521236,5.51803785677851,-33.1381415715206,-16.2073254436319,17.0645565942553,-25.1372556844883,-63.8573983866325,-65.7637477107094,2.14443883665517,-3.94043835027158,-2.37212166358624,-2.24035042422476,-2.88975482822088,-3.0255732518244,6.2442327034965,9.85769354189653,15.2162441695492,16.4118436228762,17.9730786267818,-16.8456362319468,-11.9038487309484,-13.4670873256314,-20.7028364822646,207.638414507575,440.645408601848,674.324478592533,903.94659816906,1224.43562072819,1541.4799642131,1919.746594997,1109.49344164888,1077.93601296599,718.235058614666,600.460757613614,486.760658964993,366.913830030541,-0.017440114971163028,0.1765738581089572,-0.023329487164693616,0.047487086745989004,0.035406160118603626,-0.008774204141301803,-0.05394454827859108,-0.18598686392450495,0.13576323039670737,-0.03231823263366763,-0.09999382524498124,-0.1391668273404008,0.23916092376035905,0.054013680155006426,-0.07199710994170466,-0.06353147743062017,-0.008584433410900535,-0.0760687729966128,-0.04205366817827004,-0.15876940427106778,0.14689071676377957,0.015266696098016789,-0.08439136962581455,-0.08836783947823239,-0.058320070847998166,0.0034612339976548925,0.11138218653306534,0.019381570028774536,-0.022899224544916264,0.1516982105079302,0.206524593817265,-0.1608500924249984,-0.029070408460719586,-0.05505448516980508,-0.018689908035561788,0.10047071166214512,-0.9018972465113102,0.9785026557274494,-0.09459474213084536,-0.4385439564871643,0.07885018283140663,0.02738471306285308,-0.029816296437941318,0.04034645257416918,18.027222222222225,43.81479881269572
66,3.51953721006382,10.7612061248019,-140.033341741916,-42.1571647572399,18.1376448341052,7.29166813342301,-5.27067235044774,-11.0819952004352,-9.96756377043797,-0.935147200800509,-31.9396164676947,8.65664593429373,62.9990930783303,7.82865980732022,-44.4688858227254,-39.699280842006,1.42270345204993,-5.61757214772981,-6.16375658289797,-8.02148196600313,-7.33236251174956,-14.299049346931,2.2489665539006,8.36648508552031,12.338809304935,13.1782002486212,14.350279501609,-12.7465340385121,-1.17093034200987,9.10863136209742,15.0973748216077,108.256397041728,204.982245898141,302.187388284459,385.822813841565,573.129776216778,785.128856737205,1109.49344164888,1057.33000228495,819.746121662901,449.532850353846,445.176234582392,443.46645630009,436.582782793036,0.010661252123922153,-0.09234809685180517,0.07453851259402687,-0.1494852771435496,0.024864323206668752,-0.002937241607880178,0.024869498869988894,0.04069823992853548,-0.08740212266914962,-0.11933119436678032,0.14621015366050955,0.1421727934082968,-0.09345026489407056,-0.0022507654222622742,-0.022785432277287156,-0.04968583037144073,-0.0947601559668479,-0.011730146221875,-0.007136029113463505,0.03459129791502179,-0.07505296660677098,0.02385381823006491,-0.013219710700269699,0.031993190628164185,0.007151071398625605,-0.021532562712384493,-0.0426808876206398,-0.017847924258633047,0.006002361744232193,-0.04859826650970828,-0.05434697698225183,0.07336237968027237,0.016415095606942542,0.007876313535858447,0.02718671580328704,0.0661376627903082,0.022090873674194118,-0.09459474213037362,0.5016193007189096,-0.8272939856590315,0.5137264983248195,0.0982132928539635,-0.015893306010997837,-0.131983259991734,15.295714285714284,32.51645740674943
67,-6.90305316108306,1.50200116970286,-136.861097130242,-56.5882820967815,2.83979757871091,-4.67714852353833,-13.675404858452,-13.7529078144029,-6.25109453943307,-0.633953593688873,-21.1880276149246,33.2441785971083,101.065634474039,28.1827436939756,-42.0406001330612,-36.4410174470972,1.44961009073788,-1.12041968777269,2.41121585596755,4.60782419918309,7.90904633095,-2.8988139634121,5.26163781264545,-0.981143627650982,4.7865287494583,7.9966868986954,11.4969846637145,-8.91640917085181,10.7886624874645,29.8032764613814,45.2235611714407,161.365619327894,280.536411758349,400.027325167516,493.067760515123,710.250592452664,816.418918236757,1077.93601296599,819.746121662901,797.835225556251,594.553608951395,588.288581331923,583.794201385802,574.496783463547,-0.02520104479548022,0.11877274242230572,-0.10441707445530106,0.20676475229406377,-0.03460529421059207,0.03856181530243313,0.005217607584476529,0.0017770797332529976,0.08840567597179502,0.13780389830451673,-0.09422884039320933,-0.11573405560580474,-0.05993415171686756,-0.026640352890729732,0.1542801236170825,0.1267140742108815,0.1971940488304741,0.12600298901508492,0.0978585458386194,0.10274447466095167,0.06682015609030814,0.04055792695051165,-0.052708636557367176,-0.07830257756936942,-0.02532355704342028,0.04528159560906673,0.028080914154548383,0.006393404496997724,0.01660582050460734,0.014494556358965925,-0.06257357717117663,-0.04830013253343181,-0.04044653058522647,0.05041953797871499,-0.028994703684913463,-0.20518657592572462,0.4466886525832867,-0.4385439564879911,-0.8272939856587993,1.9621432223777164,-0.9201376520638044,-0.31742219239938196,0.05807158362937855,0.191190390260466,14.097539682539683,28.245800140131465
68,-2.71919371650165,-1.31398506966828,-101.669381051781,-55.5939299597409,-12.5164244560077,-17.9111601539165,-23.9748352418803,-18.6467228034014,-8.60162286216946,4.2025480147783,-4.5136440233727,67.2448459904415,152.431543328625,62.1750037440107,-26.1208611098857,-20.032536420992,2.85367396503372,5.66358757474946,12.1835697077257,17.5254748710449,22.7186711675994,4.01612913024786,-4.84478260103707,-10.4999653581457,-7.46175878162926,-5.52984343082933,-3.91244197944958,-15.3657212200808,-17.1017587721022,-18.700548468217,-22.0997599497719,45.1745923557261,114.11146654568,183.004299352141,217.184786198991,387.80777178911,569.451288522172,718.235058614666,449.532850353846,594.553608951395,641.753187635207,669.486830148873,697.231513789572,721.371331968381,-0.009162436915935622,0.11869430824397074,-0.03450841916497141,0.04898837278970783,0.027385690377839902,0.03938022751398654,0.13156347605576743,0.04090842141968494,-0.11069562410796639,-0.16913581964524582,-0.11460422772879685,0.20118221136972708,-0.1166848944700237,-0.10415761175654162,0.0063983671032610484,0.016903285738372475,0.17099292847176126,0.01668122765851993,-0.03266457632805032,-0.03134372974257679,0.04934649319450375,0.1059787679058865,-0.032382395320788064,-0.3110843125480429,-0.05994445123780912,0.052244350840080465,0.03493727457826727,-0.04761965669284557,0.04328341687956644,0.03452245450040901,-0.05736059301813048,-0.0193946507405383,-0.14953680531149618,0.16581332057557635,0.10535733421913539,0.013207779585623958,-0.34078989715554747,0.07885018283438597,0.5137264983243078,-0.9201376520644788,1.8930067758556666,-1.1643662237157335,-0.08986536522159573,0.085020390783013,10.212698412698412,25.33265062395183
69,1.79314692735854,2.0955817771902,-105.839420782875,-58.7970598274507,-13.5668225320484,-19.3739716024163,-25.7145476118579,-18.5612808724372,-9.18554033356858,1.87036151742115,-4.37645858280232,81.246984213762,181.382630501314,76.7419265639132,-25.3054953306039,-15.4391166386583,4.20998144137022,7.26942942498789,13.8599961957157,19.1921511776744,26.060215616426,2.09118208340509,-8.23920507870471,-15.1864992582754,-12.0566670971938,-9.93003332307296,-8.67988991949031,-21.834867753354,-23.3632491581327,-22.3959002985263,-23.4061810585936,21.9475870847691,68.7281612530504,115.514933239874,139.773856210546,287.994466992633,461.199954704536,600.460757613614,445.176234582392,588.288581331923,669.486830148873,732.256478240849,794.295462313585,851.886758154581,0.04388968638802723,-0.19376427588707557,0.022987592509325423,-0.030925629894673064,0.001093047930180591,-0.0350287063918113,-0.08416077079637073,-0.0945957196674666,-0.01591232941831546,0.007536429357528598,0.04781793900196074,0.10112089930203233,0.02038930726630009,0.01662250556529557,0.050691020877966494,-0.09493574718383128,-0.21177067621602702,-0.16683237850490018,-0.04801703237700208,-0.00992411189980141,-0.25270634309842066,-0.007146063076723077,0.09361485636096374,0.33931948686412217,0.04971470702217374,0.009192352134279925,-0.03150180763942243,-0.15797530126680573,0.0515107394088169,-0.07378916081645659,0.07021056623771746,0.05526268954475688,0.11088438573821839,-0.11352871337729244,-0.02320664962693674,0.04399842948965229,0.08441336565625941,0.02738471306063715,0.09821329285457128,-0.3174221923992924,-1.1643662237155545,2.3623652442185006,-1.223783419521198,0.13280218285973258,9.79063492063492,27.060053182520715
70,5.99288929034112,4.11891445813527,-106.776092472523,-58.9297980336526,-13.11854893618,-19.7345932456143,-26.6936393550825,-18.0265700625649,-9.61466270763743,-0.173088506167039,-2.99804203692935,97.9528973397612,214.080289856442,93.7100240823578,-23.5433125161442,-11.1529121805614,5.22302236063848,8.59714847431627,15.1503483654725,20.4128370017949,28.4197895295562,-0.529378584158238,-11.9502977560437,-19.9807904561161,-16.8151941614477,-14.4887248152064,-13.5775801080813,-28.4417437786827,-28.7377378969312,-24.5232065930936,-22.9377207934778,1.33815175800821,26.7100992594114,52.1439476706062,66.3134131192897,192.492381875712,356.519828414657,486.760658964993,443.46645630009,583.794201385802,697.231513789572,794.295462313585,891.973809625894,984.339875413767,0.015840544229326764,-0.01173034540649839,0.007500464998305895,-0.012764594724294719,-0.007028696987325625,0.0018486380144437844,-0.0002951326738927063,0.002213206478260905,0.05381379015781091,0.0723314597430128,0.1571806479924996,0.008583152036881007,-0.0014155570190713285,0.0469985249356188,-0.018761805134143578,-0.19898841602025172,0.004170306051421635,0.08012279538166826,0.0898488629888428,-0.11207409982608088,-0.08881595836799987,-0.16298830365582748,-0.12356697809587744,-0.0340034524155302,0.006010582449956499,0.0036641248690188507,0.01088044742464163,0.06075001085702255,-0.01210939434011031,-0.08774348780199023,-0.05400596743786765,0.02516530496268401,0.21807293323289134,-0.14120171464542175,0.01521734790407975,-0.014878607619921626,-0.012228934923896288,-0.02981629643886935,-0.015893306011760814,0.05807158363119209,-0.08986536522329136,-1.2237834195199604,2.8369532508413875,-1.5167175460450717,9.05484126984127,29.86576316831522
71,8.06287364568531,4.96909150238277,-112.498940911492,-61.1963486598269,-12.0556328106484,-19.1112306876342,-26.3815881177608,-15.9443967354512,-8.50611374899314,0.0368386833799324,1.01813635477147,117.009493728213,247.233973252301,111.397628169293,-21.4832335796356,-7.3509754213198,6.52972615348016,10.3811082693472,16.1735680995442,20.8113592587488,29.5028102085882,-4.22983853399669,-15.9095539673271,-24.0097888561406,-20.1804075710832,-17.1203041850582,-15.9542047868049,-32.8018856856997,-33.0273389591361,-26.2463082425338,-23.0094022213799,-21.276669692784,-17.9739490407014,-14.5672072880406,-12.2801525141281,91.3092210538297,246.88832799976,366.913830030541,436.582782793036,574.496783463547,721.371331968381,851.886758154581,984.339875413767,1111.91387924518,-0.0296461931745882,0.03480600598654953,0.020726373390240437,-0.038444242883486184,-0.029554305116443573,-0.004370660423055137,0.026104447617102466,0.041989750931130346,-0.006975043113871585,-0.014495714609115846,-0.09343575880391732,-0.1417790095190386,-0.011119713930055296,0.025788641886415827,0.03318599703685953,0.14307653844481125,0.003885167931733862,-0.013093945913173687,-0.06257618603887367,0.0815729293748659,0.1873697095899316,0.0896497086340544,0.09267100616465704,0.02002996897001442,0.028266485369521324,-0.0642803275974336,-0.02856267681366939,0.08400953380064595,-0.054342297845212384,0.0961416453354519,0.03415271233191289,-0.03286902771076225,-0.16294353968538158,0.08761076435797821,-0.045919632781332154,0.03107666138442522,0.05040289380047347,0.040346452574998304,-0.13198325999118835,0.1911903902591102,0.0850203907845154,0.13280218285865453,-1.5167175460449702,1.1449585880442001,8.684126984126983,33.34522273497636
