,Cov_0,Cov_1,Cov_2,Cov_3,Cov_4,Cov_5,Cov_6,Cov_30,Cov_31,Cov_32,Cov_33,Cov_34,Cov_35,Cov_36,Cov_37,Cov_38,Cov_39,Cov_40,Cov_41,Cov_42,Cov_43,Cov_44,Cov_45,Cov_46,Cov_48,Cov_49,Cov_50,Cov_51,Cov_52,Cov_53,Cov_54,Cov_55,Cov_56,Cov_57,Cov_58,Cov_59,Cov_60,Cov_61,Cov_62,Cov_63,Cov_64,Cov_65,Cov_66,Cov_67,Cov_68,Cov_69,Cov_70,Cov_71,C_0,C_1,C_2,C_3,C_4,C_5,C_6,C_30,C_31,C_32,C_33,C_34,C_35,C_36,C_37,C_38,C_39,C_40,C_41,C_42,C_43,C_44,C_45,C_46,C_48,C_49,C_50,C_51,C_52,C_53,C_54,C_55,C_56,C_57,C_58,C_59,C_60,C_61,C_62,C_63,C_64,C_65,C_66,C_67,C_68,C_69,C_70,C_71,Mean,Std
0,352.79498240386,91.4031962840232,92.863031346496,93.023969815223,90.858361963785,51.6422927073449,12.1704450760416,1.28807218630542,6.32993323898968,-6.65930537624229,-12.5601720736674,-13.503305690306,1.46914363495892,-1.99810266242053,-15.3962262202589,-12.3011500939719,-6.94729372440875,-2.90662568651334,-4.97433961302219,68.6672427039056,45.6395330811012,20.10308817341,-5.02490384729728,-6.58980885172757,9.50025709949447,11.2162847971656,20.6287536011608,19.7871626031059,12.8318854590695,2.74386319838352,-29.0957427787847,-30.7392315679308,-36.3891539539033,-37.8979403066332,-12.9673742251107,-18.2059704677972,-32.1881254584556,-50.572910737212,-88.7505652051575,-115.070855610541,-50.4838406171942,-0.0852530127952393,2.94676636184582,14.9997743194215,18.0438304723358,3.10786697789783,-54.6344920023211,-55.3407533120307,0.20030798284368967,-0.14997543363648302,0.1446177885929923,0.0877289509240329,-0.26019638359283875,-0.023003359318742776,0.0039163956409171774,-0.014884859273590649,0.02307729807484328,0.10418037329386079,0.10299721943989999,-0.00571667800222654,-0.18363880382212558,0.0025440723749340674,-0.0026135177541713288,0.08619872581674086,0.004928771865109593,-0.09022963991328292,0.11735642451535,-0.19527163639506262,-0.11347936048851305,-0.12725014205382842,0.12930986141211032,-0.027988109056990517,-0.0507355369229124,-0.09782750739359196,0.07855376063667538,0.013171077281941331,-0.07495862424398464,-0.06823841398764605,0.09621172579458101,0.1601912463859217,0.12568898362919642,-0.040878416228184625,0.028836444531604076,0.02189710210494018,-0.06771653785616778,0.032401985983509844,0.06954164545369117,-0.11474604985029216,0.017683428291958535,0.0014178244117611309,-0.023662105890620216,0.02901211693217264,-0.03447850956178617,-0.09024077936222591,0.11461825155281732,-0.029710784380019103,4.83962962962963,18.78257124048409
1,91.4031962840232,153.972336064992,136.319366734239,118.782752084066,73.2966405364287,19.8248831403448,-2.71904808390149,2.06450451537495,18.3954637082589,11.953582674266,-2.54467834716784,-11.1523994765915,12.0618476661706,4.89200995202953,13.1558161250923,-8.6468686472988,-4.35650209104332,-0.484586789411975,-1.72998018907381,-5.50242698333291,-1.13661147523716,2.42986366102786,5.11399579570451,5.95583507074433,6.84956335695057,10.4661762690968,20.8527462159073,24.0519080633431,10.8207760304456,-4.15416907054607,-15.1897279048247,-7.94190930765168,-19.2272962785409,-27.02871315533,-14.0458518810404,-8.87764258628646,-15.5766889831557,-26.7109087906634,-60.7334270010458,-79.9696338132427,-17.6080533265021,-4.97918851822279,-3.34423474721455,11.1898243093968,17.8821321823823,11.5854862509973,-23.5903382935069,0.883854005038333,-0.15189150678148047,0.7435410065088804,-0.8532433491092328,0.18087265947003267,0.2669853662304183,0.10844064400755724,0.017410423340793624,-0.3120218627928318,-0.06558582958229248,-0.22626997734623605,-0.08123398616098593,0.0668205751255097,0.07134118120082072,-0.09406295204544653,-0.01118242628801973,0.0989726301820324,0.20387200383728368,0.04101970750103893,-0.011028878956407884,0.06831897730179792,0.4089778882214896,0.15086953790608756,-0.016560760530216167,-0.17797981385204742,-0.06336369200630293,0.0061745316487262555,0.010827635377327444,-0.15427030437962802,-0.05393646223334924,-0.1391131600174403,0.10709373010752375,-0.0791391801451562,-0.10706931481078975,0.15816839152805404,0.14735714469334596,-0.3854761032381342,0.07213698871622425,0.05817134955247681,0.013314682096840386,0.024695896417569405,-0.03088540354051504,0.16198880441806804,-0.18764211899004224,0.07960616579335733,0.0792598070981824,-0.10749757590034882,0.0041262505490639026,0.023325144162056572,3.0775925925925924,12.408156030006722
2,92.863031346496,136.319366734239,164.563073435504,157.332163773351,100.795381031185,33.5169237841671,2.32246551004861,-1.01178333350213,20.3339888421589,9.71312475345076,-8.16094182497106,-16.2755802863137,10.6307459801288,5.90103041233888,10.6580940373501,-3.18750729420214,-2.21163861198805,-2.37125995001733,-5.87353309457484,4.84051073314609,19.6409752966922,14.8101728615726,11.9349835585556,2.706891205253,6.20100121650293,11.631250675572,23.5368485453725,24.8535114808516,10.9529774695501,-5.51502030365992,-16.4130038412275,-7.02706715742922,-11.4279621503383,-11.8349962652228,-0.999423172192846,-1.60596643311314,-9.82656923056193,-21.0990402374756,-56.3978784189382,-78.9439213074662,-3.6707955341897,6.1449111087865,5.81322614082101,24.0867553115786,33.8228377750528,29.1847752832309,5.41566894879626,28.6386456862293,0.1620926238928884,-0.8920776172341329,1.7954804300170062,-0.8105760067870595,-0.10826918610766394,-0.2242591545815395,0.09295654039240207,0.5060408493435927,0.025217854420176322,0.058406516398271824,0.3027990963173444,0.022379434771314113,-0.07301741493577799,0.1905859421528118,0.0471261963177089,0.1725605785149305,0.07984153453274997,0.028174529714769282,0.07369192979919313,0.21068746155861795,-0.603535244613956,-0.2832720704311649,-0.047127444277670814,0.2470992885603795,-0.2626188588964564,-0.04531153740638382,-0.43169596637595226,0.2475789479735936,0.09433813828956936,0.05930396022713822,-0.1904449807372348,0.09420962594168773,0.07570175191757507,-0.11655845176079721,-0.36165809058143267,0.22865644785227562,0.03990184269315929,-0.046361241752980335,0.1514965128100481,-0.07945506391782252,-0.013341703270114672,-0.01745602155824833,0.1311853559607648,-0.06672431685805322,-0.09605349964417656,0.001781053922501292,0.020271751332072575,-0.014533153791186169,3.6738888888888885,12.827824189452569
3,93.023969815223,118.782752084066,157.332163773351,168.440031360863,106.881441293149,32.208165793949,1.31891099835132,-0.998240373891135,21.9408629807208,6.46580331610781,-9.49209378630973,-16.9269867137492,9.85191004802899,6.75812719597321,12.1878600738485,-2.4690641706252,-1.47656474631551,-2.0418150585684,-6.65834888996427,5.63828331758495,16.3216785762095,10.9970755058292,9.3395257717905,-0.877110374008269,2.53758877323142,9.05043478483465,21.338456732068,24.437399656842,11.5767949828326,-4.02541331483918,-16.5754867479401,-5.13211134785773,-11.8655470870664,-14.5949656793793,-4.55339845917375,-0.107238891519211,-0.552642155802429,-5.22027944557897,-32.5789421276486,-49.1698901790095,14.631371484419,22.1045118463596,18.3014533317158,38.479303356525,50.6915942219408,51.9539851987734,33.1433456367984,39.8115750675635,0.08228786349865978,0.20559470432995985,-0.8777901036884188,1.397003034200116,-1.2272723988436167,0.35894315738373433,-0.08984184309750048,-0.06640454952752338,-0.5932961784051929,0.17984630587376485,-0.09394879488236893,-0.08856374760536653,0.10264532093240555,-0.14006647040494455,0.05952673039557827,-0.09628064628080187,-0.023195200787704925,-0.04972342315548136,-0.007486629128015865,-0.23941451300884892,0.16580935420432757,0.09211698593815248,0.021269410564542426,-0.03504568290444165,-0.041609617290601274,-0.05355315127434703,0.2441307314938488,0.005370346402566278,-0.026779775663123274,-0.0915549905826583,0.1188151968510999,0.04148695934747254,0.05915052894365696,0.015219028364355711,0.2811534318187572,0.06780058507681021,-0.0418070502674429,-0.10788724218894241,-0.13590366366922882,0.009021678486642499,0.024464917540289958,-0.14088018876648722,0.20644772414274537,0.012452586625912518,-0.24894529031864004,-0.03028009911618149,0.1997029597581507,-0.13345026054534492,3.2118518518518524,12.978059614628943
4,90.858361963785,73.2966405364287,100.795381031185,106.881441293149,76.8703054136512,32.0121500497954,3.37491799898999,0.542972317405693,12.3175264404862,5.01264173472631,-5.75379751389758,-10.8356865938555,5.7628450290436,4.02268162472345,19.2720441583745,-1.9858653820353,-1.48363005115766,-2.42117887809232,-5.73110486231339,12.8132598645227,17.7209760541706,10.1943888874573,6.30062048031352,-1.0892424662073,2.36454925894741,6.39240426938442,14.6665323309925,16.2043856146064,7.66243809871297,-2.69352785272793,-13.5324255660924,-7.84318088924856,-8.95470544915021,-6.990289996238,-0.876484206539661,-1.87807654555828,-6.83453365782284,-16.2339122099836,-42.4649652366936,-60.119375721008,-12.778108428717,4.39405524941008,4.27530911735013,19.2392749955124,28.0855386534057,32.6502686138759,25.2779915491259,37.9843387824118,-0.2713297932870947,0.29346594565261,-0.11592776979532728,-1.2027230562485143,2.3217349723777256,-0.7280275717009658,0.1424110788351284,-0.32421659537608694,0.2887872916283555,-0.2644504815401772,0.19857812593314353,0.18604004210735645,-0.06694646564284687,-0.1077071776766391,-0.07028715694591654,-0.03672230412793053,-0.1117378954289425,-0.010135051730104058,0.18922916262679154,0.11972678589243406,0.159227540680452,0.18582594984325143,0.024332656597953025,-0.013351595351740813,0.08185252019231896,-0.02495685752306914,0.011016988330267027,-0.238423255468629,-0.01784686834290162,0.09224256323593161,0.025909215183812912,-0.44865648806511005,-0.0834578841021129,-0.042494614838029736,0.006562267510263191,-0.19721800889096225,-0.21063411417307376,0.23559293285417268,0.09221965653376638,0.11756623902884984,-0.06746979880307989,-0.019333319428206465,0.13095900483921816,-0.20756935181442476,0.2538044707376668,0.09459024317079781,-0.24129104157716758,0.1316035559391663,1.019259259259259,8.767000936104159
5,51.6422927073449,19.8248831403448,33.5169237841671,32.208165793949,32.0121500497954,29.9825734355045,23.1055790758644,0.525577143186633,2.41267581109861,3.04045333335625,-1.68260138536851,-4.30759944860243,-0.61938080687785,-0.872830157286793,23.0916954682244,-2.72113103072645,-2.05962162924133,-2.62897168702338,-3.45824121351231,10.3544834076144,13.0075592078542,7.24222409739852,5.05159500644335,0.583576088071692,2.10153961723203,2.94177332749634,6.78415807792872,5.23260922528476,2.16197527137922,-1.80204407901722,-8.43396593750694,-11.4566305165036,-8.51110727223732,-3.98584277352379,0.427104624304184,-4.22540724960116,-11.6003320588236,-21.9812699492049,-43.9680520287822,-62.1626077542053,-34.7208755194657,-6.78372398547089,-6.22784044056496,-0.567896562863007,3.38188911226174,9.43229777770448,11.2668637148146,32.2986481926135,-0.022979126152018935,0.1005695315980795,-0.21981163556235023,0.33547513851338306,-0.7592245352907989,1.277072467889368,-0.39737540397163695,0.03269896202338564,0.32554640968737264,0.05772828144139123,-0.15925802633498376,0.13563832859432434,-0.030634720053225296,0.2866607638295118,-0.12360784180936076,0.026140474470725955,-0.15663003778821832,-0.04131896424920937,-0.009103730454751552,0.0214008657034763,-0.01771277097060408,0.008273871322021202,0.13072338880004344,0.2123841792513581,-0.028271206474472777,-0.1091159766110694,-0.4119343029783588,-0.043023885510831354,0.05922819302119305,0.12557096439607443,0.18509561326949148,-0.06680812202145522,-0.26029163600921534,0.1678527454504646,-0.07041332503437552,-0.2768342104192909,0.2648303232968284,0.033147077110968405,-0.259986135229115,0.13503315053880874,0.15863250208169763,-0.14766395963595436,-0.011064878590636236,0.39544946204846565,-0.09093053232462117,-0.07723102637335393,-0.12384106822940232,0.10705703944929243,-0.8777777777777779,5.474721311217993
6,12.1704450760416,-2.71904808390149,2.32246551004861,1.31891099835132,3.37491799898999,23.1055790758644,64.3132008301405,-1.12530152463661,0.0434274955527467,-0.182415504818208,-2.76456789351157,-3.40324266859334,-5.94881285852964,-4.92371327987149,3.79308726747724,-5.95252015865998,-3.04553254550853,-1.10238550984156,-2.02549857383991,-0.740721758004701,3.64511117142417,3.86029397191089,7.21888033113195,6.2951132049013,0.554977108657526,1.1013992987967,3.0625622725295,1.27217345657566,0.412169314783275,-0.343487131542216,-2.54905813715852,-12.6870635538682,-12.6746115473566,-11.2201641219608,-4.7244484929841,-5.76917482537992,-7.20137049767806,-10.7818945937035,-22.1715974125452,-31.8976567955558,-16.9671033531896,-2.69507681868253,-4.14047598152711,-1.22177073983935,-0.849158870783205,0.199034111135114,0.333435334888957,17.1285709760138,0.005349137140335601,0.021123158724436243,0.0953813715010161,-0.07758580851793671,0.15290037198180254,-0.40057328150799654,0.3606459969759695,-0.08033465105226148,-0.09307962012386589,-0.10425349665429764,0.0801079452630423,-0.08515830842689656,0.13193705560948588,-0.1109457917502784,0.069692051098383,0.22585726193304664,0.23464791509900296,0.13380802299398264,-0.008908815421179448,0.0895874275025875,-0.012470273953050257,-0.04197277512001612,-0.20126469844775932,-0.1891894968674126,-0.10290569159189412,0.025279308853499695,0.12359557334718162,0.05562523386543309,-0.0038147412779469436,-0.1489203305139851,-0.1519491415336581,0.20429174549397214,0.04047717351609718,-0.001681859862117589,0.03708752953435734,0.02103894206129599,-0.027137732674445338,-0.06144494811763179,0.08172579837115837,-0.04731282301678186,-0.06678797092627432,0.08675217423699663,0.042850882116764626,-0.14695298108464336,-0.06010048481175763,-0.029625097886147506,0.13788793524973275,-0.08495656803059481,-0.6527777777777779,8.018927660862174
30,1.28807218630542,2.06450451537495,-1.01178333350213,-0.998240373891135,0.542972317405693,0.525577143186633,-1.12530152463661,2.91170019157088,0.633379554809192,1.74287285450334,3.72341368100168,-0.226470446965073,2.17534610401118,-0.683610703172533,0.197619898571849,0.0838247970078337,-0.104825439711488,-0.581953729131034,-0.67254099684621,-0.0538233801780381,-1.39744448828771,-1.63343905880908,-1.47072423333124,-0.868571970503776,0.952282796536061,-0.627096321404189,-2.09261050624408,-1.67389715886156,-0.333359791349339,1.20018283585298,1.58681078658276,0.558941644048653,5.77825855494098,11.5630406933705,9.33584381595487,10.9380806882391,12.1445855266725,11.0777931989868,13.3793390048407,14.3178759961201,4.81591210254439,4.32689619519021,4.81945875424183,4.4821723769688,4.24711384621651,8.27836712076546,14.3873141381086,9.66708581977371,-0.009094815668352014,-0.33406918451992934,0.5682454452856018,-0.027346466324460448,-0.3478071002158256,0.0076502661901885335,-0.04864002660953086,4.186454038954261,-0.3648680620292389,-0.2087989773783029,-0.5217904973116605,0.20262261157334124,-0.08079425545980855,-0.1889047316627426,0.1782131278858083,-0.04065812638123388,0.04600968090393037,0.3421693587448896,-0.008120256494994229,-0.11148614483238317,0.1362105652141531,0.37652256496030045,0.42814552070812995,0.04951825289871871,-0.008860915970949883,0.0005315917029550583,0.47264529884183676,-0.08114113078986794,-0.11140027251318893,-0.173558493986465,-0.326594441715671,-0.0155592962756077,-0.009226573954780033,0.011255591793180824,-0.3480413571616401,-0.23975509776200385,-0.04178628636295745,0.22853414518450194,-0.1833257733789119,0.24359650665426602,-0.02692880738605047,0.11858833432275327,0.059390775370911274,0.04576585561971486,0.0563788171223617,-0.08275075808940778,-0.17869741468712255,0.054291202034278015,-1.7083333333333333,1.7034377568819123
31,6.32993323898968,18.3954637082589,20.3339888421589,21.9408629807208,12.3175264404862,2.41267581109861,0.0434274955527467,0.633379554809192,7.69099656768838,6.87057018806239,1.40356804515818,0.118834524521389,3.4880435327967,-0.544324275877881,16.4987608318385,-0.26083910422528,-0.432188355636484,-0.980444129566826,-0.0002575658673227,0.413625577483812,1.79629556299755,2.17194654714498,2.84009631485289,1.55632264971116,1.45810759760415,0.0738932454377479,0.537262233075899,2.40065323664805,1.63707428886598,-0.423657435336257,-2.82549356139,-0.542534895195781,0.957960551486036,3.55344196573553,0.544337056582924,1.61562967335301,2.82544993097475,3.04491193255809,2.26080370295019,-0.0517211029771133,2.58185980773007,0.955729640342338,1.59492295038844,4.9407832299943,7.9242233432904,10.2782776595552,10.747670930312,7.59967622636961,0.026434336711649267,-0.05567017373965182,0.030100042385779093,-0.5773894882209807,0.28811414963042553,0.332459531956013,-0.09653057605283345,-0.37844816276017096,3.0076772603726045,-0.39803591022840357,-0.23799346112829567,-0.0628680541054857,-0.41608985166370627,0.2370910547738544,-0.23226611347449216,0.23086434028170463,0.08123613021736174,0.20703247201234284,-0.29714787843967166,-0.1448271651746469,-0.03418488611889831,-0.2796312718086624,-0.20677308281344492,-0.23893398648074177,0.0778681332773753,0.31256504648098116,0.38527141368799195,-0.35058399920464733,-0.37378659392670494,0.1353586117817169,0.1365765930568868,0.3200591425531942,0.11742010260026527,-0.06496308160213275,-0.10841065370045676,0.11585493591079046,0.20092479998382876,0.1472464462859345,-0.6529755069820254,0.24270621833334327,-0.017872272142992782,-0.09123290646661524,-0.0412584168810413,0.45350771590924277,-0.23061932390344578,-0.09281483361186932,0.042355789124678994,0.0733151739827786,-0.1847222222222222,2.7714610889724534
32,-6.65930537624229,11.953582674266,9.71312475345076,6.46580331610781,5.01264173472631,3.04045333335625,-0.182415504818208,1.74287285450334,6.87057018806239,18.5288697318008,7.66357439001102,6.12304728736142,4.31442718192044,0.57465471820359,29.7680170792708,1.65495608466493,0.983675906993537,0.118733871230861,1.22236115409904,2.83998174542806,3.95321545115761,3.95111698766514,3.23451844266685,2.30366983551773,3.74888895181193,-0.124571681490213,-2.64574669099769,-2.90024840706676,-2.83206839379824,-3.2179149292823,-2.26283338047702,-1.17222830098812,2.34580947242273,5.55741044413851,-1.28281916907218,-6.16470482072347,-12.8363950284382,-20.4668063534609,-28.0227479922926,-36.4764580719839,-30.8698531666089,-21.0981534241507,-17.2490921752665,-12.4434800773487,-9.23912331805147,-10.6559257014972,-17.7234655278207,1.79774956643694,0.10279492080716006,-0.25564750178369583,0.0560905275922144,0.18731607276556886,-0.3110023248956369,0.04061778966682026,-0.09970135608106254,-0.22067015157607955,-0.4162243637586333,1.2145000761570135,-0.38896556433118784,-0.05447172504658075,-0.4524724835119988,0.11412770704845264,-0.11980326371976605,0.024872452677483173,-0.14044949028061812,-0.11250664926362605,0.3731908238952815,-0.2193119968828365,-0.19016703875682267,-0.30280329753615454,0.05610371462872214,0.14295680368885422,0.1645663198762559,0.1769538872827152,0.22498230434716165,0.20199072134011584,0.1962379461204203,0.6069977548277685,-0.08963100594653492,-0.09333560852086797,-0.0731977780803547,0.0032160011423743493,0.2743979824886683,0.006154945478266232,-0.008819368324003079,-0.009375235713822922,-0.11424451812057182,0.0537814369213077,0.03719362249142876,0.09616426648368116,-0.013089811777021365,-0.4668171365307322,0.26965706239701326,0.017073239831543876,0.08823434192057056,-0.04060654362289841,-1.4,4.3033556362216645
33,-12.5601720736674,-2.54467834716784,-8.16094182497106,-9.49209378630973,-5.75379751389758,-1.68260138536851,-2.76456789351157,3.72341368100168,1.40356804515818,7.66357439001102,16.3065138090677,6.13641231332703,4.10432440517608,0.349154672546083,2.64359878958993,2.32988483573115,0.797772968943046,-0.682422275367757,-1.53735239946968,-2.52431093730465,-1.88038613596573,-1.52647991595159,-0.265057881557655,1.45757417993768,4.33414430501046,2.43113398376007,-1.97239492854505,-1.98256847474882,0.236100508285612,3.42105533677333,6.14300217682978,8.09970191571947,20.33906526026,32.7777320882917,14.6691840698384,14.2122112169227,12.7566787157825,7.53232439839059,19.6178861838718,29.9932087827265,-6.7594401908391,-8.8036797523769,-7.79520912271557,-10.209809367658,-11.5469810881923,-17.5181610049662,-25.2558882961501,-14.102374597103,0.10483100778971671,-0.07719419240564934,0.2887487554420629,-0.0971968296629721,0.2355601051479496,-0.16425039918304762,0.08726977318074863,-0.5250624520149779,-0.23432953088605596,-0.39526263563685193,1.5043083401408366,0.050409455511070934,-0.07833690251711116,-0.05600636832607681,0.04719601677094392,-0.16069100616115972,-0.07034517220214107,0.03763418052078336,0.2527372076841618,-0.11266761329086668,-0.03701290470705399,0.20419928143480942,0.007478294463344928,0.0992753343895312,-0.4241862105735685,-1.0885170523949736,-0.24290042430526018,-0.1467565698033279,0.014280472097200824,-0.06602701197012316,0.08330397346319016,0.2754671795773037,0.04030609858863196,-0.08132395656493004,0.006380912956170044,-0.07125216709715038,-0.20549592874359704,0.23318880486035662,-0.029193668255565408,-0.1788006313838964,0.18575814427344636,-0.03408507680053147,0.2125485583232433,0.09437714322731558,-0.3245860087446626,-0.16843600936711228,0.1752232066799978,-0.04481859798971079,-0.3736111111111111,4.036894079495732
34,-13.503305690306,-11.1523994765915,-16.2755802863137,-16.9269867137492,-10.8356865938555,-4.30759944860243,-3.40324266859334,-0.226470446965073,0.118834524521389,6.12304728736142,6.13641231332703,58.3225878033206,7.25716199019526,4.48262358951576,0.0761716004410029,-2.73955413884828,-0.723807353193331,1.32369635652996,-6.98478157134495,-5.0075750723249,-4.83866525839826,-3.22195594604197,-2.34863353504663,-4.09066448932292,-3.03876582312293,-0.809252126455862,1.68103175647136,3.01431260803489,-0.190729301353981,-3.16048309064319,-8.62461206928566,1.61267395447624,1.29932751168336,0.520103890845702,4.73974322080449,-4.16191543607776,-9.66405504846903,-17.6506043706372,-24.0300927218991,-31.6133103633971,-33.2931501646589,-21.5311427305907,-20.6388922508203,-19.8677520826585,-16.5462552957296,-20.9489166875298,-27.9672920097012,-16.7146944649509,-0.007241595337141089,0.07188360164038025,0.016154895045975923,-0.08609149956988864,0.1793048836030444,0.13882036465508743,-0.08463033581406701,0.20675903530570608,-0.050633513718805256,-0.04837277388403301,0.05323539076989937,0.38599555598739405,-0.15306498108632272,0.012294993951886806,-0.023294713359433547,0.09474077281592848,0.03177397026261823,-0.16884887716308433,0.3164515484109706,0.01706187825391784,0.06410932977293096,-0.01914544944649066,0.29045759574205865,0.07448758572037854,-0.15202885635291358,-0.08634508218670614,-0.0944159185610979,-0.10546245689271286,-0.020962933326777275,-0.03729806774893017,0.3732048519518867,-0.2373899058569812,-0.05940526836748575,0.05263166023999773,-0.21747976658333865,-0.06731486793553264,0.09329164925995322,0.06467486609261366,-0.025327444191322136,0.02207559495319119,0.05125581286212912,-0.011468317268142627,0.07584265751727598,-0.016815292360454676,0.03457116380205565,-0.06580862156484571,-0.04341751294142427,0.043200305164828666,-0.8972222222222221,7.636267923751797
35,1.46914363495892,12.0618476661706,10.6307459801288,9.85191004802899,5.7628450290436,-0.61938080687785,-5.94881285852964,2.17534610401118,3.4880435327967,4.31442718192044,4.10432440517608,7.25716199019526,8.69505747126437,3.29651104450319,-7.36260537240095,-0.43798337935233,0.0238616687186791,0.346582617923707,-0.248076484667581,-2.34689986003242,-0.560460594206731,0.66376085812087,0.254272188159889,-0.277262839005966,2.41375915919913,1.00532397358485,0.347071468107874,1.06058171393911,1.20348223905888,0.368291368365849,-0.87740992976518,2.27795722476916,6.42914153796303,9.8439293743063,9.1543198057505,11.869498970166,14.4731287977584,16.4369884589786,14.5042176969773,11.1987800127467,5.18828898109217,8.86511464060395,10.5526018338897,11.4333454290904,12.1639215662505,8.72127812402351,11.1828578568091,-12.547668712467,-0.173721956522466,0.06697221788123002,-0.08199112159677505,0.07850727522301867,-0.049358970520661336,-0.013661865813770383,0.12757063895840956,-0.0933240798597618,-0.4106494411400533,-0.45909019947618185,-0.07372390102058922,-0.15526426549096997,2.2197544974741747,-0.05369009473184429,0.21191826428355165,0.2122563067719375,-0.025102417943943436,0.05891846348165138,-0.934051094537188,0.8379163451657456,0.04651960069950287,-0.24149359895063646,-0.16172147458211436,0.4127146555281241,-0.12699354764901474,-0.06101380933646769,0.15540291586361882,-0.0870447254108912,-0.20025529310437049,0.14622203969850747,0.08239957187793405,-0.284844020895626,-0.1810187059059316,-0.1742295665718732,-0.06354392744604635,0.27412984404241236,-0.15259429474493955,-0.28047353211395537,0.03432412948975793,0.17455815986669168,0.061326589437842444,0.043278015036363277,0.1903208668208743,0.022473595463247106,-0.06293477323722556,-0.16077519542415858,-0.1074792339660115,0.11669987241356362,-0.5666666666666667,2.947042156343266
36,-1.99810266242053,4.89200995202953,5.90103041233888,6.75812719597321,4.02268162472345,-0.872830157286793,-4.92371327987149,-0.683610703172533,-0.544324275877881,0.57465471820359,0.349154672546083,4.48262358951576,3.29651104450319,23.7860217113665,12.2214030746711,1.55920095642253,0.569188985644229,3.25803848846872,2.3749285070104,2.85626985724575,4.01706319353721,5.32732507860349,-1.77875602326635,-0.337137155352293,0.751060652075067,5.40554573793347,7.30682052848974,4.48726388706387,1.36770257017181,-0.364122011242026,0.215348592918099,1.22510824180018,2.39967143909398,-5.50827225888502,2.94326577928351,3.25700563493307,5.72961536616899,17.1405579907538,0.83963435780006,-12.5513095954906,3.51360344008851,-0.123722241001553,6.22440604163971,6.49139654585469,5.76712743568697,-0.558809207838602,-1.08403677031498,-12.2914086559717,0.0064959121300377206,-0.11593768752549748,0.19458909818278128,-0.13992378561560653,-0.10845694230144551,0.29035502724900697,-0.11869579930752418,-0.18242937379730323,0.23118205972072417,0.11905087267833747,-0.05602423306428222,0.01768748628904162,-0.04784884863064872,0.6562185219638446,-0.0843318901522013,-0.0409562974411772,0.21520645702936683,-0.16103852805090257,-0.07524626905868632,0.010569020761470324,-0.016720200301411702,-0.18112598286217627,0.013977182395755234,0.1150328546329308,0.2491667218556778,-0.27667210908616263,-0.3349242519300739,0.11566254496840139,0.25423779766289584,0.019376587083333292,0.001155423147160345,-0.08127339361031073,-0.4228218680766753,0.16713703786106057,-0.13065818778046884,0.11131615569447939,0.08464629012101722,-0.10595975509264856,-0.07717658044406665,0.12508070548410355,0.029128928079763878,-0.004937140663648483,-0.10008766496548455,0.2089353005440231,-0.016493262774710273,-0.08418472317931314,-0.048057541764063204,0.08151422364048887,-1.4722222222222223,4.876066212775061
37,-15.3962262202589,13.1558161250923,10.6580940373501,12.1878600738485,19.2720441583745,23.0916954682244,3.79308726747724,0.197619898571849,16.4987608318385,29.7680170792708,2.64359878958993,0.0761716004410029,-7.36260537240095,12.2214030746711,308.887913473819,7.48795176250222,1.3459702599631,-2.87036070671633,6.89043613962471,2.21329892539908,3.93977552710316,5.08096272444782,5.34412569902066,-0.224639543847813,2.26568899368281,-1.4631098892063,-4.81289950074812,-6.66863557094803,1.34435447558486,7.93604325417183,-12.0405324148454,-27.0428627881342,-0.0769157066348359,25.1733856441952,-30.3990370612122,-43.9673607783363,-50.1155782103757,-54.5735163354646,-98.9495973716636,-125.555586179851,-64.3799412751194,-59.6661381071505,-35.4006058581846,-8.57283156778356,12.7951962124288,125.023989612674,214.798195874784,343.38672156856,0.0003238996235692199,-0.01327810329813257,0.05264692829238541,0.0639947814609719,-0.06925842411208544,-0.12163436722466933,0.06999047936244068,0.176506388289573,-0.23053799536102013,-0.11960948882429945,0.0469780052419842,-0.0224222015102639,0.21123303547736605,-0.08368322502582966,0.15180163537002028,-0.009435991763412484,0.056172061802448395,0.08753746923064455,-0.09636476056040531,0.06807223293836825,0.04126789870781415,0.011332532686151987,-0.02984547687120715,-0.01664794228410081,-0.07454975677172383,-0.04509898057977986,0.03565592973924297,0.04334198041341921,-0.031009958423440214,-0.0693969283928496,0.01609405761465657,0.0031124455270219874,0.06545284284009373,-0.02904010023361188,-0.06224248677893614,0.07296400761593819,-0.011895965161708691,-0.06332831517529236,0.05054616231308042,-0.028900666125168936,0.0063552505936189845,0.08614288939191574,-0.0161989069570852,-0.05465783219707051,-0.03595918684911727,-0.016758042161932503,0.038082428584461814,-0.054718476033963605,4.263888888888888,17.57492285826082
38,-12.3011500939719,-8.6468686472988,-3.18750729420214,-2.4690641706252,-1.9858653820353,-2.72113103072645,-5.95252015865998,0.0838247970078337,-0.26083910422528,1.65495608466493,2.32988483573115,-2.73955413884828,-0.43798337935233,1.55920095642253,7.48795176250222,6.55173850574713,3.08510391728331,0.654013912244705,0.959823983253516,0.769917513983444,3.42967069764017,2.93334584066414,0.910600536773855,2.0491712080085,3.6768786250306,0.879494307969018,-3.50486591300072,-5.56026963796441,-3.33156977613288,-0.188484980104837,0.427380832014622,-1.27989675269474,0.906332668168476,2.62195272960735,-0.719871087634316,-3.88185727945154,-6.19259419155896,-8.18192305323231,-10.0853526843214,-13.1094033103709,-0.0407522211236238,-4.6536545751381,-2.09184112208797,0.224968882825791,4.03858061921296,2.92590118110045,3.6831789194496,-1.79009385940889,0.07921237792912454,0.10599291953319895,0.18857758407600722,-0.0913059232215452,-0.030258049766177925,0.031711849518605756,0.20678114149696125,-0.04067342716228914,0.23267243125823794,0.02089675996963155,-0.20365410416294522,0.11679368138307303,0.20419385406691623,-0.05209459042104457,-0.017977358822785356,2.571916109460027,-0.7840422307116971,0.5610354024989188,0.49129640978217526,0.17297437035699365,-0.4424023395136399,-0.2486604999380319,-0.0004554153735224056,-0.47636997541716347,-0.44721991743749556,0.009075306012168735,0.337418165878562,0.16473354449833458,-0.029922578065147653,-0.36034329427563316,-0.00893913565938066,-0.33285293469165156,-0.24328093446995236,0.1187787566363092,0.07372588770872475,-0.17447961982633853,-0.04615346805508776,-0.1495459814648547,0.11591980145464609,0.2087143857422639,-0.253404069680755,0.023854116868563136,0.16353818478936086,0.21493738275960358,-0.02760943723296632,-0.7205704565846687,0.3581992238855744,0.01773407656237053,-1.8083333333333333,2.557682252694249
39,-6.94729372440875,-4.35650209104332,-2.21163861198805,-1.47656474631551,-1.48363005115766,-2.05962162924133,-3.04553254550853,-0.104825439711488,-0.432188355636484,0.983675906993537,0.797772968943046,-0.723807353193331,0.0238616687186791,0.569188985644229,1.3459702599631,3.08510391728331,2.53041227650064,2.26227661235496,1.84374599821254,0.09685153587931,0.678071196803091,1.06861192797571,0.56294513697762,1.58346785682425,2.11090774465618,0.419215326737537,-2.15679715040651,-3.73061712702694,-2.63287403779484,-0.418277699958974,-0.129780729196945,-1.57338571627934,-2.56244578383523,-3.84682015193849,-4.0359838616323,-6.62455330047144,-8.97473215053571,-11.4464034047204,-12.8017325098502,-15.7904957520458,-4.26648235762742,-5.98279413849702,-4.47826188607857,-1.25113401668217,1.39762585112314,0.430358397176161,-0.965924283659786,-2.63625936055492,0.007519091993602211,0.1807412125269195,0.0352810766446026,-0.024731839516543477,-0.06755439041262024,-0.15335288920199572,0.2349781520414064,0.05118131475536842,0.08036007423562941,-0.14591603256136038,-0.11667160169387855,0.03538152676280994,-0.027881768383514215,0.22135538032308963,0.05315821201528972,-0.8018735405189684,4.561566716115233,-1.2744180248839576,-0.14396612129578218,0.18681618712981446,0.007999790767551975,-0.056045558242422015,-0.280706197735067,-0.09639371400967386,-0.04724853540894317,-0.04680144884083022,0.03755827300969465,0.21811469335553982,0.03966631513819901,-0.2813726493719173,-0.022198923278668757,-0.03487295303906056,-0.15570496680678222,0.09916298926900616,-0.026845935691571902,-0.13432842305950124,0.018129470659108582,0.04022144938992865,-0.06727752124086384,0.16809910681724669,-0.2193163791145974,0.2435323276679305,0.17805830225779287,-0.1974498634959612,-0.17347110975895813,-0.25217839360608807,0.2738668363360009,-0.0775907263244254,-2.5847222222222217,1.5875806362199807
40,-2.90662568651334,-0.484586789411975,-2.37125995001733,-2.0418150585684,-2.42117887809232,-2.62897168702338,-1.10238550984156,-0.581953729131034,-0.980444129566826,0.118733871230861,-0.682422275367757,1.32369635652996,0.346582617923707,3.25803848846872,-2.87036070671633,0.654013912244705,2.26227661235496,4.73506385696041,3.65980469677419,0.201804189784755,-0.958356532451862,0.902965266902841,0.0068890323575357,2.41180369493255,1.37889887630105,0.928382683986114,-0.126570536780293,-1.72647913844198,-1.73898950606094,-0.0254941755588321,0.394889588265822,-1.27740482176186,-6.05133499763981,-12.5011765149154,-8.66396060753722,-11.0375184771668,-13.5028067155853,-14.5408762767725,-17.0171232216305,-21.770472334794,-10.4658015939692,-10.5096937139698,-8.87391376238867,-4.50617231694743,-3.17648748358819,-4.76762176063018,-8.53352500102274,-6.9005502546163,-0.09063314156889615,0.039849980339276336,0.07873634033124062,-0.048513306698681195,-0.005011295680320581,-0.04113174755388038,0.12484424562790086,0.34633065103582633,0.2408083004010628,-0.10780174916174201,0.05920388958036429,-0.16089706425032066,0.0075586611380702405,-0.14503414915277713,0.07772731758057788,0.5544469418113298,-1.3056479287717355,2.3645379988446504,-0.37591564784625264,0.04791631342102426,0.38600158528820494,-0.108174724876929,-0.271414213176893,-0.3764514138140323,0.1461127443471681,-0.2979363911105516,-0.21793208921551405,0.3380272968663114,0.3351801091849343,-0.11232585307056712,-0.21907235619331877,0.09002706812228167,-0.004091563634535893,0.1354770359454617,-0.021762046884218077,-0.11139338671585557,0.21502091425551362,0.08655143947746538,-0.5866587299848623,0.2556797919755099,0.03339043589249794,0.2977321546776148,0.047509048899382546,-0.3991117352874857,-0.11430106763522178,0.06738770001306456,0.1423040962996784,-0.16688066972974172,-3.077777777777778,2.1737212003751556
41,-4.97433961302219,-1.72998018907381,-5.87353309457484,-6.65834888996427,-5.73110486231339,-3.45824121351231,-2.02549857383991,-0.67254099684621,-0.0002575658673227,1.22236115409904,-1.53735239946968,-6.98478157134495,-0.248076484667581,2.3749285070104,6.89043613962471,0.959823983253516,1.84374599821254,3.65980469677419,7.5536242816092,2.05659158452542,-0.202728869377682,1.69680499836495,0.337903506697396,3.21249298962136,3.80575166212352,0.538970627193479,-2.51266467952966,-4.63667893478247,-2.58311024881009,0.508023652581109,0.67490155266802,-3.05930714384017,-7.04208107757218,-13.3523707751046,-14.6278591065661,-17.1978847687593,-20.2928769801161,-20.0208352680558,-22.7596150698523,-28.9826442762961,-15.8364522664842,-15.2843175256583,-13.2129807823189,-10.2489430220051,-9.20310687588784,-7.90414542544964,-9.32861813575868,-3.54443154648801,0.10279522984144686,-0.01808485299638441,0.10742224816564315,-0.005688400997404036,0.2006452961163326,-0.0397121115265734,-0.0025879938388401725,-0.010277283792703226,-0.29448509805892215,0.3692685848508316,0.2334339125814859,0.31274403525588884,-0.9235508006476687,-0.08680594772933628,-0.09374765180752301,0.5139691358304699,-0.16635988041138083,-0.38869754947378754,2.0195390911980806,-0.6897895184449745,0.24784291845996353,0.040398710407730264,-0.15090849587015048,-0.11562240351142507,-0.757033367142343,-0.008180946067235555,0.09821457174065243,0.02653647213959211,0.11335141591106057,-0.023472054232624464,0.026026315655728594,-0.21900003968627527,-0.14786598646698065,0.20523993424881973,-0.11774695618273212,0.024414613149203797,0.17594687162465272,0.0016516779155136753,-0.06833357035390472,0.04475998688104166,-0.03572064079437085,-0.026264685740785054,-0.0006172542308301502,-0.18276847387553413,0.15598979930740986,-0.15008677479096091,0.18299316382488925,-0.09323344984416584,-2.1708333333333334,2.7465659070208375
42,68.6672427039056,-5.50242698333291,4.84051073314609,5.63828331758495,12.8132598645227,10.3544834076144,-0.740721758004701,-0.0538233801780381,0.413625577483812,2.83998174542806,-2.52431093730465,-5.0075750723249,-2.34689986003242,2.85626985724575,2.21329892539908,0.769917513983444,0.09685153587931,0.201804189784755,2.05659158452542,30.3091379310345,22.9473005398825,12.5189065707931,0.666173556620529,-0.553675552192359,3.36529026118309,1.44535498381277,1.46802772126296,-0.574976452915865,-0.665220545773518,-0.22375971066588,-4.69189162837389,-8.16749729780988,-6.77483076980288,-7.95480105891263,-4.65778351117188,-12.8344790671581,-20.2183392001038,-23.8626077362525,-33.7550178958717,-45.7374155935101,-26.5069833276512,-19.7323181702125,-13.3288853737028,-6.87372644477017,-4.50994764275515,-8.13960360607317,-9.82872543307071,-14.3112651845047,-0.193170400055357,0.06920458710042397,0.21723756081317463,-0.23786311439467311,0.10258648307575907,0.020999013107050418,0.09524104685145941,-0.1059833207723249,-0.13624308511700528,-0.23496744580420298,-0.10820647159004826,0.03532423947719947,0.8323993394559374,0.01180012239040001,0.06983742682869724,0.15283254532448837,0.2255979199075778,0.04771435022638911,-0.6705297516539684,1.4385655354526254,-0.904862698789239,0.20922451021895574,0.336477891947769,0.05486273844806404,-0.04886638797277122,0.30240300561075334,-0.14179012467313806,-0.17350479131023813,0.24252974129823598,0.14475111308389726,0.22442880227228942,0.026477567522728247,-0.22775704804253674,0.0544092163576095,-0.06684682582715536,-0.13821589913899524,0.18080380601848808,-0.05405425954859962,-0.09094734084067932,0.05112982628620773,0.07513314691853154,0.2655747354832973,-0.022084986292374095,-0.22979407857709128,0.053213628374916166,0.02378755032180476,-0.10062808639909923,0.053559928852209754,-0.55,5.504465272034559
43,45.6395330811012,-1.13661147523716,19.6409752966922,16.3216785762095,17.7209760541706,13.0075592078542,3.64511117142417,-1.39744448828771,1.79629556299755,3.95321545115761,-1.88038613596573,-4.83866525839826,-0.560460594206731,4.01706319353721,3.93977552710316,3.42967069764017,0.678071196803091,-0.958356532451862,-0.202728869377682,22.9473005398825,27.3680858876118,18.0528544294113,6.42365642502379,1.67188503186219,3.79351326297167,3.82676980173998,3.28901721135586,2.03845848529819,1.97679492038631,0.831831535379922,-1.74837697029707,-3.17845376475356,0.742896063204999,2.21023009836638,1.93856137376263,-7.69398467781114,-16.8403143173622,-20.8550494996132,-29.8273605522814,-40.2242458993299,-22.9117342240063,-17.3589807768763,-10.9996771644435,-4.91468383995013,-2.18155646039421,-7.14017204640576,-4.65424276172844,-3.0082440906954,-0.1268772234593328,0.44340980334881047,-0.635407885332435,0.17400260474583926,0.19124253784154663,-0.017646978397079342,-0.017280967249516724,0.1812116800349235,-0.027996899094096,-0.16540783235398554,-0.04671068488190299,0.06464616119554327,0.05799014700119218,-0.019793442752831326,0.04396288617046036,-0.4169752449842434,0.022072625739321537,0.37286564147442264,0.29983171580235723,-0.9340882672818125,2.708708486846941,-1.4880431979600532,-0.5852126600926827,0.40342147364922915,-0.06489190551027,-0.26087552595657915,-0.03598731796615786,0.010106976218487267,-0.1605665697267199,-0.09757950403826937,-0.0187359678412782,-0.03624862671715569,-0.05067692572158443,0.05482324679855444,-0.27216207615437105,0.04785420831691977,0.1497670392733361,-0.03515294294899279,0.051294013713749614,-0.0009238711183628986,-0.010559571296889097,0.03931151300347616,-0.03781566471728461,-0.1250522632399901,0.11111393791338207,0.09098993319624321,-0.08416595789780064,0.002552650213387912,-0.46388888888888885,5.230495759257601
44,20.10308817341,2.42986366102786,14.8101728615726,10.9970755058292,10.1943888874573,7.24222409739852,3.86029397191089,-1.63343905880908,2.17194654714498,3.95111698766514,-1.52647991595159,-3.22195594604197,0.66376085812087,5.32732507860349,5.08096272444782,2.93334584066414,1.06861192797571,0.902965266902841,1.69680499836495,12.5189065707931,18.0528544294113,14.5051787994891,6.21242323263288,4.7862535063831,3.42277880896714,3.39597790835595,2.80376480738057,2.3087839392427,2.18517590535109,1.22958897018115,0.467116002421127,-0.841895885753033,-1.17147754151634,-4.28652705220657,-4.73359989452662,-12.026539591062,-19.1487161129298,-20.7408451607788,-28.0326463840862,-37.341561357638,-23.5068147633829,-19.7748925826951,-13.9695653386724,-7.92860087283777,-4.79852299344661,-9.58506445942524,-8.10383127519305,-6.38411593845138,-0.13233794230192386,0.17687182124493178,-0.28064276171354036,0.09935093394765758,0.18699940873029475,0.009804228489201506,-0.03692750712581735,0.34997890618016914,-0.2749444169556421,-0.29950144250037913,0.22209198464658936,-0.02279742516997728,-0.2599512094478351,-0.1921810952711095,0.014919381687371527,-0.24585913163263604,-0.05193701183349629,-0.08826996262201173,0.030341207657623846,0.18268982481966167,-1.48706349887514,2.9845155596110673,-0.29375362600377897,-0.6770969017207037,-0.05213210782439051,-0.1367425323740807,0.007926218945271206,0.025709740453186185,-0.10017870066066913,0.023778919618275666,-0.47756664423349915,-0.2188264785630369,-0.04219597223523668,0.10530475836895935,-0.22411286479458653,0.04952119650362554,0.3938873593765529,-0.19717721039415195,-0.2648422917264846,0.21772899500879767,0.009706279945161565,-0.03244651042377537,-0.17089788511325574,0.3107002631509015,-0.11559458322343208,0.07211725777227512,-0.08496741192751936,-0.015826751698890217,-0.43888888888888883,3.8072534456598954
45,-5.02490384729728,5.11399579570451,11.9349835585556,9.3395257717905,6.30062048031352,5.05159500644335,7.21888033113195,-1.47072423333124,2.84009631485289,3.23451844266685,-0.265057881557655,-2.34863353504663,0.254272188159889,-1.77875602326635,5.34412569902066,0.910600536773855,0.56294513697762,0.0068890323575357,0.337903506697396,0.666173556620529,6.42365642502379,6.21242323263288,8.36712803320562,5.78014110504833,0.825582889091017,0.744389849933956,0.934498907933678,2.17598840139952,1.12327053946895,-0.436967398392102,-1.5241393804227,-0.145779895295788,-1.8743196344193,-2.61203643859439,-6.20205553360858,-9.89170026214257,-14.7233754604787,-20.2422754512852,-21.6046583212292,-23.2774835932741,-17.1649400278445,-10.6908610566181,-8.70757891078259,-3.36907742636346,0.771218929148188,-1.16636796971471,1.27071694733011,3.17539847511918,0.1311502990028478,-0.0183116830587598,-0.06069016329072477,-0.008630270348902137,0.025376362881358847,0.11401750592635602,-0.1830105225795373,0.4628668069725998,-0.17052930394229787,0.03667643930730896,0.034185680897080746,0.3179264367940066,-0.11916734156286944,0.014277042620938393,-0.019980743787558923,0.0048388475826970775,-0.2814024781712591,-0.2604462003983801,-0.15022720121494848,0.3526884350949572,-0.5589764890668387,-0.2698763871897943,2.037416604296678,-0.3031077587544517,0.32315398722077615,-0.054707003101929136,0.09990766280147668,-0.15503512352378934,-0.1530100301147989,-0.14236490658297965,1.152417278429485,0.007623723064221817,-0.027474523363093455,0.015252872978523452,-0.051025076375762736,-0.19065298861626276,-0.1758075736295551,0.34336038407832015,0.08522481548370225,-0.2361719871178016,0.18479399289061377,0.038487537251265885,0.05887601812058638,-0.2160284306184798,-0.023785198634230495,0.2098554840598751,-0.11269371159704428,0.018316577519503417,-1.3972222222222221,2.890869771056043
46,-6.58980885172757,5.95583507074433,2.706891205253,-0.877110374008269,-1.0892424662073,0.583576088071692,6.2951132049013,-0.868571970503776,1.55632264971116,2.30366983551773,1.45757417993768,-4.09066448932292,-0.277262839005966,-0.337137155352293,-0.224639543847813,2.0491712080085,1.58346785682425,2.41180369493255,3.21249298962136,-0.553675552192359,1.67188503186219,4.7862535063831,5.78014110504833,11.9207678799489,4.88179538577784,2.4567612721679,1.00084554688782,0.917044897002369,-0.707073739753727,-0.870515184216162,-0.660010356989829,-2.96449500680973,-7.65010749067151,-11.5612896618958,-15.3422495987292,-19.3091487426268,-23.8036693702768,-28.984759871139,-34.0001892943932,-40.8519618280113,-25.0835984963419,-25.9434147053683,-22.4844388979747,-16.0488313814723,-11.8333301739361,-18.4711154834953,-21.953708440332,-21.8132161695336,-0.02752385027503551,-0.19234544051793015,0.2374771673396265,-0.049257252753115106,-0.01174482622082675,0.2146853068936925,-0.1848716108571011,0.04715909988626255,-0.22670952674189884,0.14185757699933696,0.10078815920468652,0.0633449913709793,0.42060065672788005,0.11560169272053687,-0.017178564754023018,-0.47175932544020127,-0.0953332193008099,-0.3664088762613838,-0.0973523813264211,0.05537831839562851,0.42532676730729374,-0.6717514139256898,-0.3045450613244642,1.430490974161985,-0.4666438200455526,0.014845483164619068,-0.1848673966568911,-0.5260459726008341,0.21561821695099367,0.45143545839461635,-0.16693235474271856,-0.233421985560293,0.10464701752155117,-0.19928783392461447,0.17859278181538787,-0.062379465621693275,-0.28039829356697565,0.17783804583120413,-0.02745562973053,0.06251694901748417,0.09083482370652307,-0.0861291476879732,0.1430393961118667,0.05020717665433626,0.07858753198189174,-0.052648382338327485,-0.16985003357222958,0.14742338034185634,-0.26944444444444443,3.4511980354579648
48,9.50025709949447,6.84956335695057,6.20100121650293,2.53758877323142,2.36454925894741,2.10153961723203,0.554977108657526,0.952282796536061,1.45810759760415,3.74888895181193,4.33414430501046,-3.03876582312293,2.41375915919913,0.751060652075067,2.26568899368281,3.6768786250306,2.11090774465618,1.37889887630105,3.80575166212352,3.36529026118309,3.79351326297167,3.42277880896714,0.825582889091017,4.88179538577784,11.8409067688378,5.30257838832469,-2.70235417691428,-7.6785686847383,-5.5001229860943,-1.84294124482642,-4.89034125002029,-9.40567905414816,-6.78751428744736,-4.17363287458154,-5.92372900734999,-9.92286788109791,-13.3834368285208,-17.4797764080542,-28.8880568378345,-42.7183719912039,-11.2598543662433,-17.2804285479105,-14.4101729094395,-11.4051274908843,-8.20979776183722,-16.9143933928671,-20.7680197031469,-30.3971545162814,-0.04336183718668362,-0.06147739522038757,-0.30419271429480577,-0.04327458272345781,0.07348043034796091,-0.029131317462805926,-0.08772319411860868,-0.006836709989777623,0.11424919044385622,0.15807394726085017,-0.4382013489327137,-0.175442421739837,-0.14659410416487642,0.257629784811612,-0.081052631396818,-0.45361994638682174,-0.04679718754202179,0.14359222822441087,-0.7722182446081898,-0.04468843451204314,-0.061028534225375984,-0.051481367039548205,0.3052121928531484,-0.4806346217544357,2.4899168904196927,-0.8037774319507938,0.13331881952569874,0.6752110694779968,0.3006853323194336,-0.33271683772047,-0.04331924698058647,0.032473901281086355,-0.024782562177184525,-0.1830400644076797,0.14972458786671192,0.016899349122436156,-0.0609653256207977,-0.12876017838747722,0.17668536629444306,0.04657977890467029,-0.03485527440632215,-0.23028873541090175,0.0823248846917405,-0.02025271405602646,0.37853577578616665,0.03117115386897994,-0.22481877627389563,0.21664383590887817,-1.188888888888889,3.4396085197065385
49,11.2162847971656,10.4661762690968,11.631250675572,9.05043478483465,6.39240426938442,2.94177332749634,1.1013992987967,-0.627096321404189,0.0738932454377479,-0.124571681490213,2.43113398376007,-0.809252126455862,1.00532397358485,5.40554573793347,-1.4631098892063,0.879494307969018,0.419215326737537,0.928382683986114,0.538970627193479,1.44535498381277,3.82676980173998,3.39597790835595,0.744389849933956,2.4567612721679,5.30257838832469,7.57529374201788,5.05393639245507,2.99001967287138,0.474315743191442,-1.5199863336153,-3.54279838059853,-4.34018596955516,-3.45119397285413,-4.32133720558997,-2.78521686696655,-4.08562106809479,-4.81200680731987,-3.56851644910215,-14.430491974474,-23.7802862474578,1.82337331242119,-8.99692626058529,-7.27768492668504,-6.76304262854393,-8.18712025695461,-15.5743623397659,-18.9150463985778,-15.7119478427046,-0.10000540813673173,0.026541356642481046,-0.028841331222226298,-0.05378584211823357,-0.037782407793663035,-0.14224341457132686,0.04793400812519816,-0.0017275911593134662,0.3183929131415474,0.18458955076826855,-1.1046928270492749,-0.09165153029580639,-0.0769096507397743,-0.2919217329910667,-0.04193599452780573,0.015188752433831615,-0.04217099151937023,-0.29180876068407374,-0.011925185539691551,0.28143302522431646,-0.2123312996429809,-0.1333043680757224,-0.03959983749891062,-0.021863079543300457,-0.807600440219746,3.0420875175967383,-0.2237021914583951,-0.16661476747748594,-0.23305192887423679,-0.1985365241125977,-0.04532322912903104,-0.004630519324005479,0.03970605773161094,0.0985010540628575,0.2150147011825936,0.012309407944481886,0.04930082686699328,-0.01610387043104276,0.1717342710105751,0.012772189434130738,-0.3436473041134308,-0.08032225832693214,-0.14022813386952301,-0.276063570854564,-0.03435520425400517,0.9192628742760102,-0.25664358078601274,-0.14539681492689843,-0.8611111111111112,2.75050790619076
50,20.6287536011608,20.8527462159073,23.5368485453725,21.338456732068,14.6665323309925,6.78415807792872,3.0625622725295,-2.09261050624408,0.537262233075899,-2.64574669099769,-1.97239492854505,1.68103175647136,0.347071468107874,7.30682052848974,-4.81289950074812,-3.50486591300072,-2.15679715040651,-0.126570536780293,-2.51266467952966,1.46802772126296,3.28901721135586,2.80376480738057,0.934498907933678,1.00084554688782,-2.70235417691428,5.05393639245507,13.8894779693487,14.5518312805256,6.44412353190592,-1.86701966935933,-3.06574510904158,-0.0260201696019367,0.241380450729504,-1.48880119325291,0.985967193654264,1.78570813490409,2.72740993301858,6.33630318739141,-5.48850293789514,-12.6216735268943,0.344453926963797,-0.666808796637674,-1.12930104539457,-2.7586201998581,-8.10579748986562,-11.2924385719422,-21.7382099861719,-0.126879063137522,0.07325856634813058,0.0314848619744084,-0.47817426907518534,0.2663130447236672,0.01846549385659403,-0.40764714159486165,0.12038986042447541,0.4857325941217286,0.39783977467304565,0.22591694830751222,-0.2829728950659076,-0.086567273437309,0.16082563395686802,-0.32682737516180177,0.0315738765363291,0.31963090931339466,0.04385392019388541,-0.2104688619241155,0.10502017004261892,-0.1751631495239969,-0.0390684734862672,-0.004682093918823169,0.08428091732751015,-0.18076970141753876,0.11915411683761318,-0.22494275304214112,2.460314838042348,-1.1639124090406465,0.051481272913412424,0.2146936317104208,-0.1107617665030249,0.4020328394828301,0.05168194454830009,-0.20750639266262652,-0.01028075239123892,0.4457785647234754,-0.05969372552946991,-0.2308418554761406,-0.03611505489724449,0.030822126771493173,0.0006699530047283641,0.014059968958197092,0.1099249771687261,-0.31826794289528726,0.2543570861463071,-0.35597360137815404,0.2486321943743452,-0.003167768596936369,-0.925,3.725517141196461
51,19.7871626031059,24.0519080633431,24.8535114808516,24.437399656842,16.2043856146064,5.23260922528476,1.27217345657566,-1.67389715886156,2.40065323664805,-2.90024840706676,-1.98256847474882,3.01431260803489,1.06058171393911,4.48726388706387,-6.66863557094803,-5.56026963796441,-3.73061712702694,-1.72647913844198,-4.63667893478247,-0.574976452915865,2.03845848529819,2.3087839392427,2.17598840139952,0.917044897002369,-7.6785686847383,2.99001967287138,14.5518312805256,21.0509603304924,12.2284732392285,1.37938663338731,1.60828118829667,9.3987255538911,7.9664636382147,5.56556704910654,6.02509707960868,10.095265449423,13.3267444152299,18.7862132145207,18.6861383873802,23.9186525841423,5.55156128865783,2.7620777696746,0.964096434925279,-1.31089702705231,-8.5074220220092,-9.14384408857285,-16.4970515710599,8.52480956612117,0.00814301290220299,-0.15091162189989293,0.22852802735010663,0.003604673236718241,-0.2333811315365799,-0.040572297246470254,0.04903059585831433,-0.10854009995924552,-0.3749013308885375,0.20490943185019075,-0.1550203905042397,-0.12140855654636139,-0.11520740220123149,0.0957931689665297,0.03951534663852931,0.19178593613360675,0.21866240131332296,0.33571467870156485,0.026306712574343978,-0.17595311138852615,0.0019426940297543134,-0.004205508898446161,-0.20001402783205632,-0.5256331338864096,0.6926444877603527,-0.14850327328471488,-1.169394830862645,2.466966225609595,-1.3124033125130996,0.3971919812038171,0.03948568174542621,-0.5000919603970602,-0.0064497281070694116,0.08520611615385106,0.03819017287118186,0.03546583706000212,-0.07589169824601955,-0.03953453943822554,0.0076201247890010535,0.09921629347136125,-0.13246443716522086,0.1392328972287872,-0.0209440086149834,-0.16944336021616785,0.05603557177300659,0.032285310376949844,0.05647609268452123,-0.0833450361879342,-0.06587301587301582,4.5870426562756474
52,12.8318854590695,10.8207760304456,10.9529774695501,11.5767949828326,7.66243809871297,2.16197527137922,0.412169314783275,-0.333359791349339,1.63707428886598,-2.83206839379824,0.236100508285612,-0.190729301353981,1.20348223905888,1.36770257017181,1.34435447558486,-3.33156977613288,-2.63287403779484,-1.73898950606094,-2.58311024881009,-0.665220545773518,1.97679492038631,2.18517590535109,1.12327053946895,-0.707073739753727,-5.5001229860943,0.474315743191442,6.44412353190592,12.2284732392285,11.565415624104,8.08564689413919,7.76136259618812,11.6033889406461,12.21334305383,11.9282472999468,0.598052396864655,3.53491194883349,5.49022161445605,10.1963019431363,22.1837594377589,36.6707531996861,-2.55393976704745,-1.82248368037316,-1.24134620395277,-0.575301359280098,-3.09819434372268,3.28752143753155,6.1906840935286,21.5575400141825,-0.0771930858316101,-0.053508907155434424,0.13229047193900098,-0.022683126071543127,-0.025829966951300347,0.049652842911776886,0.01372638293543451,-0.15129292914416204,-0.33094422307144655,0.1748229898087949,-0.0013630539575527842,-0.015626386304409177,-0.17861898301727913,0.2696748933270446,-0.03333558410107458,-0.027505856849330646,0.03965149579418697,0.3576385375262456,0.10661028651835171,0.26004364577187133,-0.11415827900622172,-0.07433019943696646,-0.1407575343521142,0.1998645100692408,0.2991025191525264,-0.24734706586509875,0.05206770429978195,-1.3193462043786754,3.139468804566499,-1.2658591993005452,-0.24663757669960806,-0.15103935992902348,-0.08357574851823087,0.022185025875569902,0.157623176548127,0.03713437674484696,0.13675892816462734,-0.12482279649099318,-0.22400167320476955,0.18960299239408965,0.06092521688902239,0.0781245434019181,-0.20427497495839697,-0.07517386181819247,0.04724168906161452,0.12611056165928042,-0.02877875847196934,-0.024709618412846333,-1.0623015873015875,3.39932576022129
53,2.74386319838352,-4.15416907054607,-5.51502030365992,-4.02541331483918,-2.69352785272793,-1.80204407901722,-0.343487131542216,1.20018283585298,-0.423657435336257,-3.2179149292823,3.42105533677333,-3.16048309064319,0.368291368365849,-0.364122011242026,7.93604325417183,-0.188484980104837,-0.418277699958974,-0.0254941755588321,0.508023652581109,-0.22375971066588,0.831831535379922,1.22958897018115,-0.436967398392102,-0.870515184216162,-1.84294124482642,-1.5199863336153,-1.86701966935933,1.37938663338731,8.08564689413919,13.6465001172883,13.5869696634457,12.582248687988,15.8711337879186,18.1012634811977,-4.01980674228796,-3.62362681300635,-3.75466747064721,-1.66073009433097,21.4644170300395,44.0819991161477,-10.5401892195782,-11.6168834038025,-8.29149449137945,-3.64281896040845,-1.33235761094893,10.8483181309702,21.9608461047701,30.2897023430181,-0.08174165506935743,-0.14268852330971468,0.02374540165022542,-0.09724791066847764,0.06577401971836248,0.1284741107575895,-0.160934811023413,-0.1489320040593339,0.11998718157080321,0.6165418080607034,-0.044389527381894535,-0.04963311191837245,0.14850373052218188,0.01822422940426883,-0.06773012892281537,-0.3608537449523977,-0.2861295580412372,-0.10640900252346783,-0.024026467463792056,0.13911349305451004,-0.1311007677408176,0.01599336786485055,-0.16325576185749904,0.4793914707445971,-0.31012774775599744,-0.18848661304401648,0.21377261543168818,0.41150127240932854,-1.2616492507307735,2.5943584677537626,-0.3468837171013116,0.1454756539019143,-0.20128526498310256,0.003530835775480902,0.019830987907679423,0.012076960635556905,0.20179775872311215,0.0480385198762122,-0.39122761054326244,-0.0008404966692363929,0.2678841165825612,0.27044879814962913,0.02324433365536549,-0.3751119296969356,0.2905548475078396,-0.23697909110834292,-0.013351959095228145,0.06698356968125206,-1.4476190476190476,3.6927632089383007
54,-29.0957427787847,-15.1897279048247,-16.4130038412275,-16.5754867479401,-13.5324255660924,-8.43396593750694,-2.54905813715852,1.58681078658276,-2.82549356139,-2.26283338047702,6.14300217682978,-8.62461206928566,-0.87740992976518,0.215348592918099,-12.0405324148454,0.427380832014622,-0.129780729196945,0.394889588265822,0.67490155266802,-4.69189162837389,-1.74837697029707,0.467116002421127,-1.5241393804227,-0.660010356989829,-4.89034125002029,-3.54279838059853,-3.06574510904158,1.60828118829667,7.76136259618812,13.5869696634457,26.6694703781896,29.2748831199152,34.9960188221972,38.8054973031775,22.189626148702,26.595857480226,29.3586901569792,35.8282426738607,76.0803429748775,114.448280380729,12.2646984561786,1.66156952619222,0.103040453676379,-5.56626581701749,-14.5690756447093,-16.624762929132,-19.6232241104287,-1.88528404593915,0.0971133406955525,0.11343858780907394,-0.20191611644254648,0.11259765628543195,0.032487953410037775,0.2001984104267089,-0.15148557335943647,-0.3119990146898198,0.17215736362643047,-0.10937960771771026,0.11707692772329309,0.40446878460829905,0.12025950999742414,-0.005923709483140157,0.01630833458390021,-0.002350364976123682,-0.02350823212311593,-0.2204220438073047,0.02955927514222238,0.24165978142757005,-0.02643015940817172,-0.4872409165515835,1.149671586090208,-0.14468734787688506,-0.035589566682615884,-0.04460218657060698,-0.10295906008987035,0.03058050945007817,-0.24347316227794777,-0.3391478982269695,1.962754619100666,-0.47776419965972344,0.19617355075071682,-0.04195869752335458,-0.30188800290123413,0.08629651915467687,0.1533028972813339,0.1292169806360635,-0.24460376472356046,-0.1141805009265586,0.23549545706992495,0.22350959351394697,0.0030663488538737018,-0.3463075555412057,-0.11230667662870288,0.1660921571938247,0.030420067287390357,-0.08228645595222854,-0.6412698412698413,5.163280970292978
55,-30.7392315679308,-7.94190930765168,-7.02706715742922,-5.13211134785773,-7.84318088924856,-11.4566305165036,-12.6870635538682,0.558941644048653,-0.542534895195781,-1.17222830098812,8.09970191571947,1.61267395447624,2.27795722476916,1.22510824180018,-27.0428627881342,-1.27989675269474,-1.57338571627934,-1.27740482176186,-3.05930714384017,-8.16749729780988,-3.17845376475356,-0.841895885753033,-0.145779895295788,-2.96449500680973,-9.40567905414816,-4.34018596955516,-0.0260201696019367,9.3987255538911,11.6033889406461,12.582248687988,29.2748831199152,46.8536442776344,52.4632677285409,56.4130675335356,46.0201829275837,55.9262625137642,62.0623773257705,71.1263891006856,126.80789723364,182.743100110367,36.1131382707651,23.8595484536852,15.8023728385132,1.36895424828407,-15.6051564537883,-33.523994032382,-55.9107919510902,-40.244695174681,0.1563283809814853,-0.0492912282538173,0.061414357260147795,0.06146732670023184,-0.4669772798671667,-0.0688325461286318,0.2138319051908215,-0.015950701046846854,0.326807777179291,-0.09361266290431967,0.23926957177233416,-0.2715398320953032,-0.2995677535550179,-0.08432664910943427,9.552978786759485e-06,-0.3524898517437997,-0.0411505147205129,0.09149515085179183,-0.2631474509597168,0.04132342264886565,-0.03896409583848762,-0.19145222291024477,0.02326540117876235,-0.25514902168401077,0.025621725153837285,-0.002824575036770251,0.4071930250172476,-0.47393627069514654,-0.13076553712896016,0.15432653015734574,-0.4854290084550173,2.656330051786521,-1.026383966251293,0.596497627602227,0.0075033637944975735,-0.2924769942230196,0.19956053466935933,0.12469318548763993,0.3087906687873565,-0.6856536366042034,0.19395339254240332,-0.0033069305520595114,-0.05680885379786718,-0.09636793808957347,-0.05967667317168521,0.1565646672185562,0.10266325003194025,-0.06505221966442126,1.853968253968254,6.844241687552715
56,-36.3891539539033,-19.2272962785409,-11.4279621503383,-11.8655470870664,-8.95470544915021,-8.51110727223732,-12.6746115473566,5.77825855494098,0.957960551486036,2.34580947242273,20.33906526026,1.29932751168336,6.42914153796303,2.39967143909398,-0.0769157066348359,0.906332668168476,-2.56244578383523,-6.05133499763981,-7.04208107757218,-6.77483076980288,0.742896063204999,-1.17147754151634,-1.8743196344193,-7.65010749067151,-6.78751428744736,-3.45119397285413,0.241380450729504,7.9664636382147,12.21334305383,15.8711337879186,34.9960188221972,52.4632677285409,102.590901433849,151.323036258814,106.161059975932,119.868571017967,133.285245508291,145.900323178605,213.670592576551,278.878124031275,88.3162851229725,50.7105953945768,41.4209641198475,9.94463495122355,-21.8091568511548,-14.8852971916499,-15.7825310428595,42.5497857470187,0.12626792245998128,-0.12377694228804155,0.12718336945231612,0.05753489355874931,-0.08805971036687073,-0.26669476149240245,0.04509948073007485,-0.007104075948459319,0.11368908381439097,-0.0709570370049256,0.03900697460725089,-0.05611347146692164,-0.1993281009006207,-0.4238874120094495,0.0652097095364709,-0.25662266756003904,-0.13956433374208393,0.007965763841631543,-0.1301179161830983,-0.19643461975125157,-0.05772916116448355,-0.03709263383283742,-0.043457154738316794,0.1074812220391244,-0.011203341607170922,0.07538147897599018,0.04353279906077713,-0.047933192114466304,-0.0956294641019884,-0.1904364426372445,0.1975541421840755,-1.0399702267399178,2.8408067313724383,-1.2682553696147867,0.15768773719375087,-0.25536402483855275,0.37121283134007205,-0.16060995052040877,-0.04560283913938732,-0.14934285592718427,0.04178207221636408,0.2941685475418942,-0.3854916928398147,0.004537264881563233,0.01072521992287567,0.009676885144122845,0.12156858905612893,-0.10046694306635257,4.675595238095237,10.128223014618575
57,-37.8979403066332,-27.02871315533,-11.8349962652228,-14.5949656793793,-6.990289996238,-3.98584277352379,-11.2201641219608,11.5630406933705,3.55344196573553,5.55741044413851,32.7777320882917,0.520103890845702,9.8439293743063,-5.50827225888502,25.1733856441952,2.62195272960735,-3.84682015193849,-12.5011765149154,-13.3523707751046,-7.95480105891263,2.21023009836638,-4.28652705220657,-2.61203643859439,-11.5612896618958,-4.17363287458154,-4.32133720558997,-1.48880119325291,5.56556704910654,11.9282472999468,18.1012634811977,38.8054973031775,56.4130675335356,151.323036258814,250.547396232439,168.634431989083,186.424138682625,206.806341075376,216.689999791916,300.77254710091,379.400142267822,143.556254662153,83.6142771534382,70.0939330145116,21.9124011526526,-23.5626131091351,10.4489497950094,30.8803804577136,131.795905550797,-0.04374846015444638,0.16587352136401723,-0.13083256959841472,0.026062442812390885,-0.04872372266847699,0.16582427748771025,-0.003414001312792565,0.00766936727425621,-0.06595584071500803,0.00608807191247881,-0.08426606354457844,0.047637848369133394,-0.16998754590033885,0.16486239289716603,-0.02847933439776704,0.12185786197667886,0.0872583411143994,0.12608176315866823,0.19730954777566015,0.03872355471436931,0.06111360135876962,0.10739016590851228,0.01081015350275049,-0.20273689115881224,-0.18784681418984797,0.0847800060530874,-0.1924873571912611,0.10273447855997578,0.025116041606573516,0.0073243883398083865,-0.04391696654854651,0.604441396343464,-1.271507013087209,0.8597811177851898,-0.17498476128307158,0.04164507939828918,-0.11793680061959144,0.1641306395505789,-0.014651383717755267,-0.03444073987931218,-0.005221297659633491,0.10128766812305959,-0.16617594447538037,0.05540271971154966,0.019034211593367486,0.015290329414654536,-0.002159798552430922,-0.0383816388839946,6.986111111111112,15.82837313915866
58,-12.9673742251107,-14.0458518810404,-0.999423172192846,-4.55339845917375,-0.876484206539661,0.427104624304184,-4.7244484929841,9.33584381595487,0.544337056582924,-1.28281916907218,14.6691840698384,4.73974322080449,9.1543198057505,2.94326577928351,-30.3990370612122,-0.719871087634316,-4.0359838616323,-8.66396060753722,-14.6278591065661,-4.65778351117188,1.93856137376263,-4.73359989452662,-6.20205553360858,-15.3422495987292,-5.92372900734999,-2.78521686696655,0.985967193654264,6.02509707960868,0.598052396864655,-4.01980674228796,22.189626148702,46.0201829275837,106.161059975932,168.634431989083,218.719492736271,255.542396499571,294.311567340627,324.037366977003,366.741647140891,406.667495763416,237.693019138797,192.795980509826,167.38804491157,107.240786665571,43.9083638497417,19.2600708343801,9.39132822933143,-33.6038792046099,0.027681197073473402,0.13791249960494442,-0.3875867943120917,0.26785084142605314,-0.01648921635454168,-0.07234991785215826,0.04416675599271249,-0.3940026720028284,-0.1075051048885832,0.2884321620226523,0.0005062026336934792,-0.2567936411143679,-0.08600868099212555,-0.12143881342998468,-0.06700268947517883,0.03548154685462544,-0.02886656549984786,-0.017290631609394928,-0.10496363442353186,-0.05407320367273674,-0.25142884894149525,-0.21298843077129526,-0.030049718819499388,0.16071327220515746,0.15834081244387033,0.2073326216787993,-0.009919506436036873,0.03274239525826663,0.12193163073132024,0.03667687048005575,-0.30563294468552554,0.004427805250330054,0.16816077064428434,-0.17223338681570588,1.665515382769519,-1.2355662150031486,-0.5818682788032317,0.4724987722862131,-0.09861305153124947,0.1256217697186299,-0.14127995291339523,-0.037202103023045795,0.1730086378964372,0.0024360485902752767,-0.0758107778653935,-0.01387517477147374,0.10294676119029071,-0.017460561178273194,4.934722222222223,14.78882999889683
59,-18.2059704677972,-8.87764258628646,-1.60596643311314,-0.107238891519211,-1.87807654555828,-4.22540724960116,-5.76917482537992,10.9380806882391,1.61562967335301,-6.16470482072347,14.2122112169227,-4.16191543607776,11.869498970166,3.25700563493307,-43.9673607783363,-3.88185727945154,-6.62455330047144,-11.0375184771668,-17.1978847687593,-12.8344790671581,-7.69398467781114,-12.026539591062,-9.89170026214257,-19.3091487426268,-9.92286788109791,-4.08562106809479,1.78570813490409,10.095265449423,3.53491194883349,-3.62362681300635,26.595857480226,55.9262625137642,119.868571017967,186.424138682625,255.542396499571,315.509979565773,375.603710226044,425.918045999488,482.001835121716,537.501878422398,328.958802059499,281.533091583038,249.253924465456,177.242247591209,99.4886918925479,72.1134006433734,71.1021283430331,-44.8912441076938,0.03898265874398324,-0.4228614796419573,0.21803781544627318,0.06983617994003076,-0.13901813708307498,-0.26344507561207053,-0.0008818687974934643,-0.21080854668540175,0.12066707104098737,0.007901577179287926,-0.06737651413080026,-0.03167440721999192,0.2632500985206083,0.09057589306183823,0.06734565166741147,-0.11219681780508341,-0.1487175451797179,-0.12809493987620463,0.01429870762532276,-0.1729075739461755,0.02639631702460227,0.046149813889691034,-0.21106240819403307,-0.05176499344949908,0.024646069378941964,0.0166468724982445,0.5004942359778147,0.04660625676381784,0.04093013629137912,0.008393041204016804,0.06960615485472661,-0.24191709989324534,-0.29950928659627274,0.04149000030910685,-1.2348932003887252,2.833461045169848,-1.0316117367550903,-0.17238724399895214,-0.10943458891083317,0.09663225299162506,0.047926301432904335,-0.07935310134854337,-0.28143097668210126,-0.056435587126030314,-0.049099286226841406,0.2770096510012411,0.011850586862257107,-0.11640899947729194,7.071111111111112,17.76231909311881
60,-32.1881254584556,-15.5766889831557,-9.82656923056193,-0.552642155802429,-6.83453365782284,-11.6003320588236,-7.20137049767806,12.1445855266725,2.82544993097475,-12.8363950284382,12.7566787157825,-9.66405504846903,14.4731287977584,5.72961536616899,-50.1155782103757,-6.19259419155896,-8.97473215053571,-13.5028067155853,-20.2928769801161,-20.2183392001038,-16.8403143173622,-19.1487161129298,-14.7233754604787,-23.8036693702768,-13.3834368285208,-4.81200680731987,2.72740993301858,13.3267444152299,5.49022161445605,-3.75466747064721,29.3586901569792,62.0623773257705,133.285245508291,206.806341075376,294.311567340627,375.603710226044,462.532357998084,539.405609804488,603.787824540137,670.136201842262,429.912513786022,355.566790783618,318.530404161595,235.621698827296,144.648494842379,117.828556702868,137.49100119046,-51.051407238483,-0.08645899186093293,0.16582492373404553,0.04565948484701001,-0.04474240252686218,-0.22654867785240548,0.23408393832704752,-0.011677886267873713,-0.041574322112409176,0.1772891174327252,-0.0050592849008795245,-0.2298359393272428,0.09521548887549258,-0.1639565944219063,0.08225614288380666,-0.007485721855661212,-0.04018548254512194,0.010313319129308371,0.20190358786752946,0.18419166409261725,0.16487268280484732,0.14062884440149767,0.38710839344675857,-0.1761891528511471,-0.3186845687292775,-0.0356736211342762,0.042595570467296374,-0.08338164512450917,-0.10278978919339817,0.1432529341684793,0.19650256066962785,0.14612878814522853,0.20044528570867226,0.4007780908496723,-0.12408473510478621,-0.5872135299135257,-1.0713075912225738,2.6870282310090006,-1.158990708639859,-0.04984271101938493,-0.15241482669039952,0.1322384969280025,-0.05416059271346447,0.27584277773131843,-0.33453546624665925,0.09038593388286956,-0.005032459924186601,-0.019730274917468333,0.0011133264599506112,8.232499999999998,21.506332974221436
61,-50.572910737212,-26.7109087906634,-21.0990402374756,-5.22027944557897,-16.2339122099836,-21.9812699492049,-10.7818945937035,11.0777931989868,3.04491193255809,-20.4668063534609,7.53232439839059,-17.6506043706372,16.4369884589786,17.1405579907538,-54.5735163354646,-8.18192305323231,-11.4464034047204,-14.5408762767725,-20.0208352680558,-23.8626077362525,-20.8550494996132,-20.7408451607788,-20.2422754512852,-28.984759871139,-17.4797764080542,-3.56851644910215,6.33630318739141,18.7862132145207,10.1963019431363,-1.66073009433097,35.8282426738607,71.1263891006856,145.900323178605,216.689999791916,324.037366977003,425.918045999488,539.405609804488,652.729319604087,723.151632999517,797.389347051586,527.96478371494,421.63170486401,383.289174654022,288.874989098256,183.258617141117,154.400927588592,195.808209189902,-65.1725575801739,0.037037436527580174,0.021577701529534133,-0.05060579423282706,-0.10432327767043537,0.24487243361624278,0.032187826729607925,-0.05820394980238396,0.22836161381632583,0.1648255016442399,-0.012329550891514763,0.2665778742555129,0.05642901089277763,-0.2702446227521864,-0.10762650826676205,-0.0637025958506033,-0.1651566390373652,0.0311587779792767,0.08850238836635492,0.005638178981347915,-0.02753356333245144,-0.030346208968751526,-0.19230342574578574,0.35422758858302167,0.20115947679202192,-0.1475969235861878,-0.015132261489260912,-0.21138206931502843,-0.036476714309445504,-0.1269174624215722,0.05571971095550009,0.1350404790854049,0.107951993055004,-0.16384746987913926,0.1709207878733997,0.4873011189263474,-0.15139130274432622,-1.1613467814401157,1.1570936560176897,-0.47608097878369526,0.13531036102101382,0.002758062598060621,0.2809736416421831,-0.29604274705197553,0.048201619267212246,-0.07239365682668863,0.12460081332605862,-0.02265381746986538,-0.0230594857026477,9.910555555555556,25.54837215174554
62,-88.7505652051575,-60.7334270010458,-56.3978784189382,-32.5789421276486,-42.4649652366936,-43.9680520287822,-22.1715974125452,13.3793390048407,2.26080370295019,-28.0227479922926,19.6178861838718,-24.0300927218991,14.5042176969773,0.83963435780006,-98.9495973716636,-10.0853526843214,-12.8017325098502,-17.0171232216305,-22.7596150698523,-33.7550178958717,-29.8273605522814,-28.0326463840862,-21.6046583212292,-34.0001892943932,-28.8880568378345,-14.430491974474,-5.48850293789514,18.6861383873802,22.1837594377589,21.4644170300395,76.0803429748775,126.80789723364,213.670592576551,300.77254710091,366.741647140891,482.001835121716,603.787824540137,723.151632999517,905.052517165223,1075.68016262306,600.858252093315,471.930783938743,420.712685719481,311.239887000283,191.083642230847,162.460455225984,198.55874123417,-74.9078676259188,0.07413774715139725,0.015289255457268976,0.1715852259913227,-0.14040857676777208,0.0652303841326279,-0.2509125788853179,0.08680850276151235,-0.17850955330497464,-0.6706346024023333,-0.12014376577058918,-0.06649422154873705,-0.029125817906299672,0.025495288181668196,-0.06853712332078185,0.05443877829765382,0.12945677739808456,-0.06929427559551751,-0.5791629047220687,-0.06356880195565949,-0.10442803517355874,0.0644215587598048,-0.2224795481833594,0.06897561431356133,-0.045665725362623755,0.1613074789054462,0.17785406532093,-0.06599163823000163,0.020591691504251712,-0.2057163131052057,-0.39553367607994777,-0.24443619979671635,0.31598310734399937,-0.03373875869687644,-0.01936895059739566,-0.13286739899931627,-0.1343782695304078,-0.057518696182289365,-0.4787083236218752,1.6420549322995426,-0.753433861805436,-0.1838004353191741,-0.35880780940325135,-0.02290207477016587,0.3519865952544121,0.3542202301650203,-0.19241600055451205,-0.142116017284771,0.17873096922061882,13.074781746031748,30.083924563880018
63,-115.070855610541,-79.9696338132427,-78.9439213074662,-49.1698901790095,-60.119375721008,-62.1626077542053,-31.8976567955558,14.3178759961201,-0.0517211029771133,-36.4764580719839,29.9932087827265,-31.6133103633971,11.1987800127467,-12.5513095954906,-125.555586179851,-13.1094033103709,-15.7904957520458,-21.770472334794,-28.9826442762961,-45.7374155935101,-40.2242458993299,-37.341561357638,-23.2774835932741,-40.8519618280113,-42.7183719912039,-23.7802862474578,-12.6216735268943,23.9186525841423,36.6707531996861,44.0819991161477,114.448280380729,182.743100110367,278.878124031275,379.400142267822,406.667495763416,537.501878422398,670.136201842262,797.389347051586,1075.68016262306,1346.27985537865,668.743886787452,516.189176159931,455.464209923295,334.191541840196,201.363441200409,169.922718844471,197.871448424281,-77.299305992685,-0.11496265038439318,0.01721935600331247,-0.09109082028829643,0.013535070372269586,0.12811577524912718,0.13845752666008643,-0.05510380244371615,0.24442005696800434,0.24590832991082934,0.059596293532575,-0.16916063668672482,0.028527206222063846,0.18050385198831606,0.12497593540932365,-0.030780681792629837,0.2011758672473995,0.17338779349421618,0.2525090230558796,0.04698763994528801,0.04514125169608871,-0.002057904876989443,0.19337581170812915,-0.22674656545440422,0.06891837960348139,0.04812230806193523,0.012214490407305765,0.027080509231872375,0.09937914085265619,0.1721830604400914,-0.0074233922523583885,-0.11083203463279911,-0.6952635065611114,-0.15582788245665002,-0.029798466121058322,0.14359891204644976,0.11025603937183469,-0.1448510010439841,0.13776760025966373,-0.7584727003072674,0.7101121026972919,-0.09858746268581182,-0.03440925542323747,0.24121044848484946,-0.06455831771450361,-0.16680658446904778,0.009370847708479917,0.009301899530192224,-0.012052859095211388,16.166785714285712,36.69155019045454
64,-50.4838406171942,-17.6080533265021,-3.6707955341897,14.631371484419,-12.778108428717,-34.7208755194657,-16.9671033531896,4.81591210254439,2.58185980773007,-30.8698531666089,-6.7594401908391,-33.2931501646589,5.18828898109217,3.51360344008851,-64.3799412751194,-0.0407522211236238,-4.26648235762742,-10.4658015939692,-15.8364522664842,-26.5069833276512,-22.9117342240063,-23.5068147633829,-17.1649400278445,-25.0835984963419,-11.2598543662433,1.82337331242119,0.344453926963797,5.55156128865783,-2.55393976704745,-10.5401892195782,12.2646984561786,36.1131382707651,88.3162851229725,143.556254662153,237.693019138797,328.958802059499,429.912513786022,527.96478371494,600.858252093315,668.743886787452,564.760064243442,433.403859645139,401.231488281863,333.261954935678,257.251643171749,247.712646769459,312.701340013451,-18.9570112726404,0.014902288255876998,-0.024926868525541563,-0.02095867033785027,0.021081555156665738,-0.06370005490417874,0.15912091239156095,-0.06613534465075316,-0.02498092244458107,-0.008470673932131134,0.02914663479447303,0.20267173426114643,0.05433850009120111,0.06920770924157536,0.028062435150616363,0.0063108035650482385,-0.24951981883393703,-0.22319488041503646,0.03226393403829088,-0.034336592763657,0.07995681940446667,-0.011561218233031969,0.007628843084349435,0.18291883594798672,0.1032921046517663,-0.03405521983023348,-0.341107499596259,0.007788353517876926,-0.13965485805260575,0.06138899674766444,0.27214467593148756,0.23153564008047237,0.1956314586117329,0.03612868156377432,-0.0045545734512253445,-0.1382027432142316,0.04471937897700376,0.13117538996532552,0.004459805318056408,-0.18135757473403918,-0.09786016682581011,0.31606986260667136,0.11122219468466304,-0.11011494778592563,-0.08637964391889782,0.0015984338389821852,0.02746809862369887,-0.022042248585314582,-0.006121846210967856,8.625178571428572,23.764470628302277
65,-0.0852530127952393,-4.97918851822279,6.1449111087865,22.1045118463596,4.39405524941008,-6.78372398547089,-2.69507681868253,4.32689619519021,0.955729640342338,-21.0981534241507,-8.8036797523769,-21.5311427305907,8.86511464060395,-0.123722241001553,-59.6661381071505,-4.6536545751381,-5.98279413849702,-10.5096937139698,-15.2843175256583,-19.7323181702125,-17.3589807768763,-19.7748925826951,-10.6908610566181,-25.9434147053683,-17.2804285479105,-8.99692626058529,-0.666808796637674,2.7620777696746,-1.82248368037316,-11.6168834038025,1.66156952619222,23.8595484536852,50.7105953945768,83.6142771534382,192.795980509826,281.533091583038,355.566790783618,421.63170486401,471.930783938743,516.189176159931,433.403859645139,503.901823630985,470.478814626236,415.218752991591,354.638068160498,346.800269348032,381.074454585396,-12.8774173327801,6.310970518304044e-05,0.16046455407645507,0.0072640473783272975,-0.1076361484980538,-0.012750333843797737,-0.15799805017742508,0.08866045441625592,0.10262612414689773,-0.10620606527795173,0.08855622405981592,-0.015588087913797954,-0.01268222757996564,0.0381415994492731,-0.003251618753895787,0.08556052812115823,0.027835786045852587,0.25903928900622547,0.3101764445632455,-0.017844966097964383,0.2906502887251654,0.032877839609668995,-0.031007617497530816,0.005261403692033491,-0.06891964917988919,-0.22877530928600942,-0.0806095169248385,0.015418447622035676,0.1139798681359609,0.0680718451630226,0.28250624094021853,0.2355286071174566,-0.008107937130569627,0.29463635023008505,0.10598775349727742,-0.011682340591460987,-0.09554473318636608,-0.073108870968596,0.28494478787167304,-0.3544710775384873,-0.03659170629407003,0.11199661282881213,1.4736131683152058,-1.516085877897231,-0.18702019721803495,0.36880668925211657,-0.26585645657707835,0.20911204353304283,-0.10295957664325803,9.604682539682539,22.447534912123086
66,2.94676636184582,-3.34423474721455,5.81322614082101,18.3014533317158,4.27530911735013,-6.22784044056496,-4.14047598152711,4.81945875424183,1.59492295038844,-17.2490921752665,-7.79520912271557,-20.6388922508203,10.5526018338897,6.22440604163971,-35.4006058581846,-2.09184112208797,-4.47826188607857,-8.87391376238867,-13.2129807823189,-13.3288853737028,-10.9996771644435,-13.9695653386724,-8.70757891078259,-22.4844388979747,-14.4101729094395,-7.27768492668504,-1.12930104539457,0.964096434925279,-1.24134620395277,-8.29149449137945,0.103040453676379,15.8023728385132,41.4209641198475,70.0939330145116,167.38804491157,249.253924465456,318.530404161595,383.289174654022,420.712685719481,455.464209923295,401.231488281863,470.478814626236,451.673147179298,412.400072320393,365.811060806656,365.022978177019,420.686302091998,6.25727404686063,-0.026372841098525977,-0.170696143963291,0.08510852892102878,0.16764336098230512,0.1452200914035093,-0.012481538809690565,0.04034480803117755,0.07150505525714648,-0.02379453459434593,-0.005681555735669773,0.20937377360298215,0.09365146921610269,0.2030811045040389,-0.10760404685210843,-0.016683288037833137,0.1496155969503966,0.1523757533638318,0.045328967281606965,0.0016888047842298878,-0.03534055715332997,-0.04891964124538377,-0.1966280282969738,0.11741150761437755,0.14520043052370601,0.0634694727921318,-0.14183502274882176,0.1123413294014414,-0.013576999436748593,-0.18559964164527631,0.02135840685903251,-0.007608605181488381,-0.05774287945720448,-0.36654437239695736,-0.17556111606078212,0.16651711512559175,-0.27692355929125534,0.3101435410311326,-0.29423170222621464,-0.026405635736973236,0.23762277941997434,-0.10706499625205423,-1.5085613491038632,2.6273020094412955,-0.6667715944209935,-0.5979727380760362,0.16519791266401185,0.0016155036758802028,0.001933475240095895,8.816408730158733,21.252368036981146
67,14.9997743194215,11.1898243093968,24.0867553115786,38.479303356525,19.2392749955124,-0.567896562863007,-1.22177073983935,4.4821723769688,4.9407832299943,-12.4434800773487,-10.209809367658,-19.8677520826585,11.4333454290904,6.49139654585469,-8.57283156778356,0.224968882825791,-1.25113401668217,-4.50617231694743,-10.2489430220051,-6.87372644477017,-4.91468383995013,-7.92860087283777,-3.36907742636346,-16.0488313814723,-11.4051274908843,-6.76304262854393,-2.7586201998581,-1.31089702705231,-0.575301359280098,-3.64281896040845,-5.56626581701749,1.36895424828407,9.94463495122355,21.9124011526526,107.240786665571,177.242247591209,235.621698827296,288.874989098256,311.239887000283,334.191541840196,333.261954935678,415.218752991591,412.400072320393,407.869913605768,388.935147604049,403.39504184806,485.097683855294,43.9198292072766,0.03580384749096234,0.06463467482891785,-0.058940384135761074,0.004925811375998848,-0.20945074065529243,0.4159131854674101,-0.1580678518801159,0.04461128276150598,0.4358290471313319,-0.4579341483118011,0.08292621986881915,-0.026860291917935673,0.023600321902404124,0.2164992054590907,-0.05462901296579473,0.21598367778518257,-0.20764910464352718,-0.39915457584617664,-0.19439152983227623,-0.22752447056352465,-0.11310070290350357,0.319587944976827,-0.21399597319601926,0.0392544484699103,-0.015964175178682007,-0.2763752303000115,-0.3065279838824647,-0.17073368169974468,-0.07259149095619444,-0.3823357048277509,-0.3416277469168442,-0.08682554592089332,0.006877939352625858,0.05419272405991564,0.0002671109157445504,-0.057452098208254226,-0.340939329254954,0.049527892275055115,0.33838545912894374,-0.060971393026471435,-0.08826602880790801,-0.19130635628086887,-0.6515451347038198,1.7005456099127196,-0.28204538205468227,-0.44815533632545307,-0.10512888945243253,0.21588756665430855,6.974801587301586,20.19554192404274
68,18.0438304723358,17.8821321823823,33.8228377750528,50.6915942219408,28.0855386534057,3.38188911226174,-0.849158870783205,4.24711384621651,7.9242233432904,-9.23912331805147,-11.5469810881923,-16.5462552957296,12.1639215662505,5.76712743568697,12.7951962124288,4.03858061921296,1.39762585112314,-3.17648748358819,-9.20310687588784,-4.50994764275515,-2.18155646039421,-4.79852299344661,0.771218929148188,-11.8333301739361,-8.20979776183722,-8.18712025695461,-8.10579748986562,-8.5074220220092,-3.09819434372268,-1.33235761094893,-14.5690756447093,-15.6051564537883,-21.8091568511548,-23.5626131091351,43.9083638497417,99.4886918925479,144.648494842379,183.258617141117,191.083642230847,201.363441200409,257.251643171749,354.638068160498,365.811060806656,388.935147604049,404.31947375878,428.676136759475,529.219432542923,66.8317855554463,-0.03837041375767749,0.08894644496137084,-0.0859246251138299,-0.23209246638194428,0.23283890726740894,-0.09315878275597277,-0.05315879100309873,0.06678395441680451,-0.22603653960563497,0.2674751494679856,-0.33525951872410004,0.030715864885010106,-0.07298924828724435,-0.0130628485983174,-0.03495070475894559,-0.029013502496607863,-0.17060761604335792,-0.1078097821473312,0.17313780514774305,0.04976958527029874,0.10714288583478603,-0.10265397886320578,-0.017846876587744927,0.07628209542374285,0.39138540191489307,-0.03792923417422841,0.24964171030373214,0.04841421890147964,0.04252454011621603,0.2876602574424592,-0.08471356378344858,-0.06300084216685276,0.011828947089918145,0.017096997442360325,-0.09280666023387132,-0.0600066963949348,0.0712531023077929,-0.06809560295402821,0.3608315798323839,-0.1657719546282916,0.00323501963732137,0.3630105720148998,-0.5940197558618433,-0.28338921521486693,1.1276115490391754,-0.4718167852678269,-0.13449452882346016,0.24371484507797486,6.333194444444445,20.107448215991514
69,3.10786697789783,11.5854862509973,29.1847752832309,51.9539851987734,32.6502686138759,9.43229777770448,0.199034111135114,8.27836712076546,10.2782776595552,-10.6559257014972,-17.5181610049662,-20.9489166875298,8.72127812402351,-0.558809207838602,125.023989612674,2.92590118110045,0.430358397176161,-4.76762176063018,-7.90414542544964,-8.13960360607317,-7.14017204640576,-9.58506445942524,-1.16636796971471,-18.4711154834953,-16.9143933928671,-15.5743623397659,-11.2924385719422,-9.14384408857285,3.28752143753155,10.8483181309702,-16.624762929132,-33.523994032382,-14.8852971916499,10.4489497950094,19.2600708343801,72.1134006433734,117.828556702868,154.400927588592,162.460455225984,169.922718844471,247.712646769459,346.800269348032,365.022978177019,403.39504184806,428.676136759475,575.62471580105,782.349437151798,405.952162929631,-0.08472628312820246,-0.11526856354662583,-0.005383467159373878,-0.026573763421605775,0.08701626828027131,-0.08944693529759218,-0.01764840571379501,-0.08425653382562748,-0.07808573421766546,0.02316881646155661,-0.15425495310127305,-0.07459481536592379,-0.16640575068532684,-0.0958986840647802,-0.015598702247109877,-0.7154118061744908,-0.2659170077641372,0.050884585227974635,-0.16441741760826872,0.01153917910243455,0.1064317104538299,0.07215161694869263,0.21115192892691204,-0.06414085107978364,0.032556134538346694,0.9246030075365343,-0.3506048259818179,0.03332189951810202,0.13246864206540257,-0.23904498206153085,0.14855979657439283,0.14132177964740916,0.010798637653161075,0.010062327335656745,0.004362734419481872,0.2839575300681483,0.007462046391889966,0.11872589017949292,-0.19247780157608194,0.00869714449306904,0.026758309359166677,-0.2663189780126691,0.16479879548373233,-0.44529396087882306,-0.47669800732347795,1.4133080304922014,-0.35401116183231224,-0.2462015205259973,7.83537037037037,23.99197190313981
70,-54.6344920023211,-23.5903382935069,5.41566894879626,33.1433456367984,25.2779915491259,11.2668637148146,0.333435334888957,14.3873141381086,10.747670930312,-17.7234655278207,-25.2558882961501,-27.9672920097012,11.1828578568091,-1.08403677031498,214.798195874784,3.6831789194496,-0.965924283659786,-8.53352500102274,-9.32861813575868,-9.82872543307071,-4.65424276172844,-8.10383127519305,1.27071694733011,-21.953708440332,-20.7680197031469,-18.9150463985778,-21.7382099861719,-16.4970515710599,6.1906840935286,21.9608461047701,-19.6232241104287,-55.9107919510902,-15.7825310428595,30.8803804577136,9.39132822933143,71.1021283430331,137.49100119046,195.808209189902,198.55874123417,197.871448424281,312.701340013451,381.074454585396,420.686302091998,485.097683855294,529.219432542923,782.349437151798,1172.80560894707,694.536828437633,0.11276697046230483,0.0010393353290995204,0.025445601378886663,0.20572206358361178,-0.2389522748274494,-0.12198714268162611,0.13043870226617757,-0.18695580183894872,0.029632351101183826,0.0874668867801281,0.16773225288154883,-0.04054362162305611,-0.11122805459205423,-0.04743930455718346,0.035841901662035346,0.3565572577125606,0.28595907005808874,0.14906676266193566,0.18450429681885538,-0.09184644728165227,-0.09973753897391664,-0.08716712037513338,-0.12229298543994244,-0.16567077707848876,-0.22900476326801478,-0.25427828055367674,0.244305351769201,0.06101176660671195,-0.029105941488171253,-0.008298293336983363,0.029393908765525986,0.10981898944830454,0.12080701975787911,0.00024704321513107654,0.10191243574462393,0.013269679936892157,-0.018326647569965954,-0.022800847555152003,-0.14507572098739982,0.00998265337561258,-0.02053698280002796,0.21309153328646815,-0.0031404034498689537,-0.11027720408638235,-0.13136144686900172,-0.3537895824183682,0.4181324622459389,-0.1434064626022329,10.810185185185187,34.24610355861043
71,-55.3407533120307,0.883854005038333,28.6386456862293,39.8115750675635,37.9843387824118,32.2986481926135,17.1285709760138,9.66708581977371,7.59967622636961,1.79774956643694,-14.102374597103,-16.7146944649509,-12.547668712467,-12.2914086559717,343.38672156856,-1.79009385940889,-2.63625936055492,-6.9005502546163,-3.54443154648801,-14.3112651845047,-3.0082440906954,-6.38411593845138,3.17539847511918,-21.8132161695336,-30.3971545162814,-15.7119478427046,-0.126879063137522,8.52480956612117,21.5575400141825,30.2897023430181,-1.88528404593915,-40.244695174681,42.5497857470187,131.795905550797,-33.6038792046099,-44.8912441076938,-51.051407238483,-65.1725575801739,-74.9078676259188,-77.299305992685,-18.9570112726404,-12.8774173327801,6.25727404686063,43.9198292072766,66.8317855554463,405.952162929631,694.536828437633,1013.1387037037,-0.029853996205713593,0.02698021198189332,-0.016674099856366593,-0.1409467631644044,0.13121241269475403,0.11050232137731658,-0.08400820582937384,0.057875364622060776,0.07899054928959132,-0.041650455225860146,-0.04542428424877666,0.04284558498515858,0.12148032388705425,0.08641987820480308,-0.05398769720040848,0.01582869779187041,-0.08265310701997386,-0.16435872687174483,-0.0910055704287281,0.05474044841400918,0.0048508455982180345,-0.012778603460083632,0.026838461716003622,0.14737204552371236,0.21807322601618723,-0.14994632229978824,-0.0028146461241803583,-0.0861643405852937,-0.025806828592344257,0.06581709011435669,-0.0759708777776842,-0.06475321186786694,-0.09906638918876737,-0.03899825659677703,-0.025245414323631844,-0.11890352557083471,-0.0030601438489318154,-0.02094533753090705,0.18009229968320897,-0.011915043546180178,-0.006738081178307594,-0.10424473470330753,0.004307808089123507,0.21687887632371083,0.24379970755522426,-0.2471512537218234,-0.1425556045560438,0.23145051437878073,5.78888888888889,31.82968274588523
