,Cov_0,Cov_1,Cov_2,Cov_3,Cov_4,Cov_5,Cov_6,Cov_7,Cov_34,Cov_35,Cov_36,Cov_37,Cov_40,Cov_41,Cov_42,Cov_43,Cov_44,Cov_45,Cov_46,Cov_47,Cov_48,Cov_49,Cov_50,Cov_51,Cov_53,Cov_54,Cov_56,Cov_57,Cov_58,Cov_59,Cov_60,Cov_61,Cov_62,Cov_63,Cov_64,Cov_65,Cov_66,Cov_67,Cov_68,Cov_69,Cov_70,Cov_71,C_0,C_1,C_2,C_3,C_4,C_5,C_6,C_7,C_34,C_35,C_36,C_37,C_40,C_41,C_42,C_43,C_44,C_45,C_46,C_47,C_48,C_49,C_50,C_51,C_53,C_54,C_56,C_57,C_58,C_59,C_60,C_61,C_62,C_63,C_64,C_65,C_66,C_67,C_68,C_69,C_70,C_71,Mean,Std
0,14.2938923948363,10.4491532247907,11.0234593673869,10.0747648724211,8.76381210174626,6.50862714045619,4.65165916709734,2.79384260680731,0.566655954283464,2.24010648510989,3.50823943143995,2.40746950782554,2.78874849942787,3.45698616006422,4.6867599141895,9.73850548891605,14.8913660627251,20.2803378538171,25.3947889101362,14.0010410876217,4.57713618252496,6.08460636620163,7.25559228906094,7.26008874292811,4.17234524500914,0.778225991438158,2.29805267984112,5.06630040857853,32.2987991105421,19.0941705688397,9.3962529833954,2.22515125707601,-5.9497268195508,-7.64565751293817,-6.51420093387526,-10.4259796083811,2.82193774181214,3.97870661771889,0.619509992689589,11.9456520980819,-2.14284318801336,-2.16602519531559,1.726489636532926,-0.8294619311385408,-0.19449899251730393,-0.17753308512490087,-0.04486989642488228,0.1663040677509546,0.15951910887286133,0.22942986331094323,0.1734250564877117,0.044305400253668005,-0.030338500373939228,-0.1943270000047607,0.040679532009635276,0.27691829094877884,-0.19821318652944553,-0.06794942906496736,-0.01806767384367497,-0.08609855683262971,-0.030077254887576153,-0.19550556272812292,-0.050433753329757594,-0.09402327886395746,0.5302306898972848,-0.6499027212368294,0.1263004125277004,0.06970216341671734,0.1660404532535208,0.26351922298760233,-0.12802121493680993,-0.023822644548283745,0.250493702350742,-0.024839081033124457,0.17937647382986432,0.13952706862284336,0.09425667332767938,-0.027930072646685816,-0.060020711107850754,0.08748986170872405,-0.023934774830020503,-0.14580720582313744,0.08206678135019033,0.02785030363354604,0.8465355940355941,3.779403708898572
1,10.4491532247907,14.2315769957939,15.6801571021295,14.6779492432022,13.0610364359472,10.0008654456163,7.01069264702608,4.02101492017812,0.358543490419278,1.28678575293196,2.84711738863938,0.956279950869373,0.595883279601615,1.72536167047283,2.22488578502719,1.97311069923488,1.7587409540468,1.8082144749895,1.51623148194894,0.336186405926787,-0.1601107382997,0.0142580254788418,0.259823803435811,-0.149140933557653,1.49289563462156,2.13844999106213,0.374598607196384,0.578360201778528,41.5138578925883,34.1832927909899,19.2204971855071,5.99775915585185,-7.95649296072278,-4.56950060254506,2.2615665177516,-2.8699489775069,3.4355219862709,-0.135775818335216,-11.8041905104724,-4.06273157456818,-1.87933291204283,-3.21014087776688,-0.8300992603245172,2.8283896544830336,-1.3126577804205102,-0.293919627266331,-0.1129479553630458,-0.0019295508717689924,-0.04446813258523764,-0.1909339677932594,-0.058736446632929644,0.014780635463683859,0.01874046375305809,0.2098121253337226,-0.061092371329971425,-0.0860516103897841,-0.14892655207259234,-0.03600352008508655,0.05943299672796886,0.08037785921537197,0.21414854482294274,-0.3642497514730768,-0.040424549633135784,0.32314445232330946,-0.18181562249436894,0.08398276611235334,0.028373128340781706,0.14170903281504008,0.04631410175299165,-0.0426517984901272,0.06437128661296501,-0.08270440890642504,0.04108466607452143,-0.07379274569823677,0.024503506100527657,0.09174310495604124,0.044291041915701206,-0.024492161108970626,0.003087817893425565,-0.1882152619045902,0.14078993161539113,0.05552213356290893,-0.03618771853744545,0.14548666787175543,-0.4817929292929293,3.771150619611193
2,11.0234593673869,15.6801571021295,17.9886893856044,17.1408512061706,15.4545339484233,12.0091489050895,8.45124362942279,4.88960661649529,0.673308916952801,1.70435623569606,3.17037934805875,0.578490736415014,-0.0106388282783337,1.30980619325005,1.44995712893542,1.08420616413092,0.948916101275392,1.07603189674158,0.822651155442079,-0.0038993348387213,0.411800224050492,1.43038526109102,1.876085835268,0.55375760156647,1.78487233701583,2.19711564055441,0.240146561757441,0.347614096761242,48.6248864505547,40.1388294955936,23.1338504933796,7.98600227793601,-7.43185744421412,-2.69382005885908,3.8125782456467,0.717458506078489,6.44562267850924,3.69528811614996,-6.96098589097146,-0.306163334666297,-1.92292196432979,-3.19300420623538,-0.19596577259530693,-1.3154410598949564,2.819854082701545,-1.3967768897757245,-0.2621633728186756,0.21037209544262844,-0.00776575317500297,-0.03715987475537958,-0.08126765496386684,0.01947794571629772,-0.12619451702666534,0.09958970433173923,0.1034802453586486,-0.06523720961775198,0.1336228105574351,-0.05404871417770594,-0.0956866132172147,-0.01693147504948076,0.034583101183014185,0.1432127030066987,-0.015573738381964396,0.05794005929644425,-0.4150015323392056,0.24309400540621576,0.05611980686899137,0.0845264412579151,0.058309734811149046,0.004613861847026048,-0.014050770667449634,0.1523831286153547,-0.14837896878148465,-0.09558290130429753,0.07151029863241638,0.019461199499732056,-0.02829396358580088,0.018793028141068903,0.015054736531921737,0.01770574131918596,-0.013153702024394004,0.04877533618485434,-0.12594634264869645,0.002720266964109079,-0.45053150553150556,4.24012846333745
3,10.0747648724211,14.6779492432022,17.1408512061706,17.0900163491054,15.8853937721939,12.5839620329289,8.99416515036976,5.40391833389777,1.13494992416255,2.08486633228465,3.42638941374525,0.672312194823118,-0.0153327705360746,1.57578293988936,1.29346799537711,1.10798280653945,1.2182140778423,1.53290435087717,1.44485047249245,0.731890770600708,1.11709678973039,2.1034390873008,2.03485335459272,0.58531343385123,1.98931914748356,2.95244835911792,0.612192388353544,0.506442908069004,57.874373713734,47.1703307071333,28.1500150632549,11.0070388205473,-6.20711605167709,0.276680633016658,7.77828316875655,6.38097462521694,11.1203481437178,10.0447260712156,0.664614503248501,5.21451281741831,-1.47106340501648,-2.72687222935262,-0.18320936557440864,-0.29778360985703145,-1.4023230326425424,3.4765514555899766,-1.3817155622660005,-0.36933872049481825,-0.16570361395015906,-0.03719533696716763,0.07607347955082024,0.1400771846299495,-0.07268505735550643,0.03475310507509532,0.034960607318492994,-0.14096548850917834,0.2054732925067786,0.029722483555680974,-0.05232484582713758,-0.04386919370037896,-0.06222550730052603,0.24939244787927248,0.006415567303024452,-0.31394362548258703,0.2625581657859412,0.04912433950195811,-0.1381372473698017,-0.10417356907473106,-0.03760907314943852,-0.0055402282483875175,-0.005293153311685014,0.06004555925900957,-0.08319124808272671,0.08490807315078018,-0.13847210682507038,-0.003137660127630799,-0.04576491781808368,-0.010607302471977742,-0.015962399996504638,-0.0006246601468786443,-0.005942972488164473,0.0079493145509126,0.006961194535310088,0.10116321494856495,-0.6442700817700816,4.132797641925553
4,8.76381210174626,13.0610364359472,15.4545339484233,15.8853937721939,15.4338254945656,12.4763639811605,9.05479732671052,5.63927363552907,1.51191372935096,2.50609285921188,3.7702440041487,0.945255428029508,0.253247996263413,1.80159918406889,1.54866184804169,1.39241034839211,1.58780716117647,2.00503435770887,2.06120647383816,1.40639377661346,1.40025185674116,2.29487561076549,2.32372287963241,0.537815904688674,1.86516787248997,3.08747160257658,0.508288934389736,0.341103482831143,66.9397237097299,54.1852030684496,33.2082593586541,14.0449300083818,-4.67136162939112,3.32193001518052,11.5670344333516,11.8744685713223,15.8868589234982,16.5911960552174,8.57695574197802,11.1348476124946,-0.452231093084912,-1.62231495935067,-0.04857435698793484,-0.11488648335237318,-0.2650033446417113,-1.3815767258182532,3.8181166229922865,-1.5321249134645443,-0.5607847949117808,-0.09588590579474222,0.3129075528823756,0.010891197645910785,0.020414457874448146,-0.06581987662286143,0.017297040241291806,0.05406627808999238,0.027748812395760537,0.029024980524482928,0.012236145315670478,-0.022824726218367536,-0.08306025113856746,0.19470925682458054,0.04486055922487955,-0.13150351733246596,0.01049054472890203,0.030687182721268063,0.03612796271849112,-0.10225687215696189,-0.11372842209516888,-0.037685557467002216,-0.009244415352986791,-0.0856112114212513,-0.01338372713792905,0.06521241131074827,0.019821928328094623,0.05262498416528528,-0.048856399690451344,-0.0401452912006783,0.018829581223550922,0.06677062029906769,-0.05022753088071471,-0.02511967591760159,0.04480289427538811,-0.06767273554243441,-0.8342857142857143,3.9273178499537877
5,6.50862714045619,10.0008654456163,12.0091489050895,12.5839620329289,12.4763639811605,10.6820191449611,8.154160365648,5.65085688682387,2.3797450848606,3.15394225784126,4.07001108061333,1.62281519341078,0.687825672549916,2.01794814741366,1.59542004395302,1.4615319312359,1.68883125143487,2.16533131573046,2.32204629496599,1.47410525056259,0.995894836159547,1.7700730376995,2.1068413231269,0.0126196480639236,1.16107058934776,2.65722178751957,0.200983730913777,-0.469844666034268,44.9461386416266,37.3038618942599,22.1605175575745,8.71781494180439,-3.881566974702,2.46034556991191,8.63439300852833,7.20691299121399,12.264312745653,17.3626549174547,13.0305450621141,15.3459386239774,0.376574100705531,-0.719525177091212,0.1611363661595482,-0.02273203397315251,0.19530967536235214,-0.3665525859285297,-1.5245193864939637,3.6371402491253897,-1.8015257072468558,-0.304848672975807,0.2780611544595226,-0.03741457393067945,0.12405078127774015,0.014633120036852146,0.01211076204224599,0.18083260059465656,-0.1417582026990663,0.060078711839069626,0.10086060815631583,0.014202548056352021,-0.06354842310739504,-0.037391726552063,0.08778418508277526,-0.1943700045377844,-0.10083778567620787,0.05872095747056386,0.02817752962307938,-0.039018053270729026,-0.037558897686214524,-0.08608489452370965,0.04700773522195832,-0.17956209950671426,0.031209989432540015,0.16724784156185302,-0.008449964466458305,-0.24335787537023887,-0.08110453237719267,0.23370803628021844,0.011818664970123096,0.012771554387866363,-0.006455773443213069,0.008085690777673038,0.0011917215641658078,-0.15268973494527394,-1.1349074074074073,3.2668056484831003
6,4.65165916709734,7.01069264702608,8.45124362942279,8.99416515036976,9.05479732671052,8.154160365648,6.88192066894872,5.56905749129595,3.40893477106484,3.70639354688075,4.45952938134608,2.42064507030639,1.30012739713817,2.50079454411771,1.95591600772108,1.85826103174807,2.12616563500582,2.66764587481403,2.96726700434049,1.73749703689309,0.321088213712675,0.647034387455708,0.993757989390387,-1.11861436861069,0.0619965475522042,2.14425631159363,-0.143671023829037,-1.21017659567861,23.9000052386844,20.6316024097906,11.2803849400098,3.462349758234,-3.20282955666178,1.46952589854227,6.40454468651663,3.49327442584277,9.81854080061312,19.7156943765662,19.1483415291849,20.543004259865,1.42536308354869,0.188905383864306,0.18783757245188945,-0.0424173142600534,-0.009632074349723631,-0.16492528230432518,-0.5705460451615532,-1.8011252026092508,5.0019039932985,-1.6031469214819227,-0.35266734249116133,-0.13149162258339026,-0.016538979711816098,-0.08410932335247889,0.04622401990167467,0.05120473588289929,-0.038895348211821106,0.01997250439304237,0.09234906472313162,0.022570524509273576,-0.028948966274139825,-0.11191481937716388,0.09335334917323052,-0.011501614005320232,-0.042090701970042076,0.02802156133164781,0.00033361574391575245,-0.056471860691964505,-0.039529982866284535,-0.0748111781212894,0.04484225395422345,-0.12841008802202564,0.049825218976145454,0.10955946206528566,0.013115768921016163,-0.042912482746440966,-0.04770097418414801,0.04875544954035058,0.03494385480734239,-0.03877264085723636,0.00951688922879552,-0.032996917638281505,0.013643229945636118,-0.024784308392423498,-1.566084656084656,2.62143484926647
7,2.79384260680731,4.02101492017812,4.88960661649529,5.40391833389777,5.63927363552907,5.65085688682387,5.56905749129595,5.51201420491568,4.45810936642037,4.25698595700989,4.84692993642679,3.23641207709097,1.91681353590982,2.98064572690822,2.33400850301165,2.27514027110676,2.57084604387338,3.168583714578,3.60913210219574,2.00237249141866,-0.353008278378469,-0.469477817176832,-0.0989597215533645,-2.22644579950752,-1.02021035805058,1.6401893494166,-0.481843147212503,-1.94551240865373,2.85076386281808,3.96573903495046,0.400862566830047,-1.78311859578375,-2.52456873975967,0.474619127796318,4.16768997496547,-0.247851776883603,7.34573127792938,22.0709510283448,25.2683386445684,25.7463777496763,2.47201085041388,1.09546780062839,0.22747495394484732,-0.17678185968861732,-0.03678942228078131,-0.037829616219261515,-0.10001256711641235,-0.3092324510037095,-1.6042872735268068,4.85576890596103,-1.884725196644604,-0.17467083874942552,-0.07186030062426789,-0.28421617936222454,0.16823833404473093,0.03643056070247839,-0.013626930709928297,-0.013451167197855081,0.052366173221498065,0.04021210038499096,-0.02238682820641678,-0.20518378093855183,0.11750200680887933,0.11017143259123956,-0.011489619737272784,0.010620019401028403,-0.03674770755610991,-0.07188607290240213,-0.04466499693646539,-0.07535913497320294,0.04615450102327295,-0.14635744230715703,0.14205478274638159,0.06768051670544126,0.02726715699977808,0.037250883405751306,-0.027976034177592538,-0.04275884447267048,0.13589305967149473,-0.23480645498484257,0.09838706985079407,-0.06909600339068278,0.033967552942673875,0.04526215116116152,-1.9958730158730156,2.345637270533465
34,0.566655954283464,0.358543490419278,0.673308916952801,1.13494992416255,1.51191372935096,2.3797450848606,3.40893477106484,4.45810936642037,6.08831366582393,3.95995406047196,3.10488933454878,0.385191038876713,0.373037781417994,2.92286690977516,3.69298877482462,3.67282509910768,3.89773698440401,4.44747481472565,4.99600997472925,2.53883004380553,-1.02585009491121,-1.00653252606309,-0.378454785821791,-2.66166814801716,-1.79287197644224,1.25188584608225,-0.39144145269148,-1.8372525162111,-15.525284684117,-11.1320940788222,-9.07790756864936,-5.90375263235467,-1.19554407925293,0.0276581085456415,3.3365766897106,-2.76101052415669,5.7066216496523,9.61218028505489,20.3622689564234,22.567704834491,-2.53044282407514,-0.743130770769751,0.17039527834221943,-0.055241166125572665,-0.08431174783174936,0.07188848869926179,0.3019921371891735,0.25695596265533865,-0.3650752770682787,-1.8895065681907757,2.750863624050212,-0.17545349968704277,-0.17037703981639585,-0.29124243759295126,0.30893997989295574,0.04183681700175173,-0.04029113287932361,-0.12226305374707182,0.10846260902701393,0.09377917832263567,0.007003892878389227,-0.2923940530921219,0.10607035232704132,0.26938621081743824,0.00483828184181538,-0.04424695968035739,-0.08034710924082335,-0.012350311704434801,-0.02644722172889037,-0.05076841648656912,0.04588253254998138,-0.03565245961603139,0.04837452769531125,0.1250585058147239,0.035156863413429947,0.18739894165644866,-0.02005651917358634,-0.16711657320096915,-0.22313343417347123,0.32060998051260164,-0.16918973725917447,-0.08940905625065261,0.24134108643133342,0.08235071482134339,-2.6571428571428575,2.4654236280655564
35,2.24010648510989,1.28678575293196,1.70435623569606,2.08486633228465,2.50609285921188,3.15394225784126,3.70639354688075,4.25698595700989,3.95995406047196,5.78259537275958,5.33671371352917,2.77218434270939,1.19869238513918,1.54661236629607,0.757441648843563,0.96713429883754,1.6363680807049,2.65916284388283,3.47538023178798,2.97894909967006,2.09646227818624,2.26997390133261,2.82114632443842,0.917340534713281,-0.0007651128119671,0.607178267567603,-0.731394868922774,-2.1936860299502,-7.03266511048807,-4.84431910578635,-4.94486041642948,-3.52797445132813,-0.385229753482576,0.639049449874722,-1.85773072025403,-2.79217276990351,5.88863343674516,23.5363829999371,30.8912810414225,31.4067071363163,3.03064967389913,1.92353073742193,0.04773335283056514,0.016485694286686437,0.020898770815278033,0.14640090314230458,0.01774255630914763,-0.03520960249479744,-0.1287229098678749,-0.1666524497447832,-0.17138227351645377,1.7078623096794217,-1.1796854335303064,-0.0051388148527959625,0.4122987367277956,-0.029759025588368036,-0.15951472155718288,0.02064611888186799,0.10571446557045122,-0.14017248919323375,0.09287423307712116,-0.06106273079647608,-0.10691690078309135,-0.0671477071788189,-0.012305418909482141,0.01509539758959516,-0.0038655826100259445,-0.009087636775777534,-0.004241243926631813,0.12840466698264472,-0.10019076595110159,0.021354071393188043,0.1567133492064906,0.0010683524103933678,-0.06122063387419809,-0.19190222782688734,0.05411417243122695,0.08569756750020933,0.011378275944231795,-0.05538544965483781,0.03258048146006094,0.00791696112653811,0.09655300392620049,0.03581475104022445,-1.7063492063492063,2.402622603065154
36,3.50823943143995,2.84711738863938,3.17037934805875,3.42638941374525,3.7702440041487,4.07001108061333,4.45952938134608,4.84692993642679,3.10488933454878,5.33671371352917,9.67622956577267,12.1031682857694,12.5220208723228,14.0109261635805,14.9654450865016,12.010462024213,9.7334608839268,7.74250274665668,5.30660963546937,1.67759392573341,0.277677530259259,-0.0896451416295345,1.2682061808482,0.904539466685265,0.336262632551689,0.730374267207159,-3.98224990551154,-5.99560072145412,-5.90588479110506,-0.214048857022951,-1.70978817680164,-2.5327362884912,-0.937492655818628,-0.0284962555178434,26.541168418476,-1.96574040075016,7.51229651347835,34.595889495422,35.76783401687,37.3218215402386,9.05393857689329,5.99304179817964,-0.029728926576524296,0.01700503181414934,-0.12977287502758647,-0.07835110463028798,0.01920103811435882,0.12348074933705552,-0.016451168114897243,-0.07160106898828124,-0.17226882653981462,-1.1796239313410235,2.3553953250006416,-0.12154945614741947,-0.1414180299163599,-0.15481923304280404,-0.01950870938981417,0.0065400711983723235,0.010552130296071615,-0.01829107278795816,0.016704248360028817,-0.06392465051177337,0.08146408770342389,-0.09342511719405569,0.1753316398481627,-0.2440043822476721,0.08771768695890468,0.11890880089437014,0.036609832005397955,0.02828497908829747,0.0818044645590746,-0.027271806125258036,-0.2949384743521154,0.25151335274091385,0.14884275260829616,-0.027895064171415365,-0.06873138821525726,0.08828186046256419,0.04307810162494985,-0.09106150436113847,0.039359999589934996,-0.05647033557001748,-0.2662775132203796,0.053096458704422186,-0.2511111111111111,3.1090560570328534
37,2.40746950782554,0.956279950869373,0.578490736415014,0.672312194823118,0.945255428029508,1.62281519341078,2.42064507030639,3.23641207709097,0.385191038876713,2.77218434270939,12.1031682857694,24.4637816091954,26.4521000340876,28.2604325773118,30.7359648544883,25.0914477917729,20.1685016534788,15.4112896437497,10.3502823994278,2.40249270819699,0.41206564302513,0.262001617847327,2.25635381382685,4.82462138223869,3.22675341982073,1.18661591431926,-4.86865711410161,-5.79917109754711,-27.0069959341188,-16.6505124537793,-11.8134881543643,-7.7546890795598,-2.27547717435962,-5.50323267381975,51.5037260541641,-7.25663515381332,-1.04473320127602,35.6562012843076,27.8543058648035,24.4454995920923,16.322767573638,10.0589131140167,-0.1986324083673012,0.20574430919786735,0.09247090027509183,0.03281106633565982,-0.05498954752409132,0.02739230824934538,-0.0768495693364922,-0.2832311730936963,-0.29308252554847797,-0.0003667312575753134,-0.12135108499567766,1.405034345182777,-0.7269117338108326,-0.10508755930614118,-0.02061717594021233,0.061901984449592086,0.2333602860736444,-0.11646916361667567,-0.05709783561848191,0.06948658990434599,0.08455980174968722,-0.18503506034417463,0.07727320015096398,-0.181631229692784,0.13065500086977155,0.08788830942617468,0.01875706596160691,-0.03340760710220489,0.03794640590263375,0.1694085012339621,-0.28522509391045514,-0.14245846677835797,0.185101548962989,0.08166090545969336,-0.052710430211230945,0.028571958475147152,0.13858506490655645,-0.1978861174617462,0.09513387484029473,0.040909732747524005,-0.2089722829875519,0.009617024487868463,0.1866666666666667,4.945076501854688
40,2.78874849942787,0.595883279601615,-0.0106388282783337,-0.0153327705360746,0.253247996263413,0.687825672549916,1.30012739713817,1.91681353590982,0.373037781417994,1.19869238513918,12.5220208723228,26.4521000340876,35.294188697318,41.9255740645517,50.1789341490604,42.2834290635883,34.6969253541634,26.9499771774464,19.1258813868497,5.51413430445071,0.366407920545942,-0.410818366896329,1.7198056557501,3.80156493608122,3.15867857899633,1.99006279710501,-6.67973264441955,-6.93359543033109,-19.1677857849722,-11.6321533845729,-8.58538136141597,-5.45513445261731,-1.27790895419921,-3.2121113390899,87.901117447913,-1.2220169306688,3.89444141827479,23.9016626435505,17.7324496806222,18.8688062593658,12.2251687114901,10.0997117123348,0.046513096003803524,-0.05889371297957655,0.11111328262284748,0.04086505771706679,0.019370490059021278,0.013068015646939431,0.04641731891007954,0.15783113064055393,0.3106168327176601,0.40788655186102435,-0.14169429252297383,-0.728358732776207,2.4013954355712572,-0.7730861417103753,-0.30623587099831207,-0.04559685311946038,-0.1107693464721488,0.14260539995531704,0.035609984222139054,-0.21269091986654154,0.02467166305223146,-0.03396369770848721,-0.15580152710059328,-0.08351404647427217,0.30261536631878005,0.11437011447098544,0.06568845086372944,-0.1062830684989069,0.07540313871821544,-0.15672465175887462,-0.001767314793363817,0.17059474096120997,0.004271090720652381,-0.11254873958109976,-0.10787888816545212,0.17610917893173716,0.03537885100114799,-0.17551518820433687,0.07149025307118315,-0.015290064214087634,-0.1763235100884186,0.20976653852733967,-0.003333333333333388,5.940049553439602
41,3.45698616006422,1.72536167047283,1.30980619325005,1.57578293988936,1.80159918406889,2.01794814741366,2.50079454411771,2.98064572690822,2.92286690977516,1.54661236629607,14.0109261635805,28.2604325773118,41.9255740645517,55.2452030651341,67.8761363125878,57.5518108583637,47.3054716220191,36.8493140122525,26.2987947672626,7.9929095643018,0.202694180724366,-0.95487587253029,1.51032640312579,3.85599202287015,5.38567094448463,6.01490436066834,-6.94765919147903,-8.33982980994914,-15.8022940001876,-8.85658808866928,-8.35392391051274,-6.60513619800142,-3.75318480069242,-3.21648513388083,121.060688118744,3.27899844096806,7.55268781149976,8.33446124921281,2.63704314014329,9.92831803076001,6.94541171313939,8.92374753061049,0.280712274492164,-0.08555782268531671,-0.0604751736540616,-0.1447599293239343,0.03729030364570447,0.15405892154991577,0.044344353590077844,0.03416685883283778,0.0417206802132579,-0.030938540843213673,-0.1554327519874442,-0.10691513766185973,-0.7745228448723902,1.9413946403571902,-0.3727886726878407,0.24786294876550005,-0.37805026846569695,-0.3979483828762223,0.21383473350731314,0.24375652207844853,0.007296712534521095,-0.15743098630479763,0.016814411789663718,0.07365159058372231,-0.15327783489150348,-0.3305220783600949,-0.08214891676412805,0.0265150231780295,0.01866446114908388,-0.08545293287222175,-0.03426249569301226,0.3732725251373516,-0.1423547474090001,0.24719312057953585,-0.2300888275085825,0.008092654257327529,-0.06555541498615039,0.005299635406462373,0.004414902571884209,-0.045856472838843074,0.1084271662937973,0.0595931164918651,0.30666666666666675,7.432038957455357
42,4.6867599141895,2.22488578502719,1.44995712893542,1.29346799537711,1.54866184804169,1.59542004395302,1.95591600772108,2.33400850301165,3.69298877482462,0.757441648843563,14.9654450865016,30.7359648544883,50.1789341490604,67.8761363125878,88.1485775862069,75.4942407126709,61.8278646785279,48.2041478812538,34.94347939966,11.1970242091656,-0.626432732919194,-2.32386892239369,0.3986633707884,2.25227866442849,4.79510358686371,6.29724101456923,-9.14591786541984,-9.75766317115272,-8.43705207689105,-3.69696523743891,-4.80919894715292,-4.10174891993541,-3.03526507023209,-1.7893051789177,155.754383687157,7.52997378653534,11.0365280092554,-4.85660471779527,-8.73314578346726,3.64502734061517,2.66763764631764,9.08091420689958,-0.20147305838433055,-0.14909423284398546,0.1393361483663495,0.2236079565415013,0.04063774953659357,-0.12377531480878912,-0.019605546884638395,-0.009328873901976434,-0.038745422263370834,-0.16303334466339758,-0.018843563507428475,-0.018883894386014677,-0.30621997805308565,-0.37539422294471037,1.9200604000551544,-1.3163217209513889,-0.2028857566055528,0.4022175604468126,0.16464469895728967,-0.11375373280280156,0.19055555776502656,-0.16015016760865075,-0.273501324074212,0.28102631631617186,0.016076392471997714,-0.08540028374263071,0.22755303794832132,0.09767819435372997,-0.06314581308706725,0.11545099946701091,-0.011845020682115268,-0.021219842835180337,-0.14074135546946775,0.29457629130355556,-0.18111102840424143,0.029414923954179786,-0.17067108785810506,0.09731678755039562,-0.033675509866754716,0.05768667164895656,0.014629027020380748,-0.027536023456222674,0.175,9.388214824246772
43,9.73850548891605,1.97311069923488,1.08420616413092,1.10798280653945,1.39241034839211,1.4615319312359,1.85826103174807,2.27514027110676,3.67282509910768,0.96713429883754,12.010462024213,25.0914477917729,42.2834290635883,57.5518108583637,75.4942407126709,76.4706746748508,75.5234426620605,74.5589550979268,74.0862685355858,34.3214701644233,3.11072604621054,1.98076747580345,4.05889950326887,4.31498043490085,6.00017737480738,6.21906097759407,-2.3213240757234,0.810473165640595,6.91983532774982,-3.25524448519472,-5.11190803568405,-4.62722603409299,-5.26275914188613,-3.83805946500887,119.609905798753,2.89399736731248,5.73362394214374,-10.7850410081413,-15.4208871337069,-3.13105287007216,-0.523010644705942,5.65288061017218,-0.06763262611942687,-0.03046482238180279,-0.07117579676619078,0.021004491897484632,0.024722625956343634,0.05431966171944752,0.016201608652112676,-0.01237742154493245,-0.12463204466048287,0.02400381009902871,0.0089488498101323,0.06377316886697895,-0.04575719212596691,0.23714919528372982,-1.3216990518189016,2.449628911104037,-1.4484644683927748,-0.1548369210034658,0.20592518409962454,0.09549099906303435,0.0003443619300057903,0.012787483946523955,0.06732178284963614,0.01108537482488265,-0.1161774097944476,-0.05668427169137178,-0.1814857687094082,-0.13889854806791102,0.07040810614429613,-0.072033395379187,0.023111500497020234,-0.15160297805345943,0.08431356695380107,-0.143228230319024,0.027631841192368414,-0.01422934265246419,0.11339072941942392,0.024764486648363775,-0.03364179227497548,-0.013373851342102948,-0.07404651421444626,-0.014611165366146175,0.941825396825397,8.744179474075928
44,14.8913660627251,1.7587409540468,0.948916101275392,1.2182140778423,1.58780716117647,1.68883125143487,2.12616563500582,2.57084604387338,3.89773698440401,1.6363680807049,9.7334608839268,20.1685016534788,34.6969253541634,47.3054716220191,61.8278646785279,75.5234426620605,88.1837961268799,100.631663334244,113.442305648482,57.5372774997305,7.12435301184963,6.65435355231458,8.14700265614993,6.30564398945437,6.35053218225172,4.76642477696453,3.28526722763891,10.4432360839691,22.9893289568742,-2.89180811920339,-5.90864449533812,-6.19511937020683,-7.18541933774844,-5.09304785145593,85.6057381516686,0.511139434166333,2.42163161606977,-13.038511576982,-17.8220075363158,-6.9180133255221,-2.47111860513075,3.30147511709679,-0.014121258404058014,0.05149942157460877,-0.0879844298303666,-0.0814106844458959,-0.0007113395548182442,0.07599347639184023,0.06511291496250285,0.0591135200148008,0.10327090941452799,0.10159997133561337,0.01117051597788337,0.2358574934577812,-0.11028167936642795,-0.3734620631453342,-0.20277134859793597,-1.4406975601560659,3.8905124263210342,-1.4826308494719553,-0.42058847035363817,-0.0468819065114643,-0.005528307599700789,0.07703088777395023,0.017356081970200193,-0.008205084696245118,-0.05184264800975284,0.010993507765281152,-0.16889328791300193,-0.13724721283328953,0.07240372611464937,-0.17645523253164347,0.12040373749024781,-0.005458917083650726,0.05596773900221573,-0.20943903564613878,-0.03115366608374453,0.07556636361857849,0.07111397656353277,-0.0010873814657563154,-0.019041462218350694,-0.03283907873954071,0.0030121198017790903,0.009513726602894264,1.3503174603174608,9.390090315160975
45,20.2803378538171,1.8082144749895,1.07603189674158,1.53290435087717,2.00503435770887,2.16533131573046,2.66764587481403,3.168583714578,4.44747481472565,2.65916284388283,7.74250274665668,15.4112896437497,26.9499771774464,36.8493140122525,48.2041478812538,74.5589550979268,100.631663334244,126.648693858003,152.798879458146,80.8111920694653,10.9793742771167,11.1910257907091,12.1507147974584,8.19800276202409,6.59876042271631,3.17644391600516,8.74653320814301,19.9243548489399,38.864057172379,-2.71905621853288,-6.92327184495744,-8.08899475094671,-9.30882124325687,-6.62137320195021,51.2623885093502,-2.15369107905505,-1.08988485440264,-15.3691323670343,-20.2582689577124,-10.6173201599014,-4.26039803367312,1.15969920839118,-0.07861112131484332,0.08087098710609388,-0.015267944274664033,-0.04840712959914504,-0.026012318733606692,0.00776388985456914,0.018254611061289484,0.058088380629311875,0.0841284097053936,-0.13489672163278682,-0.018773751012169264,-0.11946441726095652,0.13156597271048034,-0.3998408863585658,0.3951135386358411,-0.16145548996288658,-1.4937952994719532,3.277323342361629,-1.5782709399383466,-0.11558133940815479,0.0804292929123875,0.027573284765768237,0.0631011763555472,-0.025009755985925957,-0.01233130361722127,0.12078694477147194,-0.07155898942710831,-0.026389669765350003,-0.019893777613132827,-0.020889504119687805,0.008569007171769618,0.022637165382971287,0.0212885464638856,-0.09213276125322342,-0.06278281135152308,0.1058247410628168,-0.000711668059102365,0.10985768380460048,-0.0630933409252217,-0.0034694577987828138,0.034597237868014497,-0.13466929858643845,1.7588095238095238,11.253385884168505
46,25.3947889101362,1.51623148194894,0.822651155442079,1.44485047249245,2.06120647383816,2.32204629496599,2.96726700434049,3.60913210219574,4.99600997472925,3.47538023178798,5.30660963546937,10.3502823994278,19.1258813868497,26.2987947672626,34.94347939966,74.0862685355858,113.442305648482,152.798879458146,193.475406182396,106.911354476441,19.0266194571428,21.1455982036059,22.2175929261544,14.7551842571623,10.2714755554849,3.63436298409218,15.8741360066615,30.5368651956724,54.3146064656649,-1.5846734400209,-6.97191518625424,-8.43869441139178,-9.74850881921988,-6.20367002047144,15.284158477653,2.96828439948317,2.23529016114701,-13.231492908876,-19.787096910936,-11.8348964889497,-3.65249828442253,0.362804696582105,-0.02811568144918148,0.21729924937224618,0.035926864329585195,-0.048720977092587624,-0.07824046878370515,-0.054360201735284726,-0.02668571744320727,-0.0167968584409069,0.006488268437672349,0.08717081746509359,0.013084036085392202,-0.05468710098648009,0.03422812835003864,0.2196216594123051,0.16420679891388257,0.216241392869774,-0.4122600360310928,-1.57702026121924,1.833624821600075,-0.8253006710930859,0.36487403663126156,-0.0486932768791824,-0.17391017203736236,0.026167864949787942,0.014759239985312363,0.05934173322010162,0.17764209823007765,0.14282239823071768,-0.05303853650842656,0.1490636816103859,-0.06255476260350373,0.009164445656583819,-0.009082746827505848,0.20517538090116624,0.03847767279355693,-0.09246208998276743,-0.05000682317261173,-0.14731783085386976,0.1061434782078478,0.010782799736233542,0.08903889314324101,0.12202060549486987,2.4006349206349213,13.909184238566844
47,14.0010410876217,0.336186405926787,-0.0038993348387213,0.731890770600708,1.40639377661346,1.47410525056259,1.73749703689309,2.00237249141866,2.53883004380553,2.97894909967006,1.67759392573341,2.40249270819699,5.51413430445071,7.9929095643018,11.1970242091656,34.3214701644233,57.5372774997305,80.8111920694653,106.911354476441,67.8307632861574,25.2553873696671,26.5876621938474,25.5594878671103,18.3319555683083,13.104341838179,6.62771587230198,14.4189013944475,22.2415565548039,48.4586254884586,11.309286523648,4.73631609426601,2.09765124936405,-1.42610895117934,3.21010905092865,-4.15356251516551,24.225942108756,20.1115741317308,10.8753068371047,4.91714018289003,4.19286368068791,5.02092423675031,4.55462813785689,-0.19820970728160103,-0.36312205312958057,0.1423768902482891,0.24953192978816602,0.19241603068391142,-0.03127891837979187,-0.1066924056023362,-0.20599336361880685,-0.28966192093598125,-0.055991921717639864,-0.061977493886635183,0.0704688983248706,-0.21105261694814959,0.23932257924204517,-0.11387573051645364,0.08498339956062212,-0.04748167475402962,-0.11106752095337383,-0.8244447487504624,1.901239745906399,-0.8897054331155528,0.03434171936114405,0.048385366922627966,0.1639396149516865,0.03160074076208131,-0.23456099472234399,-0.05523304139210118,-0.12160902013223916,0.008864773655133266,-0.0006561852798479702,-0.07177649468011987,0.02139913659188144,-0.13149114558786903,-0.10380543859074251,0.09012510680680741,-0.06407094914620927,0.03010831057863719,0.07390954870717367,-0.056956872613687246,0.06436282234737274,-0.10349815652016577,-0.13762878052114877,1.3007936507936508,8.235336258232408
48,4.57713618252496,-0.1601107382997,0.411800224050492,1.11709678973039,1.40025185674116,0.995894836159547,0.321088213712675,-0.353008278378469,-1.02585009491121,2.09646227818624,0.277677530259259,0.41206564302513,0.366407920545942,0.202694180724366,-0.626432732919194,3.11072604621054,7.12435301184963,10.9793742771167,19.0266194571428,25.2553873696671,33.3119354132458,37.456528805777,37.4372698822472,31.8755358910852,21.2407438361562,9.9157351310633,11.4657664478432,12.5083320393599,25.9500025956024,13.922992018712,9.88594426392229,10.0914366622076,7.77138198524316,8.1781738994415,-8.13242294986235,36.8285315363546,35.8240127054746,32.9250463663242,30.0181789176097,26.5227777793733,13.0017312487373,8.75353497295203,-0.05051547729121902,-0.04056841593422169,-0.01650451412294448,0.003249851284575676,0.04166749455178789,0.08264414407277132,0.09014320004534025,0.11688139124448003,0.10360273072005205,-0.10862915094515041,0.08033073014024047,0.08416154457844431,0.02485260739596762,0.005751835421188792,0.1966887754140631,0.005713171574899274,9.476368447245623e-05,0.0814315264561274,0.3660896393031651,-0.888922154463248,1.2751553783053347,-0.7756569266668344,-0.0029284112378357915,0.11539360908876625,-0.07992504430953472,-0.06149409429934372,-0.0773267770010224,-0.051997996637319015,0.044207551762298486,-0.07093962191093034,-0.0033682805293754584,0.04038189781545778,0.06527893000336867,0.06032516492114931,-0.199303647614124,0.12072165771855543,0.0017988872702401025,-0.03947144716954236,0.006536864012291697,-0.02108128124373496,-0.005433337222874635,-0.05928949602303206,1.0052380952380953,5.770782911637359
49,6.08460636620163,0.0142580254788418,1.43038526109102,2.1034390873008,2.29487561076549,1.7700730376995,0.647034387455708,-0.469477817176832,-1.00653252606309,2.26997390133261,-0.0896451416295345,0.262001617847327,-0.410818366896329,-0.95487587253029,-2.32386892239369,1.98076747580345,6.65435355231458,11.1910257907091,21.1455982036059,26.5876621938474,37.456528805777,49.1427220071937,54.190470465686,47.5278306645272,29.4632162479577,10.8741278847603,13.5919304478383,14.8997505155919,18.9058335324727,11.0749900219393,8.56357635925796,10.9338239107666,11.649883288543,8.61033726705791,-20.6076958276552,40.4110689341732,42.5819765112251,35.5380969508406,35.5628858747927,34.8035606140019,13.2734887334142,8.23824620053644,-0.09279981852870005,0.3221089345263256,0.05706932978502025,-0.31602790929015556,-0.13379026966804258,-0.19937431065182354,-0.012679122174512628,0.11077787005170556,0.27129643405142895,-0.06654534122638628,-0.09308897459938058,-0.1858730471148282,-0.03533958452965749,-0.1540572546550009,-0.16996734906541955,0.010795768242537881,0.06841957815002217,0.021719108843598702,-0.048126590719001584,0.03404873319001313,-0.774350536245772,1.5754920740113627,-0.49270778373644425,-0.07843677256985288,-0.047688793891664256,0.10354501272200253,0.006365086864309443,-0.012662101895912664,-0.027132518657836505,0.13648062002211395,0.0636418949082658,-0.21590579310328029,0.0071007478382470145,0.08773351696595535,0.20298454745291067,-0.29288226385004457,-0.0002897450942660692,0.0488172168575672,-0.03156805342104071,-0.012344296575881245,0.2101776548061254,0.042778363257696475,1.4735714285714285,7.009473732541815
50,7.25559228906094,0.259823803435811,1.876085835268,2.03485335459272,2.32372287963241,2.1068413231269,0.993757989390387,-0.0989597215533645,-0.378454785821791,2.82114632443842,1.2682061808482,2.25635381382685,1.7198056557501,1.51032640312579,0.3986633707884,4.05889950326887,8.14700265614993,12.1507147974584,22.2175929261544,25.5594878671103,37.4372698822472,54.190470465686,66.7227679776892,60.3948235912451,36.7313610415254,11.7931696166983,13.7281779050671,14.3451637144311,7.9966502009805,7.31587521989848,5.82257617479183,9.74083132472009,13.7715206099682,7.32615741536523,-24.3762657939158,38.1011415450525,47.1563627642682,35.7934920747304,34.5162101561213,43.7587027797011,15.4855329995752,9.58450364873265,0.5308602475182226,-0.18054733123392394,-0.41785850529967483,0.2662700772414331,0.012938734541835025,-0.0946091842682204,-0.03854216477216945,-0.012264640429437501,0.0039849432292026355,-0.011895587063711558,0.17655784177266362,0.07691234452558202,-0.15436287895505388,0.01217195051328141,-0.27630062366477764,0.06619532588940995,0.015781096350900522,0.06334087958380527,-0.17791383935238378,0.044325391556546696,-0.0037980315142042854,-0.48989508404387005,1.1606475836784569,-0.6754161830453942,-0.057931008577179054,0.08869223293850229,0.1690422744073514,0.0549947279566367,-0.016102478234467497,-0.01000728594416259,0.06280386160360499,-0.002760308947661433,0.1137042212108678,-0.10547312865314941,0.1602693618840613,-0.036442385948636614,-0.061831870442453384,0.03158738669771751,-0.0009872027681838383,-0.06265902324072915,0.0410199598949611,-0.08620603529230457,2.245079365079365,8.167788438597633
51,7.26008874292811,-0.149140933557653,0.55375760156647,0.58531343385123,0.537815904688674,0.0126196480639236,-1.11861436861069,-2.22644579950752,-2.66166814801716,0.917340534713281,0.904539466685265,4.82462138223869,3.80156493608122,3.85599202287015,2.25227866442849,4.31498043490085,6.30564398945437,8.19800276202409,14.7551842571623,18.3319555683083,31.8755358910852,47.5278306645272,60.3948235912451,61.9873802291031,38.5327701965446,11.7158294972764,13.1472804590332,14.0766288768783,7.54835131348927,7.19238887396344,5.50430082596051,8.17110833451184,10.0892178373672,0.56428283985973,-19.4259924792673,25.9368243444948,32.5777953573944,17.5769308489202,10.7585299388816,16.2725859485962,12.9560796504822,6.95890885095888,-0.6511001574706832,0.08512823110162783,0.24511533004468583,0.049178904902455536,0.0319244562544024,0.0622944697441759,0.02621743868054198,0.010757156593444764,-0.0458170559710337,0.01534430893956814,-0.24496762912378583,-0.1822404462213974,-0.08278995982192994,0.07300379375193328,0.2852501924928387,0.012274506858476806,-0.0025570330219564096,-0.02386005355160064,0.025303686806150937,0.1667027257440114,0.11467313458552474,-0.08106112043719922,-0.6744133766994341,1.274303171628486,-0.7732745323883553,0.062115518524347144,-0.12631174459768008,-0.2633220779971321,0.0818247992828182,-0.19034267099746843,0.08271924837688095,0.072540065061909,-0.2787086009516684,0.01096912652703137,-0.12807910143387355,0.025315755868013316,0.0323566300830282,0.1067808523349327,-0.07151875328642124,0.03668278979621118,-0.025812022799288566,0.015505232936929559,1.3554761904761905,7.872571386091277
53,4.17234524500914,1.49289563462156,1.78487233701583,1.98931914748356,1.86516787248997,1.16107058934776,0.0619965475522042,-1.02021035805058,-1.79287197644224,-0.0007651128119671,0.336262632551689,3.22675341982073,3.15867857899633,5.38567094448463,4.79510358686371,6.00017737480738,6.35053218225172,6.59876042271631,10.2714755554849,13.104341838179,21.2407438361562,29.4632162479577,36.7313610415254,38.5327701965446,28.3632379714338,13.2925234423281,10.7940726051129,8.98678293149332,14.1544257347633,14.2204140460904,8.77229683367954,6.22049471044195,1.44738071770032,-1.74890210581268,-7.39125680495222,19.1644800177387,21.0820740488012,5.11115366601713,-7.29288703942485,-8.73600406485469,8.56265374608261,3.72051861618764,0.1242864286803589,0.02651053364625347,0.057826085052737945,-0.14347621844034564,0.023499752098877547,0.018099375312845452,-0.00460285273292338,-0.037840897581864624,-0.07965083148678166,-0.004072884005576656,0.08893190651520079,0.13168937632230956,0.30193590368168116,-0.14920096508671957,0.01620742838558588,-0.11506246758266912,-0.04335576980923388,-0.010617133911399908,0.016189387388613512,0.03621420997509357,-0.0792359880610996,-0.04866735832023836,-0.056433959000912456,-0.7723216411480432,1.5951448332796032,-0.4994984760998947,-0.13034260245664417,0.273044277362503,-0.051192259244395674,0.09984743089853705,-0.1322590242767239,-0.004577654785956465,0.02193244108857331,0.08895884717494187,-0.01961000207123309,0.11570946168466441,-0.044325938968807,-0.02937941871743088,0.0182246778300039,0.07121543828747322,-0.37849973929971964,0.1741636748660926,-0.4757936507936507,5.324775861145123
54,0.778225991438158,2.13844999106213,2.19711564055441,2.95244835911792,3.08747160257658,2.65722178751957,2.14425631159363,1.6401893494166,1.25188584608225,0.607178267567603,0.730374267207159,1.18661591431926,1.99006279710501,6.01490436066834,6.29724101456923,6.21906097759407,4.76642477696453,3.17644391600516,3.63436298409218,6.62771587230198,9.9157351310633,10.8741278847603,11.7931696166983,11.7158294972764,13.2925234423281,12.9904284932364,7.0041919365368,2.45541578309077,12.8385002872826,15.7086577453419,9.16442229613219,4.42583698314125,-3.75567109802396,-0.392339832222266,5.44352693410599,13.341155800003,13.5844306558875,1.36886901091962,-9.68324432521489,-7.42122003045164,2.74115101470615,0.506479230815597,0.06649245989030018,0.15060332716942623,0.06956774274030161,-0.08266650378849272,-0.07370503943472145,-0.03133356483265228,-0.05198679385928698,-0.0713334842323839,-0.01791114147281072,-0.010429272952417948,0.12709713871048692,0.09577304127654669,0.11176344018513061,-0.3302307945392459,-0.09172494256368399,-0.058832988233134285,0.005710583763061145,0.10601818083981411,0.05545731450398315,-0.23318475507880476,-0.055844839417792926,0.09285784735579393,0.08912385165498446,0.0657335265615631,-0.5000685186531995,1.6470040738912664,-1.4103252727988371,0.7028552205371216,0.055532134310932624,-0.024236429259674137,0.022238311842962565,-0.17697295460445397,0.3058189997907845,0.056066182228928264,0.03986194493675947,-0.08237582480368012,0.0026665079039393936,-0.12781280387943114,0.09317255151672324,-0.02884305346306453,0.16282848716422152,-0.048411477975078734,-1.6,3.602836173521685
56,2.29805267984112,0.374598607196384,0.240146561757441,0.612192388353544,0.508288934389736,0.200983730913777,-0.143671023829037,-0.481843147212503,-0.39144145269148,-0.731394868922774,-3.98224990551154,-4.86865711410161,-6.67973264441955,-6.94765919147903,-9.14591786541984,-2.3213240757234,3.28526722763891,8.74653320814301,15.8741360066615,14.4189013944475,11.4657664478432,13.5919304478383,13.7281779050671,13.1472804590332,10.7940726051129,7.0041919365368,13.9552876430266,18.8611950973946,20.2297329171289,-0.261043508537187,-1.17408365204678,-0.116031884013042,-3.40599879276397,-4.93456989626103,-31.7217397521555,3.18985958936291,8.85230953012543,-8.39850555429361,-20.575898137038,-12.1313684566656,1.53437951980369,-1.59866917454932,0.15534774563323198,0.05017659996009432,0.07040348697961599,-0.030010577602995504,-0.09315560484320663,-0.03307130346211759,-0.03559653349303452,-0.039270855275188234,-0.026353382519233186,-0.009331259363920557,0.03757425107707507,0.019592533074665228,0.06388588696381312,-0.08101128179856569,0.2262888919870836,-0.1825024842211316,-0.1651392373296632,-0.061199972764962876,0.1829177030158181,-0.05528181620033884,-0.08349946895162744,0.004660841312075051,0.1768198170952892,-0.13196989967231285,-0.1278983152990676,-1.4127950664786313,3.7541310479520136,-1.5867098856373605,-0.0518914047756836,0.16792480470892202,0.017816262360219645,-0.1548538790725402,0.1431830010610453,-0.03914533687233313,0.2043198916999898,-0.11381449183456964,-0.014846370036539856,-0.030823289694263938,0.044411046661367116,-0.013873184586613997,0.016750668923851818,0.036439642335244715,0.2574603174603174,3.7343389834114626
57,5.06630040857853,0.578360201778528,0.347614096761242,0.506442908069004,0.341103482831143,-0.469844666034268,-1.21017659567861,-1.94551240865373,-1.8372525162111,-2.1936860299502,-5.99560072145412,-5.79917109754711,-6.93359543033109,-8.33982980994914,-9.75766317115272,0.810473165640595,10.4432360839691,19.9243548489399,30.5368651956724,22.2415565548039,12.5083320393599,14.8997505155919,14.3451637144311,14.0766288768783,8.98678293149332,2.45541578309077,18.8611950973946,33.3019515208382,49.9081800147979,2.16028712729121,0.351027636508746,0.825108899704064,-3.783346157537,-7.52961661782667,-35.9691610366912,0.570985160527369,11.3166103982819,-15.6739409642745,-32.4192359469527,-17.3515144019958,0.758638964510367,-2.30244574658433,0.27066512501192386,-0.041412718560884375,0.010425557860524995,-0.005863091525627989,-0.03484432132901604,-0.08236611520206244,-0.06832774279938227,-0.07317741224952083,-0.048834739762045686,0.1298219381423256,0.029557756665759806,-0.033705587214451604,-0.10798946208611056,0.027622993952863422,0.09632557882639659,-0.14111726247481302,-0.14188344409185594,-0.024204665590362846,0.1321493081777128,-0.12093037601378455,-0.04959398966666497,-0.009446683960902971,0.0524970435464924,-0.2615331787798186,0.2735702483696801,0.7037414961651496,-1.5871061689313746,1.5971527850353784,-0.2881850797205771,0.35755579026417905,0.03419116267421394,-0.14062621340649165,-0.04958053049136149,0.2148469605617756,0.04066067536138915,0.026384288438831754,-0.15171028981650564,-0.043607162410163165,0.0661541751874236,0.03434315701250265,-0.024857439539784316,0.14318272604800888,2.5228571428571427,5.7699178088459995
58,32.2987991105421,41.5138578925883,48.6248864505547,57.874373713734,66.9397237097299,44.9461386416266,23.9000052386844,2.85076386281808,-15.525284684117,-7.03266511048807,-5.90588479110506,-27.0069959341188,-19.1677857849722,-15.8022940001876,-8.43705207689105,6.91983532774982,22.9893289568742,38.864057172379,54.3146064656649,48.4586254884586,25.9500025956024,18.9058335324727,7.9966502009805,7.54835131348927,14.1544257347633,12.8385002872826,20.2297329171289,49.9081800147979,1033.21582832252,751.484284639958,506.475087641547,263.614299785235,20.8105058839805,120.963298544848,172.760854560998,312.095276958482,266.277942375568,142.807077847677,51.6067097973101,20.0053606980903,0.220508088926646,0.622438581956331,-0.1280656069828727,0.06364149805937425,-0.017429164975498547,-0.007913157542826068,-0.010691687088173436,0.04649180049509708,0.0413137094523546,0.0443942476370035,0.04529907033190158,-0.1008774658186434,0.0811414432745882,0.03780152116893945,0.07600735054717746,0.018541911199691286,-0.06301522571729488,0.07111221983524144,0.07317318400228236,-0.019544584955559725,-0.05203874671936325,0.008415338426740604,0.04401725119402171,-0.027218445925434712,-0.016465973923012748,0.08223855472423193,-0.05227488477015704,0.055516003327144146,-0.05281158003621411,-0.2877189795702999,0.22815455312643762,-0.25415129657142915,-0.036216019649249004,0.08258143337894586,0.04851594669795732,-0.031250232748343494,-0.07572504283666388,0.011850526663086057,0.029380036959619375,-0.0006227477641358784,-0.014256693926003363,-0.013737507680888635,-0.033523473153794246,-0.029099202175367708,9.163253968253969,32.14351922740441
59,19.0941705688397,34.1832927909899,40.1388294955936,47.1703307071333,54.1852030684496,37.3038618942599,20.6316024097906,3.96573903495046,-11.1320940788222,-4.84431910578635,-0.214048857022951,-16.6505124537793,-11.6321533845729,-8.85658808866928,-3.69696523743891,-3.25524448519472,-2.89180811920339,-2.71905621853288,-1.5846734400209,11.309286523648,13.922992018712,11.0749900219393,7.31587521989848,7.19238887396344,14.2204140460904,15.7086577453419,-0.261043508537187,2.16028712729121,751.484284639958,607.877555477363,415.079521421113,218.517543203734,23.3658556053267,101.491418307375,147.170714857732,247.382864010708,206.57669740992,126.424544146067,65.2847025614561,28.5172015366008,-2.68297228358444,-1.76968573239832,-0.023175121133473656,-0.08173022491687114,0.15219738915868952,0.06777847941880973,-0.07971527385266591,-0.17665211133735698,-0.11907749187478692,-0.137467122512322,-0.03717517329757968,0.024537743774366724,-0.024384959619881796,0.16946896509101586,-0.15648085598551878,-0.08505207928282277,0.11484226567046553,-0.07228011002893839,-0.17548701104625022,-0.019208000593870008,0.14892700386338714,-0.0004422940901068392,-0.07122399355054353,0.1370763293589734,-0.007275087134036883,-0.19231393096247776,0.10205021464845701,-0.027016633089896287,0.16828653384450273,0.3563397335762171,-0.2537052568154619,0.8012894868691429,-0.5389075786764526,-0.13345418671850487,0.1472843992991795,0.05677085055579544,0.1077624466872236,-0.10333653680628832,-0.044989463727341895,-0.13755924101047942,0.08715125749119064,0.05320990074046911,0.1794558682632267,-0.058437777193491365,3.548095238095238,24.65497019826557
60,9.3962529833954,19.2204971855071,23.1338504933796,28.1500150632549,33.2082593586541,22.1605175575745,11.2803849400098,0.400862566830047,-9.07790756864936,-4.94486041642948,-1.70978817680164,-11.8134881543643,-8.58538136141597,-8.35392391051274,-4.80919894715292,-5.11190803568405,-5.90864449533812,-6.92327184495744,-6.97191518625424,4.73631609426601,9.88594426392229,8.56357635925796,5.82257617479183,5.50430082596051,8.77229683367954,9.16442229613219,-1.17408365204678,0.351027636508746,506.475087641547,415.079521421113,289.765751850549,157.337134746156,24.2493656727638,73.7663782928902,99.0966433480802,171.566584626354,144.688374362006,87.3887830587909,46.9944697112035,32.9894867736836,-1.94825265339354,-0.616691979424062,0.24861504098780493,0.04304981973818615,-0.1464217765122525,-0.07963244680818522,-0.012773249275379957,0.032028182495397815,0.05466245655480127,0.14013591184364443,0.05012616004228851,0.15329099806235,-0.2961408545447391,-0.28502945508060257,-0.004015154682411794,-0.03292171023559382,-0.02114359638039267,0.019445560865451905,0.11084047138073852,0.0059284205116488286,-0.06669858880619965,-0.07137796990382053,-0.0023294983341507628,0.06159405601855472,0.0609431746529596,0.08443856622678325,-0.13149466819638175,0.024893955540727684,0.017787677074115344,0.034581531431461296,-0.036550785405816084,-0.5383757643576251,1.1853399123859343,-0.6289784354850666,-0.0791238878958371,0.040179481425155004,0.06613307608990929,-0.027235767830216234,-0.06775582232107265,0.18983017375327593,-0.09136582091080288,-0.020192449755268498,-0.04338884149155861,0.06190957067372728,3.516269841269841,17.02221348269809
61,2.22515125707601,5.99775915585185,7.98600227793601,11.0070388205473,14.0449300083818,8.71781494180439,3.462349758234,-1.78311859578375,-5.90375263235467,-3.52797445132813,-2.5327362884912,-7.7546890795598,-5.45513445261731,-6.60513619800142,-4.10174891993541,-4.62722603409299,-6.19511937020683,-8.08899475094671,-8.43869441139178,2.09765124936405,10.0914366622076,10.9338239107666,9.74083132472009,8.17110833451184,6.22049471044195,4.42583698314125,-0.116031884013042,0.825108899704064,263.614299785235,218.517543203734,157.337134746156,91.9585073435505,23.4188791197412,46.9402423564477,53.2891746178074,101.414153866497,87.6356282724231,54.8640968141334,35.7137562840009,42.4274855932615,1.19276396660609,2.23746241499176,-0.019555806575292396,-0.0794646678428986,-0.09299360169615892,0.07365813338665504,0.048421431747749245,0.14806940009778938,0.09061793878836535,0.059038973405242424,0.12384362773294537,-0.0006103132636276203,0.24929868424490323,-0.1447913409629949,0.17290628851241346,0.3750541949849036,-0.013132048544615858,-0.13425068624433742,-0.0028239285862865777,0.02297228902799951,0.010487884754298127,0.025927704624105347,0.037652436042044234,-0.21441720589783436,-0.002196766965479575,0.07081782586877708,-0.005466557217496199,-0.17840689782515878,-0.15646092512888485,-0.14078317189255385,0.0828901148080292,-0.13521278738376777,-0.629069611278107,1.4006194146762103,-0.4533420540669302,-0.12318638526005764,-0.1624533425178447,0.1558550204722988,0.02218248477895846,-0.1787049633352532,0.09120110235542501,-0.04155631172848247,0.17265382120921327,0.0075729308208012415,3.0305555555555563,9.588978430654146
62,-5.9497268195508,-7.95649296072278,-7.43185744421412,-6.20711605167709,-4.67136162939112,-3.881566974702,-3.20282955666178,-2.52456873975967,-1.19554407925293,-0.385229753482576,-0.937492655818628,-2.27547717435962,-1.27790895419921,-3.75318480069242,-3.03526507023209,-5.26275914188613,-7.18541933774844,-9.30882124325687,-9.74850881921988,-1.42610895117934,7.77138198524316,11.649883288543,13.7715206099682,10.0892178373672,1.44738071770032,-3.75567109802396,-3.40599879276397,-3.783346157537,20.8105058839805,23.3658556053267,24.2493656727638,23.4188791197412,25.0260552362708,25.7305355831258,17.7243839099511,42.4385893262798,34.9051038866696,32.4134569400657,37.8892587889433,59.4309722329633,9.05865302657549,9.7489953362302,0.17802299678455932,0.022805938723164054,0.06940243922007454,-0.13094382408516753,0.03472777040821057,0.006190203640665831,0.019395666516013717,0.029527406455570497,0.0357177267886214,-0.059529987018599954,0.15134839189057395,0.18821522063848603,0.0026631161908600627,-0.14468049708300937,-0.14250348302434915,0.07752611420806349,0.055722751913173246,0.0254539854913155,-0.005128404211621331,-0.13056246862068013,0.0650354957875432,0.005648607453406204,0.11262212920017524,-0.2780348173644289,0.022856245523286484,0.30622625176402013,0.14345768219144595,-0.04890957275341159,0.04827242303216233,0.14871317445476806,-0.07955879356110372,-0.4553837461427662,0.9964513581347804,-0.12478973626023258,0.041036744110224926,-0.08979642232340847,0.036679592540392644,0.028294137273991434,-0.010691522871628618,-0.08259634327968993,-0.021503907529290885,-0.0982082372990077,1.7527777777777778,5.001605265939202
63,-7.64565751293817,-4.56950060254506,-2.69382005885908,0.276680633016658,3.32193001518052,2.46034556991191,1.46952589854227,0.474619127796318,0.0276581085456415,0.639049449874722,-0.0284962555178434,-5.50323267381975,-3.2121113390899,-3.21648513388083,-1.7893051789177,-3.83805946500887,-5.09304785145593,-6.62137320195021,-6.20367002047144,3.21010905092865,8.1781738994415,8.61033726705791,7.32615741536523,0.56428283985973,-1.74890210581268,-0.392339832222266,-4.93456989626103,-7.52961661782667,120.963298544848,101.491418307375,73.7663782928902,46.9402423564477,25.7305355831258,52.2845597860792,62.1136581707675,101.373407136655,67.3581876893046,53.6504551464723,46.6339724438952,54.3469176527137,13.7400517314391,13.3927114798819,0.14304708914481548,0.09291822715774523,0.020865812297820675,-0.000697164527174038,0.051319771300075416,-0.24597582760454959,-0.045406328653073674,0.036465735978165444,0.18690349647931143,-0.19320425987435833,-0.027792834744222058,0.08082256091903396,-0.11220369295882582,0.24992065758397813,0.29161089727693196,-0.14519255028947253,-0.20874486981787369,-0.09414437506481867,0.20252323828616806,-0.10568350260956201,0.06050544760632997,0.08974316938570956,-0.10335621395023872,0.011963824050877488,0.09031865914475393,0.054965853485399674,-0.03844291297460139,0.2145936737696928,-0.031235929431229117,0.05642285666698332,0.04091688544599391,-0.12182158837282553,-0.12514761988519335,0.8789677156778554,-0.10251204465084957,-0.2568403854682082,-0.04861446567478746,0.056632748821287326,-0.015888690176134555,-0.04765409094816571,-0.1440699590142193,0.273769786585663,1.815277777777778,7.230114783741624
64,-6.51420093387526,2.2615665177516,3.8125782456467,7.77828316875655,11.5670344333516,8.63439300852833,6.40454468651663,4.16768997496547,3.3365766897106,-1.85773072025403,26.541168418476,51.5037260541641,87.901117447913,121.060688118744,155.754383687157,119.609905798753,85.6057381516686,51.2623885093502,15.284158477653,-4.15356251516551,-8.13242294986235,-20.6076958276552,-24.3762657939158,-19.4259924792673,-7.39125680495222,5.44352693410599,-31.7217397521555,-35.9691610366912,172.760854560998,147.170714857732,99.0966433480802,53.2891746178074,17.7243839099511,62.1136581707675,408.689603461308,143.331657504354,81.877646628223,32.414378183315,0.0181145152441248,19.9267525436136,20.0288871884485,32.304818874999,0.09387762731786407,0.04493821089609816,-0.02999365817314492,-0.041398513061578386,-0.04452929602126432,-0.07925272706086502,-0.04401258670724261,-0.02617171377551502,-0.01946503886746442,0.05400723830286145,-0.06721283908536523,-0.05330843566503608,-0.10754690680755363,-0.22972274356635172,-0.18303169232291808,0.025096270068486876,-0.030623939245903797,-0.0636354355111411,0.037073712006326205,0.08930710977149733,-0.19924104388604985,0.2030852418325236,0.15978197657843166,-0.12808006430051377,-0.018481314428637808,0.03879290704755673,0.20437200007837275,0.040473787077405406,-0.07600943088373444,0.10721715561410904,0.06681708485589179,-0.16143245817731228,0.03970031674800601,-0.10249669547784862,0.318964801533768,-0.1466554323202124,-0.009481461090800268,0.020184240384363096,0.005705227207966718,0.007881288441657409,0.13327739266871574,-0.11562840680549487,5.8703174603174615,20.215825569620147
65,-10.4259796083811,-2.8699489775069,0.717458506078489,6.38097462521694,11.8744685713223,7.20691299121399,3.49327442584277,-0.247851776883603,-2.76101052415669,-2.79217276990351,-1.96574040075016,-7.25663515381332,-1.2220169306688,3.27899844096806,7.52997378653534,2.89399736731248,0.511139434166333,-2.15369107905505,2.96828439948317,24.225942108756,36.8285315363546,40.4110689341732,38.1011415450525,25.9368243444948,19.1644800177387,13.341155800003,3.18985958936291,0.570985160527369,312.095276958482,247.382864010708,171.566584626354,101.414153866497,42.4385893262798,101.373407136655,143.331657504354,247.920803725639,162.820849400845,105.677484128284,63.2074652981498,49.8082195560821,39.733085296182,32.8738224399194,-0.028949624613939975,-0.025205262946657085,0.021231140236324147,-0.012029169058536349,-0.04123393603777913,0.234662022467578,0.04913438164188214,-0.04270721389029295,-0.1676816544780026,0.08586613164536885,0.08750226456426481,0.029229416882114577,0.17575929072598437,0.006175183809653461,0.03215841003924045,-0.011481160002652768,0.07522577642629903,0.1074063264779346,-0.09218141081304812,-0.06242647025211735,0.12041146007767004,-0.2933472057283876,-0.03596126983582571,0.02433856021971173,0.11459640393009564,-0.08145656250489104,-0.11408958090815309,0.026966512048789592,0.011938579224011231,-0.10247619080506816,-0.027754459423472926,0.15406822309522497,-0.08870075185756436,-0.2566838318846754,-0.14631407494404733,0.3925286030753096,-0.049514994522142274,-0.0651455173023732,0.027312494338439006,0.052113805585508405,-0.12720809788402632,-0.03840183166778744,5.544464886964887,15.7451835087953
66,2.82193774181214,3.4355219862709,6.44562267850924,11.1203481437178,15.8868589234982,12.264312745653,9.81854080061312,7.34573127792938,5.7066216496523,5.88863343674516,7.51229651347835,-1.04473320127602,3.89444141827479,7.55268781149976,11.0365280092554,5.73362394214374,2.42163161606977,-1.08988485440264,2.23529016114701,20.1115741317308,35.8240127054746,42.5819765112251,47.1563627642682,32.5777953573944,21.0820740488012,13.5844306558875,8.85230953012543,11.3166103982819,266.277942375568,206.57669740992,144.688374362006,87.6356282724231,34.9051038866696,67.3581876893046,81.877646628223,162.820849400845,180.435085578423,160.443874157346,150.815880191144,160.73781340117,33.5244718382004,25.5475363330355,-0.06051904922397581,0.002043096117325826,0.012394835341511748,-0.017792071056729464,0.01784959146530947,0.011202063509726532,0.032030486278084316,0.13412582108268856,-0.22383898089297635,0.012007578465059345,0.04337929495715576,0.13966674570525509,0.03577470548613743,-0.06649419110159725,-0.17037735679351262,0.11342279988807816,0.0697774804257583,-0.0007870363826164295,-0.048887588846318046,0.030180033551558526,0.0016838932493938791,-0.000553027447477146,-0.06255311119128061,0.03283079729782691,-0.04488375197912885,0.0029274703984270975,-0.015083233888588312,-0.1514347574223999,0.029353632110895405,-0.04499681430833442,-0.06819808244823003,0.021940689640104896,0.03714349020836117,-0.0488465906481009,-0.00958617343193436,-0.049308520708731395,0.28023297087250065,-0.07467146090294646,0.017001597063502814,-0.04005275655335535,-0.015414227508201294,-0.026266121729683387,4.565051707551708,13.432240527120657
67,3.97870661771889,-0.135775818335216,3.69528811614996,10.0447260712156,16.5911960552174,17.3626549174547,19.7156943765662,22.0709510283448,9.61218028505489,23.5363829999371,34.595889495422,35.6562012843076,23.9016626435505,8.33446124921281,-4.85660471779527,-10.7850410081413,-13.038511576982,-15.3691323670343,-13.231492908876,10.8753068371047,32.9250463663242,35.5380969508406,35.7934920747304,17.5769308489202,5.11115366601713,1.36886901091962,-8.39850555429361,-15.6739409642745,142.807077847677,126.424544146067,87.3887830587909,54.8640968141334,32.4134569400657,53.6504551464723,32.414378183315,105.677484128284,160.443874157346,409.053598256532,477.212272930934,322.657792803561,77.9786725728737,44.6321690018768,0.08525979596801529,-0.187763677903836,0.01945298541592308,-0.00046356971248162295,0.06615087107624139,0.016114750774631842,-0.037597187154366905,-0.23640587995407134,0.32513306895454164,-0.05559866423760785,-0.09258099536435468,-0.1990954544689069,-0.17685959913741345,0.005304317101822095,0.09976045924032677,0.024954786542178448,0.002078516918398877,0.11206014229097254,-0.14827943366085702,0.07489814677845678,-0.03802748137650138,0.04792956591575485,0.03084416739776454,0.10733579415932326,-0.029232637365350853,-0.12327608669495178,-0.03187351857839853,-0.044927220107649095,-0.00039394354080036825,-0.13752710291537026,0.18969034651014008,-0.17975967039133173,0.02844326317203416,0.05704579955322573,0.019718213865265143,-0.06562670180426532,-0.0748153844838866,0.770489836268506,-0.41578642437080776,-0.07773662330420823,-0.7890587174589895,0.44944803135562117,9.046114718614719,20.224826284953156
68,0.619509992689589,-11.8041905104724,-6.96098589097146,0.664614503248501,8.57695574197802,13.0305450621141,19.1483415291849,25.2683386445684,20.3622689564234,30.8912810414225,35.76783401687,27.8543058648035,17.7324496806222,2.63704314014329,-8.73314578346726,-15.4208871337069,-17.8220075363158,-20.2582689577124,-19.787096910936,4.91714018289003,30.0181789176097,35.5628858747927,34.5162101561213,10.7585299388816,-7.29288703942485,-9.68324432521489,-20.575898137038,-32.4192359469527,51.6067097973101,65.2847025614561,46.9944697112035,35.7137562840009,37.8892587889433,46.6339724438952,0.0181145152441248,63.2074652981498,150.815880191144,477.212272930934,670.007970317417,382.6334927362,48.7314409343923,30.420515908677,-0.022728878700375352,0.14069789855255824,-0.013557177269576169,-0.005159416258518612,-0.04829383950845682,-0.008014887512726908,0.009408440574683768,0.09946133098377047,-0.17130837282572176,0.032518086269721656,0.040049598959535006,0.09577317973051175,0.07217077764664423,0.004242202030321854,-0.03481779158529598,-0.03454432555885157,-0.01937381526770748,-0.06483234528608257,0.10624185193867901,-0.05779292848923963,0.005757617306318425,-0.03089498229628292,-0.0006695078003377755,-0.07164809451010215,0.01819356906470192,0.0908231040578204,0.04409542184815865,0.0672688958784136,-0.014334192301874573,0.08695264200015047,-0.09087449091682386,0.09170074742469772,-0.010891049937958532,-0.015989451504520295,0.005996940092827704,0.02751452479966375,0.01701605477201133,-0.4155622018332915,0.2849630697662524,0.02551363025454113,0.4443608954726805,-0.23365614187085157,10.722177729677728,25.884319004320297
69,11.9456520980819,-4.06273157456818,-0.306163334666297,5.21451281741831,11.1348476124946,15.3459386239774,20.543004259865,25.7463777496763,22.567704834491,31.4067071363163,37.3218215402386,24.4454995920923,18.8688062593658,9.92831803076001,3.64502734061517,-3.13105287007216,-6.9180133255221,-10.6173201599014,-11.8348964889497,4.19286368068791,26.5227777793733,34.8035606140019,43.7587027797011,16.2725859485962,-8.73600406485469,-7.42122003045164,-12.1313684566656,-17.3515144019958,20.0053606980903,28.5172015366008,32.9894867736836,42.4274855932615,59.4309722329633,54.3469176527137,19.9267525436136,49.8082195560821,160.73781340117,322.657792803561,382.6334927362,512.707750018694,58.4019554288919,46.3116597386362,-0.1464304386051857,0.05580764626427508,0.04898277981794304,0.008026028713010828,-0.024234719572633893,0.01020447932220517,-0.030828923315670213,-0.06737415936893747,-0.08954276495479994,0.008491714504388004,-0.05642276340703747,0.04080004542262675,-0.014928528045117677,-0.04593752268489188,0.057386987519172525,-0.01423351345988199,-0.03171294010442988,-0.0035196972623334397,0.010501014482551169,0.06395216379943819,-0.02102511050562997,-0.012306904606708911,-0.06218648624861901,0.036544109865217486,0.07077441134789218,-0.029426606123417604,-0.013756516587366454,0.03433628202646264,-0.013589586625103565,0.05303866376644455,-0.019906103054105576,-0.041493527719355494,-0.08281118181215821,-0.047383202731015615,0.007996266214694821,0.05194673558744684,-0.040125821260454865,-0.07751447344849186,0.025418294732343052,0.11675310538771849,0.05766480352236496,-0.09443267424304401,7.196574074074074,22.642829991383447
70,-2.14284318801336,-1.87933291204283,-1.92292196432979,-1.47106340501648,-0.452231093084912,0.376574100705531,1.42536308354869,2.47201085041388,-2.53044282407514,3.03064967389913,9.05393857689329,16.322767573638,12.2251687114901,6.94541171313939,2.66763764631764,-0.523010644705942,-2.47111860513075,-4.26039803367312,-3.65249828442253,5.02092423675031,13.0017312487373,13.2734887334142,15.4855329995752,12.9560796504822,8.56265374608261,2.74115101470615,1.53437951980369,0.758638964510367,0.220508088926646,-2.68297228358444,-1.94825265339354,1.19276396660609,9.05865302657549,13.7400517314391,20.0288871884485,39.733085296182,33.5244718382004,77.9786725728737,48.7314409343923,58.4019554288919,43.7060607867454,27.0839825672374,0.08237594411914953,-0.036880437499082756,-0.13230157893214944,0.0026253922782185834,0.038740253280982476,-0.007797984008700503,0.010457961596863964,0.03142083755724851,0.24268444224973684,0.0972321923123176,-0.2658213644186167,-0.2113166590731358,-0.17484008266106085,0.10689924023280523,0.013123233564427843,-0.08353829075499081,0.0029554370339462555,0.03213837059730698,0.0880222382056818,-0.1050406369284851,-0.005295054806216811,0.2074054454666225,0.041404365772860406,-0.023270989265727914,-0.37768573990664683,0.16104855265639356,0.015503836728834864,-0.02647361453314688,-0.03249079511325998,0.17662708758146017,-0.042590824709869156,0.17582714664422494,-0.02056589383585936,-0.14519529896140748,0.13264007621563434,-0.12613227642157648,-0.015257765284308429,-0.7878111432927817,0.443611104971987,0.057669594330618426,2.089687795620393,-1.3868352377256925,2.4876370851370853,6.610299598864293
71,-2.16602519531559,-3.21014087776688,-3.19300420623538,-2.72687222935262,-1.62231495935067,-0.719525177091212,0.188905383864306,1.09546780062839,-0.743130770769751,1.92353073742193,5.99304179817964,10.0589131140167,10.0997117123348,8.92374753061049,9.08091420689958,5.65288061017218,3.30147511709679,1.15969920839118,0.362804696582105,4.55462813785689,8.75353497295203,8.23824620053644,9.58450364873265,6.95890885095888,3.72051861618764,0.506479230815597,-1.59866917454932,-2.30244574658433,0.622438581956331,-1.76968573239832,-0.616691979424062,2.23746241499176,9.7489953362302,13.3927114798819,32.304818874999,32.8738224399194,25.5475363330355,44.6321690018768,30.420515908677,46.3116597386362,27.0839825672374,20.6270329174143,0.02895775865288579,0.14790149960526383,0.007201348187478853,0.10453411630648479,-0.0669015492789338,-0.16071174898541238,-0.027525095418998346,0.04258071821390818,0.08289099910385293,0.03543466069067087,0.050872391841079036,0.007340551061120511,0.21360277764655886,0.061635860720939906,-0.026240491614291258,-0.013994510566188306,0.020602553108890986,-0.13604492142950525,0.11872180275709714,-0.1365530242867967,-0.05769535564026202,0.04179384453119929,-0.08583475080485306,0.015229410560630024,0.173887069662257,-0.047027027766698495,0.037505869049133736,0.14339006703378013,-0.02957813978403634,-0.059983391210429816,0.06352272899419967,0.008334528712245728,-0.09930866516336248,0.27275867875850957,-0.11536428817901788,-0.03830691136015779,-0.025707507250794983,0.44953523914861493,-0.23375176385620214,-0.09519185987132535,-1.3870038458654077,1.6245739865356006,1.9909752284752285,4.540598299499124
