,Cov_0,Cov_1,Cov_3,Cov_4,Cov_5,Cov_6,Cov_7,Cov_8,Cov_9,Cov_10,Cov_11,Cov_12,Cov_14,Cov_15,Cov_17,Cov_38,Cov_39,Cov_40,Cov_41,Cov_42,Cov_43,Cov_46,Cov_47,Cov_48,Cov_49,Cov_51,Cov_52,Cov_53,Cov_54,Cov_55,Cov_58,Cov_59,Cov_60,Cov_61,Cov_62,Cov_63,Cov_64,Cov_65,Cov_66,Cov_67,Cov_68,Cov_69,Cov_70,Cov_71,C_0,C_1,C_3,C_4,C_5,C_6,C_7,C_8,C_9,C_10,C_11,C_12,C_14,C_15,C_17,C_38,C_39,C_40,C_41,C_42,C_43,C_46,C_47,C_48,C_49,C_51,C_52,C_53,C_54,C_55,C_58,C_59,C_60,C_61,C_62,C_63,C_64,C_65,C_66,C_67,C_68,C_69,C_70,C_71,Mean,Std
0,60.1426195689004,58.6969211922177,27.5443120725723,11.964714482401,-1.55434834409077,0.677154481468298,2.75573209712326,6.99885414125929,1.42697862060217,-4.03483020454611,-5.3452709119232,1.02118118917162,2.85804121552483,3.24969193852455,3.21737199318149,3.28263510379612,2.98719438138478,2.39018790762028,1.80214033639595,4.7745840280349,2.73270192593777,0.971058529670131,-0.977938182944212,4.279955167385,4.73806513173672,8.16065797286007,7.21823531780696,6.69831687802275,8.96579569947273,11.8088627784278,16.3191603378236,18.4273434696356,19.4802245669263,21.7063890104604,13.4700247831767,1.77911936534648,-0.596243871991592,-3.92763084191004,2.00315955498302,-1.88069863507536,-4.90427152887751,-8.02990471313289,-7.43855190875629,-2.5561395220801,0.742454667453312,-0.6346035862480627,-0.10100554882283806,0.2437843598194927,-0.01962929412345298,0.07182397307317682,0.008478408383675598,0.12683968423766842,-0.17866897240541274,-0.02115022967573494,0.02381314860954413,0.06586594371238122,-0.03521167935944468,-0.039743918924350814,-0.17148798426753734,0.02686083554712512,0.14325365945740764,0.10667357420126036,0.14724863092650697,-0.062420180843728905,-0.07238176558814552,-0.05702230988740777,-0.03277157477477994,0.0006390370310046299,0.2822784795203321,-0.08575637247253759,-0.035442936893857725,-0.1847733121262243,0.07016017324742173,0.0044576507387788615,0.00046735752819534174,-0.02287781021844073,0.11650242584120625,0.0028422364516939584,-0.16891236140143925,-0.017674997756534794,0.0033373009084664497,0.09333698015283852,0.021606768505675417,-0.05914137419431968,0.008072803228259701,-0.0540518755786836,0.3279753989893115,-0.20812674275325668,0.9126984126984127,7.754522523592305
1,58.6969211922177,63.4187967784815,31.0175575482876,15.9653169499101,2.07407455326548,3.45934248427144,4.90564262676453,8.35692499978255,-0.727540409307904,-6.17500319471865,-7.05400359533771,-7.38653508959019,-3.26195192255703,-0.361175531372147,1.7635429753881,3.7418781851139,5.37703252452795,4.38894239700191,3.40725437393388,5.79098533174033,2.78274258768858,0.199800873456425,-2.51777116240694,2.48832948052005,3.52892092950749,8.44089387618777,7.33332254529468,5.89509890833777,9.30993709938679,12.8301655742819,17.4185176803084,20.3723243756041,20.8946326598838,21.6312592715437,10.6727816023727,-1.74304486651208,-3.62332993783874,-2.28675639743216,2.5619323089689,0.042588003736985,-3.19501992046418,-7.11072008801424,-8.02115618594497,-4.05999933179042,-0.6346035862480062,0.8806548262290241,-0.13744159329466296,-0.2743391502490467,0.14221327168381456,-0.04659502418940851,-0.07252699330982573,-0.13890111888951442,0.18797493934193432,0.05504783242387139,-0.023715205560757787,-0.06014855057140552,0.1442399304128179,-0.05595502680585846,0.10744875506869853,-0.012189657292133801,-0.11274196080276701,-0.1123467706421928,-0.16640188870961697,-0.07290260353146459,0.08349696920440997,0.09422253254788815,0.21164305704027495,-0.13851384142339818,-0.3662924891297588,0.09392579946260596,0.11533692431397406,0.12347657014976382,-0.016283686534521478,-0.05545741838406604,-0.000367996147058032,0.029418925771612113,-0.21364261580795177,0.060986680832659367,0.14887239346016154,0.1308306381286621,-0.12038461244939881,0.003769711525983508,-0.12488787225486087,0.09886498731635404,-0.12151157096306615,0.1226170131805365,-0.2596914751826807,0.17639553208646724,1.5385714285714285,7.962964069897685
3,27.5443120725723,31.0175575482876,33.8084552870957,27.2120431773925,19.986100820925,18.3797227629186,15.3424144072075,12.2473134297995,5.38819801998404,2.91001842582013,0.0283201499705712,-5.51166800444441,-3.2593780278743,-2.75736585024014,-2.16534185208427,-2.77268487775744,-3.367003059789,-5.35301602572122,-7.33891668894557,-4.71654200086772,-2.69132570941083,-0.364686312707401,1.90168810875667,6.48392986794401,6.16930998939015,8.70699292590424,8.0579552687874,6.53654658543013,9.78553827168664,11.6224158302783,12.95993772816,14.445996704453,15.2783725474708,18.3085650852625,15.2618527834257,8.72499056423506,2.03906284456379,-1.87174296328395,-4.44005714618915,3.07211858512003,0.670263477692208,-0.890389694325902,-1.56105852518415,2.16579524893743,-0.10100554882279283,-0.13744159329466799,1.1796863684471781,-1.0952466665920206,0.3683751273704413,-0.04487233299779332,-0.01895874024943348,0.059307263840925765,-0.08852086360219877,0.025181492196588013,-0.10687110914830605,0.16681132556079203,-0.18734097750055376,0.04653063694007285,0.046984062857919374,-0.020798133090401665,-0.13935128930557225,-0.0036299168881046046,0.08511738243408337,0.1872782041118641,-0.0381505418366685,0.0033717394103198756,-0.06181564082590311,-0.04539967713450529,0.136875987188724,-0.18973826603625124,-0.07019099124581464,0.006988098115678436,-0.15500536442275709,0.11220531445188793,0.12966380317559806,-0.08665352691791167,0.15537819221112636,-0.3616199447891903,0.13819127773684448,-0.07957273052654196,0.08481704606929684,0.035863700606880225,0.04996253758631052,-0.07086249226910746,0.1408826504344121,-0.042030915558801174,-0.048038918751565435,-0.025336539198716593,-0.21603174603174616,5.813643890633109
4,11.964714482401,15.9653169499101,27.2120431773925,28.7299859726458,28.241129015598,25.2689299509331,20.0895478107146,13.8743136446354,6.88335406042092,5.42974062339363,2.05821183349592,-1.49162371288222,0.0105118156762934,-0.368517027934271,-0.379249042562966,-2.17288190149982,-3.76214194410466,-5.92012830920309,-8.08352312570045,-5.24150079535037,-3.35854089372258,-0.96571171930236,1.37691873019756,5.2521686776276,5.22928589286874,7.28327761427531,6.51175227619175,5.38372415689676,8.12700532717468,8.91085787628799,8.22946360190802,8.47575689927449,8.78377942844194,9.90949646397174,12.5341991804181,11.1885841599225,3.82144505639615,1.53214803388171,-3.8400249318445,6.98662294427577,1.81790863465867,-2.0577458062313,-2.31945261940089,1.88018426506209,0.24378435981956412,-0.27433915024934163,-1.0952466665919158,2.4546986874193313,-1.141698145811781,-0.19255452555867097,0.1585463511793804,-0.04410876460394788,0.03715199305384163,-0.07985327752751328,0.0823374609317358,-0.21803416762377203,0.1020235255673047,0.08662574227103707,0.13154667896896347,-0.03407810414660601,-0.029081681414983303,0.01599518182342409,0.08024907365730613,0.1033434346813801,-0.10959896971469855,-0.003296352913585067,0.020815412343867135,0.044562920691107955,0.2649533988125382,-0.16753903946510654,-0.09896432658466238,0.1644460223087564,0.07982335255777602,-0.0075923242175413306,0.010241096343738322,0.07816561247103856,-0.10426488658043587,-0.010425110393035626,0.056459161070950004,-0.21900171609119276,0.09855937970177078,0.07279907804348858,0.01874361699163827,-0.04298058258750704,-0.08561329500164919,0.022763684679394217,0.13625789153441661,-0.1003549629804567,-0.5349603174603175,5.3591030940490185
5,-1.55434834409077,2.07407455326548,19.986100820925,28.241129015598,34.9842421938124,31.1760576260555,24.2289496017232,15.0991385852024,8.67511448757788,8.33069104362995,4.67899917815574,4.02433774419172,4.74421078036787,3.38300582343757,2.60974756794608,-0.60163815061591,-3.40109315360356,-5.69534579900557,-7.99933695152086,-4.38616421865019,-2.33150682775871,0.384538449356299,3.05675454537767,6.6624529259026,6.84515150244583,8.05709766136552,7.64519418481985,7.0560540464844,8.51632747489835,7.4178490157729,3.78708655378463,1.93580589724633,1.34834406062434,0.747965606873263,8.71227918240632,11.7007693455968,4.59975681854693,4.41854554084439,-2.36793900073382,10.7043000325009,4.20695963864394,-0.566143954313747,-0.660735774498105,3.6986845199315,-0.019629294123542425,0.14221327168405518,0.36837512737051414,-1.141698145811891,1.9250964138834932,-1.0294204345252564,-0.19452693004811744,0.22478354411023455,0.34010202694681474,-0.2005926051041262,-0.03740349324413254,0.16921508366818377,0.23991383034723046,-0.19685399511264007,-0.43720571996571606,-0.13387266603206638,0.24255682309844576,0.04164675945218608,-0.05744151725290443,0.09662009705544562,0.018803343723844897,0.02264399923082937,0.08568809259076286,0.040218556504040895,-0.0159351789050972,-0.15267987875363434,0.055367329070360294,-0.007257793822699902,-0.042953367550386125,-0.41431762782291987,0.039481588432332994,0.0018057343901970798,0.0992522317726798,0.21446113731561717,-0.18297399193663327,-0.06547601431302111,0.0811343617305821,0.0500651355594712,0.01769042703029894,-0.021669277442673576,-0.015986831934815076,0.057706752124324044,0.08736954821210172,-0.046021882798704596,-1.1994444444444445,5.9139024504816105
6,0.677154481468298,3.45934248427144,18.3797227629186,25.2689299509331,31.1760576260555,33.886268324667,32.6885938339831,28.4978437058288,21.4206720451979,19.9727585573301,5.52988371774949,6.57609903566542,6.44036491704696,3.68982348601127,1.79130997390995,-1.70176243281175,-4.65748188038579,-4.77017154516682,-4.89892784279107,-0.197307213533285,1.38254442220816,3.8375871227432,6.21173215589778,9.57921399626947,8.06893216322643,6.94504915452,7.04015969560276,5.41143669487376,7.67782315419632,7.24731223594877,6.42467823534833,5.21663490396162,5.50494012154526,4.46995494829127,10.1741474423077,10.6356928419578,3.36997138983174,3.68841591505134,-5.73353948475278,5.7661360474339,-0.844329893954328,-4.03728477387058,-3.15489096208988,2.14862391870778,0.07182397307323478,-0.04659502418952677,-0.04487233299806065,-0.19255452555837554,-1.0294204345255993,2.074409434788682,-0.8503058455041392,-0.04960409417645096,-0.10594574701246963,0.09076128837294808,0.08372112723250685,0.14734106942645608,-0.3504510830055084,-0.01996748095086389,0.2794879541111729,-0.02310055421676297,-0.19314365408882359,0.04691576909993757,0.2797939428182119,-0.21359570696617752,-0.06263219695199405,-0.11745399911591921,-0.20415304248762425,0.09719162038175473,-0.13832435287513709,0.17157908652564088,0.049616902053240305,-0.21813687887064667,0.027403960967627497,0.33329747555904476,-0.04699050102495423,0.05875446652636971,-0.15915068090181486,0.1418473378502625,-0.13186756860187213,0.27111554282723416,-0.34233346855104063,-0.00011170300184188576,0.03093412594705855,0.010376752194979582,0.02436633409030675,-0.056488605461800685,-0.0008570781015808378,0.11577904952851477,-1.4040079365079363,5.82033232081013
7,2.75573209712326,4.90564262676453,15.3424144072075,20.0895478107146,24.2289496017232,32.6885938339831,42.358977695676,47.7312608993396,36.5900335542243,34.1032249797752,7.91277906075345,9.84356717825573,7.0001862743957,2.75774465439064,-0.460675599789032,-4.51372318913279,-7.87008668690369,-3.91725417614298,0.0277138613370507,2.91624923546988,3.4932177814581,5.09115269672749,6.59333022955631,9.13438991005668,8.28850399290535,6.69333004486766,7.79715437580874,5.21796296599986,9.40915130979659,11.0083690602929,14.2133713505902,15.0280759910925,14.4873272712226,10.5500702931049,10.9330966833463,5.46070933155465,-4.79359435203924,0.470184366213548,-11.4279769456178,-1.10004085990921,-7.937926593422,-10.2386659886907,-7.34399437642969,-0.315682731268369,0.008478408383740574,-0.07252699330982902,-0.01895874024923724,0.1585463511792325,-0.19452693004790453,-0.850305845504184,1.6701520456740837,-0.47584237058579615,-0.13588721513459479,-0.08045285852741735,0.006445698672228004,-0.04504478996180391,-0.010859564470375286,0.008250037482598241,-0.16026682822527843,0.49597314625517597,0.08950092536408255,0.0013361998029135717,-0.11749331459909232,-0.22154562129789374,0.11591138091835838,0.11326540664992152,0.2334538878868662,-0.47718411324189036,0.19803834300229153,0.24444399871351957,-0.07561166462245993,-0.059298866339412074,-0.007300046573831317,0.10149744160929361,-0.17526419892026238,-0.05562318502475756,0.09706869145978228,-0.09281859579597913,0.16803531601236255,-0.1723021004204006,0.2991881529121926,-0.31038401241858116,0.14564247049787873,0.02987866581127264,-0.017805767617254293,-0.07467404059758874,0.016288077579814316,-0.030675230018846988,-2.0969047619047623,6.507609215040189
8,6.99885414125929,8.35692499978255,12.2473134297995,13.8743136446354,15.0991385852024,28.4978437058288,47.7312608993396,74.5349966458806,55.6992397077246,47.4600741174625,11.3661791245615,17.024187279327,12.7346744972454,7.99846808022846,4.37043617947046,0.251313980774485,-6.22222783923559,-0.300020915205757,5.60643199894405,5.33968135823325,3.81105428694283,3.34562186512636,2.78259253230636,3.02607989801659,9.69955361220022,13.9911932128979,13.6869600073368,7.32785243968431,10.9482123084271,11.941247140499,16.2575670421343,16.5543800223268,13.4557442339378,3.91101987239747,3.24031565718127,-4.06161532560194,-12.6513073381569,-3.28469130362398,-14.1901638442892,-3.25114489689475,-11.0615120415641,-13.1251601593976,-7.48131011564407,1.74417554552572,0.12683968423770692,-0.1389011188895781,0.05930726384086219,-0.04410876460390978,0.22478354411022747,-0.04960409417646215,-0.4758423705858915,0.8070464035499509,-0.6258498517366348,0.1681307765811752,-0.09029354486157497,-0.04607440525112048,0.19326576462148506,0.0175672298452737,-0.0974252294532014,-0.34538813553570347,0.16329832306628586,0.035645720472912125,-0.007051451639441867,0.024745016497662368,0.12217221732472065,0.017140541009255265,-0.1473105646524338,0.27056933435744446,-0.07306113610389917,-0.1594961157491589,0.0212449580248806,-0.016429431368153388,0.04112071855676836,0.018667599742511885,-0.1051122456893595,-0.15217242791200875,0.12887128020276645,-0.0007785053111718438,-0.09267253203620217,0.09393536459824849,-0.005631016579611076,0.05999367671149086,0.01977297938481283,-0.10265493339512426,-0.031261211273974146,0.13409762855577745,-0.038140980993463185,-0.019446862464925926,-3.570753968253968,8.632786146191771
9,1.42697862060217,-0.727540409307904,5.38819801998404,6.88335406042092,8.67511448757788,21.4206720451979,36.5900335542243,55.6992397077246,51.8427579951521,51.2875647677975,13.8864429506101,13.6069516950948,9.93989082514693,5.06532628134286,1.4222824545297,-1.78034701645882,-6.2375202220424,0.29997207115317,6.83852037260186,6.6300119499785,6.16496750093798,6.16789541288932,6.09260796450596,6.68686999009362,8.6935979195804,10.5652838400649,9.90879608524631,1.78905619649545,1.67665196695367,-0.506474167789945,-0.227324513147048,-2.54927290586513,-4.20974432747329,-10.2659234612386,-7.85914548151813,-7.83728987711409,-9.95649821302047,-7.20570378866321,-12.7623306628029,-9.56315495481248,-14.1207363314426,-11.9787109815859,-7.40743021186122,-1.80668193246126,-0.17866897240544663,0.1879749393419689,-0.08852086360220725,0.03715199305405514,0.3401020269465882,-0.10594574701232964,-0.13588721513443608,-0.6258498517365709,1.6993856605523696,-0.9214992917352152,0.28745413126053254,0.08736413590923585,-0.047012625590682595,-0.056900156172010656,0.010615340415962194,-0.11526565988289082,-0.0977489843894501,0.005271545415725814,0.14044567413887668,0.16431737214450262,-0.2361956267676744,-0.0949587903699151,-0.029961486857838282,0.1810460074329746,-0.048174878533216274,0.07847031070279233,-0.08023969898222284,-0.02288040331658247,-0.20011350423502797,-0.016568721901747956,0.028601537902146822,0.285122788218082,-0.2318674878516167,0.2066102748623537,-0.012044208780700836,-0.21536467972335196,-0.04715641359426848,0.04870952553948955,0.13971446619340275,0.030794879655883726,0.029101869675828583,-0.07786160761280676,0.12678990931077014,0.0016359730285627303,0.05666666666666667,7.199497065431173
10,-4.03483020454611,-6.17500319471865,2.91001842582013,5.42974062339363,8.33069104362995,19.9727585573301,34.1032249797752,47.4600741174625,51.2875647677975,61.9235788127931,23.1723028984224,18.9186486035344,14.5362881232674,7.61090595865094,1.83338837598621,-3.23631595006403,-8.19139359999436,0.297285519292855,8.78750479541967,8.67465651828297,8.47009350348184,8.91159349254832,9.32090543111161,10.0377036821554,9.71566900508439,10.3048374941438,8.83215313063968,-2.64936147150387,-3.24004470883682,-5.75725987027326,-7.24996317693447,-9.32061348960375,-10.362599133744,-14.605013262267,-11.6856808888243,-10.2193809110999,-10.7215371483915,-6.19743092517864,-7.23288178660368,-9.68869519387551,-14.1146146319279,-10.7128161471548,-6.90610469989835,-5.15711713132458,-0.0211502296757215,0.05504783242384253,0.025181492196577865,-0.07985327752754347,-0.20059260510415064,0.09076128837297438,-0.08045285852756662,0.16813077658115558,-0.9214992917353139,1.027576675800196,-0.3740198766453333,0.011318373753403948,-0.16089424216569423,-0.010398196726248001,0.22956357797180846,0.17100672142517234,0.022396186462994613,-0.06489621595590589,-0.27102197778450693,0.011836427989961977,0.12518176544402237,0.014641362004343779,0.0051668878601882655,-0.1895577631020306,-0.0017363545279756802,-0.07351101591581813,0.0592699208785108,0.2102155396442932,0.17075142161157308,-0.14021378366605047,0.12962667956388538,-0.09871431345634019,0.058372378750217335,-0.1075208450632288,0.00820812630288988,0.23235088502909917,-0.011554605899232231,-0.020209431467142804,-0.22606980117624026,0.022326986716235238,0.18157435340359504,-0.08703297697913984,-0.014591836398171739,-0.06640494963937049,2.2444408369408366,7.868518209472044
11,-5.3452709119232,-7.05400359533771,0.0283201499705712,2.05821183349592,4.67899917815574,5.52988371774949,7.91277906075345,11.3661791245615,13.8864429506101,23.1723028984224,26.1869269682731,23.8559939037349,19.6667500195717,13.7080793368392,8.44067637953973,3.35687953402154,-2.02049241888929,0.915558436467225,3.84822930441971,4.07752702990784,3.02087887791041,2.51863799674819,2.08054011065579,2.11815625228874,4.23623771978137,5.02439263544768,4.28315238351922,1.03770174775961,1.25292517499928,-0.52241415828774,-3.63098295599563,-4.24631395282616,-3.15025140993728,-2.57142603639359,5.90924007651263,8.46202874817887,6.06370699525389,2.91917063716775,2.64461750853026,4.46133523446523,2.97896974315912,3.54208688493858,5.27312307148425,1.15805558523759,0.023813148609508554,-0.023715205560713548,-0.10687110914832962,0.08233746093181428,-0.037403493244197616,0.08372112723251349,0.006445698672242268,-0.09029354486154552,0.2874541312605188,-0.3740198766453092,0.5373491108635626,-0.0942808789239522,0.023378895123310636,0.0833473189439213,-0.12359053279848135,-0.03162241962228061,0.02350323677966773,0.027234067643229325,0.07049985451753453,-0.08291563362074104,-0.029935312566519923,0.011500975707035378,0.01604841385455071,0.07909182705598236,0.030222577950666248,0.15464411255755053,-0.14786339772851811,-0.010672054295260738,-0.09131571504825708,-0.022862653624596326,0.11966385616868905,0.016545599347213356,-0.04311830039994937,0.16122682107308026,-0.16202017460940776,-0.10795888919756848,0.05960160001091235,0.012330656434610223,0.06494144571758244,0.006230506575073474,-0.04509773565801997,0.033086083818631574,-0.272406043042766,0.23319957920300693,2.26007215007215,5.1163392155205205
12,1.02118118917162,-7.38653508959019,-5.51166800444441,-1.49162371288222,4.02433774419172,6.57609903566542,9.84356717825573,17.024187279327,13.6069516950948,18.9186486035344,23.8559939037349,115.33287283814,94.7033108169083,71.3732071591737,48.5856712509791,25.9814693015152,2.33887322871024,5.12011651544338,7.88069085541174,11.1576747199422,11.5719484058164,12.6938569686505,13.8142544524435,15.8110187249483,20.318874944083,26.2420090179813,22.7375840799529,18.5204539947674,16.6985038929731,14.5016131303568,12.0294735697766,10.8020564298983,8.83811610749495,2.34539683004985,6.83911032022103,8.68385378709284,4.85499710696022,13.4650268174734,17.6084415545398,21.4281257824648,11.0397297646191,2.47352096376871,8.85240829629049,11.462351489496,0.06586594371233803,-0.06014855057137467,0.16681132556079842,-0.21803416762402758,0.16921508366820986,0.14734106942655265,-0.04504478996185833,-0.046074405251249444,0.08736413590922042,0.011318373753391698,-0.09428087892394052,1.2922203952066253,-1.2884511441952617,-0.44519019385615133,0.17113935771981703,0.1546936283904219,0.23924555557752744,0.05714249565017032,-0.08215099435422316,0.12090022554200812,-0.033157649142235845,0.01111465464817423,0.06862073085851547,-0.13252352652305044,-0.003198159928678172,0.08798841086738286,-0.07905785262161626,-0.22438715624489056,-0.028948895232874458,0.041329204202359034,-0.039944316301133084,0.08925596334149834,-0.0026789325354992705,-0.018614701908583667,0.04855933706210284,-0.047811508288254964,0.060642240891980566,-0.17343749392242064,0.2365976815048552,0.0784706174424409,-0.12709276870652353,0.12746874806742,0.10901142519579188,-0.021208096376248438,3.829208754208755,10.738848766890216
14,2.85804121552483,-3.26195192255703,-3.2593780278743,0.0105118156762934,4.74421078036787,6.44036491704696,7.0001862743957,12.7346744972454,9.93989082514693,14.5362881232674,19.6667500195717,94.7033108169083,81.3282739880172,63.3898011486931,45.4914393632187,26.9398387132161,7.02816451691678,7.32211025822832,7.59822772231873,12.0525284053089,11.175270927599,10.7721961639779,10.3645153406613,11.1848909095847,15.3556748881388,21.9682699359799,17.950757453794,13.2928238491478,12.1453635350527,11.1120424028779,10.021544444813,9.87323073854781,8.38484133313923,2.756099424748,7.93203772917016,10.5938813018598,8.88487891968546,17.1841942501557,20.4844387288607,21.1341782930237,13.7375466227106,8.09777855179791,13.1265086945516,15.6327516108099,-0.03521167935937082,0.14423993041293812,-0.18734097750040937,0.1020235255673415,0.23991383034758654,-0.350451083005454,-0.010859564470284029,0.19326576462174197,-0.04701262559048468,-0.16089424216570053,0.023378895123306816,-1.288451144195052,2.8386241424213106,-1.3084287857067938,-0.23363263048078428,-0.0926897428492997,-0.01130029529203348,0.06358766434944575,0.3121887697153224,-0.37757985472220174,-0.050138350056928314,-0.0029268677769681076,0.06554436456435245,0.13098711714949776,-0.041424485615241875,-0.15746544507533194,0.13362182187880275,0.01429279423841757,-0.01022636050564758,0.014252498393758212,-0.03983201408759167,-0.17630210450912262,0.0720553477440183,-0.0036295919070095124,2.4305793104284976e-05,0.016049124003088472,-0.12354625111114367,0.21810409736295938,-0.19765161066543638,-0.21041165066789624,0.16993739326132956,-0.03364357045335751,-0.02207105617705335,0.02154398303957665,3.1683453583453587,9.01766455286607
15,3.24969193852455,-0.361175531372147,-2.75736585024014,-0.368517027934271,3.38300582343757,3.68982348601127,2.75774465439064,7.99846808022846,5.06532628134286,7.61090595865094,13.7080793368392,71.3732071591737,63.3898011486931,51.6707444855115,39.3359143034603,25.436737649261,9.92466367395406,8.27495083433707,6.62347378995687,9.96756858257128,8.62398696576475,7.47843575310374,6.34456228226494,6.32018903600658,10.131479590032,17.1244674700049,13.4273010438378,9.46968110492593,7.91943040952826,6.8987716515906,5.92312132448033,5.75273166354503,3.98897259651274,-1.73203339015626,2.6309380414842,6.39660106695783,7.24727801048048,15.1805115696062,18.5815632453398,18.1004560885115,14.4646706321792,11.4343314194941,15.1159680866151,17.397605538765,-0.039743918924493915,-0.05595502680596306,0.04653063693976713,0.08662574227148204,-0.1968539951134724,-0.01996748095078218,0.008250037482481445,0.017567229845035753,-0.05690015617225646,-0.010398196726254213,0.08334731894397875,-0.4451901938563724,-1.3084287857066412,3.579962655125582,-1.3160099047576144,-0.40446238466225976,-0.019599600691663513,-0.06662488910921568,-0.30052139455086746,0.2914356965130784,0.07186988859386878,-0.0015517301486878872,-0.11196516449420278,-0.004677251329152855,-0.010962530043932424,-0.05586388374952055,0.10164555648886446,0.05457042104642746,0.038919492444628605,0.050984094354782614,0.09065670686161902,-0.046444491870799486,-0.1743970304745993,0.04859559542394469,0.016631367874633686,-0.015471908459515146,-0.0028572281818215247,0.10076584800554216,-0.2098752824276918,-0.0019260502233257684,-0.034075953229206625,-0.047765398835486285,-0.13756336008302125,-0.016663435087263465,2.146926406926407,7.187540920614747
17,3.21737199318149,1.7635429753881,-2.16534185208427,-0.379249042562966,2.60974756794608,1.79130997390995,-0.460675599789032,4.37043617947046,1.4222824545297,1.83338837598621,8.44067637953973,48.5856712509791,45.4914393632187,39.3359143034603,32.6945054816511,23.4088557117353,12.2958654005189,8.97386647434572,5.65751527457148,8.18302264464169,6.12041936907667,3.96890751148626,1.84969325136086,1.11187494140366,4.521061918025,11.6976449486509,8.54550503509458,5.43706674587892,3.77411254590796,2.80542714231768,1.91866153679061,1.77297082796524,-0.0979895877041147,-5.99505178576477,-2.6342119839062,1.78098168451668,4.81989804955255,11.4099859976465,14.3558029704467,12.416580387062,11.8320272400739,11.3978190727374,13.90138010904,16.0586207778671,-0.1714879842676628,0.10744875506876314,0.04698406285786526,0.13154667896885247,-0.43720571996542307,0.27948795411100963,-0.16026682822509075,-0.0974252294531246,0.010615340416119534,0.2295635779717197,-0.12359053279851204,0.17113935771969563,-0.2336326304807353,-1.316009904757305,2.71800013950295,-1.4029967962899583,0.07599753618219089,-0.037651201139301795,0.0064156163660453935,0.050215352965057566,0.07515302000154261,-0.008052422739255537,-0.120406965386593,-0.054776705380870615,0.10619620454483696,-0.09512487826429106,-0.04279621605694827,0.291295094607871,0.012788115186333944,-0.08705302541412911,0.09612485935212756,0.11374662802722792,-0.05210147851970498,-0.10484453646509163,0.042234456196611564,0.03379398327254591,0.11633784835048763,-0.05827158277248652,0.020898348381846184,0.11489039636381745,0.030119884529565114,-0.014924493459440758,-0.07505736693161605,-0.028442651177501607,0.9810630110630112,5.717036424726636
38,3.28263510379612,3.7418781851139,-2.77268487775744,-2.17288190149982,-0.60163815061591,-1.70176243281175,-4.51372318913279,0.251313980774485,-1.78034701645882,-3.23631595006403,3.35687953402154,25.9814693015152,26.9398387132161,25.436737649261,23.4088557117353,19.8233020667164,14.1594903725972,10.5790046320031,7.01606446801149,8.45370777589487,5.17019466251248,1.47542649036294,-2.17710937783987,-3.54369531627671,0.0759805151221811,7.87551117602611,5.51392483193478,3.18471671627882,1.31567323467108,0.225568321158971,-0.918889129124604,-1.19820135949096,-2.88760904316972,-7.74910968462168,-4.80181900058941,0.306978000774692,5.50702841451834,10.9762849953928,12.3120366835388,8.60215641008425,9.50013724634116,10.147696873426,11.1473069395454,12.6678376633234,0.026860835547243334,-0.012189657291978776,-0.020798133090167505,-0.03407810414674952,-0.13387266603201767,-0.023100554216680624,0.4959731462550527,-0.34538813553577663,-0.11526565988291217,0.1710067214252323,-0.0316224196222374,0.15469362839061165,-0.09268974284931912,-0.4044623846628195,-1.4029967962893226,3.556859098079664,-1.470138392256404,-0.3237772990415627,0.15097832184689333,-0.0457135744986646,-0.008851838628155211,0.0077508417229733536,0.026026217016027073,0.026203888373689397,-0.06780910481962558,0.03193981573460961,-0.007475268322028436,0.02375466147371413,-0.003933321427662246,-0.025159422408776316,0.03241765523013896,0.042110843344971144,-0.046946034288973815,0.04127294126139041,-0.017854045538789172,0.10199458810893929,-0.11113845948534716,-0.029133069205066822,-0.0035836936028853924,0.03598969030532993,0.02707163556586555,-0.04459347467095804,0.02610518721963961,-0.012457087772096776,-0.5594035594035595,4.451213549889113
39,2.98719438138478,5.37703252452795,-3.367003059789,-3.76214194410466,-3.40109315360356,-4.65748188038579,-7.87008668690369,-6.22222783923559,-6.2375202220424,-8.19139359999436,-2.02049241888929,2.33887322871024,7.02816451691678,9.92466367395406,12.2958654005189,14.1594903725972,14.7437072307534,11.3366680327956,7.96638597236621,8.60805531145936,4.47226841738191,-0.365674334503503,-5.1552925022692,-6.79475836478546,-4.81486663747053,1.82655427715789,0.888810640734746,0.115401308912448,-1.36836245159778,-1.98207358094323,-2.74140487866834,-2.58126232660299,-3.65848971055674,-6.87760433212886,-5.60827718802349,-0.864320632060065,5.37983583566531,9.99753063930587,9.58736881183517,3.56023191849478,5.98050665208446,7.73164183434273,6.89389910406947,7.49473136626253,0.14325365945711904,-0.11274196080285642,-0.13935128930554236,-0.029081681415233165,0.24255682309866616,-0.1931436540889924,0.08950092536410927,0.16329832306619052,-0.09774898438917559,0.022396186462934703,0.02350323677964007,0.23924555557755067,-0.01130029529257879,-0.019599600691050125,0.07599753618173313,-1.4701383922563533,2.731130606200558,-1.661781610443731,0.602279800268782,-0.17443209900765705,-0.04526364147117715,0.0599548420862077,0.32887272545029644,-0.19950740340566941,-0.07400243550734951,0.40389612772000505,-0.0858699403925446,-0.2045655120085274,0.009811450123280779,-0.0026259548235707027,-0.02504189122051832,-0.1036224718574683,0.0016964534766171113,0.19060715526209823,0.0002829107911262351,-0.0024155722179069372,0.006351038090636343,-0.15428547749316918,0.008163106400844203,0.011168123909668643,0.01361435076948178,-0.20136897224237155,0.3058595878210816,-0.11261997636616308,-1.9276479076479078,3.838451149976167
40,2.39018790762028,4.38894239700191,-5.35301602572122,-5.92012830920309,-5.69534579900557,-4.77017154516682,-3.91725417614298,-0.300020915205757,0.29997207115317,0.297285519292855,0.915558436467225,5.12011651544338,7.32211025822832,8.27495083433707,8.97386647434572,10.5790046320031,11.3366680327956,13.2879798841181,15.197050552305,14.6909551261374,9.52017274794599,3.54539816507095,-2.38623746735395,-3.98460547713142,-1.84638545136073,6.53766290345202,4.8278650050256,1.61421382664048,0.111151116594512,-1.15403516867547,-2.08471054679271,-2.78212446970309,-4.37548002950667,-7.43059476959416,-7.2300878525262,-2.52098127881425,3.71560054637804,7.59738907405367,5.27200939969341,2.56528755629088,3.24091410931138,4.16641660285579,4.68977440519112,4.78996756349562,0.10667357420166677,-0.11234677064204604,-0.0036299168882153996,0.01599518182361748,0.04164675945206998,0.04691576910003802,0.0013361998031604179,0.035645720472957554,0.005271545415386382,-0.06489621595594933,0.027234067643265747,0.05714249564992433,0.0635876643506072,-0.06662488910985541,-0.03765120113917777,-0.32377729904149066,-1.6617816104439234,4.340950387551106,-1.8300565408536609,-0.23515756827055267,-0.10934422893136544,-0.002005919428437604,0.09938665742957287,-0.013146460366940454,0.05805960096997129,0.032721816787331305,-0.04251874824434091,-0.13012963348142642,0.017786789275232147,0.04257459946023954,0.02649485071540835,-0.0516597655235046,-0.0020542367159945654,0.0400577576184782,0.010419379000341686,-0.043545325553527886,0.015168890995793122,-0.04132800600812357,0.05098057355883555,0.014866596406849146,-0.07056702941387223,0.007266739961643265,0.06562688446544888,-0.0021934846177234135,-1.8174795574795577,3.643896250460222
41,1.80214033639595,3.40725437393388,-7.33891668894557,-8.08352312570045,-7.99933695152086,-4.89892784279107,0.0277138613370507,5.60643199894405,6.83852037260186,8.78750479541967,3.84822930441971,7.88069085541174,7.59822772231873,6.62347378995687,5.65751527457148,7.01606446801149,7.96638597236621,15.197050552305,22.466545463048,20.7746636310311,14.5701442662622,7.45575364180932,0.378735428175644,-1.17359406723517,1.10409157176139,11.2282868420647,8.75789410573072,3.11365581353824,1.59289633890049,-0.320481227080209,-1.42845039127947,-2.97142648256593,-5.07972057483104,-7.97842704505227,-8.84838842704471,-4.15672002005277,2.0571996702556,5.21912920538634,0.957030536477565,1.5733464814829,0.504459895604841,0.591160226963371,2.46316645456705,2.06959702094564,0.14724863092636828,-0.16640188870977804,0.08511738243414103,0.080249073657272,-0.05744151725273581,0.2797939428180003,-0.11749331459916366,-0.007051451639422932,0.14044567413911477,-0.27102197778449644,0.07049985451752544,-0.08215099435414262,0.3121887697147638,-0.30052139455064003,0.006415616366080298,0.15097832184677687,0.6022798002688433,-1.830056540853529,1.9471846041097152,-0.42240117579935976,-0.24218375179849477,-0.07038995104785321,0.028084784445978627,0.058937461256642606,0.26268889945314844,-0.2513643307101474,-0.07045690455344983,-0.20619002183639662,0.03635784689283882,0.13899845228640567,0.17189445196066727,-0.12190838640731883,-0.024829433686549187,-0.03888781592605126,0.00873881611389994,-0.14728680852909082,0.059975445604372936,0.04655932222944675,0.15835455420898037,0.053236286966347524,-0.33246760663011776,0.2519924694181646,-0.0318769167168139,0.06915374619336245,-1.7085016835016835,4.738833766133603
42,4.7745840280349,5.79098533174033,-4.71654200086772,-5.24150079535037,-4.38616421865019,-0.197307213533285,2.91624923546988,5.33968135823325,6.6300119499785,8.67465651828297,4.07752702990784,11.1576747199422,12.0525284053089,9.96756858257128,8.18302264464169,8.45370777589487,8.60805531145936,14.6909551261374,20.7746636310311,23.525006385696,17.4089196937682,10.4196370723305,3.43343441267235,2.65898993053228,3.78416611344636,10.9911161659342,8.31348457075294,2.70950365591585,2.8356185520281,2.27632152745877,3.09000921128952,2.51880280031524,1.84470587740745,0.990797318174548,1.65097266772157,4.09244547526537,8.27575444635257,10.4506116854616,4.05866979138511,3.55728056878748,2.11456686171393,2.86594238050747,5.20068099481926,5.85733045629814,-0.06242018084383319,-0.07290260353146605,0.18727820411171153,0.10334343468143271,0.09662009705525106,-0.2135957069658804,-0.22154562129791916,0.02474501649748212,0.16431737214452552,0.0118364279898397,-0.0829156336206534,0.12090022554203314,-0.37757985472232003,0.29143569651329365,0.05021535296494214,-0.04571357449849427,-0.1744320990077734,-0.2351575682704515,-0.42240117579943165,1.8514912522402873,-1.1532726353557554,-0.26483479204910587,0.19663783894059866,0.11317835847024038,0.13908057532969104,-0.2529370003419653,-0.004059908554354978,0.36271248981080484,-0.20125389788758405,0.022987097186097236,-0.27456132195029576,0.1711642788916166,0.15568482001590467,-0.08638370560554368,-0.07675609680854507,0.04856419146333665,-0.0673436806929846,0.027268517160820273,-0.016293933820407887,-0.13883323984975376,0.33842021920939086,-0.12472705131967089,-0.05349867919547791,0.029019678343852214,-0.8444444444444446,4.849227400905843
43,2.73270192593777,2.78274258768858,-2.69132570941083,-3.35854089372258,-2.33150682775871,1.38254442220816,3.4932177814581,3.81105428694283,6.16496750093798,8.47009350348184,3.02087887791041,11.5719484058164,11.175270927599,8.62398696576475,6.12041936907667,5.17019466251248,4.47226841738191,9.52017274794599,14.5701442662622,17.4089196937682,14.9537180715198,11.4941415079859,8.03139350326999,8.31863664480097,7.60946734786338,10.8279547287416,8.85185965866122,4.07146822739349,3.5454079409918,2.09316164266821,1.69449110329813,0.0035422316767229,-0.629092168117161,-0.522618196733732,-0.282335741251132,1.62580902516962,4.45830716826335,5.86890299749539,2.45417081096449,4.50828590411739,3.8462776394935,4.84837551480329,6.60569379001057,7.05108991700293,-0.07238176558806715,0.08349696920452311,-0.03815054183659662,-0.10959896971473956,0.018803343723879068,-0.06263219695233423,0.11591138091836714,0.1221722173247541,-0.23619562676758513,0.125181765444194,-0.02993531256660828,-0.033157649142189174,-0.05013835005675397,0.07186988859364614,0.07515302000158328,-0.008851838628023013,-0.04526364147110171,-0.1093442289316179,-0.2421837517983899,-1.153272635355815,2.9345935406806034,-1.6397860548402916,0.018225281101181025,0.14782169738876233,-0.16000979965019382,0.06979637161766698,0.08039168370218411,0.015966957114077036,0.025840577944228393,-0.09096030245313365,-0.0385352706203157,0.02625091595800538,0.0376045575352847,0.00015365883013771607,-0.012848221630609882,0.012186470855038968,0.11474978475818379,-0.10736583241611568,0.031617548297052135,-0.028747494098406604,0.1356439502197108,0.0005148157053967619,-0.06701187518800382,-0.07824813040558301,-0.5805555555555556,3.8657105519580477
46,0.971058529670131,0.199800873456425,-0.364686312707401,-0.96571171930236,0.384538449356299,3.8375871227432,5.09115269672749,3.34562186512636,6.16789541288932,8.91159349254832,2.51863799674819,12.6938569686505,10.7721961639779,7.47843575310374,3.96890751148626,1.47542649036294,-0.365674334503503,3.54539816507095,7.45575364180932,10.4196370723305,11.4941415079859,12.1550909961686,12.7103062677431,14.1087927669233,11.4544516343037,10.3659784222319,9.24296321336889,5.35982342916282,4.35309045795787,2.21731699728199,0.674973488776079,-1.95923149660172,-2.30213866714483,-1.12051160142182,-1.39909417015733,-0.365001954603251,0.854676104471912,1.70031063756552,1.66421937785637,6.04822010970887,5.49459477742788,6.07541998520769,6.75289333197027,6.45751257699148,-0.05702230988748595,0.09422253254790512,0.00337173941027322,-0.0032963529135067323,0.022643999230972673,-0.117453999115912,0.11326540665020485,0.017140541009232152,-0.09495879036994483,0.014641362004149741,0.011500975707076738,0.011114654648031675,-0.0029268677769579603,-0.0015517301487451038,-0.008052422739307724,0.007750841722895713,0.059954842086068355,-0.0020059194280768067,-0.07038995104797693,-0.2648347920490768,-1.6397860548403367,4.157653378725605,-1.6139317919118958,-0.37754730647645557,-0.07874212172573648,0.04209294347400583,0.009209214240739337,-0.0005546444518238817,0.028314189643990715,-0.018563051103731937,-0.024055841311680797,0.0001097039224843825,-0.09412142861025063,-0.01649882319403038,0.11449889844139845,0.0070450657248127485,-0.03530147845941486,0.02117596837360072,-0.02656069595100609,-0.025473351448293165,-0.009250789588458631,-0.02276405983419237,-0.053685142158860395,0.027699543690592812,-0.45833333333333326,3.484980774146191
47,-0.977938182944212,-2.51777116240694,1.90168810875667,1.37691873019756,3.05675454537767,6.21173215589778,6.59333022955631,2.78259253230636,6.09260796450596,9.32090543111161,2.08054011065579,13.8142544524435,10.3645153406613,6.34456228226494,1.84969325136086,-2.17710937783987,-5.1552925022692,-2.38623746735395,0.378735428175644,3.43343441267235,8.03139350326999,12.7103062677431,17.359680715198,19.8441348593395,15.2567544611777,9.9144104375627,9.64121332893824,6.63453107593693,5.106390927471,2.22025031115216,-0.537754437364763,-4.16098660311299,-4.24141036754162,-2.00199062808908,-2.79856973253158,-2.55246944526511,-2.86426927894738,-2.52472724977347,0.883262064157793,7.59665966432181,7.18526703544134,7.36872658753746,6.9521157807847,5.86712831175174,-0.03277157477482567,0.21164305704028002,-0.061815640825785445,0.020815412343722285,0.08568809259066179,-0.20415304248757105,0.2334538878867331,-0.14731056465250864,-0.02996148685791755,0.0051668878603301546,0.016048413854530166,0.0686207308585148,0.06554436456434055,-0.1119651644938418,-0.12040696538687437,0.026026217016317802,0.3288727254501327,0.09938665742954328,0.02808478444599943,0.19663783894054918,0.018225281101380688,-1.6139317919121237,2.9075430663209487,-1.2861841581548499,-0.10159216686385299,0.1378675719348194,-0.014666134676568455,-0.017565968203869343,0.020051023613210713,0.015632725050587173,-0.011894651303687023,-0.01115621260766474,-0.2808869491562272,-0.04420291115924915,0.37407796131345245,-0.0025880145866693425,-0.19198118057930388,0.1319175841322628,-0.16452768798756323,0.023684189839036477,-0.15646281205289875,-0.10214244843826484,-0.04255394895755839,0.13643737542428175,-0.31111111111111117,4.165294793312708
48,4.279955167385,2.48832948052005,6.48392986794401,5.2521686776276,6.6624529259026,9.57921399626947,9.13438991005668,3.02607989801659,6.68686999009362,10.0377036821554,2.11815625228874,15.8110187249483,11.1848909095847,6.32018903600658,1.11187494140366,-3.54369531627671,-6.79475836478546,-3.98460547713142,-1.17359406723517,2.65898993053228,8.31863664480097,14.1087927669233,19.8441348593395,25.2237321721792,20.4980684839943,12.7998703603379,12.5959162415694,9.06231001663553,7.20696518205706,3.66054962274862,0.0423719074445845,-4.28589855907075,-4.0542951101737,0.032191191922609,1.07452956891839,0.293685209338642,-2.21900426858845,-3.30758247812364,-0.203590967072359,7.3256828031883,5.66136010771567,4.67256844582643,5.0280354949684,5.61574604430966,0.0006390370310786013,-0.13851384142344303,-0.04539967713452485,0.04456292069115724,0.04021855650397559,0.09719162038183894,-0.47718411324183607,0.27056933435748926,0.18104600743299534,-0.1895577631020762,0.07909182705596132,-0.13252352652290786,0.13098711714941677,-0.00467725132935723,-0.054776705380752064,0.026203888373692523,-0.19950740340562023,-0.01314646036695527,0.058937461256620985,0.11317835847018844,0.14782169738890724,-0.37754730647657947,-1.2861841581547617,1.9578697642831482,-0.6760616914084301,0.2279141093102442,-0.11039498701208364,-0.0644079005259441,-0.030321620598193662,-0.002384303962270851,0.043695462389778075,0.03595370562925479,0.2543488456313776,-0.23652910717180498,0.08673354089039571,-0.17468332213214324,0.04177744993955309,0.04195358025618394,0.09116408964664362,0.024774912535110733,-0.015679106239122186,0.11344576633113557,0.07058909474567983,-0.11608654845098801,-0.10785714285714283,5.021327730011178
49,4.73806513173672,3.52892092950749,6.16930998939015,5.22928589286874,6.84515150244583,8.06893216322643,8.28850399290535,9.69955361220022,8.6935979195804,9.71566900508439,4.23623771978137,20.318874944083,15.3556748881388,10.131479590032,4.521061918025,0.0759805151221811,-4.81486663747053,-1.84638545136073,1.10409157176139,3.78416611344636,7.60946734786338,11.4544516343037,15.2567544611777,20.4980684839943,24.6523895535226,22.3569452736947,20.4380522063532,13.8263719780233,11.3443697644381,7.40289236361251,2.65452363579244,-2.01342633309946,-3.45569855408319,-0.506579640748092,5.34626953080814,4.11076435580657,0.958358628718029,3.62693280138325,5.03511326643548,12.4680376689198,8.8106169442226,5.6843541614075,7.51820878972435,9.95958147576068,0.28227847952035956,-0.36629248912984264,0.13687598718879893,0.2649533988123706,-0.0159351789048992,-0.13832435287519587,0.19803834300216966,-0.07306113610389174,-0.04817487853317163,-0.0017363545279555242,0.030222577950725003,-0.003198159928703953,-0.041424485615419504,-0.010962530043661156,0.10619620454473977,-0.06780910481965599,-0.07400243550727152,0.058059600969854255,0.26268889945311674,0.1390805753297257,-0.16000979965002762,-0.0787421217259939,-0.10159216686381929,-0.6760616914083081,1.6517637301839871,-0.7606764251906839,-0.1469208465815667,0.09572572786014379,0.01908480151795808,-0.1239145404154232,0.24714709099663973,-0.03153113322147396,0.10772611965610596,0.2282258369399149,-0.7285636849731552,0.011143370559113316,0.38484479980530345,-0.01536240073815189,0.08162705913401504,-0.04687160935051206,0.02225412164692927,0.030835376699646574,0.02288457750181666,-0.029594198612510756,-1.3857142857142857,4.964110147198847
51,8.16065797286007,8.44089387618777,8.70699292590424,7.28327761427531,8.05709766136552,6.94504915452,6.69333004486766,13.9911932128979,10.5652838400649,10.3048374941438,5.02439263544768,26.2420090179813,21.9682699359799,17.1244674700049,11.6976449486509,7.87551117602611,1.82655427715789,6.53766290345202,11.2282868420647,10.9911161659342,10.8279547287416,10.3659784222319,9.9144104375627,12.7998703603379,22.3569452736947,38.5257179933276,33.553618978404,22.0314444168696,14.9801061284821,6.6449560800892,-3.5651623017247,-12.522816539883,-18.8137952988458,-21.1903942829326,-15.6551402616395,-7.0973343749178,0.0795554138131666,7.18700259122703,9.3733541375848,20.5179232753005,16.2253650544745,12.4035914320942,14.4622977790813,17.1869976074842,-0.08575637247261235,0.0939257994627284,-0.18973826603615088,-0.16753903946530818,-0.15267987875347752,0.17157908652552997,0.24444399871366815,-0.15949611574917075,0.07847031070282369,-0.07351101591588192,0.15464411255753127,0.0879884108673676,-0.15746544507519888,-0.05586388374960309,-0.09512487826441453,0.031939815734675206,0.4038961277197806,0.0327218167877096,-0.25136433071034975,-0.2529370003420329,0.06979637161781414,0.04209294347388366,0.13786757193493532,0.22791410931019304,-0.7606764251907738,1.803904987941272,-1.2038292491147289,0.18028433394017224,0.049443630661755125,-0.10077784865104789,0.032854037302190844,-0.25072642270763396,0.17598149118107823,0.05352668132256205,0.2034447981171015,0.147947248608212,-0.33837399750704217,-0.08037845869145291,0.07953991183959143,-0.09724490750838807,0.08243030030033881,-0.09341649337587273,-0.03447876619530114,0.005718247694554819,-3.4024603174603176,6.206103285744413
52,7.21823531780696,7.33332254529468,8.0579552687874,6.51175227619175,7.64519418481985,7.04015969560276,7.79715437580874,13.6869600073368,9.90879608524631,8.83215313063968,4.28315238351922,22.7375840799529,17.950757453794,13.4273010438378,8.54550503509458,5.51392483193478,0.888810640734746,4.8278650050256,8.75789410573072,8.31348457075294,8.85185965866122,9.24296321336889,9.64121332893824,12.5959162415694,20.4380522063532,33.553618978404,31.7985596736779,23.5199863223215,17.3150794778597,10.3350099174323,1.45242972691681,-6.23545458309142,-11.7454361240331,-14.4831831022052,-11.3213413918265,-6.3333436165088,-1.91673492767173,5.90205248328511,8.10714059940476,14.6704773130988,11.7239373356025,8.90493478350452,9.62027038536369,11.8534394161811,-0.03544293689385873,0.11533692431395318,-0.07019099124593428,-0.09896432658444236,0.055367329070099836,0.04961690205332446,-0.0756116646224591,0.021244958024860337,-0.08023969898225258,0.059269920878572364,-0.14786339772850787,-0.07905785262167327,0.1336218218787968,0.10164555648892873,-0.04279621605693413,-0.007475268321910305,-0.08586994039280323,-0.04251874824402739,-0.07045690455350548,-0.0040599085544885845,0.08039168370217095,0.009209214240931128,-0.014666134676826195,-0.11039498701201009,-0.1469208465814994,-1.2038292491147873,2.011562189649,-0.7126955135156219,-0.030028666296367926,0.21643610544242697,-0.4278533506797436,0.3375959798389503,-0.2143283792769994,0.029588867510273422,0.14429307836026437,-0.07122497909766512,0.1069736209734683,-0.11284009253111454,-0.16391697087950752,0.18912782882514792,-0.04671656132429057,-0.03334672807516597,0.058056878814432576,0.020192359316440523,-2.596984126984127,5.638134414296797
53,6.69831687802275,5.89509890833777,6.53654658543013,5.38372415689676,7.0560540464844,5.41143669487376,5.21796296599986,7.32785243968431,1.78905619649545,-2.64936147150387,1.03770174775961,18.5204539947674,13.2928238491478,9.46968110492593,5.43706674587892,3.18471671627882,0.115401308912448,1.61421382664048,3.11365581353824,2.70950365591585,4.07146822739349,5.35982342916282,6.63453107593693,9.06231001663553,13.8263719780233,22.0314444168696,23.5199863223215,24.1328661088957,20.1929470517354,15.0156017611167,7.72046321891311,1.76502913062078,-2.30279233719905,-4.47088061772571,-3.7086101049237,-2.83143364178741,-2.03941814557152,2.97986232268534,4.39037827251255,13.0003090392739,10.9052468151627,7.39942518209779,6.65407505577213,8.03266347813323,-0.18477331212632672,0.12347657014991391,0.006988098115695723,0.16444602230865846,-0.007257793822607699,-0.2181368788706038,-0.059298866339432404,-0.01642943136820679,-0.022880403316512046,0.21021553964422313,-0.010672054295233853,-0.22438715624480415,0.014292794238313132,0.05457042104658647,0.29129509460774117,0.023754661473721527,-0.20456551200853448,-0.13012963348140025,-0.20619002183646043,0.3627124898107991,0.01596695711419459,-0.0005546444520645935,-0.017565968203716628,-0.06440790052592023,0.09572572786004283,0.18028433394015195,-0.7126955135154951,1.7856482704716738,-0.833983637653023,-0.41507721726828817,-0.17491115251085831,0.09170406128919592,0.3555830809265542,0.03733214383430317,-0.08307790664716219,0.1074508614910487,-0.1373156206660658,0.09902480727240583,-0.12582547490094523,0.1741235380744603,-0.08372933012863447,-0.06596671384540825,-0.002569470887130215,-0.023480611481333593,-2.472063492063492,4.9115034468984815
54,8.96579569947273,9.30993709938679,9.78553827168664,8.12700532717468,8.51632747489835,7.67782315419632,9.40915130979659,10.9482123084271,1.67665196695367,-3.24004470883682,1.25292517499928,16.6985038929731,12.1453635350527,7.91943040952826,3.77411254590796,1.31567323467108,-1.36836245159778,0.111151116594512,1.59289633890049,2.8356185520281,3.5454079409918,4.35309045795787,5.106390927471,7.20696518205706,11.3443697644381,14.9801061284821,17.3150794778597,20.1929470517354,22.5228775054083,23.1963693283578,22.1013654985222,21.988426299229,20.534547917045,19.8326724369911,17.3993030098723,9.14482607042953,2.10154883630718,7.65937716121802,3.18701348435089,10.7688345400832,7.21892543297516,2.83282072131975,2.08774053276065,4.10478761057945,0.07016017324745917,-0.01628368653458536,-0.15500536442270146,0.07982335255777476,-0.04295336755038281,0.027403960967567524,-0.007300046573847001,0.041120718556782426,-0.20011350423501423,0.17075142161157902,-0.09131571504826186,-0.02894889523296831,-0.010226360505758276,0.03891949244497911,0.01278811518610047,-0.003933321427552036,0.009811450123122265,0.017786789275374176,0.03635784689274967,-0.20125389788749837,0.02584057794435778,0.02831418964376525,0.02005102361326096,-0.030321620598174667,0.0190848015180254,0.049443630661749755,-0.03002866629644659,-0.8339836376530032,2.070734662357151,-1.1756795609299213,-0.08267937194501032,0.4196941903266579,-0.14650859248459097,-0.031095877526410284,-0.09844463775045767,0.06905953917022171,0.1349535941182543,-0.043174545719241585,0.07208348988671465,-0.15909092185724036,0.03189671126879651,0.01707826879226114,0.003137116444565116,-0.02625922862127065,-1.1956349206349206,4.744773704341261
55,11.8088627784278,12.8301655742819,11.6224158302783,8.91085787628799,7.4178490157729,7.24731223594877,11.0083690602929,11.941247140499,-0.506474167789945,-5.75725987027326,-0.52241415828774,14.5016131303568,11.1120424028779,6.8987716515906,2.80542714231768,0.225568321158971,-1.98207358094323,-1.15403516867547,-0.320481227080209,2.27632152745877,2.09316164266821,2.21731699728199,2.22025031115216,3.66054962274862,7.40289236361251,6.6449560800892,10.3350099174323,15.0156017611167,23.1963693283578,33.6987899839054,42.6409879512697,52.0246130188276,52.8288211673484,52.8454178428585,46.4233989411066,27.6421908890872,11.3803964777793,15.3589008507656,3.30091821793576,-1.58018572254529,-2.01839193594422,-2.99926588026025,-2.89995663410274,0.600306239231253,0.004457650738890185,-0.05545741838417564,0.1122053144517843,-0.007592324217523084,-0.4143176278227782,0.3332974755589,0.10149744160941324,0.018667599742542094,-0.016568721901821393,-0.14021378366602336,-0.02286265362461003,0.04132920420255174,0.014252498393559033,0.050984094354679294,-0.08705302541406773,-0.025159422408764308,-0.0026259548231126863,0.04257459945953042,0.13899845228679908,0.022987097185984202,-0.09096030245289502,-0.01856305110406947,0.015632725050833293,-0.002384303962448557,-0.12391454041529266,-0.1007778486511218,0.21643610544249287,-0.4150772172683463,-1.1756795609299322,2.486582257740103,-0.42670238606468447,-0.7043296329117893,-0.0012395369952579447,-0.00745693646726353,0.10109428217992107,0.06311504948509208,-0.12609240357215412,-0.10928126151087322,0.13108990802180767,-0.10754633639552598,0.03551722658650647,-0.04985487614429973,-0.002038695119110472,0.1614352733260232,-0.03948412698412677,5.80420450913865
58,16.3191603378236,17.4185176803084,12.95993772816,8.22946360190802,3.78708655378463,6.42467823534833,14.2133713505902,16.2575670421343,-0.227324513147048,-7.24996317693447,-3.63098295599563,12.0294735697766,10.021544444813,5.92312132448033,1.91866153679061,-0.918889129124604,-2.74140487866834,-2.08471054679271,-1.42845039127947,3.09000921128952,1.69449110329813,0.674973488776079,-0.537754437364763,0.0423719074445845,2.65452363579244,-3.5651623017247,1.45242972691681,7.72046321891311,22.1013654985222,42.6409879512697,64.6528293846274,83.702235202816,87.2920057577066,88.0197256695061,76.9913651482722,46.4758792032238,20.1782658539412,21.2798917295685,0.900908474512992,-16.3344899007618,-12.335288263197,-8.49691111149065,-5.77513481584088,0.718928392891042,0.00046735752828324533,-0.0003679961472338669,0.1296638031758377,0.010241096343683446,0.0394815884324458,-0.046990501025146285,-0.175264198920389,-0.10511224568929015,0.028601537902071678,0.12962667956395968,0.11966385616860578,-0.03994431630111567,-0.03983201408781253,0.09065670686193801,0.09612485935224813,0.03241765522976378,-0.025041891220689682,0.02649485071597363,0.17189445196017822,-0.2745613219499182,-0.0385352706200544,-0.02405584131247819,-0.011894651303253515,0.04369546238986006,0.24714709099655363,0.032854037302269844,-0.4278533506799287,-0.17491115251067751,-0.08267937194508523,-0.4267023860646992,2.7233425960859243,-0.979383618256412,-0.7005477088546819,-0.09336977052319115,0.003311673192131544,-0.1217327061361098,0.09919627716925127,0.427746293674228,-0.25607301606052363,-0.08486966447815836,0.03447741838400566,0.17149669441473311,-0.10128532885677052,-0.22053398271263233,0.7428571428571431,8.040076453904367
59,18.4273434696356,20.3723243756041,14.445996704453,8.47575689927449,1.93580589724633,5.21663490396162,15.0280759910925,16.5543800223268,-2.54927290586513,-9.32061348960375,-4.24631395282616,10.8020564298983,9.87323073854781,5.75273166354503,1.77297082796524,-1.19820135949096,-2.58126232660299,-2.78212446970309,-2.97142648256593,2.51880280031524,0.0035422316767229,-1.95923149660172,-4.16098660311299,-4.28589855907075,-2.01342633309946,-12.522816539883,-6.23545458309142,1.76502913062078,21.988426299229,52.0246130188276,83.702235202816,112.612244358759,118.629066197735,120.308313501861,105.556549928958,64.9500593251998,29.9062346894391,29.9010959429678,1.4793532219621,-28.793585880517,-21.52336356771,-14.1484935726497,-10.7743618239239,-3.12529624901855,-0.022877810218415784,0.029418925771643054,-0.08665352691808396,0.07816561247134447,0.0018057343898566238,0.05875446652665379,-0.05562318502479379,-0.1521724279120495,0.2851227882181086,-0.09871431345634385,0.016545599347234992,0.08925596334166959,-0.17630210450982234,-0.046444491869950616,0.11374662802700984,0.042110843344869635,-0.10362247185735907,-0.05165976552363665,-0.12190838640716033,0.1711642788916175,0.02625091595774512,0.00010970392279153108,-0.01115621260768785,0.03595370562906277,-0.03153113322136297,-0.25072642270780654,0.33759597983915024,0.09170406128893195,0.41969419032675476,-0.7043296329116058,-0.9793836182563009,1.6995878717952455,-0.5410869185596322,-0.06624092111183001,0.1467848974260354,-0.22846171040402394,0.19342265022564625,-0.14090150118956998,0.01197590923722597,0.12642412119197455,0.1087217364024092,-0.10979126203674168,0.030660814197761177,-0.02481053223856873,1.9737698412698412,10.611420468474465
60,19.4802245669263,20.8946326598838,15.2783725474708,8.78377942844194,1.34834406062434,5.50494012154526,14.4873272712226,13.4557442339378,-4.20974432747329,-10.362599133744,-3.15025140993728,8.83811610749495,8.38484133313923,3.98897259651274,-0.0979895877041147,-2.88760904316972,-3.65848971055674,-4.37548002950667,-5.07972057483104,1.84470587740745,-0.629092168117161,-2.30213866714483,-4.24141036754162,-4.0542951101737,-3.45569855408319,-18.8137952988458,-11.7454361240331,-2.30279233719905,20.534547917045,52.8288211673484,87.2920057577066,118.629066197735,128.568323435504,134.024917123061,119.909591198341,75.4110427854487,37.2290894996021,33.7656490867452,2.01243604995552,-30.5412615314793,-23.6188169361432,-16.3786307002676,-13.676596806138,-7.02151121339825,0.11650242584128877,-0.21364261580803978,0.1553781922110764,-0.10426488658053969,0.09925223177298945,-0.15915068090181309,0.09706869145955244,0.1288712802028448,-0.23186748785151537,0.05837237875019574,-0.043118300399934285,-0.002678932535112006,0.07205534774330767,-0.1743970304741844,-0.05210147851973037,-0.04694603428920859,0.0016964534771794304,-0.002054236716790687,-0.024829433686260692,0.15568482001624195,0.03760455753532469,-0.09412142861074506,-0.2808869491559765,0.2543488456314331,0.10772611965608779,0.1759814911810871,-0.21432837927698292,0.3555830809265855,-0.1465085924846196,-0.0012395369953409944,-0.7005477088548768,-0.5410869185594702,1.8098845368251018,-0.6031299396474106,-0.12130072926956804,-0.009032334145093813,0.09199382407049862,-0.1477425184983097,0.13216828328512853,0.12757667186411406,-0.14656966095840546,0.04929989219077183,0.029798920165013423,0.07861626960511671,4.267222222222224,11.338356293374469
61,21.7063890104604,21.6312592715437,18.3085650852625,9.90949646397174,0.747965606873263,4.46995494829127,10.5500702931049,3.91101987239747,-10.2659234612386,-14.605013262267,-2.57142603639359,2.34539683004985,2.756099424748,-1.73203339015626,-5.99505178576477,-7.74910968462168,-6.87760433212886,-7.43059476959416,-7.97842704505227,0.990797318174548,-0.522618196733732,-1.12051160142182,-2.00199062808908,0.032191191922609,-0.506579640748092,-21.1903942829326,-14.4831831022052,-4.47088061772571,19.8326724369911,52.8454178428585,88.0197256695061,120.308313501861,134.024917123061,148.502353226731,138.34546368186,91.0859458640987,50.378416224842,40.7722084057135,4.85424238055027,-26.5605491031557,-20.1069603933158,-13.6075703573392,-11.366457589643,-5.95709736936013,0.002842236451617765,0.060986680832849,-0.3616199447892961,-0.010425110392969275,0.2144611373157754,0.14184733785007836,-0.09281859579600017,-0.000778505311205998,0.2066102748624892,-0.10752084506325313,0.1612268210730931,-0.01861470190848666,-0.003629591907667587,0.048595595424894486,-0.1048445364654201,0.041272941261174256,0.19060715526282088,0.04005775761729145,-0.03888781592555952,-0.08638370560559969,0.0001536588305704566,-0.01649882319472245,-0.04420291115866024,-0.23652910717198625,0.22822583693980775,0.053526681322459975,0.029588867510489298,0.03733214383415675,-0.031095877526369095,-0.007456936467365232,-0.09336977052288502,-0.0662409211118914,-0.6031299396475819,1.490084980013651,-0.9936644302631443,0.4846943948947247,-0.1698450176368131,-0.16813214914208713,0.1254110286553634,-0.023079290175879702,0.026005099342169845,-0.14682891310699597,-0.0032876573714287908,0.18932085179619904,5.261507936507936,12.185743852007201
62,13.4700247831767,10.6727816023727,15.2618527834257,12.5341991804181,8.71227918240632,10.1741474423077,10.9330966833463,3.24031565718127,-7.85914548151813,-11.6856808888243,5.90924007651263,6.83911032022103,7.93203772917016,2.6309380414842,-2.6342119839062,-4.80181900058941,-5.60827718802349,-7.2300878525262,-8.84838842704471,1.65097266772157,-0.282335741251132,-1.39909417015733,-2.79856973253158,1.07452956891839,5.34626953080814,-15.6551402616395,-11.3213413918265,-3.7086101049237,17.3993030098723,46.4233989411066,76.9913651482722,105.556549928958,119.909591198341,138.34546368186,148.240476327313,111.870450072284,70.2042834168219,52.9114366867376,11.7480433979331,-15.5738127140065,-11.229881205655,-6.85269140938013,-1.00779855950717,6.62120791792091,-0.16891236140130342,0.14887239345996425,0.13819127773682122,0.05645916107120069,-0.18297399193688949,-0.13186756860168722,0.16803531601229355,-0.09267253203613446,-0.012044208780864886,0.00820812630295737,-0.16202017460948806,0.04855933706231219,2.4305792794003235e-05,0.016631367874793156,0.04223445619670644,-0.01785404553893264,0.00028291079067310976,0.010419379001348051,0.008738816113470875,-0.07675609680834451,-0.012848221630835866,0.11449889844148503,0.37407796131336774,0.08673354089036227,-0.7285636849729747,0.20344479811694718,0.1442930783603188,-0.08307790664729124,-0.09844463775035613,0.10109428218008051,0.003311673191973065,0.14678489742605444,-0.12130072926945444,-0.9936644302633415,1.5561096619608157,-0.7329247581293742,-2.1513156744682357e-05,0.0857887673430819,-0.14247459802512769,-0.013489999712912554,0.05836722031969944,0.036050077222743414,0.0073703117919068865,-0.14302978446169085,4.883571428571429,12.174993894343954
63,1.77911936534648,-1.74304486651208,8.72499056423506,11.1885841599225,11.7007693455968,10.6356928419578,5.46070933155465,-4.06161532560194,-7.83728987711409,-10.2193809110999,8.46202874817887,8.68385378709284,10.5938813018598,6.39660106695783,1.78098168451668,0.306978000774692,-0.864320632060065,-2.52098127881425,-4.15672002005277,4.09244547526537,1.62580902516962,-0.365001954603251,-2.55246944526511,0.293685209338642,4.11076435580657,-7.0973343749178,-6.3333436165088,-2.83143364178741,9.14482607042953,27.6421908890872,46.4758792032238,64.9500593251998,75.4110427854487,91.0859458640987,111.870450072284,99.9604736427138,72.2315506806818,51.0424801478331,14.4418292107084,-2.57420868726252,0.574991266086515,3.14865958020077,9.50939333254999,15.6590433664064,-0.017674997756583773,0.13083063812879134,-0.07957273052661637,-0.21900171609123376,-0.06547601431283284,0.2711155428271286,-0.17230210042042135,0.09393536459822369,-0.21536467972325699,0.23235088502905857,-0.10795888919754129,-0.04781150828818412,0.016049124002715208,-0.015471908459001624,0.0337939832722518,0.10199458810895884,-0.0024155722173541563,-0.04354532555458931,-0.14728680852865617,0.048564191463364145,0.01218647085527206,0.007045065724422891,-0.0025880145862994444,-0.17468332213232773,0.011143370559093658,0.14794724860816133,-0.07122497909754505,0.10745086149103397,0.06905953917017857,0.06311504948506738,-0.12173270613612122,-0.2284617104040247,-0.00903233414513367,0.4846943948948487,-0.7329247581293657,1.1201680044128297,-0.6313101795978289,0.02074213077154749,-0.04453385517136484,0.029174321758170123,-0.14825483948131105,0.04579532558695674,0.13821709100133195,-0.06535923620055784,2.8691269841269844,9.99752337545223
64,-0.596243871991592,-3.62332993783874,2.03906284456379,3.82144505639615,4.59975681854693,3.36997138983174,-4.79359435203924,-12.6513073381569,-9.95649821302047,-10.7215371483915,6.06370699525389,4.85499710696022,8.88487891968546,7.24727801048048,4.81989804955255,5.50702841451834,5.37983583566531,3.71560054637804,2.0571996702556,8.27575444635257,4.45830716826335,0.854676104471912,-2.86426927894738,-2.21900426858845,0.958358628718029,0.0795554138131666,-1.91673492767173,-2.03941814557152,2.10154883630718,11.3803964777793,20.1782658539412,29.9062346894391,37.2290894996021,50.378416224842,70.2042834168219,72.2315506806818,63.8560507467355,44.9866818179919,17.3648799621094,4.34037251161686,8.91886362666897,12.7941049725943,17.0116405166727,19.3391621138689,0.0033373009084976587,-0.12038461244943606,0.08481704606928518,0.09855937970175795,0.08113436173055391,-0.34233346855088115,0.2991881529119891,-0.005631016579537091,-0.047156413594288286,-0.011554605899216258,0.059601600010906974,0.06064224089205259,-0.12354625111130947,-0.0028572281816802705,0.11633784835062529,-0.11113845948565135,0.006351038090655691,0.015168890996056074,0.05997544560426983,-0.06734368069298155,0.11474978475821682,-0.035301478459491,-0.19198118057941027,0.041777449939727644,0.38484479980524955,-0.3383739975070128,0.10697362097344137,-0.13731562066612793,0.13495359411828922,-0.12609240357214443,0.09919627716930755,0.19342265022562888,0.09199382407050938,-0.16984501763685617,-2.1513156756230245e-05,-0.6313101795978097,0.9586813035646328,-0.3042510874868984,0.15358534391637307,0.01158436273414892,0.1536957887436014,0.0020314126909502734,-0.34858978137428964,0.18419701970526758,1.7319047619047616,7.990372378477457
65,-3.92763084191004,-2.28675639743216,-1.87174296328395,1.53214803388171,4.41854554084439,3.68841591505134,0.470184366213548,-3.28469130362398,-7.20570378866321,-6.19743092517864,2.91917063716775,13.4650268174734,17.1841942501557,15.1805115696062,11.4099859976465,10.9762849953928,9.99753063930587,7.59738907405367,5.21912920538634,10.4506116854616,5.86890299749539,1.70031063756552,-2.52472724977347,-3.30758247812364,3.62693280138325,7.18700259122703,5.90205248328511,2.97986232268534,7.65937716121802,15.3589008507656,21.2798917295685,29.9010959429678,33.7656490867452,40.7722084057135,52.9114366867376,51.0424801478331,44.9866818179919,58.4382242877994,36.9173821973559,23.2931454828594,19.2542264641661,14.0634462093729,14.2408387139667,17.9040032378649,0.09333698015282949,0.0037697115259720327,0.03586370060689734,0.0727990780434987,0.05006513555947102,-0.00011170300187784977,-0.3103840124185455,0.059993676711464286,0.048709525539502675,-0.02020943146715628,0.012330656434610529,-0.17343749392243069,0.21810409736295075,0.10076584800558848,-0.05827158277252598,-0.02913306920503902,-0.1542854774933044,-0.04132800600789681,0.0465593222292593,0.027268517160907182,-0.10736583241601982,0.02117596837338652,0.13191758413242455,0.041953580256152555,-0.015362400738176112,-0.08037845869144884,-0.11284009253109316,0.0990248072724553,-0.043174545719274524,-0.10928126151083822,0.4277462936740537,-0.14090150118951283,-0.14774251849823228,-0.16813214914214633,0.08578876734311322,0.02074213077155443,-0.30425108748693236,0.7129324333126139,-0.36682327987619157,-0.06431893820492764,-0.09181923434235924,0.02505779149342368,0.257892796156378,-0.2588121882309183,-0.4408730158730157,7.643835705180968
66,2.00315955498302,2.5619323089689,-4.44005714618915,-3.8400249318445,-2.36793900073382,-5.73353948475278,-11.4279769456178,-14.1901638442892,-12.7623306628029,-7.23288178660368,2.64461750853026,17.6084415545398,20.4844387288607,18.5815632453398,14.3558029704467,12.3120366835388,9.58736881183517,5.27200939969341,0.957030536477565,4.05866979138511,2.45417081096449,1.66421937785637,0.883262064157793,-0.203590967072359,5.03511326643548,9.3733541375848,8.10714059940476,4.39037827251255,3.18701348435089,3.30091821793576,0.900908474512992,1.4793532219621,2.01243604995552,4.85424238055027,11.7480433979331,14.4418292107084,17.3648799621094,36.9173821973559,43.5522532726692,29.8472882860133,23.3742131357345,14.9873828233746,10.8623583090386,8.84015790572097,0.02160676850567535,-0.12488787225484088,0.04996253758635148,0.01874361699147666,0.017690427030414627,0.03093412594706451,0.1456424704978913,0.019772979384806426,0.13971446619345854,-0.22606980117626357,0.06494144571760169,0.2365976815048753,-0.1976516106654937,-0.2098752824276921,0.02089834838190259,-0.0035836936029555767,0.008163106400978809,0.05098057355866037,0.15835455420909342,-0.01629393382048234,0.0316175482970926,-0.02656069595098978,-0.16452768798757303,0.09116408964661754,0.0816270591340418,0.0795399118395968,-0.16391697087951249,-0.12582547490096904,0.07208348988673804,0.13108990802176992,-0.2560730160604369,0.011975909237212925,0.1321682832850392,0.12541102865546547,-0.14247459802520013,-0.04453385517133349,0.15358534391636003,-0.3668232798761796,0.5841446476079104,-0.06847963642266147,-0.03548427961330786,0.016850044408999374,-0.06851113250853803,0.16109734981296878,-0.17805555555555552,6.598655413996796
67,-1.88069863507536,0.042588003736985,3.07211858512003,6.98662294427577,10.7043000325009,5.7661360474339,-1.10004085990921,-3.25114489689475,-9.56315495481248,-9.68869519387551,4.46133523446523,21.4281257824648,21.1341782930237,18.1004560885115,12.416580387062,8.60215641008425,3.56023191849478,2.56528755629088,1.5733464814829,3.55728056878748,4.50828590411739,6.04822010970887,7.59665966432181,7.3256828031883,12.4680376689198,20.5179232753005,14.6704773130988,13.0003090392739,10.7688345400832,-1.58018572254529,-16.3344899007618,-28.793585880517,-30.5412615314793,-26.5605491031557,-15.5738127140065,-2.57420868726252,4.34037251161686,23.2931454828594,29.8472882860133,73.592804552089,54.192063324447,31.0199218357848,26.5486663768195,23.6146112020828,-0.05914137419435739,0.0988649873164177,-0.0708624922691191,-0.04298058258750485,-0.021669277442727418,0.010376752195050421,0.029878665811213963,-0.10265493339509281,0.03079487965585146,0.022326986716239648,0.006230506575097004,0.0784706174424307,-0.21041165066789583,-0.0019260502232524724,0.11489039636387222,0.035989690305210605,0.01116812390977494,0.01486659640663769,0.0532362869665244,-0.138833239849998,-0.02874749409799939,-0.025473351448627155,0.02368418983909987,0.024774912535158955,-0.0468716093505295,-0.09724490750844389,0.18912782882521423,0.17412353807433686,-0.1590909218571098,-0.10754633639560732,-0.08486966447795297,0.12642412119189303,0.12757667186407887,-0.02307929017594641,-0.013489999712861807,0.029174321758160125,0.011584362734145091,-0.06431893820488983,-0.06847963642267485,0.9261158560216155,-1.296817881967756,0.5115060690821127,0.10216973263278051,0.004521637225661219,2.1110317460317463,8.57804199990237
68,-4.90427152887751,-3.19501992046418,0.670263477692208,1.81790863465867,4.20695963864394,-0.844329893954328,-7.937926593422,-11.0615120415641,-14.1207363314426,-14.1146146319279,2.97896974315912,11.0397297646191,13.7375466227106,14.4646706321792,11.8320272400739,9.50013724634116,5.98050665208446,3.24091410931138,0.504459895604841,2.11456686171393,3.8462776394935,5.49459477742788,7.18526703544134,5.66136010771567,8.8106169442226,16.2253650544745,11.7239373356025,10.9052468151627,7.21892543297516,-2.01839193594422,-12.335288263197,-21.52336356771,-23.6188169361432,-20.1069603933158,-11.229881205655,0.574991266086515,8.91886362666897,19.2542264641661,23.3742131357345,54.192063324447,51.4407768085203,43.3174862516999,40.0936258257677,36.3555758914476,0.008072803228208567,-0.12151157096302821,0.14088265043446374,-0.08561329500191325,-0.015986831934850013,0.024366334090473587,-0.017805767617118985,-0.03126121127408331,0.02910186967588325,0.18157435340355366,-0.04509773565799413,-0.1270927687067123,0.16993739326170937,-0.03407595322956953,0.030119884529580563,0.02707163556609688,0.013614350769203133,-0.0705670294134896,-0.33246760663028074,0.33842021920915066,0.13564395021992623,-0.009250789588437017,-0.15646281205310283,-0.015679106239032355,0.02225412164683376,0.08243030030051665,-0.04671656132435976,-0.08372933012844648,0.03189671126857046,0.03551722658669409,0.03447741838358357,0.10872173640263784,-0.14656966095839655,0.026005099342333655,0.05836722031960545,-0.14825483948126952,0.15369578874359893,-0.09181923434246564,-0.03548427961327065,-1.2968178819676892,2.7384901261398586,-1.2555858766263137,-0.2489926835614835,0.02212599725063907,1.2473412698412703,7.171525417128516
69,-8.02990471313289,-7.11072008801424,-0.890389694325902,-2.0577458062313,-0.566143954313747,-4.03728477387058,-10.2386659886907,-13.1251601593976,-11.9787109815859,-10.7128161471548,3.54208688493858,2.47352096376871,8.09777855179791,11.4343314194941,11.3978190727374,10.147696873426,7.73164183434273,4.16641660285579,0.591160226963371,2.86594238050747,4.84837551480329,6.07541998520769,7.36872658753746,4.67256844582643,5.6843541614075,12.4035914320942,8.90493478350452,7.39942518209779,2.83282072131975,-2.99926588026025,-8.49691111149065,-14.1484935726497,-16.3786307002676,-13.6075703573392,-6.85269140938013,3.14865958020077,12.7941049725943,14.0634462093729,14.9873828233746,31.0199218357848,43.3174862516999,50.9892338533114,49.5337603934746,45.5717084258699,-0.05405187557869953,0.12261701318055926,-0.04203091555870523,0.022763684679287487,0.05770675212446149,-0.056488605461836865,-0.07467404059775408,0.13409762855587457,-0.07786160761279022,-0.08703297697917477,0.033086083818649664,0.1274687480674489,-0.03364357045328946,-0.047765398835549956,-0.014924493459362894,-0.04459347467115414,-0.2013689722423444,0.00726673996177007,0.2519924694181558,-0.12472705131986257,0.0005148157057703864,-0.02276405983446192,-0.10214244843824202,0.11344576633121241,0.030835376699632232,-0.09341649337593408,-0.03334672807514767,-0.06596671384556306,0.017078268792338404,-0.04985487614432388,0.17149669441497184,-0.10979126203687316,0.04929989219072571,-0.14682891310702562,0.036050077222754065,0.045795325586961304,0.0020314126909543795,0.025057791493484083,0.016850044409008863,0.5115060690819865,-1.2555858766261645,1.4565075636289948,-0.8245192056573769,0.25769157687417954,0.4930952380952379,7.139974359429552
70,-7.43855190875629,-8.02115618594497,-1.56105852518415,-2.31945261940089,-0.660735774498105,-3.15489096208988,-7.34399437642969,-7.48131011564407,-7.40743021186122,-6.90610469989835,5.27312307148425,8.85240829629049,13.1265086945516,15.1159680866151,13.90138010904,11.1473069395454,6.89389910406947,4.68977440519112,2.46316645456705,5.20068099481926,6.60569379001057,6.75289333197027,6.9521157807847,5.0280354949684,7.51820878972435,14.4622977790813,9.62027038536369,6.65407505577213,2.08774053276065,-2.89995663410274,-5.77513481584088,-10.7743618239239,-13.676596806138,-11.366457589643,-1.00779855950717,9.50939333254999,17.0116405166727,14.2408387139667,10.8623583090386,26.5486663768195,40.0936258257677,49.5337603934746,54.0462798824511,54.388935517502,0.32797539898942446,-0.2596914751828192,-0.048038918751431604,0.13625789153410195,0.08736954821225769,-0.0008570781015560347,0.016288077579993447,-0.038140980993549026,0.12678990931078893,-0.01459183639820706,-0.2724060430427271,0.10901142519576718,-0.02207105617721685,-0.13756336008271247,-0.07505736693184428,0.02610518721973791,0.30585958782091893,0.06562688446565633,-0.03187691671695004,-0.05349867919553013,-0.06701187518781461,-0.053685142159046614,-0.04255394895742538,0.07058909474555182,0.02288457750189861,-0.034478766195272875,0.05805687881447684,-0.0025694708870994862,0.0031371164446149895,-0.002038695119213865,-0.10128532885693763,0.03066081419784625,0.029798920165075137,-0.0032876573713601876,0.007370311791758586,0.1382170910014053,-0.3485897813743584,0.257892796156362,-0.06851113250854843,0.10216973263285385,-0.24899268356153847,-0.82451920565734,2.219344018547802,-1.1484131665304507,0.845793650793651,7.350937347199409
71,-2.5561395220801,-4.05999933179042,2.16579524893743,1.88018426506209,3.6986845199315,2.14862391870778,-0.315682731268369,1.74417554552572,-1.80668193246126,-5.15711713132458,1.15805558523759,11.462351489496,15.6327516108099,17.397605538765,16.0586207778671,12.6678376633234,7.49473136626253,4.78996756349562,2.06959702094564,5.85733045629814,7.05108991700293,6.45751257699148,5.86712831175174,5.61574604430966,9.95958147576068,17.1869976074842,11.8534394161811,8.03266347813323,4.10478761057945,0.600306239231253,0.718928392891042,-3.12529624901855,-7.02151121339825,-5.95709736936013,6.62120791792091,15.6590433664064,19.3391621138689,17.9040032378649,8.84015790572097,23.6146112020828,36.3555758914476,45.5717084258699,54.388935517502,62.1565990043527,-0.2081267427533178,0.1763955320865486,-0.025336539198691162,-0.1003549629805153,-0.04602188279867216,0.11577904952854152,-0.030675230018956997,-0.019446862464867765,0.001635973028590072,-0.06640494963938598,0.23319957920301376,-0.02120809637620694,0.021543983039556003,-0.01666343508723875,-0.028442651177507248,-0.012457087772201374,-0.11261997636613075,-0.0021934846175828814,0.06915374619334799,0.029019678343650556,-0.07824813040530841,0.027699543690403554,0.13643737542426432,-0.1160865484508909,-0.029594198612592663,0.005718247694552234,0.020192359316479936,-0.023480611481460554,-0.026259228621270624,0.16143527332608057,-0.22053398271246688,-0.02481053223865273,0.07861626960504393,0.18932085179621147,-0.1430297844616258,-0.0653592362006101,0.18419701970530888,-0.2588121882309225,0.16109734981298093,0.004521637225642106,0.02212599725062326,0.2576915768741663,-1.1484131665304516,0.9704538446354289,0.8168253968253968,7.883311423783326
