,Cov_0,Cov_1,Cov_2,Cov_3,Cov_4,Cov_5,Cov_6,Cov_7,Cov_8,Cov_9,Cov_10,Cov_11,Cov_12,Cov_13,Cov_14,Cov_15,Cov_35,Cov_36,Cov_39,Cov_40,Cov_41,Cov_43,Cov_44,Cov_45,Cov_46,Cov_47,Cov_48,Cov_49,Cov_50,Cov_51,Cov_52,Cov_53,Cov_54,Cov_55,Cov_56,Cov_57,Cov_58,Cov_60,Cov_61,Cov_62,Cov_63,Cov_64,Cov_65,Cov_66,Cov_67,Cov_68,Cov_69,Cov_70,Cov_71,C_0,C_1,C_2,C_3,C_4,C_5,C_6,C_7,C_8,C_9,C_10,C_11,C_12,C_13,C_14,C_15,C_35,C_36,C_39,C_40,C_41,C_43,C_44,C_45,C_46,C_47,C_48,C_49,C_50,C_51,C_52,C_53,C_54,C_55,C_56,C_57,C_58,C_60,C_61,C_62,C_63,C_64,C_65,C_66,C_67,C_68,C_69,C_70,C_71,Mean,Std
0,204.172441736386,179.490350582552,126.749219074057,48.3542977050954,29.2702735198682,27.3425506710553,34.7692921568671,34.9209211148772,58.9384448579541,82.4933498756058,65.5206152465277,54.7930840106932,50.6168138433164,43.8923754839415,29.7462325500337,15.7907631109543,-2.2299169998019,-1.56411025616487,9.62175801252307,-14.9929273149094,-34.3193142827816,-45.6104816004799,-52.5084821630771,-20.3245504943229,-0.738048438040782,9.76111497310364,-1.88521579427981,4.13767628767204,7.58352050233755,1.51615965974985,1.2326825840212,10.3052310725174,20.5804230113106,15.9976961136237,-6.90291246133372,-8.63793495701905,-11.4508179617467,-19.4345368979295,5.34257678298516,50.2737923074378,58.0982871257021,58.8961152341269,40.861296924001,20.4846160737003,8.50477546451303,-43.6442370859923,-11.749094571876,-5.9097794036594,-0.136855397127251,0.6216536132099022,-0.3878874352225182,0.03636566127434155,0.27529366081036916,-0.16166415130938563,-0.03904075158380737,-0.005580710558386877,0.1461705716119804,-0.19675558118114458,-0.14768726986317993,-0.28616348534342473,-0.05051669427817679,0.296905038716547,0.04380631495184106,0.028081452065327722,0.02189357598418136,0.1510411840309775,-0.19958884577000252,0.04856567122398017,0.023614751839075056,-0.24730115053384735,0.04248399731824157,0.0008742944230889223,0.08803839564545664,-0.03507148100669174,0.031227751272799042,0.0037447522261228458,0.07329218082757023,0.0433625237612508,0.31116957452225136,-0.045472403252809344,-0.0626889675370288,-0.12833646133997162,-0.048241456030460865,-0.13344881769455863,-0.060447299208820165,0.11982602038124174,0.3490950923803195,-0.060038026911554694,-0.09429673882935674,-0.16753374596381848,-0.2827303151080687,0.23203251511905557,0.2069083763837586,-0.11289034090242692,0.2561149048975259,-0.11971954368733344,0.004749821626550705,0.020942710667238785,7.499751729751728,14.288542323707704
1,179.490350582552,206.71428966746,179.146284642119,83.0039792647206,63.1644617907731,59.6775219853157,45.6177165313359,29.2766199696901,40.1460331503138,81.9828122602311,71.8259031297679,63.9828161699913,63.1647115671499,55.3648138207222,38.6382557672268,22.2503478205424,0.956161983214071,4.54162934191736,13.5825730873978,-17.1880705921133,-31.5990290550112,-42.6934900765376,-49.3681264885721,-11.6319315331245,2.2962341503594,18.9092470798441,9.47002761828041,15.5121859630397,18.0263734991201,10.7807688303314,7.66902902668572,14.688776742704,22.6012480132464,16.2672367460747,-27.6352484070896,-33.8535411369093,-27.2344314929342,-23.9896319513509,5.74125392279748,42.3759177008842,51.0554407488366,55.547775635841,40.6305170408534,23.8808581610786,16.1899115054974,-20.5623671050982,0.570387705283243,16.3774223413813,20.8509828390717,-0.39193368475868606,0.7404561809987399,-0.38218956366882595,-0.00867680689400715,0.016906340405823134,0.08619228571244786,0.09639125686270432,0.028683917049011555,0.03177954924664953,-0.03324343998245695,0.07054551555737382,0.08101160904300245,0.18952589104752193,-0.038525026230543026,-0.08191158991089564,-0.2607020752299103,-0.23562403484377506,0.1689034362033492,0.14457514008507946,0.17084068860725501,0.18562913627724206,0.06455904649464798,0.21002642324697826,-0.07644314064308205,-0.11292566902938354,-0.24928007533304847,0.10967167238017904,-0.018484065954111194,0.06897438015991424,-0.3431549671523865,-0.1440451623847919,-0.005392946884584657,0.1878544728048565,-0.13653532959265757,0.06406236526216608,0.16399107698922205,-0.16344652289893946,-0.08032403503653042,0.17081554056493847,0.015278625822133211,0.017739211604950848,0.3390678102724459,-0.3827332062254331,-0.24086612906519192,0.16311123258559163,-0.09823236704603375,0.01325531064900353,0.08644973625182481,-0.18107045296491872,4.3379344729344735,14.377214252679826
2,126.749219074057,179.146284642119,216.823169884692,123.998362504558,100.964431527035,94.1269028151312,58.7923432483258,41.2125089924084,37.1356881053954,89.2425963170781,87.2127569798559,81.7075308787111,82.6466914058627,73.4501451049885,52.6104254682412,32.2792707911289,5.55222659782529,13.010199258006,22.4597745890514,-9.35889677634055,-25.2935267820615,-28.4760692414947,-27.7388696503462,2.18110282488791,7.00461827810095,20.0936594353777,11.3652475327976,12.110894521745,14.3800836033289,6.10214197812129,4.55011205007154,11.0550909450441,18.1604327334129,29.2614557550997,-32.14870593231,-42.8097022263747,-30.571658033418,-20.3729006195001,8.01946404395161,24.5785987213137,31.0375972250691,41.688398285662,31.7869383385503,19.4441774858512,21.5808403560355,-2.48863937560758,5.53685299509086,21.7183576140309,20.2217609624138,0.03248117134591892,-0.3880422183450566,0.7806649990370899,-0.6762001674312472,0.08805899766205293,-0.038694298977387756,0.045147911888616034,0.04283338082929716,0.009456327099933685,-0.11524575836955295,0.1947852722157083,-0.11473154306882712,-0.20427646777416605,-0.03119421623101714,0.057958552224267615,0.24308218322303418,0.2833664109671059,-0.3876276494128817,-0.17586917668557853,0.03703572738516467,-0.05722533560811129,-0.059245261369646585,-0.03598675606402054,-0.154074874173948,0.3874172283622085,0.12133636615274825,0.0008658231092726424,-0.18415528687973554,-0.32111371721759474,0.2099057005329317,0.20560644058807095,0.12617549957403698,-0.009460298567592638,0.04192139238703367,0.03599717619183564,0.12185542592591429,-0.1139920866047288,0.06740048244506472,-0.1849985447492954,0.07489964236094858,0.24732227862879982,-0.45332702101750066,-0.0076047351889686155,0.16964215869316934,-0.07035783461505085,-0.03678207008371067,0.1389369729163918,0.031051652719489623,0.07321320214652545,-1.052216117216117,14.724577069807198
3,48.3542977050954,83.0039792647206,123.998362504558,119.007736877484,115.851625925143,103.58134897623,65.7234480197776,53.9931907224031,40.0643590315794,76.231138888434,77.4195875716326,76.5300555466577,80.8448832208848,75.9538734263723,59.6574066867572,43.9480345231194,21.9801368475416,19.8744117756291,17.0455910057011,12.0697747777355,2.58938523351178,6.19342026937839,11.1462640169862,7.94740387166534,21.7842582464796,27.5787092987621,18.2565229208092,13.8698230146283,13.3098464188034,12.4616045906492,17.4110935603874,14.3728627747785,11.8930803805889,45.6137254346003,4.43050596912519,-7.40045343098801,-7.61178400830497,-3.1281991007176,1.37183189672054,8.59469938909537,15.5175815249581,13.9351884553935,10.158274712369,4.76038160298923,15.6130586147743,23.1731479633491,27.1513371520921,58.324032743151,52.2763444797025,0.29743740123958196,0.0016858950076609157,-0.6833810678610709,1.7160267092966568,-0.7269258747761422,-0.10327384616916016,0.01113495101501334,0.16369039039386427,0.0010187448539087705,-0.08717351384382756,-0.009155277935180535,-0.03212206800683339,-0.09249137175800153,-0.06301715632272999,-0.007636068674150966,0.028136957670035007,0.11635046652528962,0.3285696904970273,-0.0643872933720944,-0.24586131545834455,0.0957493767699981,-0.05155116709181945,-0.11368051766013952,0.18827079516338788,-0.5953373605496443,-0.26866913841349355,0.27332825456401005,0.36460898991635315,0.2421838016425045,-0.08521481370202127,-0.048748292533056486,-0.12877546319812344,-0.261625120388632,-0.0009583206932174907,0.02249065319069525,-0.32338153488213134,-0.012127072560026644,0.2912401855744343,0.11359945019691714,-0.015841245508962553,-0.3031339927401497,0.286734181101456,0.22668145963519057,0.0722946253766186,-0.27217022341106173,0.3359045133450457,-0.24716156813081425,-0.035845275951723064,-0.10743948110068793,-0.9151444851444851,10.908608384092087
4,29.2702735198682,63.1644617907731,100.964431527035,115.851625925143,152.441219051424,150.691263791832,83.1909481045621,70.5012983305073,37.1679162123558,81.2077201247714,81.2376424416479,79.6290761214223,83.0966889090311,78.3412339808546,63.5724383045883,49.4540520184042,29.8492065546862,26.6553756487393,16.4102206775462,21.2986937932944,16.8513315162042,21.9834941205751,29.6213011296098,1.13151251161458,26.8515366590052,37.7112089236653,53.9482707976708,50.4072090624697,49.1313909183506,48.251567166816,50.4059393777436,30.3878445749055,11.1135951794807,73.2942769700212,37.0939441944179,17.9314751504664,11.4142750464343,16.7803088391685,14.034013601459,16.7348531846412,33.5166079156803,27.9932142967734,20.6539514302512,11.1247839984122,14.4957398556401,40.9418397421573,37.434473816633,76.8319643714409,66.4294490655105,-0.1789739747442976,0.013448532614385991,0.0942887631929983,-0.7529082900117342,1.232088940486005,-0.46961839514368553,-0.1198203848048592,-0.15738632425739005,0.10262089455628136,0.23000706425988293,0.06319368682578874,-0.06793725391742092,0.10059858553440894,-0.15574427495821166,-0.11084594530725403,-0.15799734765925993,0.01103428228863164,-0.07494815582063512,0.16424942293315972,0.19802171659140955,-0.08899969224762737,-0.16884456912219376,0.051991936394572766,0.24805829248850522,-0.4206393702917147,0.3754836276252504,-0.33705954587210213,0.07136944729286743,-0.014637808147633819,0.00028590736252330224,0.021254019049982496,0.05022533077416232,0.28033542407115347,-0.0110387843147564,-0.03925514787511967,0.09234396213445087,0.3681562157500359,-0.5028709262487774,-0.03789421146587643,0.10952942320222063,-0.02606309908849191,-0.07851973126578839,-0.025025924482167124,-0.06673358505553971,0.223971546232786,-0.06619112256564054,0.016686843178406737,-0.19191687191971094,0.17633106829686127,1.381927146927147,12.346303861942818
5,27.3425506710553,59.6775219853157,94.1269028151312,103.58134897623,150.691263791832,191.115297489113,102.325951343094,88.9451787858207,37.5901121853868,78.0258528515148,77.3146842479486,75.0588142618145,77.8000783182778,73.651787607991,61.0200342031441,49.0527316169232,32.4531406271644,28.4663800766656,20.0855036992841,17.2648211110162,8.62296339645969,5.82783556095734,6.7197573359784,3.61175777527021,11.6809049831007,26.087779400992,59.3200610677747,55.0239590317116,51.6671597703583,49.3967899461792,47.5872539240363,33.9067726620314,21.1019833776839,88.3280185444129,51.9336606109277,30.0738109970219,22.5344013510014,15.5211976780427,15.1507713017328,21.155635460418,33.2764888683721,31.5187271736203,28.1838418848765,23.4409600806557,34.870012472127,58.0521649577081,52.1687373429969,77.5266337921497,74.8689247983511,-0.046383272923780236,0.0984464465823261,-0.03620790684542637,-0.09356056212416404,-0.47090139892984667,0.8832039842763392,-0.2833626043822447,-0.09470027822356399,0.19451656204567874,-0.1649581912769588,-0.1956684079563169,0.14794357225764618,0.12724537691364743,0.12301954764972806,0.04267275627086715,-0.0533115730403624,-0.21514234546883504,0.03631667543400279,0.1020531317279863,-0.2874292942803569,0.47474640378861016,0.23883628505916887,-0.11978954967341883,-0.14816216823405257,0.4747701289416397,0.07120738978527646,-0.47108850353210635,-0.057677266564861926,0.13601881110349648,0.07376696100601465,-0.1995074097100079,-0.06239901716944534,-0.05215765214343896,-0.037738489423810063,-0.1413440290465142,0.1451424490465472,-0.21746960162212484,0.22332224940097034,-0.045441871588537644,-0.0440847851151124,0.1455295767403476,0.1280683749904307,-0.19776459816206465,0.08552677656387513,-0.0536197046786188,-0.1645576892708169,-0.0024754617073680313,0.1074816435181648,-0.13951018117187086,3.973840048840049,13.824083965641734
6,34.7692921568671,45.6177165313359,58.7923432483258,65.7234480197776,83.1909481045621,102.325951343094,101.618939444732,96.2481282517367,61.3990409978097,76.3489216976141,78.4630875243251,80.5732144871501,84.3542418235916,79.653366216778,65.2399391462834,51.0078817626388,31.4466852079651,26.2067209924716,24.0443376833928,17.5834346813045,8.56267134332474,-4.66960129891239,-14.8642835879401,-2.13222050883547,5.18734682494184,15.505250515307,15.4903955160287,19.9837441935127,22.3043156917918,24.9610770768076,24.1815621936896,24.7444659051119,26.0546555851328,47.9782555475232,18.2342882737734,10.1442375750696,9.03596472418547,7.7755146102794,10.8530213291594,23.6946701675898,29.3127290044404,30.3489584022459,29.1569447007214,24.8043368333896,29.8407054594391,25.2842609960422,27.2525754539811,58.9335239217169,68.4340499164262,0.005600927865714578,0.1033753714880047,0.0007901794556956333,0.010105042375687037,-0.10865693030972787,-0.31040325175609945,1.144879478186306,-0.3357132872126527,-0.367606810469307,0.024486739766815504,0.07924646301350786,-0.24672370357748288,0.14530896961065712,0.07254072017555925,0.018406515125620956,0.026849036488464546,0.0760624438927925,-0.21637872073601486,-0.13191994565945148,0.38112623350350505,-0.15733400815208998,-0.03467594223879775,0.06035981717693761,0.10302934111924321,0.1770395019559322,-0.49330692624161415,0.3765543054820588,0.1966492915911119,-0.11701206889311326,-0.16144436331598863,0.11964031504489649,-0.19414041559585268,-0.4170269162837945,-0.036536095420112234,0.20609931284409153,0.22447868399923632,-0.41211138518757157,0.1948975690597669,-0.10993001059452415,0.03254581093907131,-0.04329880190291533,-0.1065814085167463,0.05378481438350605,-0.13856186062349193,0.18764134353892384,-0.297989487446115,0.17356274118337683,-0.06728004677241813,-0.07234233923597486,1.378614163614164,10.080125963733394
7,34.9209211148772,29.2766199696901,41.2125089924084,53.9931907224031,70.5012983305073,88.9451787858207,96.2481282517367,122.542198984151,78.0941258102133,88.7242625009437,88.1515019610712,89.8728822180187,93.1689010369728,87.0458965669997,70.3620584180076,53.8065227268101,31.468684863273,22.2817616660108,18.6366095612857,14.174776565894,4.09056156171247,-6.20369602030563,-14.0207673057933,-11.0141932216475,-5.51257168569591,0.0927802250944862,1.24052906496762,7.34510381197745,10.9985360010387,14.3690063284035,17.4581474723938,16.0377026886691,15.2137922525138,43.4937535850047,28.2032493571274,24.3154421441468,17.2764755899866,9.47610472528464,4.68087028990906,18.7906301130556,25.3214465004479,29.2432725841669,31.0464898593158,27.7273277128445,29.2038356284224,5.52905772539817,18.3499507512845,39.5012094849581,57.8088141967436,0.138959551128398,0.026113923347780885,0.056185915254760174,0.16054894236531064,-0.15465600004475932,-0.0755884367261495,-0.3491267911741559,0.7581759142139414,-0.040745097925315804,-0.30894316384715237,0.009509293398271213,0.1470004510205522,0.038848871357631536,-0.16910916203611864,-0.07106209760182344,-0.06959956926541039,0.11204704517545234,-0.07325844348719983,0.015552117093998176,0.010523528304189143,-0.17952066576503728,0.07280464696877165,0.17500949648268546,-0.2270685589244141,-0.09301790101920865,0.06799489902143747,0.3882765201253048,-0.056651627255492575,-0.1529966682666756,-0.15337844593546546,-0.0158425981272816,0.2020755767085338,0.3729308713897273,-0.08279142902229554,-0.17961026744289194,-0.0687864639140664,0.07767563296924448,0.23396305661301675,0.0027925932177411354,-0.16101529393191244,0.2200436634314856,-0.10948645635455093,-0.11756929921152871,-0.06469614919988861,-0.11369188623043733,0.4321188076447579,-0.12464160525460925,0.041096685424423775,-0.054314878135344136,-0.5656196581196583,11.069426316849086
8,58.9384448579541,40.1460331503138,37.1356881053954,40.0643590315794,37.1679162123558,37.5901121853868,61.3990409978097,78.0941258102133,89.810303936499,79.7832239809583,72.6091644485354,73.5099886486723,77.5285366693791,74.1646194863286,61.0641366631773,47.9889309206955,29.5743580131223,22.1854393530667,21.2743133033178,17.9040683284027,7.31948118718234,1.71118089228961,-1.97572828303914,-2.94293777134284,9.54990071803418,14.9267992215091,9.22160754628911,12.1434042330922,11.0134643842086,9.90817979010835,14.2123800252932,16.2777415043457,19.0312669373085,38.6145487893139,26.7201012690218,21.8578588112419,12.1403083837488,1.743962748328,-6.41414729013113,1.22255371137613,4.94774461020312,7.52332661262402,8.17865562747915,4.11854186712735,4.32484460505703,-18.8870722672342,1.00036596710912,22.3082814121182,25.4016982579105,-0.19886455931390917,0.022613958444786034,0.028382306397097098,0.0012388987022902353,0.10749055219706187,0.20709878297996495,-0.3727550040273452,-0.044509216749524065,0.7177685280038627,-0.36213180041182413,0.4214800212023801,-0.17705209971399108,-0.10627639533350144,-0.09613230035389948,-0.06295754049932335,-0.07133996464704313,-0.12253085476178474,0.21063142399528498,-0.07071192255555987,-0.39867198849747576,0.3826748529452102,-0.04934920154710387,-0.13978734138417817,0.019658941051571843,-0.13729900339958623,0.3306546194087068,-0.16491281248747905,-0.12469129437430711,0.05881726701430139,0.011917643881047185,0.03473350600721259,0.013164598590104258,0.0377215008822984,0.0219459936651033,-0.13226431900687127,-0.0022978653537609737,0.06496410161286449,0.014093653937655036,-0.10676682499921296,0.26913366661952604,0.031716868657974094,0.1525954309217107,-0.23395912904981958,0.09711536999535728,-0.10799084904730606,0.07423894076186133,-0.010294795424746716,-0.14225117086761524,0.0705271461178355,0.7062576312576312,9.476302229060604
9,82.4933498756058,81.9828122602311,89.2425963170781,76.231138888434,81.2077201247714,78.0258528515148,76.3489216976141,88.7242625009437,79.7832239809583,119.358649005321,112.250618376497,107.491589798705,106.723035947113,94.8930114746007,75.7952785983366,57.1458898137002,34.5052954910723,26.8498701973678,22.2489265248718,13.0638077554014,3.37158559732304,3.57591562370349,6.63322838164556,-3.19075626187976,19.2960739273777,30.7133008622744,25.7683646137688,32.6842279098853,36.8289085360969,36.0470050195226,37.5359937608573,24.9095410672117,13.1773592212273,31.5199928001738,21.1009498062585,18.7863048993214,12.8559894310323,9.4656896966464,5.88354945251378,25.6729068267012,38.5468043118,37.0424802832341,25.1447749762357,9.88180887746384,9.28777984866668,-2.01155482395578,20.3438632499352,31.1553036456908,28.206774636535,-0.14285780296611253,-0.02349493934989437,-0.13163730957061118,-0.08412002723007242,0.22677240965707657,-0.20439630614649362,0.019526042444071075,-0.30696860741731524,-0.36079022210377215,1.5558421517164407,-1.0549930583119909,0.4946738567268919,-0.46967152491766706,0.14515665450289636,0.09179121046011822,0.17159481603435914,-0.021029055417578525,-0.032843296789182914,0.1539099063412744,0.224093027752499,0.1868082511193477,-0.04522018685592546,-0.050592307082344204,0.1045170926785047,-0.3551814902576122,-0.10274075005840848,0.020567872785872292,0.03145299983343998,-0.13589260184845733,0.1003622393359035,-0.039053860337723886,-0.00801301266704209,-0.0454828285703486,0.13471906741454745,0.08268808781808559,-0.06632597658540865,-0.0035957426330267533,-0.6382174701380715,0.2707778752039833,0.085556790448972,0.05758380672995639,-0.14470192347253594,0.003727648725056662,0.12040307799979882,0.10041799968995681,-0.10421611389089858,-0.11808548503765866,0.007602554417174928,0.059047746643293514,5.055295414462082,10.924680727843777
10,65.5206152465277,71.8259031297679,87.2127569798559,77.4195875716326,81.2376424416479,77.3146842479486,78.4630875243251,88.1515019610712,72.6091644485354,112.250618376497,120.527058435378,120.932964293817,120.164044530887,105.58349398356,84.3425862460414,63.4801465705892,38.9472316128727,29.7519138406018,24.7438601645106,16.6075499697832,7.05783499381699,0.392552145797709,-3.30168843505227,-11.3207064559851,11.4484262116226,21.5687492213829,14.2070075554379,18.914221547657,24.3771125065919,26.2767063695318,27.9430126508754,18.8654220834802,10.7395675631677,31.6146978808077,12.3895531435763,4.20101340739009,1.33378970943978,1.29199833117349,0.240679036882547,16.2530069167809,27.0031606415457,28.5201264775585,21.6652733691985,11.8225537628647,15.8510182487189,12.0562710133864,21.2455366560779,24.6763635232524,34.8284936490409,-0.3067387008419713,0.08628027743362088,0.20610670674738665,-0.01638907687151241,0.04543440404697162,-0.1705013108993598,0.07445631063235261,0.04435908984075292,0.4257486833463708,-1.0769002306806372,2.390564571083552,-1.2976632919333215,-0.31001852935815305,-0.22640182215397867,-0.03005688621878279,0.14963360470303597,0.1930420233540728,0.15014508021655595,-0.3515432485484864,-0.20596128129121363,-0.018392580911230885,0.012618516286852965,-0.006638848024455479,-0.11656847184717267,-0.052166235598334325,-0.1325610520605474,-0.0018552228818335256,0.13955125573200172,0.00196667350103238,-0.05640316521383187,-0.10776785463529254,0.04255862441694995,0.13649493627079212,-0.04149416875507682,0.27598865300111547,-0.07828828132668596,-0.03781836838811196,-0.12802957833359968,-0.06583680543475842,0.25028953040038127,0.13859588878233192,-0.0002774920256375412,-0.014998697583155722,-0.2289379258671648,-0.05337011825053475,-0.07699875632635182,0.1274540212691634,0.07107829521729528,-0.022290393111111834,5.838817324650657,10.97802616299389
11,54.7930840106932,63.9828161699913,81.7075308787111,76.5300555466577,79.6290761214223,75.0588142618145,80.5732144871501,89.8728822180187,73.5099886486723,107.491589798705,120.932964293817,128.500673759182,129.212295870163,112.682135989073,89.6398866056638,66.9182013654904,40.5856772952447,28.1017046813317,19.8884323307682,11.8816387966452,2.81554781499678,-4.64239782796809,-9.14229637870345,-16.4777514167592,4.17008547820762,11.1833766132691,5.25809144526369,11.43861940557,18.3030450286218,23.0132016550703,24.3801563566665,17.2872447390253,11.1683288632577,30.5128574814921,9.12234275454345,-1.2016348824046,-4.92595656463543,-5.68377334010568,-8.76910096440184,8.27248405191346,17.1957834725521,16.7928537342904,10.1984982574023,1.26369912437918,6.07253581726102,8.16199653938207,11.0454461349535,23.1285918885696,42.2113176989594,-0.07226950096184774,0.059060326859756714,-0.07815352617284597,-0.02742435385515628,-0.05373256189948472,0.1394331233163183,-0.24866092405268905,0.14045346243743484,-0.15390302562098604,0.475451528165106,-1.306189467424861,2.168667049524143,-0.7889619350322543,-0.1636788872389389,-0.07441184400852925,-0.01606840100004278,-0.07539644526639515,0.024437078674927698,-0.1502761187993864,-0.004216889468401603,0.02063255112919804,0.07743238892527984,0.055494763274085826,-0.04653795431381744,0.04173741906937753,0.14924776467530762,-0.05483825387465413,-0.03511318960792175,-0.11396333575963312,-0.4308245945618419,0.24182375402030165,0.29077690394553346,0.49631936384991737,0.10065047799775353,0.0114443794845163,-0.06561078197378489,-0.28422957124324777,0.18172441836580847,0.05123362716249542,-0.14730171026190453,-0.11388766807809783,0.009078466881399136,0.18977099036008024,0.1710890883036606,-0.19251832290349624,-0.05364528535223994,0.1842747927980629,0.07739128352166391,-0.14190531436033615,5.816386853886855,11.335372678442573
12,50.6168138433164,63.1647115671499,82.6466914058627,80.8448832208848,83.0966889090311,77.8000783182778,84.3542418235916,93.1689010369728,77.5285366693791,106.723035947113,120.164044530887,129.212295870163,136.203815650333,121.386412451619,96.6043078802887,72.0838174148864,42.0528032968724,28.7571134522798,18.5132282591118,10.3594805947833,1.84563592672553,-6.30605502153954,-11.6219603453261,-18.0943768678502,0.849397026787592,7.86495200316491,2.10655757784721,7.63959490041953,13.5358583190767,18.5463305045116,21.9331866063231,18.6114780049795,16.2286546214983,38.005915823726,8.48703559777603,-3.54462560479592,-8.52265985739311,-10.5501415852228,-15.8320313208802,1.55498158942439,9.76757148137523,10.0519880148794,6.19670257574859,0.446469330909512,4.54786239500036,8.31183380867702,10.9728658167841,24.0109531955061,40.2815433075502,0.3231597111003935,0.1620346348646694,-0.21872196837587335,-0.0978506556540861,0.10967956989971804,0.16320364041759575,0.13090333349907476,0.01187818036199557,-0.08124171410422802,-0.4698596442986757,-0.3007179770109728,-0.8294757091409924,2.7058938052536776,-0.8206101286573351,-0.3385528755640706,-0.19247506177811652,-0.7217502228876203,-0.038130776738615466,0.6050565857620855,0.034184247574926656,-0.09707240598600428,0.030568611605745914,0.1621610732852672,0.060886980756506455,0.33572186732434645,-0.08982330963637694,-0.16731745583729005,0.05940160711297459,0.06239800506008059,-0.003948374558748839,0.09289721652501172,-0.016284819397562492,-0.17917943746001652,-0.2902921230327076,-0.03725503513643491,0.06807833142284145,0.3690538863220026,0.3118636999283859,0.08015404267032934,0.0527511296633729,-0.36893287400855984,-0.1816457356608087,-0.007983854845643151,0.06906235597441733,0.13479191653665104,0.009029754787039187,-0.0006532952501338535,-0.05810754795824714,-0.0008928684954662814,5.319212793379461,11.670210608653708
13,43.8923754839415,55.3648138207222,73.4501451049885,75.9538734263723,78.3412339808546,73.651787607991,79.653366216778,87.0458965669997,74.1646194863286,94.8930114746007,105.58349398356,112.682135989073,121.386412451619,113.401127656124,91.4441810608503,69.7118815245505,40.3592304668546,30.452814556214,22.525096257428,13.8065208754389,6.90487304089249,-0.833512923693215,-6.08869932420486,-12.2192035937342,5.73576931506045,10.1604481837474,5.8744362189109,10.4772091400711,14.7940454237639,19.218383807119,23.660748238421,22.0335568876062,21.2778857089109,42.467962073256,14.3359226373437,1.64691510091959,-5.03828239175537,-8.95495944869655,-13.8435827024447,-0.743221856222228,5.91955071708061,7.25493788855279,6.18323386460914,3.26428813518242,8.24830871597706,11.937417102029,15.8867627670697,18.4579536677544,31.4418296217557,0.03655941031220865,-0.02480832975371564,-0.0603769831777593,-0.123660751151093,-0.14037623862745865,0.12316196916570052,0.07689722624724654,-0.1985128173930373,-0.08164730819478833,0.08818452303186028,-0.16396479959513005,-0.20127572512070874,-0.818813004120993,3.533305656085868,-2.1391194833900866,-0.7248417504359439,0.49862359977802634,0.092899822448862,-0.09757085063624202,0.027063520333358345,0.022535250036374667,0.19848664816357675,-0.13812066481486193,0.0432217063332959,0.051908908701267666,0.05982776487876715,0.2535395082851948,-0.1724829525775634,0.11612261909621437,0.3105694573370487,-0.38685168689649446,-0.3376666788561895,-0.1677310787048705,-0.012102785275504613,-0.005326425509353277,-0.08749190351375136,0.14919512011788896,0.0911440450173561,-0.001094874224614528,0.007352306231394904,0.11648423153770592,-0.0015908061123047744,-0.1336475751262489,-0.1281285158833416,0.19080794718368707,-0.13695815118358007,-0.0013806531797864517,-0.1431997067493915,0.1773947372363846,3.934260955094289,10.648527018143124
14,29.7462325500337,38.6382557672268,52.6104254682412,59.6574066867572,63.5724383045883,61.0200342031441,65.2399391462834,70.3620584180076,61.0641366631773,75.7952785983366,84.3425862460414,89.6398866056638,96.6043078802887,91.4441810608503,76.4334758780983,61.557990458934,41.2898255203303,33.0364952491732,25.739098344688,20.3122876978203,15.9081260050922,9.50589056465127,5.1612441391338,-3.00760859221306,11.8560915929873,17.0524461989499,14.0650379871525,16.7039361142218,18.1062005298655,20.476676953336,24.134326030206,21.6751983172207,19.9819879283325,38.223106587094,18.7592422708042,9.1415651559222,3.53521034973163,0.430996886504615,-4.28183408017384,3.31873484603764,8.13599720277355,8.74883436967056,8.54080419991086,6.27329414802379,11.0548869079965,13.8337257359474,22.1294649243998,18.8382740009549,31.8153065040405,0.0309685546854628,-0.08347608861040452,0.04894617807743681,0.007011577179824411,-0.12797366542297695,0.08243510504112181,0.013854932458695388,-0.11530786931433025,-0.05196071486813745,0.11907234985824132,-0.016585398212131067,-0.13810968643910088,-0.40988336482323423,-2.190305885366439,4.933649672816814,-1.9154925878878608,-0.14430434508664305,-0.11504418013053677,-0.07442370204619421,0.019664836640412766,-0.04519967139239303,0.03147713110947914,-0.07247238249911386,0.019970060844572785,0.011012405888222145,0.040140686074731695,0.06666758787019655,-0.05855307118179704,0.08183275907518484,0.1666657786760705,-0.10374715845978832,-0.12612182267994243,-0.16115401333475834,0.04535562936420106,-0.022223375670048975,-0.058262754308704576,0.03378967818181396,0.0061285187101599225,-0.02173509931646079,-0.035528556646298164,0.06756604961765024,0.04730499243798731,-0.0333551222531718,-0.10045349828382288,0.07631141280819737,-0.026226309699605144,-0.028123300256344266,-0.011028501481332659,0.04871129603882469,2.0326424501424496,8.742052154848903
15,15.7907631109543,22.2503478205424,32.2792707911289,43.9480345231194,49.4540520184042,49.0527316169232,51.0078817626388,53.8065227268101,47.9889309206955,57.1458898137002,63.4801465705892,66.9182013654904,72.0838174148864,69.7118815245505,61.557990458934,53.5809057303285,42.3836315877952,35.7399865977112,29.0154382054575,26.7878805308944,24.8438957793589,19.9205769135761,16.6327502307576,6.44532543294106,18.2278126608063,24.1875924259021,22.4488240531985,23.1049838594845,21.582777243685,21.8919269560211,24.7713973859442,21.3494012397936,18.5856971275317,33.9156479852757,23.1835370500413,16.6243902998691,12.1087644533341,9.85067930761416,5.34474182231888,7.49266425654407,10.4676062095169,10.2515654302607,10.80129114614,9.09715257216212,13.8873204575733,16.0763393400437,28.8780390239997,19.5129037728934,32.352064170563,0.026897289713661367,-0.2985733544250462,0.24523899605054356,0.03361924361116129,-0.12276733886747229,-0.06725611822606917,0.004314742105174309,-0.07159331646280902,-0.07303613402790239,0.17158481005450626,0.16632736549433613,-0.019888485934787547,-0.21110134262415173,-0.7961610734298115,-1.9283288853082985,4.608706965603181,-0.9780682248907365,-0.49976632707820623,-0.1704818569423225,0.003076998949663747,-0.027400832089166993,-0.019296131242116314,-0.15040874699179677,0.0025669550592866135,-0.018516197495392427,-0.024764668342187938,0.0017788452467573507,-0.08633810670199628,0.16196825544805588,0.21019085404593127,-0.10229102782337994,-0.08747807507735332,-0.2272282088331722,0.1719866189575843,-0.07941902737836785,-0.006095609318187995,-0.07618866382138123,-0.11094911288929794,-0.09855266378809323,-0.16407511155614304,0.15424041381614512,0.24038466995480984,0.025778125775866224,-0.00842527086339805,-0.04508806377520627,0.021267593535446893,-0.07398856880973788,0.07094056189187979,0.01824946008650427,0.1499128340795008,7.319214830180111
35,-2.2299169998019,0.956161983214071,5.55222659782529,21.9801368475416,29.8492065546862,32.4531406271644,31.4466852079651,31.468684863273,29.5743580131223,34.5052954910723,38.9472316128727,40.5856772952447,42.0528032968724,40.3592304668546,41.2898255203303,42.3836315877952,44.9583488632558,38.9446397244078,31.8630134873479,34.9633463820679,35.95082514991,33.0047439554213,31.2416068814239,17.7217734946209,25.2956753692947,33.8557493096401,33.2607526679927,31.3742638145142,26.185798064226,23.6206453191646,24.7298193705392,18.9599392243297,13.7160072498906,24.833858023644,26.8264662279392,25.3744956531405,23.4883423446805,23.5544137473871,19.1355313427024,15.1682459783513,16.1154998541453,14.1098975206263,14.3722952796058,12.0327204097595,16.2496092819674,17.3836290760473,36.3735283812255,23.4258143172553,37.9126506857955,0.1918691786928204,-0.25780406560858365,0.26854332318422625,0.1758315795609806,0.015043419156568398,-0.2862772903125158,0.09256331132274077,0.14027421114653485,-0.1329794041156215,-0.013047093203487568,0.19505115418975844,-0.10132514615850308,-0.6923634834462256,0.6055658686631854,-0.10937008136598585,-0.9500476454685424,2.6762783308297977,-1.1391119275582997,0.26417060664106773,-0.01994939964494924,-0.09901042248843207,-0.14826420624934525,0.007844352781980845,-0.024687080748604807,0.024866438205627603,-0.22713259930085217,-0.3130133835233911,0.03509029787231609,0.05472136033350986,0.03370355461447123,0.30753672416239985,0.08917670425460016,-0.04380289911711486,0.12675058425927652,-0.09952269829566425,0.22525770195538286,-0.25944120507935264,-0.178819315446591,-0.011958566330289185,-0.27026313194724605,-0.10128897650807277,0.12817059787394353,0.10831530693302352,0.2862172139167051,-0.2554541930337854,0.2128410973904567,-0.13845332579968211,0.316357967884284,-0.26296569521304064,-2.0161501153167825,6.70435297871881
36,-1.56411025616487,4.54162934191736,13.010199258006,19.8744117756291,26.6553756487393,28.4663800766656,26.2067209924716,22.2817616660108,22.1854393530667,26.8498701973678,29.7519138406018,28.1017046813317,28.7571134522798,30.452814556214,33.0364952491732,35.7399865977112,38.9446397244078,39.2866629550531,37.3882203901334,37.885366962527,39.4939749468148,36.1635001613671,33.8256228077101,21.296765924487,29.2396303085608,39.0156420253637,39.9503904007363,38.2641268134001,32.8451213238661,28.4048113657898,27.8373901463152,21.609809502195,15.8732034917284,28.4551450531674,25.8905114531215,24.1303405777613,23.8163677276123,25.4075640970679,25.1186073790582,17.5035025246327,19.3591737796985,19.9047673786036,20.1900089541303,18.1638300717707,21.5210291974814,21.5074691442722,40.6022146345413,18.0518765549646,25.0292173610153,-0.18534669835193998,0.13658606766303538,-0.3377788051419411,0.35636479997847537,-0.12493205249361607,0.03404995152105362,-0.19269746342459557,-0.029572870072211464,0.22217303155338303,-0.030672544500129205,0.1646556852733431,0.02229763017810274,-0.04203014821647655,0.07303760027873069,-0.12523964878433783,-0.5323618601284827,-1.2297952475225475,3.385628192130561,-0.727854696561469,0.1081244750853336,-0.5993895525114259,-0.37503911247031646,0.09140974619565756,0.08593074720891106,0.03840447142557484,-0.035841487197895025,-0.06890799639849772,-0.013818293717318455,-0.15910263725410043,0.08894651904514457,0.12097232362205876,-0.031921303482990555,-0.30634756047925926,0.007331966917883515,-0.02642102684019556,0.24761651223842762,-0.047596610920158273,-0.6743594022173118,0.08324230472846969,-0.0850576044870272,0.1555307214803483,0.028711902821989366,0.4009962903196779,0.08800881868497577,-0.09894439255117266,0.07253355272947891,-0.28421721679427464,0.18183962612334378,-0.04137404986496657,-2.796419413919414,6.267109617283961
39,9.62175801252307,13.5825730873978,22.4597745890514,17.0455910057011,16.4102206775462,20.0855036992841,24.0443376833928,18.6366095612857,21.2743133033178,22.2489265248718,24.7438601645106,19.8884323307682,18.5132282591118,22.525096257428,25.739098344688,29.0154382054575,31.8630134873479,37.3882203901334,49.7305176323403,42.3516025519525,32.5256633620091,21.5021067842133,11.2875423370808,23.0358917247857,29.7095232814243,38.2637817600857,34.8362408020685,31.7306085962201,24.3712587942017,16.2856977560324,12.5735246965043,15.5732613152424,19.0104543459859,22.4165568893056,13.5304192190128,14.676812347226,17.6356201541355,23.0553375733733,28.9996991399135,27.514585659988,22.2465987694648,27.0226847638543,28.9289542053636,26.0965944399289,27.4037223016097,23.8626833342578,46.7418462861242,17.6235201222934,17.0260735670874,0.055464437504465315,0.1467345943017537,-0.17521704854576825,-0.08964913247541445,0.17264641495172253,0.09940334516863344,-0.13909217619623643,0.0036045258132767653,-0.08195782745355512,0.16410650338078236,-0.363452454709203,-0.15789231308795068,0.6056383842955099,-0.08544005161361484,-0.07403423864679068,-0.14949659026742662,0.29444780120943265,-0.7180839066863595,1.140860621108578,-0.3679143175609775,0.43238509526300667,0.05827469923585564,0.08540733256021199,-0.08155703378814047,-0.008954825675062542,-0.1700479980531588,-0.02425815510603182,-0.06236705854683819,-0.03161663189456122,0.021526276023633713,0.02076672557864598,0.002977870413865376,-0.05267425074661029,-0.07677029207882068,-0.3003155622763756,0.1898629022795817,0.34728493945016153,-0.32782593241542196,0.17972167483368026,-0.14472256397076216,0.0480386339380174,0.04247728608397069,-0.061455943772601,-0.1572858609223345,0.13248752732127692,0.10136005826014542,-0.2410460318069728,0.16169444662445423,-0.10690678749837891,-3.5309523809523813,7.051277730478377
40,-14.9929273149094,-17.1880705921133,-9.35889677634055,12.0697747777355,21.2986937932944,17.2648211110162,17.5834346813045,14.174776565894,17.9040683284027,13.0638077554014,16.6075499697832,11.8816387966452,10.3594805947833,13.8065208754389,20.3122876978203,26.7878805308944,34.9633463820679,37.885366962527,42.3516025519525,63.6143552792765,61.4895556647056,56.8679185103269,53.3198226740069,22.7967183803172,41.8291524033749,55.6630745819055,56.5175586848075,52.3512555585173,43.5452184131753,37.2810807297459,36.4596260683175,23.8960171873234,11.7922723785697,35.5200607715052,37.4536038737373,38.9102334480104,37.5897583676051,38.1026022808326,41.2325983329963,35.729100322187,42.6763990911893,43.4255971548179,46.2726907283099,40.9917182966102,37.5629398789872,32.5550564211992,53.4954773673227,35.3793221072375,31.0253051699537,0.026802033355177442,0.1647647563562011,0.033891729380371736,-0.24136391515212688,0.20429861626207405,-0.31645019657588547,0.3888869824243259,0.012384763944852321,-0.3840991949167364,0.2287008898068101,-0.18914764592294198,0.02210517656226663,0.053882416688767906,0.0600155749407492,0.026552865014615477,0.008938341935267923,-0.017027410263482784,0.102205076024285,-0.3748856876633813,1.4974285846489523,-0.9454684628967752,-0.20889787895253528,0.33603509878674304,0.16674149909889116,-0.24454608010429466,-0.09483418562845793,-0.1571846204315965,0.16059175554197563,0.19140824052690705,-0.11053123415788915,-0.049680210631478226,0.05854930220212489,0.03799765554667434,-0.13922876358386332,0.21027809020901822,0.1449659296556297,-0.3295370449211772,0.14776724456469983,-0.03179884437986272,-0.31607101832390144,0.13622988945312148,0.2065653503759801,-0.7083096388258456,0.28734393352988896,0.18799976979562594,-0.0060264049761108345,0.0004462241351183637,-0.039474878208087816,0.0024383083831386447,-2.2593650793650797,7.975233869879709
41,-34.3193142827816,-31.5990290550112,-25.2935267820615,2.58938523351178,16.8513315162042,8.62296339645969,8.56267134332474,4.09056156171247,7.31948118718234,3.37158559732304,7.05783499381699,2.81554781499678,1.84563592672553,6.90487304089249,15.9081260050922,24.8438957793589,35.95082514991,39.4939749468148,32.5256633620091,61.4895556647056,82.1191115102171,90.6409318879491,100.311208236284,30.3438243811332,47.8786811899055,67.4769788676696,72.1625732696409,70.341248215928,65.1017194862368,62.8390606846618,65.3013561439878,36.3545606755871,7.62697077407587,37.7831794923222,55.6501242618894,48.1642289313076,43.9780273190894,40.3886523335495,40.6334893109442,25.2951502049638,46.4824414025331,45.3734854637597,46.948837914938,44.1285018547328,42.3456299057018,35.3594643552581,48.790877090353,26.8274479462611,28.710847562528,-0.24672460060125848,0.210108828957926,-0.06397226114426098,0.08896028731334947,-0.11191084608553135,0.496684673652757,-0.14591274988394576,-0.19133769719243418,0.38191018273366795,0.15581508062630914,-0.0199561971138608,0.02132439705053992,-0.047034599546888434,0.020366891785598213,-0.0044661414264092055,-0.020327184937150116,-0.08095832800660509,-0.5574644853188051,0.3988904972910005,-0.9566644926515826,2.727345528049009,-1.1735104313661444,0.23388600136472354,0.09159595647519228,-0.1534228500016681,-0.1731431898149523,-0.09587412075472719,0.07140611999267243,-0.23522409410725043,-0.08489617001668583,-0.029311247573411525,-0.11680617008943732,-0.11753048934595282,-0.027068533408275648,-0.10735312380047411,0.010249981534980393,-0.04046386631763803,0.1097814109408339,-0.19083758276168097,0.5633912534277541,0.33898812418172997,-0.3370923318777795,-0.10737828188222445,-0.19935290689074622,-0.05021971594101994,-0.20439196303899076,0.0017870363839433412,-0.012642273181488146,-0.21319921245559792,-1.9247222222222224,9.061407810611831
43,-45.6104816004799,-42.6934900765376,-28.4760692414947,6.19342026937839,21.9834941205751,5.82783556095734,-4.66960129891239,-6.20369602030563,1.71118089228961,3.57591562370349,0.392552145797709,-4.64239782796809,-6.30605502153954,-0.833512923693215,9.50589056465127,19.9205769135761,33.0047439554213,36.1635001613671,21.5021067842133,56.8679185103269,90.6409318879491,126.444316730524,162.747594012844,48.5259437640215,59.7743780727056,80.4055827113801,86.9082278756306,86.6439426121182,85.5435850267707,87.8194812733058,94.1843411526068,46.4462465741271,-1.3341176795148,44.6350389594282,76.3460832070205,62.7601081066357,55.1297225097102,46.8892474061159,41.966516942147,23.9908866933538,58.0044935142224,48.0977205914979,41.9511207788424,30.5751870175983,22.5023380045351,21.0734815151046,32.5408538866905,14.712639338576,15.719909441658,0.05660768771545642,0.056838593726106126,-0.0858340604383827,-0.045984950269962556,-0.18206232823823165,0.30783559268560623,-0.035684682659701324,0.05223891348346546,-0.061600041542524034,-0.06289276970593935,0.0036037445750353816,0.03934376965386045,0.022470235018636937,0.09950656571869507,0.008551162538140896,-0.029893117358945575,-0.09674033159296562,-0.32161014490985124,0.05846402169794637,-0.16555417071801076,-1.2202323040048848,3.4484195939366997,-1.5890565957710399,-0.058578116553397265,-0.008719643000425872,-0.05116705097877291,0.05565004623616264,0.34891531502709955,-0.024882813384252637,-0.2712231630040032,-0.150980494928418,-0.026143591762493628,0.1362853224369462,-0.08619585902735244,-0.03677631721082855,0.09984564141722647,-0.20892806490984256,-0.07918680155108264,0.3603958865968105,0.2056448358422806,-0.03564809769655196,-0.06474601298152871,-0.16372901149819644,-0.10057072768505151,0.04759257240379713,-0.014396161984896837,-0.06612822836040914,0.03708315514165376,-0.07648209680171693,-1.527777777777778,11.244301522572382
44,-52.5084821630771,-49.3681264885721,-27.7388696503462,11.1462640169862,29.6213011296098,6.7197573359784,-14.8642835879401,-14.0207673057933,-1.97572828303914,6.63322838164556,-3.30168843505227,-9.14229637870345,-11.6219603453261,-6.08869932420486,5.1612441391338,16.6327502307576,31.2416068814239,33.8256228077101,11.2875423370808,53.3198226740069,100.311208236284,162.747594012844,226.532425686462,68.4456961087708,73.9109130587499,96.3800103274455,106.028495693268,108.233904581949,110.878758858491,117.213719097752,126.79798281611,59.3521672497766,-8.39431897169572,52.588473530286,97.2265447407446,77.620519424287,66.2923576478542,53.1260294846792,46.4652391014631,25.7024441309122,73.2997869687018,54.6823144098736,39.6212267754437,18.3729315213716,3.14758930005408,6.31099764753012,16.478337656652,3.58687366398439,4.38281062121668,-0.0069926093497597415,0.2237746272413511,-0.021426249549846572,-0.11006909145549522,0.0530458580823645,-0.1673819935344157,0.05385754781795763,0.19224622900421132,-0.12897616399816525,-0.06005501810388328,0.004310699137100652,0.07465364395866783,0.16781384358783827,-0.07401574810427448,-0.05410830289304114,-0.1445448203641192,0.0017381840998559966,0.0643260144165582,0.08686796305254464,0.32149772510719943,0.24618590223320352,-1.5860290470569494,1.3880132004822407,-0.3455716359669968,-0.03266782533144288,-0.11150816877900986,0.1406416100681633,-0.3508979196481799,0.07303556771938494,0.3340914651895984,-0.47155201284076936,0.018237241657127427,0.4283034867552784,-0.12659120064912274,0.05146514331548989,0.08126865136369978,-0.0719741906725714,0.10571185963467111,0.03913439740982684,-0.09930517268668258,-0.14739114490247227,0.011642076599945431,-0.01741236090426544,-0.04668659361717486,0.05184855661148292,0.099362343469482,0.07327959386784398,0.15679062556632126,-0.08390682604363364,-1.341944444444444,15.050661968380739
45,-20.3245504943229,-11.6319315331245,2.18110282488791,7.94740387166534,1.13151251161458,3.61175777527021,-2.13222050883547,-11.0141932216475,-2.94293777134284,-3.19075626187976,-11.3207064559851,-16.4777514167592,-18.0943768678502,-12.2192035937342,-3.00760859221306,6.44532543294106,17.7217734946209,21.296765924487,23.0358917247857,22.7967183803172,30.3438243811332,48.5259437640215,68.4456961087708,62.1224314335888,41.6912945401941,43.9384720163824,36.8078827142349,34.0007891705784,28.9740024029797,26.1876553870474,24.63948543448,17.1715841605864,9.0557664006613,10.3150862894818,17.8293387245259,17.2568904018586,19.0943560239688,19.6184817989668,26.6995199818658,15.895941145428,15.5715892578148,9.71757052145702,4.66191884710672,-2.98483623278737,-0.0386677659682887,11.0245102802438,24.6417684674532,15.3983668630582,12.5452817555612,0.10114760084548906,-0.08587501332289386,-0.16673534130336395,0.18858571094993198,0.25821650038635163,-0.1538574128557287,0.10770444585130944,-0.23195960351603578,0.009372130283102504,0.13088395309751819,-0.12035983399714084,-0.051329752003305085,0.06296696046535234,0.03273549004699372,0.011925746187491268,-0.0035944980259461886,-0.025948860604127648,0.08747735651876455,-0.07239349423129875,0.15753722914569618,0.08142397674806609,-0.06007148163550103,-0.34746692126321194,0.7033880648354912,-0.4066505028838699,0.05629202953710477,-0.2547290299036809,0.3239656081642069,0.13034660559171554,-0.1605037127599154,0.3247727553188883,-0.15390876289344563,-0.3494308249491679,0.032535617101813234,-0.027996682976088687,0.0214684595718462,0.04923714784386587,0.019839716259346357,-0.14887178021854602,0.010832518814276184,-0.0016192172663596466,0.027537953906606266,-0.05078802553267136,0.196066390841457,0.023703426126590408,-0.030976703015738467,-0.10821616683585909,-0.16801548686279433,0.049204313053643686,-2.7880555555555557,7.881144043448815
46,-0.738048438040782,2.2962341503594,7.00461827810095,21.7842582464796,26.8515366590052,11.6809049831007,5.18734682494184,-5.51257168569591,9.54990071803418,19.2960739273777,11.4484262116226,4.17008547820762,0.849397026787592,5.73576931506045,11.8560915929873,18.2278126608063,25.2956753692947,29.2396303085608,29.7095232814243,41.8291524033749,47.8786811899055,59.7743780727056,73.9109130587499,41.6912945401941,59.5216858237548,66.5306769791962,65.162620307571,65.1989984116656,60.6903973044262,57.1598023841328,54.4752537769918,33.7251080847638,13.0832066645372,19.901560606136,33.9054951990605,32.6987527468117,28.9780371787809,31.394953067416,36.1103768955496,32.0037998147404,41.0753890606652,33.1528686118449,23.4716951550144,10.2030113345394,10.9672823852292,17.6874699474408,33.8223773450107,23.8937907261338,5.5939032681908,-0.06885744154854846,-0.08398783545111917,0.36058874379075134,-0.5947926420953774,-0.42695049241178906,0.5182003523795802,0.17708817246159692,-0.09605980706987349,-0.11382476276731902,-0.38598577175114535,-0.05315086400710957,0.05201637722830843,0.36337256582306476,0.04767559844212754,0.009649088866540067,-0.01715171176892667,0.02148821838954871,0.05451859320689628,-0.015022027505302874,-0.24270203976446128,-0.15137568575386773,-0.01056163661125356,-0.03113674734120563,-0.40240224202629726,1.848741905360388,-0.3874389745013385,-0.13627132787154086,-0.28983614175771577,-0.11692152952731785,0.012713572016926652,0.17672093050189527,-0.026001515239783432,-0.2304389401546109,0.11939005907900566,0.06444369447900729,-0.19405946959996848,0.2573604950866225,0.030641529639956273,-0.22165663833158375,-0.5153658274169308,0.2619403439826643,0.06777482163148411,0.18705626962887575,0.07170023014295626,-0.03757741111333521,-0.4407133319178226,0.2938961832763872,0.21138856491660554,-0.042043074869730676,-3.683333333333333,7.714381752529153
47,9.76111497310364,18.9092470798441,20.0936594353777,27.5787092987621,37.7112089236653,26.087779400992,15.505250515307,0.0927802250944862,14.9267992215091,30.7133008622744,21.5687492213829,11.1833766132691,7.86495200316491,10.1604481837474,17.0524461989499,24.1875924259021,33.8557493096401,39.0156420253637,38.2637817600857,55.6630745819055,67.4769788676696,80.4055827113801,96.3800103274455,43.9384720163824,66.5306769791962,97.7474071878991,95.8656882291767,94.5610364491057,86.9307446763919,79.0358111441143,76.1319938860334,44.5924764467542,13.3013463518726,31.762952015405,46.8607834502729,41.4146647867605,39.6173834514645,38.8054736011735,43.4372467805946,39.8364668977569,60.0168654650682,53.7621023643167,43.0626410612624,28.3745063102074,22.3823539031132,18.9576425387611,47.3614719231167,47.8409046571947,18.3628174340568,0.03587829894495288,-0.2699817224088638,0.154704326048283,-0.2770552699992882,0.37045991596368616,0.0872518109297303,-0.500312284518311,0.06769637729847884,0.32142269828383546,-0.08563491530023862,-0.13932890908684115,0.1305095012050256,-0.12467644294758205,0.03726742057177039,0.0031975853157038318,-0.035065227789097715,-0.2565750086031435,-0.03508267355514519,-0.1727219084768369,-0.0998135469753427,-0.17291374647129396,-0.053115407342212956,-0.10883773909758532,0.055458100593758705,-0.38782191281864853,1.2311307746093245,-0.4882313321656026,-0.035682945249083546,0.1590308460409118,0.14228910874870446,-0.11104505134714021,0.10902839632676242,0.21225286035270807,0.10099380015817767,-0.2905712694872805,0.198863865906652,-0.05909401141962823,0.28221464343039315,-0.2597033285534683,0.12799579339793343,-0.15229901547352015,0.022795572980604195,0.1268382543810291,-0.0690157145432913,0.03799898976131655,0.18208689491259683,-0.0008038390613223197,-0.4497564067744206,0.3656834306927749,-3.3623611111111114,9.886223100249108
48,-1.88521579427981,9.47002761828041,11.3652475327976,18.2565229208092,53.9482707976708,59.3200610677747,15.4903955160287,1.24052906496762,9.22160754628911,25.7683646137688,14.2070075554379,5.25809144526369,2.10655757784721,5.8744362189109,14.0650379871525,22.4488240531985,33.2607526679927,39.9503904007363,34.8362408020685,56.5175586848075,72.1625732696409,86.9082278756306,106.028495693268,36.8078827142349,65.162620307571,95.8656882291767,130.270801243582,132.847036613123,124.648762525696,115.668685746303,107.928384659052,63.8528483015902,20.2521131990361,55.8908770641717,76.1092816881705,66.1844511807645,55.6756889592542,47.8859541355274,48.1156264838484,43.7884914823587,71.4488450596514,64.0105298963744,50.2186093043872,33.3359889908063,25.1858877050689,25.8244228102091,48.0656450233033,40.9853485579166,7.96392123179984,-0.004906327704600773,0.11190276063382162,-0.005853597868993809,0.2511656517892617,-0.3257103203793637,-0.5015488577403616,0.3903715856198954,0.37668428385589336,-0.16952965387890642,0.0010836231544760467,-0.004594728628319856,-0.0741284411820142,-0.18327262224263685,0.23708234979972334,0.05918387002559929,-0.011970683871092468,-0.3564905980833396,-0.06327243449727923,-0.027354474381606396,-0.13390587400856874,-0.0514005947243486,0.050243118378245494,0.1590723557784281,-0.2700635202799489,-0.12279705738494408,-0.5004934877858714,2.4826367450724196,-1.1126816059662201,-0.5813781235755965,-0.0545294041725912,0.18143096582065737,0.01649048924736884,-0.0372794460551161,-0.012346273366994317,-0.25671680208947556,-0.0353072298434161,0.13564258164184292,0.08272522444041991,0.119350189509244,0.23534439808116242,0.081424798656691,-0.12268631358824862,-0.1665096921556289,-0.34605120044461324,0.07809357207264159,0.256980950719157,0.006799975690380859,-0.11961877506479758,0.1057143187661489,-0.6878174603174602,11.41318541177623
49,4.13767628767204,15.5121859630397,12.110894521745,13.8698230146283,50.4072090624697,55.0239590317116,19.9837441935127,7.34510381197745,12.1434042330922,32.6842279098853,18.914221547657,11.43861940557,7.63959490041953,10.4772091400711,16.7039361142218,23.1049838594845,31.3742638145142,38.2641268134001,31.7306085962201,52.3512555585173,70.341248215928,86.6439426121182,108.233904581949,34.0007891705784,65.1989984116656,94.5610364491057,132.847036613123,144.331405858632,139.738367697735,133.368371097975,123.112969498722,72.9749315222304,23.3903253868909,49.3595233911013,72.4948263494849,68.8908331256909,57.3952268407656,48.3342812121496,52.3369011106389,54.376430701892,86.3926869782255,75.484847077488,55.9710378537544,33.8073098727544,23.1287234904493,21.0604343628151,48.3533273113064,36.1757012947846,4.45654590891255,0.07113346597592525,-0.0008986512666155101,-0.2292947378247768,0.42832377929565585,0.03501041069789113,-0.03624461110282949,0.173613113110853,-0.04355744197578326,-0.10351168715286645,0.023553301559168852,0.16572513173554468,-0.018215990728780697,0.06982172643108508,-0.12559357252492814,-0.04501757920853853,-0.08162127051101507,0.026375947898297482,-0.025261219402101825,-0.07475694356742957,0.14642006048332185,0.045487483312581095,0.31162778897971594,-0.3348852164395251,0.3266293056369899,-0.32393913347654824,-0.04487194578018264,-1.1156013957511315,2.5930668055164467,-1.2871056273994173,-0.10245289234279997,-0.06973153923644632,-0.03512444732726138,-0.003665826472021553,-0.08646603934222975,0.29847840248887114,-0.32496610712343194,-0.0278544128020984,0.23181127710368224,-0.2285439423210665,-0.3076801823425471,0.4373700589693198,-0.03215813033170769,0.06081726864981275,-0.13043060940378257,0.039461240512199736,0.015311965562932385,-0.12134798702372035,-0.182089286533104,-0.06353884672199751,0.3006150793650796,12.013384446467688
50,7.58352050233755,18.0263734991201,14.3800836033289,13.3098464188034,49.1313909183506,51.6671597703583,22.3043156917918,10.9985360010387,11.0134643842086,36.8289085360969,24.3771125065919,18.3030450286218,13.5358583190767,14.7940454237639,18.1062005298655,21.582777243685,26.185798064226,32.8451213238661,24.3712587942017,43.5452184131753,65.1017194862368,85.5435850267707,110.878758858491,28.9740024029797,60.6903973044262,86.9307446763919,124.648762525696,139.738367697735,141.737131884171,140.718911689962,130.44690443394,76.0929784562386,22.3542614078292,44.9616534543277,71.9945065792547,65.0532450658024,53.5413998440291,44.0447353706467,48.6870225561946,55.3961991861085,91.9152728519478,78.8117976958685,55.8687929225073,30.5398589909328,20.3928379080105,16.3610905172501,34.5349706853358,20.6925524260517,-5.95541233016589,0.05260529717116887,0.07337898931017371,-0.2967113757061564,0.2144474167529199,-0.019573297994635485,0.15981358397931494,-0.1247762983789781,-0.16019585924457758,0.04136572763874587,-0.08693334249060636,0.008906850493089528,-0.11861562265728971,0.03368662712685789,0.07104598267108159,0.06865184502934021,0.16460990026945324,0.14284812673062425,-0.12375636589087323,-0.034530855758473394,0.17356920790882763,-0.18735026817453204,-0.016761306568119555,0.08212690242632202,0.10540542257954745,-0.10914164512105287,0.13914494318835732,-0.5592890947848437,-1.3125857791653595,3.489450214029929,-1.2518732957106373,-0.3581971349184358,-0.19919056370487714,-0.02137192177534019,0.03151554585421244,0.018177091351140703,-0.04052524410126034,0.015619246214443763,-0.028877581315691934,0.14366875412146005,-0.015333326872290958,-0.03309793450315712,-0.26705337209514735,0.1754993476566773,0.11124909268489075,0.076178766831401,-0.06328544019716163,-0.0363916832285751,-0.014970966427308214,0.041358457387290215,0.8434920634920636,11.90492049045987
51,1.51615965974985,10.7807688303314,6.10214197812129,12.4616045906492,48.251567166816,49.3967899461792,24.9610770768076,14.3690063284035,9.90817979010835,36.0470050195226,26.2767063695318,23.0132016550703,18.5463305045116,19.218383807119,20.476676953336,21.8919269560211,23.6206453191646,28.4048113657898,16.2856977560324,37.2810807297459,62.8390606846618,87.8194812733058,117.213719097752,26.1876553870474,57.1598023841328,79.0358111441143,115.668685746303,133.368371097975,140.718911689962,146.381113465429,137.085006091172,79.1974776971032,21.9673741994192,45.4216106467455,74.5001444664028,63.701798079075,51.1354367070544,40.1297385455838,44.0439640538399,53.2679171183688,93.287763433361,76.2086108961765,51.7890690616049,25.1573423413798,18.0081817946479,15.0528472116685,23.3640044801231,9.90697116550342,-10.2988439972655,0.33660732594537707,-0.3278158410613717,0.18618307606213239,-0.04037202055463459,0.0006576675370363744,0.03722427537946737,-0.15474564435085073,-0.1612707953922916,0.01018184881380837,0.09806710372199756,-0.03438153057068486,-0.47680133412274717,-0.011061921623679735,0.2997660916125973,0.11365523496864259,0.1283239271205183,0.04041777912998419,0.058956154720863026,0.030110442412177,-0.111654013006248,-0.0836448286874793,-0.2856509491031793,0.33763283035551805,-0.14258328349236113,0.01750495531012626,0.11464415842011925,-0.05736129105845354,-0.15482079968254206,-1.2727267014769927,2.892692970073366,-1.2681066449834826,-0.6048170959660869,0.07413020391490965,-0.06260781725970455,-0.030962000324747888,0.1625631521690532,0.017403718248656195,-0.026475533115329512,0.057049843896969266,0.15281061117739034,-0.6186803152203636,0.11244757961151039,0.07321338248405476,0.4358721883573269,-0.1321121644297226,0.012400764026172344,-0.010810997439410894,0.16442897693080946,0.04932545557638852,1.1030357142857146,12.09839301169495
52,1.2326825840212,7.66902902668572,4.55011205007154,17.4110935603874,50.4059393777436,47.5872539240363,24.1815621936896,17.4581474723938,14.2123800252932,37.5359937608573,27.9430126508754,24.3801563566665,21.9331866063231,23.660748238421,24.134326030206,24.7713973859442,24.7298193705392,27.8373901463152,12.5735246965043,36.4596260683175,65.3013561439878,94.1843411526068,126.79798281611,24.63948543448,54.4752537769918,76.1319938860334,107.928384659052,123.112969498722,130.44690443394,137.085006091172,133.316626053966,75.416271033953,18.1774396992247,46.307510503746,77.7313326787319,64.3748570193007,50.7625574361596,38.0955374866841,38.7143024241124,45.8891901324476,88.0058836662569,71.9067224933215,50.7917219456617,27.252257554229,20.333348898895,12.8155952708313,21.0802943314678,8.64128564657476,-6.30676600077595,-0.03911782913065819,-0.16259508805131825,0.2048534604870027,-0.049490083966942607,0.0379769571518016,-0.18794682609566515,0.12190774123706066,0.005515832305024784,0.051554402898852915,-0.03370942662516119,-0.1305172132213179,0.26380893219000756,0.12316815334828314,-0.32442304834485036,-0.08673141993715937,-0.03861277821709185,0.3245597874045541,0.12905041942487025,0.016268011215841472,-0.07385549478120584,-0.026869467070064282,-0.1489979186486969,-0.46828147039771234,0.3170582622535802,0.16479552388154964,-0.08773246965295357,0.22025043324331434,-0.06906065537668138,-0.33609588194689854,-1.2773502494184716,2.8739124960837232,-1.2986784933389457,0.2619202594759399,0.19411121197046977,-0.0948273182295858,0.02071086103316997,0.057246543840847465,-0.14043294654250865,-0.1018345873146553,0.15544812815908055,-0.20374141072014193,0.10291550995191152,0.01546180733579554,0.1882838123559601,-0.17045000316461856,0.030694446879091446,-0.003027164007858205,0.030462806603968468,-0.020580061881330595,0.6159126984126984,11.545848866755776
53,10.3052310725174,14.688776742704,11.0550909450441,14.3728627747785,30.3878445749055,33.9067726620314,24.7444659051119,16.0377026886691,16.2777415043457,24.9095410672117,18.8654220834802,17.2872447390253,18.6114780049795,22.0335568876062,21.6751983172207,21.3494012397936,18.9599392243297,21.609809502195,15.5732613152424,23.8960171873234,36.3545606755871,46.4462465741271,59.3521672497766,17.1715841605864,33.7251080847638,44.5924764467542,63.8528483015902,72.9749315222304,76.0929784562386,79.1974776971032,75.416271033953,49.9134008347831,24.9050037231306,35.025936352615,45.0767418267871,37.6153134537305,29.4442509677447,21.3723827940233,23.91364006838,31.8264562402604,51.3128250634534,43.1852209951413,31.8111280496603,19.2366755794584,18.7077769977126,8.13796717363057,13.7518920536689,6.08756025484651,-3.48922490474327,-0.08409369831577125,-0.003320407075045186,0.1271203061213093,-0.07330609971635993,0.05424900818127665,-0.10173156171602803,-0.21619003042471813,0.23728032628570245,0.018816755181234008,-0.012903925356175034,0.03567296550335222,0.29011185829193764,-0.012148799540324783,-0.3402339261354376,-0.15844808771480065,-0.08658266716868572,0.05589734209134388,-0.030125827851336964,-0.00038127189272784117,0.06236311358506081,-0.1151848550384903,-0.02396884348353735,0.016353995022018692,-0.15777642939649972,-0.024062834564369584,0.10729275465357811,0.019903093386173566,-0.036891069327158875,-0.17259693488759417,-0.6047123965249862,-1.2860265881936395,4.383072492973248,-1.6621732448446747,0.03138670069462701,0.025875253789485055,-0.11117478215692565,0.018097450768954408,0.0003209047394055973,0.052346165495430086,0.05071182130007448,-0.09559281323483046,-0.00045138043868891026,0.004927871648677744,-0.04248725278700644,-0.10134903315517116,0.10927251094524772,0.05496967871549705,0.020011078182006523,0.02124519361352194,-1.1003769841269841,7.064233917048836
54,20.5804230113106,22.6012480132464,18.1604327334129,11.8930803805889,11.1135951794807,21.1019833776839,26.0546555851328,15.2137922525138,19.0312669373085,13.1773592212273,10.7395675631677,11.1683288632577,16.2286546214983,21.2778857089109,19.9819879283325,18.5856971275317,13.7160072498906,15.8732034917284,19.0104543459859,11.7922723785697,7.62697077407587,-1.3341176795148,-8.39431897169572,9.0557664006613,13.0832066645372,13.3013463518726,20.2521131990361,23.3903253868909,22.3542614078292,21.9673741994192,18.1774396992247,24.9050037231306,32.1952171136654,24.8246389483839,13.2037028131822,11.566207429364,8.66321621861733,5.00695788409775,9.31602518606989,18.1805529402694,15.1145363891614,14.8307039161084,13.0257308736653,11.2172654771393,16.97896412934,3.08555457468252,6.15426973540251,3.44821468247054,-0.35660710950534,-0.1487145914084459,0.19330581019715318,-0.008921793467575647,-0.25246286188934397,0.2700480171605769,-0.04108077153528581,-0.4292816106103686,0.3607656347556361,0.04569923711426633,-0.070620230015346,0.11977465723914635,0.5265893124906548,-0.14604501295903527,-0.1389103197328337,-0.13101413817876734,-0.20483182164398755,-0.049983903526964434,-0.265787638485169,-0.06468236130538813,0.02386825880371904,-0.12045614587526933,0.1296376537379976,0.4261746592132894,-0.3331612347442706,-0.25657455645634447,0.23096822069583384,-0.029380048838222657,-0.00201835736523602,-0.017785836331024825,0.07216662161894669,0.24546156743731656,-1.6628717716119676,2.1807733370457907,-0.15498822695944844,0.20517483352292876,-0.2727576917506843,0.07108421453372603,0.11263815397475904,0.1776457799857309,-0.1191649698223343,0.07940998320043578,-0.08315484603002117,0.03547999605289733,-0.18490920257554358,-0.04128722578281941,0.09691264419387283,0.20824597770887562,0.022935697282468814,-0.012044424090467508,-2.872222222222222,5.673201663405364
55,15.9976961136237,16.2672367460747,29.2614557550997,45.6137254346003,73.2942769700212,88.3280185444129,47.9782555475232,43.4937535850047,38.6145487893139,31.5199928001738,31.6146978808077,30.5128574814921,38.005915823726,42.467962073256,38.223106587094,33.9156479852757,24.833858023644,28.4551450531674,22.4165568893056,35.5200607715052,37.7831794923222,44.6350389594282,52.588473530286,10.3150862894818,19.901560606136,31.762952015405,55.8908770641717,49.3595233911013,44.9616534543277,45.4216106467455,46.307510503746,35.025936352615,24.8246389483839,154.766098339719,96.8964978765341,68.788744214006,51.2558636004541,31.6090697755147,20.6706710095059,6.2368226644266,22.5897888629067,16.7176522183348,16.5771672971064,15.831046313144,14.5079222201262,23.6267821952004,8.17856387515653,19.6324557215522,8.7646894989365,-0.047020914840337824,-0.14089181330836856,0.04640231458805657,-0.0012107499305434215,-0.0035990390639681377,-0.04311465415495392,-0.034694636515940555,-0.08073722900694806,0.019378880321431622,0.1412947034266771,-0.047090165102441225,0.09672546243883105,-0.29945215524721563,-0.02243082083660379,0.028665146341475524,0.16647353582646998,0.12220091710483386,0.006126718287785954,-0.07424446637794115,-0.13531686568838966,-0.02474825207080101,-0.07969857553199938,-0.13104636585576648,0.03282911588228743,0.11533682279271293,0.10541235797044014,-0.013541219323445633,-0.08922390321281778,0.04258428675015857,-0.06892741350099044,0.1890270877554782,0.02307403873436252,-0.16009959281627048,0.29599142990763394,-0.13416368125059452,-0.026410886502646964,0.014495356537853436,-0.1045778778585311,-0.1226656961985385,-0.026552138341655946,-0.08976087083083267,0.18412105138997442,0.19273546056630197,-0.0754586350676892,-0.0046948569057731915,-0.05871285052260694,0.03165841898946894,-0.06763885766656362,0.09916094238960764,-4.288888888888889,12.44010041517829
56,-6.90291246133372,-27.6352484070896,-32.14870593231,4.43050596912519,37.0939441944179,51.9336606109277,18.2342882737734,28.2032493571274,26.7201012690218,21.1009498062585,12.3895531435763,9.12234275454345,8.48703559777603,14.3359226373437,18.7592422708042,23.1835370500413,26.8264662279392,25.8905114531215,13.5304192190128,37.4536038737373,55.6501242618894,76.3460832070205,97.2265447407446,17.8293387245259,33.9054951990605,46.8607834502729,76.1092816881705,72.4948263494849,71.9945065792547,74.5001444664028,77.7313326787319,45.0767418267871,13.2037028131822,96.8964978765341,122.160174728608,96.2101614114118,71.7718266307549,43.7469413354268,22.858942287083,19.0052146509937,44.7116341085523,35.4553785927323,29.8277988891717,22.7936192832914,20.9089656730137,15.3565224757538,6.79506173402229,-0.612899091857587,-5.37261987527848,-0.1361976481806033,0.06637736189946354,0.035884399611117175,0.025220644294371694,-0.037366140094477425,-0.14296604546776953,0.20944417925138203,-0.17908865082704614,-0.12121306100759702,0.06451849157184772,0.30787838218559505,0.019584632778022082,-0.0029984609839591465,0.010712408931382122,-0.006975005299463551,-0.04979495945931529,-0.08745413737203228,-0.030681860916382444,-0.3070146796227412,0.2076811824704816,-0.11881020478347527,-0.03108459186098206,0.06770006539916751,-0.03253627541281683,0.06952089579038853,-0.2858585235670402,-0.2626267217314637,0.28110143789625086,0.01465800313727351,-0.008283828866234709,-0.07510938678013819,0.03829308852953204,0.2028706959369889,-0.12928217946178677,1.051303805168646,-0.774786636042875,0.05383533659530116,-0.010301139508938673,0.29250756354761254,0.2096369155995839,-0.2075060065606513,-0.18196934691615577,0.01579735150457754,0.20441679974899618,-0.11369131362839108,-0.38532148198089633,0.4017211252112465,0.12346712232548597,-0.053295821992688196,-6.169722222222222,11.052157017008396
57,-8.63793495701905,-33.8535411369093,-42.8097022263747,-7.40045343098801,17.9314751504664,30.0738109970219,10.1442375750696,24.3154421441468,21.8578588112419,18.7863048993214,4.20101340739009,-1.2016348824046,-3.54462560479592,1.64691510091959,9.1415651559222,16.6243902998691,25.3744956531405,24.1303405777613,14.676812347226,38.9102334480104,48.1642289313076,62.7601081066357,77.620519424287,17.2568904018586,32.6987527468117,41.4146647867605,66.1844511807645,68.8908331256909,65.0532450658024,63.701798079075,64.3748570193007,37.6153134537305,11.566207429364,68.788744214006,96.2101614114118,99.9897777777778,79.3297356420249,54.6150545067049,38.4035495520257,37.931228440649,56.1239197783273,44.9412000738659,36.7607955957719,26.4123648834693,18.5438137580039,7.64405645687666,26.5809625759103,9.84837406562499,1.61838844361391,-0.05996796984584597,0.1684587294335523,0.12252645470762806,-0.3263526802233938,0.07438698910263924,0.1371168841300193,0.2479242747343141,-0.0544641328543242,-0.0008459771069160666,-0.04545935381415267,-0.0890125026919025,-0.10604621140701541,0.05954021995707613,-0.11003140335090145,-0.043828229297469115,-0.006065977984975402,0.22484175848269009,0.24389380631503318,0.2190297988211414,0.11802880428968002,0.005723256350061762,0.09319658727973891,0.06638073182516649,0.022109338209492648,-0.1606684706884314,0.17071138048165493,-0.03370043352289133,-0.31398804369864414,-0.04131534579324095,0.13343458687328827,0.02006436950711853,-0.08753284393342688,-0.2754768648198307,-0.029400477349948915,-0.791642491880804,1.9569138442033023,-1.3796183114133076,-0.07025253286024773,-0.09906005352562237,0.02849816617713551,0.02144511070967068,-0.0013653575944902654,0.08023695956932723,-0.23408187315079387,0.20488388072073074,0.17146631394301168,-0.34541451163559783,0.11471798089798399,-0.18076093166632812,-3.386666666666666,9.998988837766436
58,-11.4508179617467,-27.2344314929342,-30.571658033418,-7.61178400830497,11.4142750464343,22.5344013510014,9.03596472418547,17.2764755899866,12.1403083837488,12.8559894310323,1.33378970943978,-4.92595656463543,-8.52265985739311,-5.03828239175537,3.53521034973163,12.1087644533341,23.4883423446805,23.8163677276123,17.6356201541355,37.5897583676051,43.9780273190894,55.1297225097102,66.2923576478542,19.0943560239688,28.9780371787809,39.6173834514645,55.6756889592542,57.3952268407656,53.5413998440291,51.1354367070544,50.7625574361596,29.4442509677447,8.66321621861733,51.2558636004541,71.7718266307549,79.3297356420249,69.0218694923372,53.7367496457333,44.1082244069956,42.2084912689368,56.0438468359295,48.1341481732812,41.9609233690192,32.1559548927638,25.9537647928557,9.33208729018709,27.8610899982888,12.2875783850216,5.29767291323297,0.1265415760682618,-0.1716267043664313,-0.12430297523368312,-0.008196288119590002,0.3764396502114293,-0.22382954192269494,-0.42562106766415436,0.0647540483361282,0.031082569939590732,-0.014842373384768324,-0.03989940303966812,-0.2664513878606345,0.36832883833527885,0.1305746126879416,0.0198397975353054,-0.10513960835461676,-0.2376187285785927,-0.040486494071979046,0.3301149975617092,-0.28887202209284046,-0.03518870179101217,-0.20120481889153274,-0.07050936794117281,0.04321865659739896,0.22585854057040522,-0.04437824892928069,0.17333089037486143,-0.019267442936631855,0.008527968523926486,0.009476939800063382,0.04001582859277065,0.014778020858305764,0.055427220664515164,0.017250747376569606,0.05797527794511991,-1.3919423328748735,2.189428764028982,-0.5407382398553443,0.005709409740347034,-0.3133763589374325,0.12815305216937364,0.11077478093517534,-0.006038426952745626,0.003654759891727212,0.0016445741304996658,0.10220887344851153,-0.05703603826951682,-0.09609682414180724,0.26454903882724135,-2.292500000000001,8.30733829167545
60,-19.4345368979295,-23.9896319513509,-20.3729006195001,-3.1281991007176,16.7803088391685,15.5211976780427,7.7755146102794,9.47610472528464,1.743962748328,9.4656896966464,1.29199833117349,-5.68377334010568,-10.5501415852228,-8.95495944869655,0.430996886504615,9.85067930761416,23.5544137473871,25.4075640970679,23.0553375733733,38.1026022808326,40.3886523335495,46.8892474061159,53.1260294846792,19.6184817989668,31.394953067416,38.8054736011735,47.8859541355274,48.3342812121496,44.0447353706467,40.1297385455838,38.0955374866841,21.3723827940233,5.00695788409775,31.6090697755147,43.7469413354268,54.6150545067049,53.7367496457333,59.9476168582375,53.2699149078137,48.6056249083583,56.9682692657304,50.7066879816466,44.8779103703999,33.8630091118659,27.9832214803134,11.4201464407326,26.1346717684235,26.2995424337571,18.9778498094413,0.34538206268696575,-0.07139196603797414,0.06083715036080032,0.2979799991762273,-0.51514320049676,0.2507704548592939,0.1915694907051962,0.23956430285111777,0.010465081137977162,-0.6419720860453659,-0.14418078170736331,0.20579884011510738,0.3105772065967035,0.11018701663919007,0.0011692359778700838,-0.12498587068918958,-0.20025426907791324,-0.6807143932300371,-0.3268184087102591,0.14040851559900222,0.07284612918796796,-0.09425520816170854,0.1170104901698279,0.02211761506591633,0.04698843713363546,0.26279614146129066,0.08129213583007353,0.2659953940348481,-0.030334469938755344,-0.02308631576792798,-0.13321908161889953,0.004003250742503656,0.11358500113893392,-0.10537012856330744,0.004705166287740685,-0.07931398056012857,-0.5422589098159845,1.7035808987068073,-0.5128580590713713,-0.03350558621201527,-0.1040888250147282,-0.035346773795891934,-0.13687048032529409,-0.0053961310580627414,-0.06340738578067286,0.08594261505515187,0.27660674575681415,-0.3864928329825366,0.0978354312052129,-1.3900000000000003,7.741938830695936
61,5.34257678298516,5.74125392279748,8.01946404395161,1.37183189672054,14.034013601459,15.1507713017328,10.8530213291594,4.68087028990906,-6.41414729013113,5.88354945251378,0.240679036882547,-8.76910096440184,-15.8320313208802,-13.8435827024447,-4.28183408017384,5.34474182231888,19.1355313427024,25.1186073790582,28.9996991399135,41.2325983329963,40.6334893109442,41.966516942147,46.4652391014631,26.6995199818658,36.1103768955496,43.4372467805946,48.1156264838484,52.3369011106389,48.6870225561946,44.0439640538399,38.7143024241124,23.91364006838,9.31602518606989,20.6706710095059,22.858942287083,38.4035495520257,44.1082244069956,53.2699149078137,73.5137180715198,71.022080676858,80.481590563323,76.2737296319362,67.3899780903627,51.3019341167013,45.3590927668539,21.3083440987442,41.6365796965346,18.9172088394516,18.6788833812822,-0.04490315417033574,0.161120043669556,-0.17982753166935894,0.11779817923300828,-0.037034143641805774,-0.05416983879889571,-0.1188684028036329,0.002152803170521859,-0.1015645713184091,0.2674139826787632,-0.061091012092985814,0.049317628000593326,0.09144532997892732,0.00798526847098575,-0.010364474874859282,-0.07726647181496313,-0.007143911695000872,0.09672971183381811,0.17426902849394096,-0.02539288233386116,-0.1872016413037214,0.3651732834200568,0.03988303444324761,-0.1522203433540402,-0.2259895670706036,-0.24718214469002786,0.11947573002843465,-0.24199449960588598,0.12905505120113883,0.05661920299595014,-0.10004330233386839,0.05174069953865878,0.18318336810791264,-0.1227279539190406,0.29483050663109267,-0.10526854236392319,0.008505806745081975,-0.5079059401570467,0.8136139691456153,0.17016577757641385,-0.290362317781293,-0.13853667831476016,0.0047959249281887785,0.11138122531841844,-0.0661903033278239,-0.0017750155620702662,-0.04170575759304245,0.3227179839952213,-0.16590630064438017,-1.3194444444444442,8.573430939333436
62,50.2737923074378,42.3759177008842,24.5785987213137,8.59469938909537,16.7348531846412,21.155635460418,23.6946701675898,18.7906301130556,1.22255371137613,25.6729068267012,16.2530069167809,8.27248405191346,1.55498158942439,-0.743221856222228,3.31873484603764,7.49266425654407,15.1682459783513,17.5035025246327,27.514585659988,35.729100322187,25.2951502049638,23.9908866933538,25.7024441309122,15.895941145428,32.0037998147404,39.8364668977569,43.7884914823587,54.376430701892,55.3961991861085,53.2679171183688,45.8891901324476,31.8264562402604,18.1805529402694,6.2368226644266,19.0052146509937,37.931228440649,42.2084912689368,48.6056249083583,71.022080676858,115.837171788256,127.328299496629,117.421637221738,99.5327257044546,71.6459457895751,62.8935745793556,20.5406741440401,47.0154407816211,28.893899301964,24.0154280400933,-0.09049986554859708,0.008700069347605897,0.07417240374946572,-0.016277131694093644,0.11745858041365083,-0.0465403141227868,0.028349485188112054,-0.17787298300221122,0.2708068460541967,0.1020462487921213,0.2550950751881468,-0.16628964632855744,0.020696636936329275,0.017839346185549977,-0.02873035992116289,-0.1553548662383237,-0.289958907710847,-0.07445998680782187,-0.1395127908170789,-0.3286337268286096,0.5739902990218397,0.1973965787668696,-0.09070006545181357,0.004402499222997993,-0.5064208224352156,0.12577208567289375,0.22853869276085761,-0.3441550607552705,-0.028829199323641246,0.12922600193323938,0.14801743083705352,0.04335825978704981,-0.10789566310378294,-0.02468469566924394,0.22672069240279744,0.03565856803170972,-0.3077405680933048,-0.034255652388645835,0.17423299734533718,1.6359029095384439,-0.9375610173747959,-0.5331651313077279,-0.15305249083884923,0.3714752388052733,-0.14187413763705214,-0.10839663535199467,0.14686728608283894,-0.0797767998526788,0.020279540782976873,-3.0999999999999996,10.762303275240647
63,58.0982871257021,51.0554407488366,31.0375972250691,15.5175815249581,33.5166079156803,33.2764888683721,29.3127290044404,25.3214465004479,4.94774461020312,38.5468043118,27.0031606415457,17.1957834725521,9.76757148137523,5.91955071708061,8.13599720277355,10.4676062095169,16.1154998541453,19.3591737796985,22.2465987694648,42.6763990911893,46.4824414025331,58.0044935142224,73.2997869687018,15.5715892578148,41.0753890606652,60.0168654650682,71.4488450596514,86.3926869782255,91.9152728519478,93.287763433361,88.0058836662569,51.3128250634534,15.1145363891614,22.5897888629067,44.7116341085523,56.1239197783273,56.0438468359295,56.9682692657304,80.481590563323,127.328299496629,160.578824349376,146.79701964551,123.053098927045,88.5891001237027,73.647004691988,23.1343720589094,49.1310765277738,30.7675020826926,24.2961462212935,-0.18947176086473694,0.018511746936469956,0.25260061327546435,-0.3376176735405495,-0.02694613530280452,0.1526567331254006,-0.056083602752003386,0.23186880793000142,0.03496744551544341,0.03237803883120461,0.13650400773575577,-0.09639751358431996,-0.35207079339533165,0.111973206167514,0.08980223289216253,0.18325979274779292,-0.09234301992104112,0.11984796735843807,0.027945416416469127,0.13662272143962348,0.321836002110212,-0.03588792028279957,-0.13953497372592868,0.0011729942957598874,0.25838980246104576,-0.14597214679915888,0.08971100350539377,0.43378528492474816,-0.025612290419923564,-0.5710348639747483,-0.17001833788909776,-0.056556865792876554,0.07997392194507266,-0.08338515511730335,-0.23670314024729291,0.026687560217950296,0.1413556606259835,-0.12038823498325821,-0.29633392698237004,-0.9337856405737344,2.4686296673176544,-1.1115339662899402,-0.43982016281379693,0.06561661368576237,0.10643005611505534,0.14615750640046685,-0.28902772422677836,-0.09228564175025877,-0.03597031677971954,-0.814801587301588,12.671575448592641
64,58.8961152341269,55.547775635841,41.688398285662,13.9351884553935,27.9932142967734,31.5187271736203,30.3489584022459,29.2432725841669,7.52332661262402,37.0424802832341,28.5201264775585,16.7928537342904,10.0519880148794,7.25493788855279,8.74883436967056,10.2515654302607,14.1098975206263,19.9047673786036,27.0226847638543,43.4255971548179,45.3734854637597,48.0977205914979,54.6823144098736,9.71757052145702,33.1528686118449,53.7621023643167,64.0105298963744,75.484847077488,78.8117976958685,76.2086108961765,71.9067224933215,43.1852209951413,14.8307039161084,16.7176522183348,35.4553785927323,44.9412000738659,48.1341481732812,50.7066879816466,76.2737296319362,117.421637221738,146.79701964551,143.872509220163,128.032849278574,101.304624534336,88.4811504738428,27.5586111714695,50.5916495421942,25.7890883063597,20.8992522481413,-0.2794341817300234,0.33156236357132224,-0.421153594294049,0.266179359186262,-0.09013638937851871,0.12542190150107982,-0.0624048609969845,-0.1350428187378605,0.13568554801856242,-0.16683414358657295,-0.004141799333045383,0.008186167648351486,-0.2540641989662509,-0.030372879278593702,0.02873366127646366,0.15318875441925903,0.1928608778504411,0.028372506734719256,0.05641324561789016,0.21960898623182767,-0.3118524458008602,-0.05674486208947342,-0.014973086882708164,0.02802902656524062,0.0769024535151796,0.03102464291296911,-0.10398439659326973,-0.03230602983304978,-0.29956509012548715,0.11366421564852569,0.09303128787715569,-0.005153672115365285,-0.10016997475363029,0.1927930539064241,-0.18458921203382164,-0.008126440552203669,0.10467558192534984,-0.02867095246349836,-0.13536178488567455,-0.5360711237017316,-1.107835346071771,3.1707744156700706,-1.170222182755133,-0.44710419180372096,0.20272296985720167,-0.11821543033841093,0.04996700060081971,0.005920532603584126,0.021597361399402673,-1.349603174603175,11.994269849397384
65,40.861296924001,40.6305170408534,31.7869383385503,10.158274712369,20.6539514302512,28.1838418848765,29.1569447007214,31.0464898593158,8.17865562747915,25.1447749762357,21.6652733691985,10.1984982574023,6.19670257574859,6.18323386460914,8.54080419991086,10.80129114614,14.3722952796058,20.1900089541303,28.9289542053636,46.2726907283099,46.948837914938,41.9511207788424,39.6212267754437,4.66191884710672,23.4716951550144,43.0626410612624,50.2186093043872,55.9710378537544,55.8687929225073,51.7890690616049,50.7917219456617,31.8111280496603,13.0257308736653,16.5771672971064,29.8277988891717,36.7607955957719,41.9609233690192,44.8779103703999,67.3899780903627,99.5327257044546,123.053098927045,128.032849278574,124.484383032619,109.675223938669,103.436491785218,37.3240468115421,55.6813451294298,27.0758003170076,25.553763491787,0.24077300340363197,-0.39140156721088293,0.0036704359053485115,0.2265592589951327,-0.019564443623490285,-0.18440911073070423,0.03138150497406179,-0.08355028146148828,-0.2224855062523154,0.005845174540521315,-0.008430269226179255,0.21814809188043438,-0.010098102560243852,-0.12295274800878368,-0.027184052242793657,0.01953509676915971,0.11241729855951099,0.3693006378928327,-0.05159784989019034,-0.7454709363734815,-0.1134536263611762,-0.16465892087282127,-0.019545642077168066,-0.05917296588204756,0.20354169696529603,0.13681845029186213,-0.16196151653412516,0.07849124665255586,0.19403215300750645,0.06960684379183493,0.006213442602961053,-0.01966467064191232,0.002836196122371282,0.19297235576609997,0.006689058861901715,0.08706443397841268,-0.010274703428895325,-0.10556946614736787,-0.015051480334278312,-0.16685445028176335,-0.45800368460112734,-1.153878631155578,3.183612089551428,-1.3323962301255725,-0.021758533952368694,-0.05186071786775772,0.11986064319403103,0.06959942563503121,0.07275674578684518,-2.1899603174603177,11.156808819398995
66,20.4846160737003,23.8808581610786,19.4441774858512,4.76038160298923,11.1247839984122,23.4409600806557,24.8043368333896,27.7273277128445,4.11854186712735,9.88180887746384,11.8225537628647,1.26369912437918,0.446469330909512,3.26428813518242,6.27329414802379,9.09715257216212,12.0327204097595,18.1638300717707,26.0965944399289,40.9917182966102,44.1285018547328,30.5751870175983,18.3729315213716,-2.98483623278737,10.2030113345394,28.3745063102074,33.3359889908063,33.8073098727544,30.5398589909328,25.1573423413798,27.252257554229,19.2366755794584,11.2172654771393,15.831046313144,22.7936192832914,26.4123648834693,32.1559548927638,33.8630091118659,51.3019341167013,71.6459457895751,88.5891001237027,101.304624534336,109.675223938669,111.133571402507,116.704609512156,49.0126088703486,60.598797845848,26.6013013692567,25.707603459793,0.2168194949144498,-0.24432882753810325,0.1764563654153386,0.08252168774988002,-0.044246366659489896,0.07647559880602837,-0.1414083432996726,-0.060947259347529925,0.10643643161498147,0.1199313646395491,-0.23012002129150452,0.1684692460531796,0.09952449323377428,-0.07741007854708568,-0.06473679561451136,-0.002210428387562372,0.2502770697337859,0.07509661694169652,-0.17054366267506826,0.312420639209613,-0.20720093645140406,-0.09576715838417243,-0.043415707925625435,0.20453070855444394,0.07763563145644087,-0.0698530857529764,-0.3866799772137907,-0.14705207509346005,0.09978375377634299,0.4190298386538865,0.18723873193272575,-0.02316327400377529,-0.1509943403061426,-0.0848513510467205,0.2185752605987067,-0.22657448421469256,-0.002425793667103436,-0.011028694272758833,0.1082818151683608,0.3704300924839846,0.09126743296692255,-0.4482680327741514,-1.3390502023128115,2.123100218605149,-0.586361141726827,0.053293860013493115,-0.07494981752730127,0.13449286092535337,-0.10997161017007881,-3.4803174603174605,10.541516560842059
67,8.50477546451303,16.1899115054974,21.5808403560355,15.6130586147743,14.4957398556401,34.870012472127,29.8407054594391,29.2038356284224,4.32484460505703,9.28777984866668,15.8510182487189,6.07253581726102,4.54786239500036,8.24830871597706,11.0548869079965,13.8873204575733,16.2496092819674,21.5210291974814,27.4037223016097,37.5629398789872,42.3456299057018,22.5023380045351,3.14758930005408,-0.0386677659682887,10.9672823852292,22.3823539031132,25.1858877050689,23.1287234904493,20.3928379080105,18.0081817946479,20.333348898895,18.7077769977126,16.97896412934,14.5079222201262,20.9089656730137,18.5438137580039,25.9537647928557,27.9832214803134,45.3590927668539,62.8935745793556,73.647004691988,88.4811504738428,103.436491785218,116.704609512156,158.932399692444,77.5092436159134,78.0147580599843,27.3748557797142,19.9631659279464,-0.11726146401764091,0.16739176848308807,-0.07625307604035288,-0.29820083826129856,0.21737879290012735,-0.0556001705194334,0.19496600305341374,-0.12576643168297147,-0.11352840081652917,0.1061412040600225,-0.054656702284957524,-0.1997516436913029,0.11933601542343125,0.16095401560141334,0.054197587703372796,-0.04985655035924918,-0.24549077968061778,-0.0957198874181985,0.133762031188838,0.18986757249262365,-0.047475276122465694,0.043591554972495915,0.05723743552448416,0.01642354318477286,-0.03169993610212614,0.036673344970675495,0.10232972798489112,0.03994984548788934,0.0818643306557815,-0.1157464273890702,-0.16519460531418273,-0.10271501765988192,-0.04826021394932073,-0.0020185908392941123,-0.11928600842434685,0.20300800792161877,0.004920039770114043,-0.059459269488975806,-0.06389863442655094,-0.13650912202372578,0.09619596635986359,0.19747905241603442,-0.028611436110630106,-0.5818188844082985,0.5013098614141778,-0.1440270638244097,-0.004229483097718504,-0.1378524389587742,0.10586317512309067,-2.6720634920634914,12.60644278503829
68,-43.6442370859923,-20.5623671050982,-2.48863937560758,23.1731479633491,40.9418397421573,58.0521649577081,25.2842609960422,5.52905772539817,-18.8870722672342,-2.01155482395578,12.0562710133864,8.16199653938207,8.31183380867702,11.937417102029,13.8337257359474,16.0763393400437,17.3836290760473,21.5074691442722,23.8626833342578,32.5550564211992,35.3594643552581,21.0734815151046,6.31099764753012,11.0245102802438,17.6874699474408,18.9576425387611,25.8244228102091,21.0604343628151,16.3610905172501,15.0528472116685,12.8155952708313,8.13796717363057,3.08555457468252,23.6267821952004,15.3565224757538,7.64405645687666,9.33208729018709,11.4201464407326,21.3083440987442,20.5406741440401,23.1343720589094,27.5586111714695,37.3240468115421,49.0126088703486,77.5092436159134,116.110462148461,102.353294587526,38.7772409435253,27.251754022139,0.272243040707895,-0.1124913210919931,-0.02808731316988551,0.35433305640501433,-0.05876351157555008,-0.1745673148926709,-0.3137082544711111,0.44584577884297666,0.06349749661717076,-0.09240013843349541,-0.08361798582055449,-0.050737620170622805,0.015234451453997166,-0.12240564365945958,-0.021065492750294776,0.02380165142542562,0.19708421435389287,0.06663059176329193,0.11027182708510548,-0.008641951503174098,-0.2114268385190602,-0.01613220132381698,0.08527915736355351,-0.027328904388884814,-0.43861273999526507,0.17228468953941262,0.25107014085806295,0.020211671803128006,-0.06165897499906111,-0.008718023930436865,0.024544373471472734,0.10650082752410761,0.09897977069571921,-0.06128545946291883,-0.3867831644172465,0.16803560002225765,0.1041352491040367,0.07389889567864293,-0.0018534207508169775,-0.10924733254798964,0.14825055502942242,-0.11478012475113036,-0.04330969171023543,0.05759986750906323,-0.14643011532492817,0.744969679911492,-0.4139712454350067,-0.010182977485805551,0.007981495595298376,-5.504365079365081,10.77499244308138
69,-11.749094571876,0.570387705283243,5.53685299509086,27.1513371520921,37.434473816633,52.1687373429969,27.2525754539811,18.3499507512845,1.00036596710912,20.3438632499352,21.2455366560779,11.0454461349535,10.9728658167841,15.8867627670697,22.1294649243998,28.8780390239997,36.3735283812255,40.6022146345413,46.7418462861242,53.4954773673227,48.790877090353,32.5408538866905,16.478337656652,24.6417684674532,33.8223773450107,47.3614719231167,48.0656450233033,48.3533273113064,34.5349706853358,23.3640044801231,21.0802943314678,13.7518920536689,6.15426973540251,8.17856387515653,6.79506173402229,26.5809625759103,27.8610899982888,26.1346717684235,41.6365796965346,47.0154407816211,49.1310765277738,50.5916495421942,55.6813451294298,60.598797845848,78.0147580599843,102.353294587526,155.337375337023,66.0450717759335,49.2694835386815,-0.13804395199470246,0.023185737359052307,0.13630085262499123,-0.2545998834738685,0.01466486094148204,4.0791992160755235e-05,0.18413098265210076,-0.13229423581820188,-0.005766835011885497,-0.12920209552598222,0.1286437151931916,0.19110037641907723,-0.003861023924768994,0.006318541923854514,-0.028051643396329803,-0.07902898418842486,-0.13711249970305942,-0.28057123200300726,-0.24856875474272744,0.0010056954992701882,0.0016230558700502254,-0.06380330696018416,0.0835868689025253,-0.10897469683020272,0.2934629628808773,-0.002017954692770436,0.008905745050808848,-0.11761990711346719,-0.03400014702392443,-0.007583789168186416,-0.0013636650788767671,0.05886880123363196,0.20629201526300353,0.03311115465441023,0.4109966846385363,-0.35079641937568057,-0.05450881880066355,0.28052299888553595,-0.04239195434276113,0.141356833447383,-0.28793474538360025,0.044497341198021116,0.1137773854435127,-0.08157134559526048,-0.0035114248962969425,-0.41403754060037345,0.5710112114126498,-0.09691396029238067,0.0710558483807825,-0.9892592592592594,12.463040372919556
70,-5.9097794036594,16.3774223413813,21.7183576140309,58.324032743151,76.8319643714409,77.5266337921497,58.9335239217169,39.5012094849581,22.3082814121182,31.1553036456908,24.6763635232524,23.1285918885696,24.0109531955061,18.4579536677544,18.8382740009549,19.5129037728934,23.4258143172553,18.0518765549646,17.6235201222934,35.3793221072375,26.8274479462611,14.712639338576,3.58687366398439,15.3983668630582,23.8937907261338,47.8409046571947,40.9853485579166,36.1757012947846,20.6925524260517,9.90697116550342,8.64128564657476,6.08756025484651,3.44821468247054,19.6324557215522,-0.612899091857587,9.84837406562499,12.2875783850216,26.2995424337571,18.9172088394516,28.893899301964,30.7675020826926,25.7890883063597,27.0758003170076,26.6013013692567,27.3748557797142,38.7772409435253,66.0450717759335,162.708956861076,139.454550872712,0.006998030785279084,0.08719298020283787,0.0431447022221622,-0.03735709996290279,-0.19007364446979647,0.10915958861297737,-0.06019412880780291,0.042157248071746416,-0.13137649295832055,-0.001904021387989684,0.07931075387994865,0.07205034059955161,-0.030522458308349033,-0.11356524407577148,0.004480764904155981,0.09198990830711995,0.33366405303436475,0.1857392909199077,0.16339047462034298,-0.0363508407789155,-0.008230650990207733,0.04306798478713544,0.14810540751323348,-0.16113045008252092,0.2165337950611562,-0.44318673132044384,-0.1358863237985692,-0.20798772281453065,-0.010627947466202513,0.15729874742567004,0.024502955798735144,0.021188217460389475,0.030002820475059668,-0.07000639440844776,0.1168737787571107,0.12640168126745654,-0.10085111085892455,-0.3861451692628219,0.32176906325917115,-0.07938933244921494,-0.08403666930780004,0.005845949069564129,0.06669676171892257,0.12975730970652694,-0.12983316227475938,-0.019699674644205634,-0.09420572234571338,0.6417980229037141,-0.3755837395886574,4.483703703703704,12.755350126949695
71,-0.136855397127251,20.8509828390717,20.2217609624138,52.2763444797025,66.4294490655105,74.8689247983511,68.4340499164262,57.8088141967436,25.4016982579105,28.206774636535,34.8284936490409,42.2113176989594,40.2815433075502,31.4418296217557,31.8153065040405,32.352064170563,37.9126506857955,25.0292173610153,17.0260735670874,31.0253051699537,28.710847562528,15.719909441658,4.38281062121668,12.5452817555612,5.5939032681908,18.3628174340568,7.96392123179984,4.45654590891255,-5.95541233016589,-10.2988439972655,-6.30676600077595,-3.48922490474327,-0.35660710950534,8.7646894989365,-5.37261987527848,1.61838844361391,5.29767291323297,18.9778498094413,18.6788833812822,24.0154280400933,24.2961462212935,20.8992522481413,25.553763491787,25.707603459793,19.9631659279464,27.251754022139,49.2694835386815,139.454550872712,190.612266475034,0.019977930383203182,-0.18039188865024836,0.06886579976321655,-0.10797798566210956,0.17655844578832297,-0.14200869504864586,-0.07656179545104093,-0.05191090168222004,0.06418473118389001,0.0580739031336596,-0.02019019867181329,-0.1463052057709205,-0.01638079223624284,0.14683807345597608,0.03358842188307946,-0.013462958882878835,-0.2785020370762481,-0.045892578720026514,-0.10633188297063152,0.005490007686187382,-0.21345175993174353,-0.07450928487566205,-0.07605914742690119,0.041536251482766906,-0.043916229719025084,0.35926568944962944,0.12116455660134491,-0.04555735140902431,0.04308820680547346,0.05232053498850031,-0.015610739064306215,0.01722719204667605,-0.016775977745518672,0.0981319961609515,-0.049896088775292086,-0.18700494328288936,0.2677681335453979,0.09946013090693,-0.1669107449141294,0.013692865078446722,-0.04252359633379426,0.017558623014511176,0.0725420085084402,-0.10623157794983916,0.100320188615792,0.016048285162272448,0.06912906952970768,-0.374982811486501,0.4278330653825752,7.572680097680098,13.80587796827982
