,Cov_0,Cov_1,Cov_2,Cov_3,Cov_4,Cov_5,Cov_6,Cov_30,Cov_31,Cov_32,Cov_33,Cov_34,Cov_35,Cov_36,Cov_37,Cov_38,Cov_39,Cov_40,Cov_41,Cov_42,Cov_43,Cov_44,Cov_45,Cov_46,Cov_47,Cov_48,Cov_49,Cov_50,Cov_51,Cov_52,Cov_53,Cov_54,Cov_55,Cov_56,Cov_57,Cov_58,Cov_59,Cov_60,Cov_61,Cov_62,Cov_63,Cov_64,Cov_65,Cov_66,Cov_67,Cov_68,Cov_69,Cov_70,Cov_71,C_0,C_1,C_2,C_3,C_4,C_5,C_6,C_30,C_31,C_32,C_33,C_34,C_35,C_36,C_37,C_38,C_39,C_40,C_41,C_42,C_43,C_44,C_45,C_46,C_47,C_48,C_49,C_50,C_51,C_52,C_53,C_54,C_55,C_56,C_57,C_58,C_59,C_60,C_61,C_62,C_63,C_64,C_65,C_66,C_67,C_68,C_69,C_70,C_71,Mean,Std
0,692.38936873847,971.271499380444,717.564985896556,604.628823016284,461.674316913743,434.006575624574,214.975764967569,-13.1469224533892,17.6993270455455,6.44547702272289,15.3456529966062,-1.87358999102559,16.1504713801402,0.371521168799256,143.535556263251,22.9365230734122,11.9963300666203,25.5901069503981,8.73857694952119,-22.6153674948755,-6.56932690553113,-8.37402392276561,45.7656464768888,-30.4884692404222,22.0829636707269,-34.6166352716117,-16.07606824621,16.5547529295512,-45.7875047278852,-12.4339164397789,-29.262321260178,-47.7364251019146,-0.905226983105239,38.636003777508,42.1549793145166,8.79301603111486,9.79577676848053,-75.166348157411,65.8027385616928,240.327014535203,265.817892248441,135.23815600105,-52.4076143811396,-28.0489412360329,-60.7575786262367,82.7386702190579,3.26659248330442,-49.3824765612093,-56.9092679201712,0.4028856804247477,-0.0846043164758389,-0.13848836214361407,0.027279071541655795,0.10418129822739577,-0.15525363773547388,0.2012138672936142,-0.008085858870881493,-0.024124706553185205,-0.20570095448929757,0.005821406598926615,-0.07388111201368798,-0.2077654058631028,0.09704397224264004,-0.10427228354186317,-0.47955891323311056,-0.0008024066839272664,-0.07409609092920955,0.10819394037073567,-0.08814257679470931,-0.13237914519127095,0.08614600542715845,-0.013660931031867605,0.015358158591012576,0.043035120799975346,0.012492890422443144,0.15023255830760288,-0.1410313914029583,0.0967370465794283,-0.28484403582879203,-0.15593917904385254,-0.07029155248630693,0.03415269169774222,0.011423089996080896,-0.13948794066226392,-0.03911712470428289,-0.0857000144033808,0.19019976318990744,-0.02869416658049965,-0.03137450247605232,-0.26256652164327193,0.012214476684687668,0.02832160937311288,-0.03903549360769374,-0.08633738212192278,-0.07098923872076282,0.19090547436261188,-0.26139126612983016,0.1134891762156191,16.1587037037037,26.313102605707112
1,971.271499380444,2203.35077200404,1551.29728397194,1390.69568555693,1050.29627545287,832.452673915244,416.315528943409,-11.7173000927876,27.777118863883,1.65069526992609,24.907937217405,-3.57121278951913,19.763999143468,-15.3624526282979,173.897757269643,33.7791197455754,27.257239672472,34.9390974033169,9.40929126304907,-47.3398072509199,-17.5181194073792,-19.860700794147,86.8823468497626,-25.4022915145416,13.084658740671,-45.6105726530499,-12.4589280980878,-69.0740779805379,-63.247712245098,-55.0197440459415,-64.2193830482486,-89.7265570615231,-5.76601636198184,45.8017416632616,29.9699309928202,112.289308738737,-43.9121775225523,-141.123990312044,119.07273785979,395.793485789035,294.204833337175,55.7356244814309,-123.435952290795,-182.01589712108,-103.469330264759,22.7073449281692,74.6517397668042,-120.201053992868,-104.143546858716,-0.08399313507390065,0.12028164114152248,-0.007824278244247423,-0.014827117979705725,0.029937519029126173,-0.01781301703030392,-0.07206596571765814,0.06934753829473313,-0.007891336918165048,0.12072560904381728,-0.1856370309951392,0.07954374840243111,-0.01216486773171708,-0.031644408402874684,0.0023198768296319628,0.21481099204743864,-0.014689225368427731,-0.010951042330429296,0.021426628698074365,0.04561416375054326,0.025758168388993814,0.062323102773826196,0.028765999770522,-0.15427313933380885,-0.049744964580168784,-0.0632275572442887,0.01649999977106805,0.007601418456239608,0.12978093647178662,0.016873986365044204,0.05868403107529018,0.06349921997932026,0.03390577016175831,-0.06976997726860569,0.04250539829466144,-0.09927125668861407,0.0020373975540462475,0.047550510449552434,-0.0716700930181286,-0.18379137766947154,0.09675691568174082,0.06145544816424101,0.06189834809744237,0.03503026675740053,-0.05325549836755902,0.057696991404681354,-0.07684689849750266,0.05482296658006355,-0.02068670748469224,21.981944444444444,46.9397568379305
2,717.564985896556,1551.29728397194,1652.21565244962,1371.02008958647,1030.63877340355,776.713626316326,333.536460283316,-3.14207784048723,27.0619228604458,1.45069737245717,3.62561325223019,-0.93931381931917,17.3671257886594,-15.5852736190797,32.4521495031046,35.2535398073082,8.88834733390495,22.6443218537827,-8.3481182044755,-53.8207533629602,-1.51219233786305,-6.08869411356594,96.0193882092983,-51.9696126763168,-19.9722037644032,-39.1845435496012,8.9610549113527,-69.2940244753636,-41.2454712859904,-29.8319090637604,-34.4324230530986,-70.8573623493448,-7.10271319344693,31.5733191735209,-10.3676057570033,93.7968740324448,-90.2975445891382,-76.2762819108864,79.8061442769224,298.663465790709,180.976777992805,19.5024415476657,-103.127552866475,-201.68012130978,-82.5616426688076,46.7616779888825,48.3268560400987,-159.849048729607,-69.0055548253141,-0.13884294346588483,-0.009298121792666912,0.32664385257372425,-0.1587705990360649,-0.04080332562864648,-0.19723558090616722,0.04991431764976925,-0.11219292687846327,-0.05629547664512521,0.007612418262524458,0.05575482972635825,-0.01868940056163497,-0.07273359038517707,-0.1972146891556944,0.011723818564138651,0.07713139826822105,0.061779044757154976,0.03271893121664868,0.06205302560447524,0.1252478455912535,-0.04817352225911397,-0.18216345905634637,-0.21899044748411942,-0.04179061081585809,0.06977061403412464,-0.059602750884925684,0.015332267013900822,0.067051373076946,-0.031118025931273028,0.35467750672377607,0.2084665611668783,0.07124208344660556,0.14072729087844218,0.08332076091721137,0.3450939631146265,0.03738277833101305,0.1141960359707167,-0.3157655929760136,0.022546354530632307,0.08876899228723723,0.15724598430802503,-0.12332741584908621,-0.07139193024947522,0.08160011050998418,0.10155591593570358,-0.08784437786406515,0.04290589404389806,0.030700953817216804,-0.04376119377981661,16.332870370370372,40.647332660946205
3,604.628823016284,1390.69568555693,1371.02008958647,1443.00480442919,982.29085743337,661.749634446818,365.751597444266,-4.0136486889099,12.89757923988,5.89523407067901,0.825982871613964,-6.68488359107086,12.3233895189903,-22.1164032702472,41.7167551326595,27.7231054167917,13.1611138817733,26.6993056731403,-2.73341134380759,-32.5872028205912,-15.9583760134268,-15.7157712462326,76.7304233414795,-44.5088074329855,3.4455240639311,-31.1948537712977,17.9228637262845,-64.0926855904892,-31.4412971512509,-25.2711094109961,-16.0044332540323,-51.3969078309198,7.24001755146236,-0.578381200831407,14.0287297543757,85.9621702673378,-73.3652644865476,-93.2842234978887,94.4462258912502,329.417437873206,229.172603321691,49.7874644210445,-62.9496949615094,-147.509974978659,-59.3716876620762,59.1843631745606,78.7697892462245,-102.903829737822,-41.2261213722068,0.02880808032585932,-0.013427270280785095,-0.16286140292761206,0.19742293144296053,-0.07852951713944119,0.14150337167196259,-0.044442124018608566,0.012681373509377689,-0.011647259401380818,-0.08176471312452786,0.13058534419251144,0.17346456917621997,0.08010474029471662,0.143514989728035,-0.014157654539304329,0.07753687467984721,-0.05390596757552744,-0.04019728770634151,-0.03727225402467387,-0.05702861745548181,0.10881409031044942,0.03707216663684877,0.17136204512265574,0.0007835356025097832,0.00316037745952638,0.0682561661548347,-0.15905916150028446,0.0008380868103275775,-0.02721124979841256,-0.07565200661460307,-0.2951077399306491,0.023477212472192185,-0.1810432957669182,0.041355069944127666,-0.2649851930292062,0.023936161059060275,-0.03896305668316798,0.14113811267603504,0.003930812753520581,-0.12840043886709304,-0.005432965009504431,0.05899997242320869,0.03258375563003054,-0.01558072487772203,-0.08158965372417062,0.025874013011266572,0.016006439844485992,0.012428750730993742,0.015177088947143716,10.909351851851852,37.986771439926166
4,461.674316913743,1050.29627545287,1030.63877340355,982.29085743337,876.560085000709,564.099441282287,326.30527633292,-1.70745994397483,20.664765073812,9.30669314796531,6.99922556321838,0.908448863657811,10.2919809750655,-7.76856049699119,-7.47217912349896,27.8023042355337,12.4995609631631,16.6146374511636,-7.37166839958216,-28.972485256804,-7.6246626055742,1.31673270687109,92.7385969225468,-15.1604576123341,15.5171903207823,-2.69670475257719,9.32932956520455,-9.461285965038,1.38360304270684,-2.76368338408965,-15.9998794261586,-42.5120973877304,12.0166908682006,53.4006084396205,9.81870023249482,103.232506943288,-38.7202716563975,-37.8912938680986,59.4729592196292,225.699611665597,154.892725508228,15.6170195382543,-62.8016580078918,-43.616521926625,-20.1543660028736,8.04206376529001,28.4538179543316,-55.1960081575275,-63.3514393962865,0.11355746295203259,0.026515540424431244,-0.03789320260852093,-0.08361335018422451,0.3245283073338764,-0.12678985053664552,-0.0055905923253497854,0.2596682191194865,-0.06270487479525287,-0.13398889503590383,-0.2853641026335963,-0.17457214877075672,0.049496807308415276,-0.07576767201263379,0.0009171290020475849,-0.21860352998423396,-0.002399058011254216,-0.01692333684682473,0.22552114445441834,0.05013699500815118,-0.13829939350353165,0.06874144222896109,-0.24480278225722463,0.12251341425283298,-0.0547812662063618,-0.1530247221197642,0.027421377905872533,-0.09024430313998358,0.03944242808392125,-0.08495293976807118,0.08513619807570362,-0.018463694705925265,0.06330543996922237,-0.24132269229258888,0.017877587582124425,-0.17068906353054117,0.0938186540512181,0.11418645424207637,-0.12111493773614544,-0.27878736682017985,-0.0401308758139509,0.1461558262265707,0.05504219965213133,0.028775863147980765,-0.020463343595351298,-0.00691778185880554,-0.02854488056866898,-0.1316444740532482,0.1331239574504433,6.4040740740740745,29.606588540402786
5,434.006575624574,832.452673915244,776.713626316326,661.749634446818,564.099441282287,518.692458195275,255.155835213549,-6.45317301086572,9.1135176423156,0.837357815745775,1.14845764818224,-1.81507927652937,1.77055050456031,-13.0439100940408,15.6411394594832,16.9774816393363,-0.418557532960906,13.8856343711335,-1.82843349868391,-31.9533704218853,-4.91783367537585,-12.1933765420675,46.4550881462326,-35.8620440960757,1.76650577206294,-24.9957227692929,2.40902908833333,-34.8280626107558,-12.2159857238269,-5.16777717893724,-20.6279534179349,-35.3921738492228,-6.15784534525674,29.99899682206,23.420805948839,43.7356692574544,-26.4813548727712,-63.1287585068086,23.9050558913048,159.546631364353,131.098612478717,18.5475116852948,-69.7349430211126,-75.9765835178227,-53.4240606970338,-24.3561438909321,-16.7763904610975,-69.7496239958058,-69.4425028304397,-0.16836860759258251,-0.012754917378482191,-0.197173244693154,0.14699894971345634,-0.12842498208259953,0.6724287265191153,-0.32113629586120496,-0.0391423081350175,0.11225271916428389,0.044864844969303506,0.21865233672899143,-0.03915020112211475,0.28637028333382253,0.21255772257873115,0.1861343477572357,0.06524797110004352,0.1501781754173246,-0.02609007638429603,-0.12763141382381332,0.2339383822262894,0.13358204187953027,0.011586144046976303,0.1842789643941459,0.20761437453876516,-0.0965210936525486,0.09261866199314674,-0.14523096515171446,0.10273774334388079,-0.19701634107452262,-0.021319055972640735,0.09289587870275168,-0.22499718281002726,-0.29084062247483855,-0.15338664676050315,-0.4776742366160288,0.07361068144083822,-0.001808450300413849,0.20901239126561563,0.26061720336122846,0.07862540451059699,-0.06540517122811515,0.1154340939626626,0.16954646491632722,-0.1367708736473443,0.12395966066868966,0.08702561262346793,-0.17976760561724187,0.3006583805863793,-0.14311129685238347,6.342678571428573,22.77460116435138
6,214.975764967569,416.315528943409,333.536460283316,365.751597444266,326.30527633292,255.155835213549,822.611446850167,2.23946193944994,3.41094638277712,-0.107112708096229,-3.26562909358877,2.58347186053483,4.38571460755261,-1.09057577443254,4.98344383835766,14.840389437671,0.525975631935535,11.5100659946851,-4.58604750205996,-9.70384366088682,-7.09053710064763,19.762457321823,30.0232054947628,30.1554240995767,-18.6013867152406,-6.88372462992203,2.18046405771922,-23.631443871117,2.12362002911819,-9.19231385352674,1.04859192679514,26.471957520522,-2.20351807127104,-8.28613700569317,-11.752790563821,21.2640606372607,27.023361227554,62.244869198646,191.643769300324,355.819937600699,420.741402711619,408.430014334434,256.265109575547,227.089507024029,-59.0648928914481,-38.4039615063058,-55.6088406725764,331.497427959837,247.355585011759,0.21094009699733088,-0.0733803907770448,0.05183744339664522,-0.04906746626704064,-0.005048010828466283,-0.3253947702875864,0.47804455880729024,-0.3287800549530287,-0.05310644975291957,0.05981289435381817,0.07756826032657467,0.024236729735194744,0.01013549499790013,0.008518509918466368,-0.13296679482038457,-0.1955597371767973,-0.0810599012809854,-0.22427182700519524,-0.02782105052728557,-0.06066255100296964,-0.05131945011412336,0.09676110072879396,-0.17274977759466092,0.013824152059983679,0.2288491076734519,-0.08499564270105792,0.20105244056739432,-0.08878486242219787,-0.007782475743080573,-0.2457765538238542,-0.11336505360108957,0.10366839294476367,-0.0021345846855432755,0.23639138809534657,0.24020248109298983,0.08791191703368868,-0.05273682565060715,-0.16326959445749875,-0.0632334859691372,0.0038960743557545367,-0.20080176127797963,-0.1558492404086961,-0.1406168809381774,0.08140901676549343,-0.1002954636295821,0.07052669802919156,0.22576465492252593,-0.371338339573151,0.10554119453042902,7.713564814814815,28.68102938965348
30,-13.1469224533892,-11.7173000927876,-3.14207784048723,-4.0136486889099,-1.70745994397483,-6.45317301086572,2.23946193944994,3.8248892724741,-0.557391601870341,0.342149397437506,0.328303954131932,-0.501965276648341,-0.279565586647274,1.4823330058616,-12.0576673253859,1.0556652447337,0.614316857576375,-0.778994019769959,-0.412324518920758,0.129633978105222,-1.07512065040375,0.616807816762348,0.679937361832501,1.31724237130674,-0.795309801048655,1.94391334368609,1.12314149234352,-1.87242076888169,-0.0632292471968915,1.57385746682521,2.43790561766651,1.53497113187429,0.140988706529587,-2.8019728661807,-4.70711556006445,4.7334428890042,0.0007490137635388,1.78266017639462,-0.46503597938758,-3.84016732917537,-6.57930763523194,-4.96704406069988,2.03535848386254,2.62630155300141,1.45213317752752,0.614348445247137,1.11483723948359,2.24187943626292,-2.62682017204609,-0.002349643668743863,0.06909990166675443,-0.13026500372758235,0.00887270188550969,0.23929997025164096,-0.055828128427820874,-0.3428505267968469,3.212660608395477,-0.023085422737685487,-0.022751843738668676,-0.27908055094706874,0.2795157472406851,0.013280308210041399,-0.611612068216267,0.05950594505293916,-0.3494989076988438,-0.32442112540231877,0.27268631836639384,-0.11598719566555828,-0.0015376262767667714,0.3473726316443733,-0.06848594768338366,0.17734584954329732,-0.0841338861523721,0.1020038450420453,-0.5376408319501024,-0.4158141007749162,0.03705660850072953,-0.016051452313359665,0.03594961334636537,-0.29179072231497677,-0.10059750752200633,-0.13746861889152118,-0.21356309774870896,0.1623433412214061,-0.31577672808254487,0.0685221678902854,0.19985796195691227,-0.3379456077422598,0.21026446486017192,-0.26885981793682995,0.5291011826242287,-0.19543420996508534,-0.013969431408679896,0.20916499581187362,-0.2510441637051936,-0.2759802634931738,0.11883436547586952,0.32043136565211183,-1.6149537037037038,1.9531741531348663
31,17.6993270455455,27.777118863883,27.0619228604458,12.89757923988,20.664765073812,9.1135176423156,3.41094638277712,-0.557391601870341,7.47571130667305,0.849615174030668,1.16211244967614,0.627967546146309,1.0723860984212,-0.484096336602099,24.950688911418,1.72971051062882,2.39184758065481,-0.456824560192044,-0.214283230629287,-0.835609630220379,1.13258750771831,0.726017776869584,3.66551217200794,2.88770024283556,1.1381807015306,2.99311580165832,-3.52193650905921,-0.174386048129878,1.90068890163793,0.406780823948866,-2.83903477005035,-3.02546064768218,0.400471181276551,14.6862879562803,-0.465902476645905,-1.89955893786123,-0.166695594206069,2.38997108924072,-0.0392343642949917,-1.22688747706892,-1.20986299816051,-1.21566345031139,-7.75192023747987,0.103969686854285,-5.83320093755767,-15.3125895338593,-21.9421145170192,-21.2757243756718,-23.4806662022504,-0.022866405444978557,-0.006550538906308763,-0.06586762586988437,0.002568243994392787,-0.06495066828250406,0.09728683585193558,-0.03560553177593692,-0.021825483302096573,3.7748437274178492,-0.039286934366328415,0.061845078118762616,-0.6020861975323687,-0.0644873684241328,-0.061755470669818284,-0.12079335170254216,-0.30396434714672205,-0.7622585337903012,-0.03603802577457745,-0.18516089937644237,-0.07292826447213993,0.21530105328989996,0.13847111959530842,-0.02147748654064382,-0.2918549483773772,0.376843090211711,0.011919864087154383,0.06731629963180556,-0.05202149486756404,-0.11644426232290801,-0.15386496711971953,-0.010594373565003718,0.0526036884781595,0.05920652318110907,-0.772302999381865,0.3973205379079513,0.5741310952451639,-0.43274826473516964,-0.01414766531457566,0.12245455669194039,-0.3971794020791742,0.3573087553258568,0.14665990941536292,-0.023742706480388866,-0.19821667189829462,0.10799549270547629,-0.04098822516948718,0.24174801108374408,0.2931039609772643,-0.24339442967446562,-1.0756944444444443,2.732345385684806
32,6.44547702272289,1.65069526992609,1.45069737245717,5.89523407067901,9.30669314796531,0.837357815745775,-0.107112708096229,0.342149397437506,0.849615174030668,4.67300287356322,0.3838717993783,0.124093295947086,0.429462521580971,-0.0075068695159907,-1.84890396076975,-1.76852836568701,1.61182699712716,0.626637363121961,-0.607913288642836,1.09766580468563,-1.24765573315727,5.93337855798392,10.9120178715938,16.360157727896,22.3053296911102,22.1855252554187,4.92898763300662,2.68896401482473,20.1208445573597,2.9373569629723,-1.2720754892194,1.44400991143262,2.78054574979476,0.544622118685461,5.42269025363263,11.6937598647132,14.8269086323889,17.7442478010473,5.49383714350212,6.78047454913963,7.63240419421485,14.4765588323947,-0.197685182633556,55.5324873845673,19.0906284287102,2.41903706720172,-4.26382144351636,-1.54027346178474,-4.84109198565504,-0.2072917169541377,0.12479943344832783,0.009998923411091657,-0.0894185491213442,-0.12032708412088966,0.06043502087892712,0.05757769463751661,-0.025782015081762942,-0.035855149039412955,5.052367368496307,0.008405143760321768,0.02805578137058859,0.1437879931626756,0.06444217880055729,-0.08585900003052836,-0.20560498614206513,-0.019842053039375026,-0.018648659521906724,0.25751460999212955,0.07678897036044366,0.5287074561386054,0.03017721969481539,0.44323738067477825,-0.5217233453474834,-0.41877711219324515,-0.12746389546600834,-0.0830747362144024,-0.07571230195219347,-0.1117638737527308,-0.5053846538735762,0.5895528047266615,-0.02621133247881484,0.16141340630880407,0.04578176879375996,0.19885061548455032,-0.11101834926306732,-0.20029828904088262,-0.008075322830416991,0.05878993522076928,-0.030857196188154447,0.20105266250169174,0.001093448105943668,-0.2101818174460588,0.023339899718181747,0.1291256598472252,-0.11264440363558946,0.0245410487387626,-0.1397710648259738,0.09072062810882771,-0.15833333333333338,2.1593987296382333
33,15.3456529966062,24.907937217405,3.62561325223019,0.825982871613964,6.99922556321838,1.14845764818224,-3.26562909358877,0.328303954131932,1.16211244967614,0.3838717993783,2.32893358876117,0.338953573851807,0.600223784280254,1.31079408539677,7.58089546093021,1.39060383169764,1.47658031992267,0.49322905340198,0.77220977024519,0.198366425388017,0.0128729083613803,0.795678023215028,2.19609473441754,0.89611323100201,2.14700952515753,1.94203289014988,-1.73435337575328,2.87044215696445,-0.33576647275806,-0.672031963792639,-1.22405967661103,-3.3146517512868,-0.489386191801193,1.54118753657355,1.37579011471697,1.97174157167248,2.15553373963674,-3.54461340091948,-0.240827360229807,1.15964355707709,2.07741537610281,-0.998098742057564,-3.83220466137355,-0.455818199789927,-0.209344792494091,-1.223062826743,-3.79877326584701,-7.60936247782492,-10.2120473043261,0.005063589102057882,-0.18063636423034254,0.03213959673218907,0.1419392392895134,-0.27242338004144007,0.22080740180318834,0.09310931216023831,-0.1539062802001957,0.05308442595185378,0.018012317376243564,4.268613095851737,0.037882326076753244,0.26798781584818765,-0.8951243791894115,-0.06973077289981953,-0.02813180057520488,-0.0028566903898103683,0.1010281222510965,0.01600168203208805,0.2427751269569879,0.028838110941916042,-0.24606044997549578,0.4159924699060972,0.5450606222578346,0.05931200816662965,-0.6794168345078229,-0.00391213200745489,-0.06946425562177339,0.27781554971864797,0.14750036277085501,-0.08406749724472824,-0.008699872092393646,0.03861497821601285,0.03028905863286495,-0.22530375513821158,-0.31496685865276075,-0.027489616966631377,0.23458455498726333,-0.0061159045557829484,0.32410397393197304,-0.12302781388039129,-0.14880584229677604,-0.110515593740485,0.032606231166031716,-0.11259214399128624,-0.21279589946758476,0.42268240856188355,0.09012138206798931,-0.1547119164700579,-1.561111111111111,1.522804514296295
34,-1.87358999102559,-3.57121278951913,-0.93931381931917,-6.68488359107086,0.908448863657811,-1.81507927652937,2.58347186053483,-0.501965276648341,0.627967546146309,0.124093295947086,0.338953573851807,2.25833373243934,0.49456256353882,-0.758532527865185,-1.53947380095588,0.501036805168804,0.534511769138514,0.1377847918141,0.590248671475543,0.118033038498138,0.101955041607912,2.18290016145189,0.284841601056035,0.564366616363233,-1.83107643247724,0.10747488433554,-2.63469308007754,-0.242986450706828,-0.324581108462798,-1.7929666258888,-1.94626363314118,-1.53884702852888,-0.589946673763961,-1.55248886028094,0.195062002106211,1.58036127927546,-0.377144995038476,-1.99753047268766,-0.620325836401549,2.34264672958866,-0.346128878119417,1.59879397990144,8.52044409367621,2.35312467079152,-1.36765343498786,-4.68366025323065,-4.20920098746348,-1.24685510418451,-2.93605662587245,-0.041056232089643284,0.06444970869037621,-0.01637431385430421,0.1559380738711372,-0.17275856379631852,-0.06989505594769362,0.03239926988438458,0.28606708673222153,-0.5715537505648104,0.027342778347119095,0.04711851470958865,4.364208272509301,-0.03423404238011271,0.12399375201511909,0.03744186479312739,-0.02201879693206243,-0.08158108736061426,-0.012915952689542974,-0.0520109045408155,-0.4789935967927303,0.04965650796310965,0.23632657279733602,-0.07337177197373235,-0.016819921858476444,0.5598944488580796,-0.18105084898403825,0.6301567464058051,0.03335089363452721,-0.18638178111862952,0.45207640764545876,0.19296405543677322,0.17287597934009818,-0.04273511921614006,0.2527681510513041,-0.2587493336633711,0.05100749331374314,-0.11193427519062736,0.06040683882755797,0.09711214133227183,-0.6318417845261605,0.44320518410290216,0.07325932348711295,-0.17350230320426943,-0.12057205876496309,-0.12003536099581416,-0.048512843142632475,0.054362371041373016,0.11347354624954895,-0.10564329459927947,-0.701388888888889,1.4994444746102924
35,16.1504713801402,19.763999143468,17.3671257886594,12.3233895189903,10.2919809750655,1.77055050456031,4.38571460755261,-0.279565586647274,1.0723860984212,0.429462521580971,0.600223784280254,0.49456256353882,3.32199904214559,1.1333828868641,3.03650724704632,1.29397863941309,0.698316211930665,1.4031668314126,0.260131937040769,0.0934635176532572,0.583697367603069,1.33952350130881,5.45662250589,2.36019077971183,4.20031333776309,2.03085902570189,0.0358890166890541,0.507645306549884,0.625446611665205,0.615816076550773,0.682374828178691,0.601636474963078,1.23131914553279,1.03524276677847,2.05626317497736,1.85120687028507,1.58430766031306,3.36458888415337,8.37084729328399,11.6948996290436,11.2924619427085,11.2699814889953,8.65756430982518,6.17649996002877,0.168685742196994,6.03444680047258,2.59683950644838,-0.832460885898115,8.06426759862042,-0.19436310986426056,-0.02157134363002962,-0.06616063440660115,0.07350492964753444,0.04185601974328647,0.28405470651987375,0.03815662121490304,0.01467213867465881,-0.07364336228298159,0.14119164352796684,0.31329908104327775,-0.03637664974384585,3.3422038906765077,0.007033871037592873,0.06061967706542266,0.1095325518667085,-0.021807565912581876,-0.033921646579259834,-0.24672592599977977,0.013148797694738758,0.11857372818247289,0.8290583032546762,-0.8562573156498121,0.25697845677976067,-0.31506493348027054,0.10852965328391262,0.09162280751884463,0.0072334925497190535,-0.19008659959492982,0.03794542879473104,-0.35885572228372725,0.2541358507596934,0.09079500084922293,-0.1425543244144369,-0.18816699827278133,0.03814973907397411,0.5704418009890214,-0.21767491084517793,-0.0948409626660402,-0.14902753778137467,-0.09436291508824969,0.27533090850514513,-0.3889225319889054,-0.035961742450836894,0.017026483571899217,0.12024568328332885,-0.06921615177844967,0.061343761259307225,0.013712384340126574,-0.6016666666666667,1.819889843409648
36,0.371521168799256,-15.3624526282979,-15.5852736190797,-22.1164032702472,-7.76856049699119,-13.0439100940408,-1.09057577443254,1.4823330058616,-0.484096336602099,-0.0075068695159907,1.31079408539677,-0.758532527865185,1.1333828868641,9.64337931034483,-2.48499400454013,-1.49610531268737,-0.488863789448904,-0.342158936994787,-0.805620561220905,2.36574455522703,0.29537668012705,2.605655301076,9.79788903942027,4.67109784078083,4.82435350579094,3.28209998376117,1.765061415022,2.46866202383414,2.00988032180242,1.01698873635277,5.12621068341716,2.48307501828285,5.82442401062434,3.68457187062664,1.41693190987129,3.88954570094871,11.4573063192863,7.32383069486468,0.166508440124173,-4.89758614880063,0.0532333545111301,0.486740141087221,0.0150208770536318,17.7527429257897,9.7391564274924,14.7420946444277,15.0363659164521,31.563487199184,27.2118396326107,0.0830459041940248,-0.02844103276181752,-0.20239399520440976,0.1621419223094202,-0.08472324922204236,0.2611858044098517,-0.022328593929253748,-0.708082295380652,-0.1408691574056925,0.06888455996555415,-0.8917078608657864,0.11185463406270563,0.0003288561710088615,2.8261437961357507,0.07794689290217043,0.013537699706739837,-0.030201053297526863,0.006602239243825101,-0.16514472464879695,-0.05709008368828258,0.23287944046486306,-0.3140503271848559,-0.4754767051966303,0.07213999514285452,-0.34926268914277414,-0.13355619506798572,-0.053933668890195866,-0.0709106814288858,0.24000250462739126,0.31909899149976595,-0.5115717494447212,-0.20498236007309362,-0.020542220898658762,-0.08599045510374896,-0.02619385284602817,0.3792745141980994,-0.46234062768861306,0.3256155863404222,0.05697415928213511,0.17073968559700745,-0.38006151890410683,0.43933623873908645,0.12148840509099335,0.029120359533827647,0.13870869361733681,-0.18287813177728096,0.3692271179952003,-0.18834138666677158,-0.27255048154976375,-1.5799999999999998,3.1037685658477874
37,143.535556263251,173.897757269643,32.4521495031046,41.7167551326595,-7.47217912349896,15.6411394594832,4.98344383835766,-12.0576673253859,24.950688911418,-1.84890396076975,7.58089546093021,-1.53947380095588,3.03650724704632,-2.48499400454013,334.047204661558,-1.77863726400096,11.1786978635139,0.902311588751123,4.99093606094515,1.7518289423531,2.86805510488018,-11.8210302421294,-11.089173306173,-17.6934047516115,4.53920807663294,-11.3291832325809,-28.9984706775369,-46.3328057813457,-21.5028648058545,-19.6059430576911,-26.1430178261909,-3.45699147751042,23.8704203450673,57.3156418191499,14.9770399987507,-56.4813288948499,-18.0379279584901,-33.4066511945774,-17.2796534029089,13.3056894463878,50.5292081328064,6.6031229232705,-34.6152525716538,-57.0902740127899,-30.1744015547096,-10.6910884799654,-26.7583124431476,-46.2774129557899,-25.3442290298293,-0.10757529963858942,0.0019712308186465447,0.017909297329072683,-0.01576242786725487,0.0018998375470968558,0.18234363635010967,-0.13302066790163244,0.05588238190761905,-0.11931463118035983,-0.08828559029167542,-0.06514136794947134,0.03632328972258657,0.06744224604978707,0.08458804166141592,0.24002505151176914,0.011840744907880837,-0.17643894300006144,-0.002548312572891356,-0.004188214969026815,0.1559442127573649,-0.09287438707301707,0.007987134484257466,0.014920169578826942,0.14068009311816942,-0.12933314157188305,-0.1355478458209888,0.06150128970891246,0.08740764022705674,-0.0017158968052245263,0.12396644802694688,0.2652558239263443,-0.0009343085843938519,-0.2493870119813207,-0.052401715547873,-0.05424782439067257,0.05413567100168168,0.054461805557062454,-0.07999544743297178,0.1963225772187023,0.09106906166687775,-0.11552815941023428,0.09137221253824444,0.083507288700313,-0.01404257744201437,0.17714671816381847,0.04691632005017426,-0.07634984188407591,0.13555790217141994,-0.12936963648278765,2.3694444444444445,18.27668472840624
38,22.9365230734122,33.7791197455754,35.2535398073082,27.7231054167917,27.8023042355337,16.9774816393363,14.840389437671,1.0556652447337,1.72971051062882,-1.76852836568701,1.39060383169764,0.501036805168804,1.29397863941309,-1.49610531268737,-1.77863726400096,9.31830140485313,1.40254387508575,1.28933649448941,1.08590350642222,-1.92428824486172,-0.191095951365112,-4.12255344172775,-4.61109573814881,-11.9963835737514,-14.3327144044506,-12.0958768071175,-4.58479571829532,7.95756586290783,-11.7790448735717,0.785417936510461,1.5516270759336,-6.64241132990312,-6.39240258328063,-3.06918861444046,-7.93679680977982,-4.73449497126444,-17.3134334726066,-19.2943430962462,-2.64360962380514,1.47271531413359,-1.95383289306389,-9.49502785916643,-5.70934944238794,-44.0423216364622,-13.4431866923703,-10.712339299886,-9.6041615646733,-16.2502328880107,-13.5992535904058,-0.4951899818743389,0.2171054048551424,0.07373345051449419,0.08022604486604899,-0.22441819918635442,0.06856710480728345,-0.19567322797809564,-0.40610478189655336,-0.2980413113711877,-0.20390312226169252,-0.04560939701585125,-0.025446372928671922,0.0837886543197016,0.023249889403161236,0.015317552966520041,3.0031525455214982,-0.9322550082143354,-0.3614937680220242,-0.6942552925588704,0.1834508996206291,0.11818690140145693,-0.061497200993819015,0.2332444804207261,-0.11127026767224582,-0.02350370746165953,-0.09215661815227587,0.034682295149292955,0.11605718848676438,-0.006466457277823556,0.01950676143134903,-0.41095350432932193,0.03150329574719025,0.3379717791811913,0.030598496792664655,0.4534193753981364,-0.28062219617313794,-0.021224279757492023,0.21967486739208097,-0.46388655402127665,-0.022913962079632963,0.35397268520220665,-0.14392815965230388,0.0708743538019858,0.32065152540025516,-0.3909129575025227,0.2775398295365271,-0.19606693189645752,0.28129105820945993,-0.21940155274648893,-1.6222222222222225,3.0509509017440988
39,11.9963300666203,27.257239672472,8.88834733390495,13.1611138817733,12.4995609631631,-0.418557532960906,0.525975631935535,0.614316857576375,2.39184758065481,1.61182699712716,1.47658031992267,0.534511769138514,0.698316211930665,-0.488863789448904,11.1786978635139,1.40254387508575,3.30541634738186,0.508368146647308,1.18950632807563,0.308168052796395,-1.11018747087337,2.19509025445344,4.17984237056218,6.12246482347355,7.08381228580998,7.36010993776929,-1.25878974912474,4.0437492976089,5.26503508986832,-1.68966515658551,-1.42572409473559,-1.40896947184655,1.82635735050005,3.13980872843555,1.79906241441847,7.08569465931642,4.9994129866632,5.14029825097081,3.59058102319332,4.70724731422188,3.5078027503889,3.69381330728182,-3.27271261857054,15.5942286491056,4.92942462342985,-2.47300313367493,-4.07026371222602,-8.64459982735338,-12.1713896944225,-0.017474443303533746,-0.009231880651638002,0.057914234145595,-0.03998763387986152,0.0006192000175808263,0.17655636409145942,-0.09662619677954032,-0.37348021426745276,-0.7646628179916295,-0.021317536957439317,-0.0117442946984569,-0.08418773576904963,-0.02135632608513921,-0.024937406523181015,-0.16979290006930658,-0.9421283189799425,5.147415370483225,-0.0601788538716219,-0.7766664746962944,0.028637333104828782,0.5894550307621748,-0.029429142978789884,0.049804330216579935,-0.02838484239453419,0.1451819057219323,0.03017442603962082,0.27434722073949824,-0.07251408304154255,-0.021704087798383228,0.27816925473509846,-0.0673415245324781,0.13253440597440713,0.012140401779497536,-0.11668462149173903,0.14175646434006267,-0.35811667297137867,-0.034992467735860636,0.029387021838576468,-0.16128416798523457,-0.08308442777157668,0.08511693061032137,0.006388922431309791,0.07517888100882089,-0.19455106595148647,0.0005928154750365235,-0.0043976378190963,-0.3030656686463432,0.15776602306435952,0.16016059767387958,-1.468888888888889,1.815328165203709
40,25.5901069503981,34.9390974033169,22.6443218537827,26.6993056731403,16.6146374511636,13.8856343711335,11.5100659946851,-0.778994019769959,-0.456824560192044,0.626637363121961,0.49322905340198,0.1377847918141,1.4031668314126,-0.342158936994787,0.902311588751123,1.28933649448941,0.508368146647308,2.9443745210728,1.0627755578072,-0.0484618506440945,0.348307029399536,0.587415578291153,3.08309218749766,1.27473118118138,5.57232392968134,2.34797380822739,1.27928993328176,6.81162296789041,1.34382093437242,-0.557318267016546,-0.903235114421125,-1.40479257876383,-0.790823001649611,-3.96598452733919,3.96913624289044,-0.945454052578858,2.02307197177957,-1.43664418698671,8.28060457919917,16.8753113770313,18.6171988705924,14.6749305377574,3.98615384337044,5.73372995815797,0.624969280781504,8.08824055045982,4.3573360912055,-4.07495178555463,3.27217455809713,-0.07380547342917916,-0.013085178226159363,0.034437291162849194,-0.05265191953950383,-1.4974371220898613e-05,-0.01726866841989596,-0.22093323733282838,0.299548121264771,-0.03713293967963735,-0.021988583240934098,0.05894219423551736,-0.01715526806756476,-0.023509126754016816,0.03243054493414342,-0.0034439105773015817,-0.4248831094158542,-0.06321027390020191,4.309478624413722,-0.6865924101676717,0.24436625574760348,-0.20447679254620083,-0.24257393773413957,-0.04336813702213549,0.007739863419111765,-0.5930654019750532,0.08532769533419017,0.32797584054871876,-0.1636346063076107,0.27677418017266964,-0.3043583560091636,0.016009597630227745,0.07903619708769892,0.25447271803214944,0.2638075345593242,-0.343611621259747,0.6120824534452664,-0.1283977679182722,-0.07225159030515371,-0.250248265058202,-0.09838101631658257,0.46663899901951117,0.034588963796055694,-0.16866156033798269,-0.013595827045624008,-0.08014313926929992,-0.08507983480258556,-0.25861658409632843,0.09641324369420422,0.05190847936224344,-0.9150000000000001,1.7130016115207825
41,8.73857694952119,9.40929126304907,-8.3481182044755,-2.73341134380759,-7.37166839958216,-1.82843349868391,-4.58604750205996,-0.412324518920758,-0.214283230629287,-0.607913288642836,0.77220977024519,0.590248671475543,0.260131937040769,-0.805620561220905,4.99093606094515,1.08590350642222,1.18950632807563,1.0627755578072,3.05010217113665,0.551167969680022,-0.0349158398795526,0.129508249098552,-1.98886413072902,-1.96796064869001,-0.649432981107949,-3.4381100642525,-2.14483633094197,-2.01235371094106,-2.94602492107547,-2.49423743575438,-1.95407486178264,-2.07094974659183,-2.86394078501134,-2.11638538894559,5.94686253575643,0.0121683365945703,4.64836655852578,-2.62971135029648,5.06370265993206,5.20918074514933,7.0334583575219,3.30191572550053,0.422115408081131,-8.35709011167006,-7.92453263914392,-3.38259472000874,-5.78218314841797,-11.8395193474055,-10.3626793358179,0.10048214640562932,0.02553249120566983,0.06832102159031576,-0.04339758693956603,0.23112074631169185,-0.1135387254269334,-0.032012321999069886,-0.11443250870747919,-0.2244635589771218,0.21981722192004816,0.016238461877313332,-0.0539252548729297,-0.19246633296029678,-0.17686806110066952,-0.005631896094817233,-0.6613783354667092,-0.770238542336279,-0.7356813616914907,3.8434735823857675,0.027809787133493285,0.23786512314879268,-0.6294962878071206,0.010559400226178838,0.23620101591695877,-0.0648680137622141,0.47921491887405826,0.15173252510566676,0.06326592446026877,0.056263228302195184,0.40585910856082075,-0.019663212566395246,0.28718022858535064,0.29047773966951485,-0.05997810930678614,-0.30188106363719747,-0.005930594050697048,-0.02900338933637216,-0.017155513581703894,-0.20203078361628926,-0.3372114994148459,-0.15657152342716066,0.36914794967837916,0.19598063807783195,-0.17784286171697858,-0.1842626745490581,0.06078222218513374,-0.08288555922387773,0.13561532298607623,-0.007555742020159553,-0.8777777777777778,1.7435888767529615
42,-22.6153674948755,-47.3398072509199,-53.8207533629602,-32.5872028205912,-28.972485256804,-31.9533704218853,-9.70384366088682,0.129633978105222,-0.835609630220379,1.09766580468563,0.198366425388017,0.118033038498138,0.0934635176532572,2.36574455522703,1.7518289423531,-1.92428824486172,0.308168052796395,-0.0484618506440945,0.551167969680022,6.72618263090677,0.879501609721774,4.12975225332109,4.17929508377143,9.54806164827028,11.648348967093,10.6755097449855,1.49916038752175,3.22091550869706,9.20381528910933,0.451530472879163,0.73710191593297,2.58755858778672,1.29727242342143,-6.53818457541331,1.9723599817386,-2.14334751556429,8.49369635152512,3.58751369466382,2.61629261570649,-1.81455147974633,3.56844903629326,8.15540209019144,2.74735188007263,22.5231163225722,5.98252600847644,-4.23490651928475,-7.3543252452216,-3.76437983490656,-4.23573641920995,-0.0964296746700804,0.05368291957814739,0.12952634218130082,-0.05396799514036479,0.038342641013075406,0.26733553593976234,-0.0666133829144442,-0.012448144578672774,-0.06909502671923964,0.047917356267217576,0.24048326859422262,-0.47688948393278424,0.012698327817420195,-0.05905987303366999,0.165819107270023,0.16895869848989895,0.025341373242071127,0.28125429026837107,0.030567581797003262,2.7030610106860946,-0.008406977322143438,-0.3484053753016069,-0.440648255143604,-0.5939039277502599,0.35392299199153704,-0.1362120637915622,0.19236764892795613,0.08473453357252723,-0.4241121163556167,0.033373687150397145,0.26282551989053765,-0.3428371607096171,-0.6213614221499637,0.14672331664559732,0.015864990890447024,0.18967301720192745,0.03349792111834253,0.2010101624338645,-0.042950435698189064,-0.33892162808803206,-0.43199883004748263,0.472175270487484,0.34901393428038935,0.25410194507875733,-0.09055479788874815,-0.10586543432369885,0.20604920031548427,0.002964305972224419,-0.03665624413582031,-1.7022222222222223,2.59155988371999
43,-6.56932690553113,-17.5181194073792,-1.51219233786305,-15.9583760134268,-7.6246626055742,-4.91783367537585,-7.09053710064763,-1.07512065040375,1.13258750771831,-1.24765573315727,0.0128729083613803,0.101955041607912,0.583697367603069,0.29537668012705,2.86805510488018,-0.191095951365112,-1.11018747087337,0.348307029399536,-0.0349158398795526,0.879501609721774,8.27833692528736,3.13734355354887,6.08922699269641,3.16570520200706,5.00764481048441,6.3480486179336,2.11918119254998,-4.71430003688494,4.24665740944431,0.584677836016242,0.855985564670372,-0.467831643437982,-2.25695722001574,0.32465364010877,1.4783960741134,-2.81451674539183,6.92026042113872,5.56467097697246,1.98751354453659,-1.12547714393952,2.42163228395431,7.30384055370912,-0.370237346190768,5.04659347782471,1.33352291072494,-7.22749901885068,-11.4586334388976,-22.5252079488507,-11.6442498834466,-0.13231836621349752,0.01388719120552699,-0.0624046870490394,0.11326096830504814,-0.1502416102476621,0.154755027649771,-0.05104078446164042,0.3537779780533235,0.22764958817327677,0.5466524901149509,0.037684582921294014,0.05259724195709096,0.09996165342175233,0.22906610008741626,-0.10729150246600559,0.11037943171047106,0.6015662700468218,-0.20673024268294155,0.22695525264212207,-0.01768935194344716,1.9059007900651488,-0.3986769764234907,-0.3852935578453978,0.021667344315199174,0.5654303296152866,-0.10395021713005911,-0.6279031304422025,0.0698474449168296,0.5923772834592438,-0.06515968512891666,-0.1311917325582594,0.012201521968760873,0.05477261644356774,0.13613278444740742,-0.039706728795174145,0.4005221528552792,-0.250788989495333,-0.12296002107780157,-0.24411491919125386,0.19161112575990308,-0.0917255771477955,0.06963351436568642,-0.06241651279237064,-0.10292707186798891,-0.42437312922375053,0.3793169431214806,-0.3083372851362892,0.27712088354722897,0.04781014950720117,-0.19583333333333333,2.875471600500926
44,-8.37402392276561,-19.860700794147,-6.08869411356594,-15.7157712462326,1.31673270687109,-12.1933765420675,19.762457321823,0.616807816762348,0.726017776869584,5.93337855798392,0.795678023215028,2.18290016145189,1.33952350130881,2.605655301076,-11.8210302421294,-4.12255344172775,2.19509025445344,0.587415578291153,0.129508249098552,4.12975225332109,3.13734355354887,21.2799314335888,25.3784955320108,36.1685513549447,38.6101574856826,42.9116395298928,8.36100292256976,-4.57859980748489,37.5714640186501,0.933563308755904,-1.62229877431213,3.06175434544359,7.24316097326406,-1.03658052810238,9.19720434880384,23.2032344556411,29.5957591581295,37.5194370079743,22.0074840145042,22.4062751802196,26.7147773288517,49.8872304630059,24.0526719838424,121.210974626762,35.2089565440015,0.258268370843249,-8.04500489583443,12.9532888048221,13.9966251266781,0.0975711407627672,0.05235566714409147,-0.1848754977968225,0.03241474037655932,0.07231772444809471,0.016720170261062175,0.09218551599090173,-0.04540029599713788,0.15976390531200643,0.03398508965738745,-0.2084615831306696,0.22920299990247092,0.831143660952636,-0.3070635188360479,0.019064963564634902,-0.05275528445766249,-0.024256479214357075,-0.2352615420528357,-0.6220470133852181,-0.3400785344213483,-0.38690859780646075,1.6871875899472144,-0.07932573882128832,-0.45673487388527545,-0.10186672367632463,0.29647114498007937,0.143826844355206,-0.06474850751620773,0.29534037112740685,-0.2583696543223548,0.458662416733519,0.22416771529570362,-0.23823448393476246,-0.04081157076338597,-0.06586114333739836,-0.3349334606020007,0.18666257775035502,0.12736265114942957,-0.03891637449348961,-0.005483446357152004,-0.23482942968242446,0.11217953352731391,-0.14557547490401995,-0.14832309443988814,-0.2833259015852233,0.10859530751407914,0.1889216505681198,0.057552248236228384,-0.11634313509443243,0.26027777777777766,4.611933589459931
45,45.7656464768888,86.8823468497626,96.0193882092983,76.7304233414795,92.7385969225468,46.4550881462326,30.0232054947628,0.679937361832501,3.66551217200794,10.9120178715938,2.19609473441754,0.284841601056035,5.45662250589,9.79788903942027,-11.089173306173,-4.61109573814881,4.17984237056218,3.08309218749766,-1.98886413072902,4.17929508377143,6.08922699269641,25.3784955320108,70.5768457854406,56.0849925170423,80.7322555422822,77.2890138622701,18.3133665302896,-11.1936246909841,70.8948416032533,11.9433430901568,5.09881683301996,-0.549393501301518,14.0112202955315,2.09201371402512,24.7378071100716,61.107098097968,69.7389884245728,66.7518141157662,25.5721405085598,31.833845693134,29.9655024641646,49.1827848682634,-12.070984291792,184.610498077408,60.8075817018792,-1.9067416439512,-19.240716796806,-14.9877225992428,-8.84111062313314,-0.0045025359061151415,0.03720929926274634,-0.23537143058318793,0.18147984998328767,-0.22668916427321828,0.1635706981764882,-0.1736511237489015,0.19252794869775403,-0.020219351708835327,0.4394694094479055,0.48639849835016485,-0.05213208105732916,-0.873036051909106,-0.4934690768330079,0.014857753139706728,0.20725000048124909,0.04993497756421106,-0.05748161924353002,-0.0008792350703375379,-0.4685422782409265,-0.38921868127251397,-0.10639393782639399,2.0665210999870447,-0.14747321746006528,-0.5891380353070821,0.0779828379098062,0.2135967524760721,0.04360623075501329,-0.14702534826226085,-0.36229393927181613,-0.5482823248600994,0.5226161712494649,-0.6183134008727407,0.11295930469934248,-0.08794494848972668,-0.26051021709660177,-0.39678592266227697,0.15096952968537133,0.10742495897336903,0.08712164666447479,0.02902857439414601,-0.007314014240682678,0.08204658731534455,-0.05291631845604248,0.17810265697665462,0.02287697447487261,-0.0835925388954652,0.17523312644870437,-0.12810381348904923,1.2483333333333335,8.400407477345409
46,-30.4884692404222,-25.4022915145416,-51.9696126763168,-44.5088074329855,-15.1604576123341,-35.8620440960757,30.1554240995767,1.31724237130674,2.88770024283556,16.360157727896,0.89611323100201,0.564366616363233,2.36019077971183,4.67109784078083,-17.6934047516115,-11.9963835737514,6.12246482347355,1.27473118118138,-1.96796064869001,9.54806164827028,3.16570520200706,36.1685513549447,56.0849925170423,99.8592257343551,113.239135334111,122.038732663242,27.4989121700253,-5.1117964144334,109.596723214639,-0.608677780517186,-1.51393274656031,14.3072274731392,17.0570192004585,8.03988636311138,25.7128146689662,47.5914231975843,79.0182044947391,103.79204807641,53.1415275677947,36.9978354738986,52.3072315391637,112.973740089393,25.7742380543946,308.363108999769,107.218989466755,-2.92410491077077,-11.1409309890076,31.252789096901,27.8208973070315,0.01941056692533601,-0.1545462092428624,-0.04534093595201419,0.0010083406769729197,0.12995184711310434,0.2139173821878021,0.013242264913123023,-0.07643664300946884,-0.28748731557988105,-0.5223542648534116,0.5199176194860226,-0.017662964786382573,0.2588879921960658,0.07402515575558156,0.13180432327621228,-0.11351796537061128,-0.027396551240936495,0.007426687602249589,0.2312668485135776,-0.5779792680055357,0.005888561759509536,-0.4694133124702353,-0.15843014455460452,2.721370365169189,-0.30687200190614783,-0.5163300468381424,-0.21689376417446657,-0.11052046517479289,-0.5408356540847971,-0.07031377236502424,0.46138147172995364,-0.07257625592867024,-0.3397554250989937,-0.3837756024311526,0.2839470636502473,0.14869091289271655,-0.3341298023281118,0.11006113697710325,-0.35068911022286525,0.009239385300402102,0.2699371424541299,-0.2135338598992371,-0.13522440102861652,-0.0821114091126537,0.08011478282499891,0.318251879034783,-0.2440177386304337,-0.1221386750904816,0.11541074636648439,1.0055555555555558,9.992458442963626
47,22.0829636707269,13.084658740671,-19.9722037644032,3.4455240639311,15.5171903207823,1.76650577206294,-18.6013867152406,-0.795309801048655,1.1381807015306,22.3053296911102,2.14700952515753,-1.83107643247724,4.20031333776309,4.82435350579094,4.53920807663294,-14.3327144044506,7.08381228580998,5.57232392968134,-0.649432981107949,11.648348967093,5.00764481048441,38.6101574856826,80.7322555422822,113.239135334111,165.418014048531,159.122405495126,37.3719124894057,-16.1770529929995,142.234014158234,6.81970537890946,-1.01935700964794,15.2410278026173,21.85284181416,3.55764490707436,47.2397643832732,60.0292147493562,107.496141507808,117.484522316103,47.5240340357486,43.6560413487324,65.2735637170334,117.468376092576,-10.7028057171437,367.823774968242,143.344479127575,15.5685824558657,-13.0791159210401,-26.9567417998412,-10.1762085709002,0.03587079246280344,-0.05268802088637754,0.07843184970558001,0.0005172119539450196,-0.06840824648894542,-0.10712022170556043,0.23356263958836546,0.12160884936097276,0.3838979076979922,-0.4158606237417792,0.046333364114211406,0.5521494044326537,-0.295530773094279,-0.3813914160094401,-0.12839443471471862,-0.006238002661631811,0.15170666018682913,-0.6130692146332352,-0.05941722668075234,0.3499475408364632,0.5518701939286554,-0.08781594663322774,-0.6117082956163566,-0.32730006294431213,1.6096885794715203,-0.10342360815915826,-0.02652887427396326,0.06315363080746357,-0.4021511149523278,-0.17370507656088446,0.02993226692137784,-0.48926960432582445,0.07342092937782402,0.24085708137555276,-0.07169706788333108,0.25032818997972694,-0.0030292894403760725,-0.03536820414154185,-0.007999551553538296,-0.03290994232164532,-0.1372926935348585,-0.14617817576034928,0.023799656358848807,-0.06615697336763321,-0.2425359001444223,0.12345421943840641,-0.08491443175854044,-0.006552586753328843,0.1918869610108796,1.8111111111111113,12.861104697829472
48,-34.6166352716117,-45.6105726530499,-39.1845435496012,-31.1948537712977,-2.69670475257719,-24.9957227692929,-6.88372462992203,1.94391334368609,2.99311580165832,22.1855252554187,1.94203289014988,0.10747488433554,2.03085902570189,3.28209998376117,-11.3291832325809,-12.0958768071175,7.36010993776929,2.34797380822739,-3.4381100642525,10.6755097449855,6.3480486179336,42.9116395298928,77.2890138622701,122.038732663242,159.122405495126,175.238967113665,38.7024314663517,-20.6483741981943,154.096529797489,6.02750453438704,0.556488456007496,8.56730824043158,19.8511838494814,1.44036175659104,29.7406519989991,57.1162082459677,88.908734326367,117.735346030732,39.202953775238,19.0605099606589,34.1393773552951,110.306719830067,-7.75871488479403,395.642089361488,164.08337279205,0.0863918684652154,-18.3192965824544,-5.78762863390658,0.978540775701888,0.012996494770222028,-0.060619698266955784,-0.055897940366028256,0.06458269664200986,-0.1331677905101349,0.10880855312307036,-0.09124230065788946,-0.5953287676261888,0.014985597177558005,-0.13740936697396197,-0.7303842766357416,-0.15997834353135454,0.14235699657526557,-0.12787790682982422,-0.1255863398591556,-0.1185746218183486,0.033206965231430075,0.09231507731450647,0.47043740659291194,-0.13212600558457344,-0.1209208157886526,0.31235606851002634,0.07982684210803932,-0.5647041440701565,-0.10205695707762842,2.4736852580500632,-0.38858794346115133,0.09927949267316308,-0.9326006299746143,0.19297190222397742,0.02386781318081683,-0.09764559847468118,0.07503587697834335,0.3569209538111815,-0.16672270298271202,0.17617741126172876,-0.0016310857983972162,0.18989097190601792,-0.29229300350531484,0.4699906878691287,0.0792493505651073,-0.025657848003075447,-0.19176401441816315,-0.335453991477759,-0.582494961660849,-0.20866747305406688,0.19137309428432034,0.297068269712023,-0.010647166144657435,0.26388888888888895,13.237407869883945
49,-16.07606824621,-12.4589280980878,8.9610549113527,17.9228637262845,9.32932956520455,2.40902908833333,2.18046405771922,1.12314149234352,-3.52193650905921,4.92898763300662,-1.73435337575328,-2.63469308007754,0.0358890166890541,1.765061415022,-28.9984706775369,-4.58479571829532,-1.25878974912474,1.27928993328176,-2.14483633094197,1.49916038752175,2.11918119254998,8.36100292256976,18.3133665302896,27.4989121700253,37.3719124894057,38.7024314663517,21.5818951182005,0.0379865668629141,37.0840785528579,4.87959662021894,3.0866106505016,4.2940331492569,2.48696890212401,-6.57374755973241,5.80321770480611,12.8772366065004,21.4155302018515,32.6136321664409,19.8900477087084,20.1815765007105,24.8573129839113,39.0890134846935,4.07051218737895,92.2684093854774,39.7787558941272,27.3914470884126,26.5518667202853,14.2640619813795,38.8871249643301,0.1330781732270777,0.04260984915442863,0.02535175523527818,-0.1613129771211169,0.032453340350092674,-0.1607063578155615,0.18485842151923026,-0.3944438263280653,0.07189632684368367,-0.09707200599388333,-0.014634061678333957,0.6432979049401506,0.11024039923790921,-0.01993331141227766,0.06251749795769512,0.04317744915337821,0.3054059630742692,0.31013758949498593,0.18045579361417374,0.1833088576321503,-0.6315559971741285,0.1613743687775954,0.24663368363528082,-0.2045428538237612,-0.028255918334679286,-0.38822518111102294,2.8549428020651737,-0.06626982461642386,-0.35922755915229676,-0.5531965208691062,-0.11901786115457672,0.03745870665240025,0.7838346780226942,-0.048529097019831775,0.36980468441537806,0.030662023742803628,-0.23493430109279237,-0.005948765575917604,0.05002507109963659,0.1424080707959737,-0.5125476391479814,0.18412000067912973,0.0855764819882212,-0.1572165590680188,0.42697029957573013,0.13764005101099305,-0.4044910787767549,0.07259071984433246,-0.24628531561173997,-1.7634920634920634,4.644555427401049
50,16.5547529295512,-69.0740779805379,-69.2940244753636,-64.0926855904892,-9.461285965038,-34.8280626107558,-23.631443871117,-1.87242076888169,-0.174386048129878,2.68896401482473,2.87044215696445,-0.242986450706828,0.507645306549884,2.46866202383414,-46.3328057813457,7.95756586290783,4.0437492976089,6.81162296789041,-2.01235371094106,3.22091550869706,-4.71430003688494,-4.57859980748489,-11.1936246909841,-5.1117964144334,-16.1770529929995,-20.6483741981943,0.0379865668629141,271.106155136938,-4.27379797501211,-9.55666267255429,-0.0946601625841123,-11.3430078983059,-13.0768539757494,-37.1880079783338,-19.0724851815044,-19.2609311506234,-24.4054561587094,-27.6958396503915,-23.8709560528053,-28.2092523326641,-14.2935798662056,-23.3259052622829,-34.7895724593872,-60.5049263475051,-43.2114523480616,-42.6270192863023,-27.2432130806966,-65.7961972343602,-59.580276588734,-0.14347447806037827,0.0077625443242058225,0.07076340056588416,0.0004524100372855077,-0.08897829154178259,0.09656083931858539,-0.08795874166940384,0.029053787015104325,-0.051603032355573564,-0.08536117371407341,-0.07117891929775,0.033987976106635905,0.007676966622096908,-0.07279638874783165,0.08750028315667208,0.11212275395953283,-0.07934592981143888,-0.16795023838210216,0.06397818400603107,0.08695337291938054,0.0734745201969136,-0.0676692626132712,0.03969328892602239,-0.11513630756959477,0.061929516448844896,0.10007278521084455,-0.06565825511137632,0.1898059576640232,-0.09651839673971621,0.18760681390696587,0.04321082356983626,0.026702395623521336,-0.10829350200726288,0.10282680244227224,-0.011105105248622248,0.07294439697597936,0.0967739641206545,-0.18161288461965894,0.15536356318183359,0.15444986542637643,-0.03261620563818624,-0.011701942046483301,0.021432833527882042,-0.011145480696198475,0.11204800058534305,0.02973557185492649,-0.10187722000900853,0.15392003656159645,-0.06592085318011923,2.6679629629629624,16.464997878437085
51,-45.7875047278852,-63.247712245098,-41.2454712859904,-31.4412971512509,1.38360304270684,-12.2159857238269,2.12362002911819,-0.0632292471968915,1.90068890163793,20.1208445573597,-0.33576647275806,-0.324581108462798,0.625446611665205,2.00988032180242,-21.5028648058545,-11.7790448735717,5.26503508986832,1.34382093437242,-2.94602492107547,9.20381528910933,4.24665740944431,37.5714640186501,70.8948416032533,109.596723214639,142.234014158234,154.096529797489,37.0840785528579,-4.27379797501211,145.24229136512,6.71537674138198,0.224948766026079,9.30348254261285,14.4800953606992,1.17504666843678,34.2894901194277,58.5506007874889,88.4964351562577,116.71325008569,36.8337720722306,11.7454238981855,26.2449637783688,94.1150605933142,-12.6056355249922,347.863740537209,137.450878278088,-19.6837132478563,-29.884632216217,-8.75190835988409,0.601878446679432,0.09757735501132345,0.12160717320329185,-0.03880712520370854,-0.019448146864107476,0.04202815883773556,-0.18570504053891065,-0.0068587934319803085,-0.02316406006299066,-0.07641204438006415,-0.11510173407361358,0.27176061640245114,-0.15952570086984924,-0.2034630490713359,0.24790412309115334,-0.00840731769111714,-0.008974624842823898,-0.01673325690741071,0.28260962500566544,0.055170635828268796,-0.4085155485143126,0.5773833925108173,0.29784081988636185,-0.1545997599509137,-0.5205215842278935,-0.39378779926042506,-0.936995554625657,-0.36470425246633925,-0.10176079905329255,2.6887027368208867,0.008889285493314445,0.45087704660241673,0.4254701937209124,0.2730321520769138,-0.016826524353703225,-0.26075087472852415,-0.1845112002375321,0.01642390212089679,-0.18276126872212176,0.10669024892294508,0.0025426888944804667,-0.13848986852452827,-0.018927742370032568,0.23184717733677646,-0.006864629339276371,-0.3954494284100867,0.39089146676312125,0.03707592479035077,0.14431596233915897,-0.3252723080425029,0.4442592592592595,12.051236092829644
52,-12.4339164397789,-55.0197440459415,-29.8319090637604,-25.2711094109961,-2.76368338408965,-5.16777717893724,-9.19231385352674,1.57385746682521,0.406780823948866,2.9373569629723,-0.672031963792639,-1.7929666258888,0.615816076550773,1.01698873635277,-19.6059430576911,0.785417936510461,-1.68966515658551,-0.557318267016546,-2.49423743575438,0.451530472879163,0.584677836016242,0.933563308755904,11.9433430901568,-0.608677780517186,6.81970537890946,6.02750453438704,4.87959662021894,-9.55666267255429,6.71537674138198,25.5861174968072,7.24563964519774,-0.226624028246579,-0.9691906750496,-2.56688171925821,-1.40259982477083,13.7425526539996,10.8613846560047,13.7198957129367,-9.07135451232613,-15.6804018910615,-19.1989454747512,-15.3590906451578,-12.6497486406334,19.1356341354663,5.81020994074732,5.35594055520253,-16.6563220648552,-9.91572333386345,-9.26606345107371,-0.28320475774660864,0.01822988983383431,0.3514022157098882,-0.06780579974531398,-0.07795410428576201,-0.03058056386918609,-0.24628115990997762,0.038623134101701186,-0.1641173187706565,-0.5329644998740165,0.12994405394960568,0.46417492873125543,0.04202112916642797,0.31579236280901474,0.11521305026641841,0.021567543881291448,0.26505810924624046,-0.30949282635204517,0.4157774786925413,0.03417331371766673,-0.05224177432626059,-0.2697976401388246,-0.35108811668516293,-0.09975172789433388,-0.18188896009801805,0.1786679582381623,-0.5522497021675491,0.18431540346187028,0.0043754882031393815,1.6904672982331885,0.03891928352869442,0.16495330924033147,0.07747490369120784,-0.09907124846501965,0.3101680544000715,-0.1414711285221519,0.24220952781935157,-0.24081667823089092,0.1068589758773733,0.05302809776087955,0.28805224438565263,0.2137959205363101,-0.04384319212532017,0.02455616464720052,0.20440729272489183,-0.5366884368224795,0.4343093956708519,0.29211099142423713,-0.282451512622982,-0.5611111111111111,5.057283608500433
53,-29.262321260178,-64.2193830482486,-34.4324230530986,-16.0044332540323,-15.9998794261586,-20.6279534179349,1.04859192679514,2.43790561766651,-2.83903477005035,-1.2720754892194,-1.22405967661103,-1.94626363314118,0.682374828178691,5.12621068341716,-26.1430178261909,1.5516270759336,-1.42572409473559,-0.903235114421125,-1.95407486178264,0.73710191593297,0.855985564670372,-1.62229877431213,5.09881683301996,-1.51393274656031,-1.01935700964794,0.556488456007496,3.0866106505016,-0.0946601625841123,0.224948766026079,7.24563964519774,15.0271606712076,8.43479032318597,6.61983684343312,-1.06703374321764,-4.82778223758162,5.98029656692342,3.72888293996946,11.0758244883473,-5.52466617157996,-14.114877871879,-13.998715840396,-5.39789378729272,1.91605995761099,11.2590766581847,19.4702222325824,15.969681070324,18.4606002735184,31.784054734109,32.2866703607563,-0.14351026704498338,0.05714477838570778,0.19768938846741155,-0.29148441817850124,0.10575984983426799,0.1051484143791447,-0.11134958429393567,-0.2790193788256888,-0.017893534001442262,0.6168836073817375,-0.11434115768082394,0.1908386970751856,-0.3351924990946453,-0.494509508320884,0.2599661269673797,-0.3840940654469788,-0.049864051108689585,0.024145944282568867,-0.01654483496450069,0.27594201527410406,-0.14450151871150874,0.4704811751475387,-0.5231836324180119,0.4731028117328158,0.03426839670432823,0.020851387164411806,-0.12633210652786672,0.028083917451547983,0.451614384491961,0.03741426577298831,2.586479495928665,-0.4204831242709366,-0.21573830166299832,-0.1241761205224781,0.31656278236056196,-0.09371861584413692,-0.12120503367986023,0.04720502320345245,0.014068046951018476,0.40249813994226114,0.057373536704844304,-0.22085771692073725,0.11926282702154012,-0.1539713644815272,-0.24557988567323324,0.21096777703072606,-0.01699825421759778,0.2900207881323312,-0.2924303738448614,-1.0935185185185186,3.8751981460575156
54,-47.7364251019146,-89.7265570615231,-70.8573623493448,-51.3969078309198,-42.5120973877304,-35.3921738492228,26.471957520522,1.53497113187429,-3.02546064768218,1.44400991143262,-3.3146517512868,-1.53884702852888,0.601636474963078,2.48307501828285,-3.45699147751042,-6.64241132990312,-1.40896947184655,-1.40479257876383,-2.07094974659183,2.58755858778672,-0.467831643437982,3.06175434544359,-0.549393501301518,14.3072274731392,15.2410278026173,8.56730824043158,4.2940331492569,-11.3430078983059,9.30348254261285,-0.226624028246579,8.43479032318597,41.0976161841918,18.090554084112,16.4572805656836,9.80304905162767,11.3522859794778,27.0182909309,62.4332165245472,24.4933047797956,21.6774266264231,30.8433581511691,43.3767774631124,49.7082332726133,55.8976323875478,31.6038808435753,35.9510645456058,37.2686972104444,63.2222880080494,75.60007846717,-0.06215893998121189,0.06377405490106212,0.08516926454209077,0.006555310130424927,-0.0012346007365468326,-0.2530672521270974,0.10473521804590996,-0.10114191551595422,0.07877795314331996,-0.02990318720567328,-0.01634968026434511,0.19943376668661617,0.25286905564603795,-0.18928236956885358,0.005016415212283638,0.028866836833938744,0.1030849027505582,0.08522733476144133,0.27588603784243754,-0.3295071462501012,0.01390843555250049,0.22927747697177164,0.55362011796347,-0.09298999748891579,-0.513022998533146,-0.07923663586494328,0.043053362595463406,0.03368495145235076,0.4057333408718718,0.16585893868561766,-0.39520488193362335,1.4577424509247339,-0.7317571238069094,0.1552210200652878,0.37749251427782415,0.13311776880683643,-0.04981788571073907,-0.6431263132348013,-0.0864795222157312,-0.4089205796880197,0.03307072855914953,0.2555447339708361,-0.19841166524902448,0.1170790796378506,-0.06912648073482638,0.2379132660109666,0.038503451840117935,0.015213923230779193,-0.08301741139563416,0.20462962962962958,6.409962260746303
55,-0.905226983105239,-5.76601636198184,-7.10271319344693,7.24001755146236,12.0166908682006,-6.15784534525674,-2.20351807127104,0.140988706529587,0.400471181276551,2.78054574979476,-0.489386191801193,-0.589946673763961,1.23131914553279,5.82442401062434,23.8704203450673,-6.39240258328063,1.82635735050005,-0.790823001649611,-2.86394078501134,1.29727242342143,-2.25695722001574,7.24316097326406,14.0112202955315,17.0570192004585,21.85284181416,19.8511838494814,2.48696890212401,-13.0768539757494,14.4800953606992,-0.9691906750496,6.61983684343312,18.090554084112,30.0782950191571,27.2174002106274,6.64863163753681,13.7155510584438,11.2536032881941,34.0575109006805,3.44332181596423,5.66575647944565,9.40388592349844,17.618215021698,15.087681656959,77.8521944778162,56.1227870519456,56.6560512762776,63.6127457687232,72.5535278430567,75.6145019264996,0.020083976955414706,0.034923603316352164,0.13166509804054194,-0.1649992660029977,0.04141550382341409,-0.2743413762703349,-0.0029578291904026246,-0.13069072339611956,0.06144037944047085,0.16890517420670365,0.04089419111909788,-0.039599800724019196,0.0818771851330495,-0.02410046202618868,-0.2641850240161801,0.3477617707577222,0.010255269947231397,0.21759259320802332,0.3193561524989044,-0.6307610591192171,0.036147156974142405,-0.23309988174117172,-0.6282756051587518,-0.3335056152949882,0.08512991080702671,0.062338917762999844,0.7826916494107918,-0.11235887721912285,0.284955767695317,0.07498657607304508,-0.22905636024352863,-0.7377969139805357,2.4089521856658753,-0.31808762717991174,-0.05025402978012438,-0.3392226189833696,0.25788252923378263,0.20767333522364217,-0.05785624703354593,0.3513329471819047,0.28786873124743634,-0.34586406439571077,-0.05264527437166265,-0.1681965446753825,0.09351756733486889,-0.23958992650890187,-0.2750216986081383,0.051881793543402006,0.015059394039628261,1.2,5.483456484659753
56,38.636003777508,45.8017416632616,31.5733191735209,-0.578381200831407,53.4006084396205,29.99899682206,-8.28613700569317,-2.8019728661807,14.6862879562803,0.544622118685461,1.54118753657355,-1.55248886028094,1.03524276677847,3.68457187062664,57.3156418191499,-3.06918861444046,3.13980872843555,-3.96598452733919,-2.11638538894559,-6.53818457541331,0.32465364010877,-1.03658052810238,2.09201371402512,8.03988636311138,3.55764490707436,1.44036175659104,-6.57374755973241,-37.1880079783338,1.17504666843678,-2.56688171925821,-1.06703374321764,16.4572805656836,27.2174002106274,95.1677446519796,19.5940966634763,-0.197485225362464,12.4422659287193,49.7486261341044,12.7888662661313,-3.88339671214986,13.0946364575498,11.7708095783011,-2.94909078026458,26.8933498537951,40.8788714086686,47.3736790124523,41.6260278445618,59.262957546852,49.2677767553953,0.014138943761613062,-0.07272306864991487,0.08587175432272609,0.03816481861944541,-0.23735164297696668,-0.15357476567360578,0.23467325970145606,-0.21375181352068234,-0.7623974252874647,0.04825840240714233,0.03214656424787226,0.24571720158594765,-0.14284520068347334,-0.07847378530611543,-0.052375042578264475,0.020437604159424347,-0.12609205296992482,0.2576249338894643,-0.06942634304680764,0.15666418378390004,0.14101619087796985,-0.04332298224958435,0.11486644373546086,-0.38040575814905403,0.2401606265405257,0.3708789807978891,-0.0410300098998288,0.10211502724768892,-0.020401954863806884,-0.09552369502390406,-0.12467717979529742,0.1545629140295773,-0.31940249826706524,0.8995385113616131,-0.06734144605460476,0.29933302200556067,0.018353846427843604,-0.378670907167637,0.014265754421623734,0.4706744713695049,-0.27387748383796273,-0.1679348393178802,-0.16319591049077603,0.06190119222721021,-0.1871624595287996,0.07662793111460012,0.04256088135523116,-0.1073672153379844,0.06350508628658806,3.3736111111111113,9.754883118314618
57,42.1549793145166,29.9699309928202,-10.3676057570033,14.0287297543757,9.81870023249482,23.420805948839,-11.752790563821,-4.70711556006445,-0.465902476645905,5.42269025363263,1.37579011471697,0.195062002106211,2.05626317497736,1.41693190987129,14.9770399987507,-7.93679680977982,1.79906241441847,3.96913624289044,5.94686253575643,1.9723599817386,1.4783960741134,9.19720434880384,24.7378071100716,25.7128146689662,47.2397643832732,29.7406519989991,5.80321770480611,-19.0724851815044,34.2894901194277,-1.40259982477083,-4.82778223758162,9.80304905162767,6.64863163753681,19.5940966634763,56.1736653895275,30.714547084463,70.8405520415927,57.8951014020629,38.046788360708,31.1355308508374,47.6694628333355,47.3373862479146,6.87218816945474,80.5339415332745,17.5665907895422,8.25183513568144,-11.4708790301444,-17.9791839460744,-5.49114544571411,-0.14322818782851357,0.046082664080526296,0.3607823473202102,-0.2765463871067695,0.022439468908809195,-0.5150828796599122,0.2507605731891688,0.18407413458804298,0.40899763791247723,0.19703194928574974,-0.192133429726761,-0.23685748480612553,-0.1547267786099428,-0.02093836902829405,-0.0615406298166019,0.4716943687280902,0.13735169588249757,-0.34545468168337296,-0.3170395354083203,0.014229495358135655,-0.030356990998285923,-0.06045781089921435,-0.054958876624618805,0.31196744595319126,-0.060147258070005524,-0.1479735189667547,0.37747954320145033,-0.007608711782129051,-0.27086683426038,0.310726372955296,0.3371990122573695,0.3775052421845755,-0.039081180810452566,-0.058626969476214624,1.7739670696184302,-0.008601225776386836,-0.49067595437748573,-0.2373539944866428,-0.6584453520020375,0.4051382505215636,-0.09282412494549169,0.137378258679982,-0.3411558539312975,0.15960241129466193,-0.05156045402751499,-0.05727063380726437,0.22961057581962974,-0.028601138032419975,-0.13100692990603277,3.9888888888888894,7.49424214911204
58,8.79301603111486,112.289308738737,93.7968740324448,85.9621702673378,103.232506943288,43.7356692574544,21.2640606372607,4.7334428890042,-1.89955893786123,11.6937598647132,1.97174157167248,1.58036127927546,1.85120687028507,3.88954570094871,-56.4813288948499,-4.73449497126444,7.08569465931642,-0.945454052578858,0.0121683365945703,-2.14334751556429,-2.81451674539183,23.2032344556411,61.107098097968,47.5914231975843,60.0292147493562,57.1162082459677,12.8772366065004,-19.2609311506234,58.5506007874889,13.7425526539996,5.98029656692342,11.3522859794778,13.7155510584438,-0.197485225362464,30.714547084463,113.45216155811,87.2545772797532,97.6840092237412,22.8592355405926,19.9701265456463,-11.2283566604762,2.80391444188274,-5.03791172553612,151.952897540656,54.2902776506497,-8.53439021244774,-7.34098213536353,1.30673297202027,-14.2648062724083,-0.039559768706324265,-0.09611264767171337,0.04286209687903434,0.0230224534609797,-0.16376808630006812,0.06572054500917683,0.09199377422978193,-0.31355581268580374,0.5580541818256167,-0.13335142599422561,-0.33413969024682444,0.050906949335726495,0.03377856238282352,0.3984785458622072,0.049880396338168285,-0.28723748504723823,-0.3643054242915224,0.6226475151648186,-0.015162447855382368,0.20145587027100578,0.41100662281445904,-0.3379071253063219,-0.2502764993191563,0.14428930193796244,0.2541158826240554,0.17291251982673184,0.026986209210187566,0.0701854934739655,-0.18557617554494035,-0.14125150589847799,-0.08809924280028913,0.14259705905167677,-0.3531041148112467,0.29904447548535423,-0.008263068723402678,1.0247670749165714,-0.2749958959579129,-0.4556235332407957,0.12225980131006234,0.032929986421312,0.011061941888194296,0.03253329141515956,-0.10979037351871818,-0.05928638801805948,0.027479064178933955,0.2057650792650973,-0.11232942530324894,0.028297866926060147,-0.017863064474570558,5.586111111111111,10.650923037845585
59,9.79577676848053,-43.9121775225523,-90.2975445891382,-73.3652644865476,-38.7202716563975,-26.4813548727712,27.023361227554,0.0007490137635388,-0.166695594206069,14.8269086323889,2.15553373963674,-0.377144995038476,1.58430766031306,11.4573063192863,-18.0379279584901,-17.3134334726066,4.9994129866632,2.02307197177957,4.64836655852578,8.49369635152512,6.92026042113872,29.5957591581295,69.7389884245728,79.0182044947391,107.496141507808,88.908734326367,21.4155302018515,-24.4054561587094,88.4964351562577,10.8613846560047,3.72888293996946,27.0182909309,11.2536032881941,12.4422659287193,70.8405520415927,87.2545772797532,169.793824153895,151.672353468904,62.7436838731804,53.7664695465304,82.5977790765431,118.321262325494,27.8210553508511,261.769762335637,63.6584857771816,7.87513894139508,-42.4497414533273,-0.102129386804708,-11.6091015982148,-0.0830540101360186,-0.005218065777731581,0.11850221059228633,-0.0383665369120302,0.08554246400024636,0.0009997046421872013,-0.048012000590555465,0.06758639511302574,-0.4212710948494928,-0.21249686294644962,-0.02815961463207904,-0.11739731334857754,0.5608448485534357,-0.48529458527107705,0.05180767719203646,-0.016905632105384177,-0.037147878805385955,-0.15732116707028912,-0.014088800660221387,0.04332009459349358,-0.23844824993684577,0.19558999594242832,-0.413770121767988,-0.3562731522384632,-0.016052052839546888,-0.012237237005989896,-0.22851923530198776,0.09432162344052382,0.011131147570186517,0.24260447578844388,-0.1190246211716135,-0.052657040565242536,0.26144826263724186,0.014204316573892746,-0.4923476790046223,-0.2813050714847008,0.9112437784828077,-0.3560747038714885,0.4286319563998332,-0.15546984237119593,0.08334251120982869,-0.1690549257984538,0.02591481534860048,0.06677505942805365,0.2609605856064796,-0.0987504623540853,-0.10322360755685903,-0.05597999316558782,0.1594698291644929,6.308055555555554,13.030112208031642
60,-75.166348157411,-141.123990312044,-76.2762819108864,-93.2842234978887,-37.8912938680986,-63.1287585068086,62.244869198646,1.78266017639462,2.38997108924072,17.7442478010473,-3.54461340091948,-1.99753047268766,3.36458888415337,7.32383069486468,-33.4066511945774,-19.2943430962462,5.14029825097081,-1.43664418698671,-2.62971135029648,3.58751369466382,5.56467097697246,37.5194370079743,66.7518141157662,103.79204807641,117.484522316103,117.735346030732,32.6136321664409,-27.6958396503915,116.71325008569,13.7198957129367,11.0758244883473,62.4332165245472,34.0575109006805,49.7486261341044,57.8951014020629,97.6840092237412,151.672353468904,246.236213601533,100.590884710629,61.6958291140045,86.5051726356247,164.531284783278,66.0644592292183,354.263088212232,139.908511643359,74.379509124242,29.6986723121694,103.034464528943,125.668747986074,0.1852935068894079,0.05268295611675297,-0.32550625155634083,0.14213608095873143,0.11530227361126318,0.22625274457690728,-0.1741601813111834,0.18893534563691994,-0.007131200124211357,-0.0027323102534084903,0.23328739005138505,0.06621521565912072,-0.2079606318262531,0.2936583261104308,-0.07566447531441407,0.21837359644178533,0.03009506738127938,-0.0205057854849143,-0.0187371314968762,0.16533672790389067,-0.16273139599517442,0.11887296513343991,0.13350966897208752,0.1404982536335304,-0.029041934237636697,0.1798300941210125,-0.010796391582926102,-0.18451502066916098,-0.18496063986621583,-0.2467078058948831,0.024998307156649975,-0.6445498726238388,0.2264673172407072,-0.394518558927012,-0.23444175498830577,-0.45294025926572956,-0.3525313829485127,1.1833618530575851,-0.4643671307864837,-0.15070644825259646,0.004256308382054669,0.1870696741950864,0.19977941047079434,-0.08778570921384575,-0.36237284540269427,-0.21235665755156635,0.21007495160568565,0.010113182891427933,-0.014802032361880517,10.531666666666666,15.691596910497433
61,65.8027385616928,119.07273785979,79.8061442769224,94.4462258912502,59.4729592196292,23.9050558913048,191.643769300324,-0.46503597938758,-0.0392343642949917,5.49383714350212,-0.240827360229807,-0.620325836401549,8.37084729328399,0.166508440124173,-17.2796534029089,-2.64360962380514,3.59058102319332,8.28060457919917,5.06370265993206,2.61629261570649,1.98751354453659,22.0074840145042,25.5721405085598,53.1415275677947,47.5240340357486,39.202953775238,19.8900477087084,-23.8709560528053,36.8337720722306,-9.07135451232613,-5.52466617157996,24.4933047797956,3.44332181596423,12.7888662661313,38.046788360708,22.8592355405926,62.7436838731804,100.590884710629,148.098963541667,169.24352823217,203.548877941025,225.289911291591,113.989449094113,174.892926205498,8.6990516030021,53.0270616101349,18.1172214564326,85.6372245361145,123.259150200379,-0.031316994055615166,-0.06862693876942583,0.017950200933021524,0.01881887698441888,-0.1262832454755319,0.2636085082545113,-0.06723757244847167,-0.3432270415536024,0.10432709925601383,0.052647430974778094,-0.015861032081264534,0.08379776078570744,-0.11833041324668514,0.05612204859096347,0.19370129493140928,-0.46086427855970585,-0.14911448977154507,-0.2778708132889274,-0.18385878477557546,-0.042582474811993384,-0.21825361113259453,-0.035135592602632944,0.1020668446629143,-0.377492622082912,-0.014630278291633861,-0.3009552169301677,0.04915007035991358,0.15450401966227617,0.11321152958983528,0.10647655900536002,0.011153569428286042,-0.08539649289311277,-0.07097046689719176,0.01657570264955454,-0.6597433010154308,0.12544003852563584,0.4281694878334923,-0.4626296221286038,1.190154857559308,-0.04196593327305062,-0.02675336706761298,-0.2815640268163005,0.21353486059454194,-0.03717383052645454,0.6713009825191575,-0.020928316627836726,-0.1091749059739939,0.022357921962224903,-0.11383418203379538,8.517083333333334,12.169180890333854
62,240.327014535203,395.793485789035,298.663465790709,329.417437873206,225.699611665597,159.546631364353,355.819937600699,-3.84016732917537,-1.22688747706892,6.78047454913963,1.15964355707709,2.34264672958866,11.6948996290436,-4.89758614880063,13.3056894463878,1.47271531413359,4.70724731422188,16.8753113770313,5.20918074514933,-1.81455147974633,-1.12547714393952,22.4062751802196,31.833845693134,36.9978354738986,43.6560413487324,19.0605099606589,20.1815765007105,-28.2092523326641,11.7454238981855,-15.6804018910615,-14.114877871879,21.6774266264231,5.66575647944565,-3.88339671214986,31.1355308508374,19.9701265456463,53.7664695465304,61.6958291140045,169.24352823217,311.109322238186,351.508970384797,324.867379284315,179.453053806223,178.298430926107,-6.66602348675598,109.462198184881,59.4648658121766,117.909951969467,167.934975546602,-0.045062687215016446,-0.1852327287039665,0.08854076136885078,-0.11990502325433246,-0.2827933704866555,0.06339986131144658,0.012655823610366691,0.25773367247819234,-0.3903924927184691,-0.029039782956850616,0.3271654221032218,-0.6554233273764551,-0.12434906111618281,0.1465784225505399,0.07975193614107189,-0.030441050513682958,-0.08871786338415165,-0.13273553814420802,-0.37318920311282094,-0.3398103057258993,0.1663339842977418,-0.012582434403666212,0.10816897873616836,0.01651169960772131,0.0025329584107553283,0.49402922636131574,0.187361846237866,0.15860274959010784,0.009308037125798356,0.05833159467899913,0.4004517116623645,-0.39444260537741244,0.3474912084101212,0.4895534689604398,0.420991444311007,0.05740091134289185,-0.14226280898655794,-0.15680676447350864,-0.03462779411030909,2.2588468448592787,-0.9702467218614245,-0.16097075490448096,-0.3836823632959087,-0.24363993390734806,0.13241375496632543,-0.1313748539569472,-0.05133134879028798,0.2968127741716516,-0.22410083057349967,7.608055555555555,17.638007887462418
63,265.817892248441,294.204833337175,180.976777992805,229.172603321691,154.892725508228,131.098612478717,420.741402711619,-6.57930763523194,-1.20986299816051,7.63240419421485,2.07741537610281,-0.346128878119417,11.2924619427085,0.0532333545111301,50.5292081328064,-1.95383289306389,3.5078027503889,18.6171988705924,7.0334583575219,3.56844903629326,2.42163228395431,26.7147773288517,29.9655024641646,52.3072315391637,65.2735637170334,34.1393773552951,24.8573129839113,-14.2935798662056,26.2449637783688,-19.1989454747512,-13.998715840396,30.8433581511691,9.40388592349844,13.0946364575498,47.6694628333355,-11.2283566604762,82.5977790765431,86.5051726356247,203.548877941025,351.508970384797,450.520757283685,434.655283001465,213.481097851102,262.666186193727,6.65846458646607,137.50025602198,55.6251171631921,170.255196191996,215.73207594248,-0.2510001804096876,0.0988824851159205,0.13941155006171285,0.001434444408097228,-0.029797021276270815,-0.05815176823134635,-0.20438054357368513,-0.2808833838087305,0.3726276022927317,0.21615471152213134,-0.13015407340357368,0.4614194827112642,-0.12803114950607836,-0.3577883312272678,-0.1187246247287916,0.3619167188974074,0.09354321370766314,0.4851525123166205,-0.1422459018509858,-0.4275048424845942,-0.0828997557076122,-0.23562939092013524,0.021463604692642652,0.26367869787445125,-0.1540998229099307,0.07319022699627363,-0.5336780633610666,-0.04117934636174602,-0.14718955331098538,0.28349814608483354,0.05463138785075102,0.009840217904984664,0.28838824777603667,-0.293170302844935,-0.10654900471082315,0.0053097470890379195,0.0589503518086574,0.006608114076052458,-0.034716676460972325,-0.974686856181203,1.4918880491108233,-0.5223015195470323,0.03312351923956427,0.09127927722486806,0.0026674568937883666,-0.0775731594627087,-0.10908588597268314,0.03891715953679521,0.10309995806120915,5.537361111111111,21.22523868614166
64,135.23815600105,55.7356244814309,19.5024415476657,49.7874644210445,15.6170195382543,18.5475116852948,408.430014334434,-4.96704406069988,-1.21566345031139,14.4765588323947,-0.998098742057564,1.59879397990144,11.2699814889953,0.486740141087221,6.6031229232705,-9.49502785916643,3.69381330728182,14.6749305377574,3.30191572550053,8.15540209019144,7.30384055370912,49.8872304630059,49.1827848682634,112.973740089393,117.468376092576,110.306719830067,39.0890134846935,-23.3259052622829,94.1150605933142,-15.3590906451578,-5.39789378729272,43.3767774631124,17.618215021698,11.7708095783011,47.3373862479146,2.80391444188274,118.321262325494,164.531284783278,225.289911291591,324.867379284315,434.655283001465,505.465505747126,249.080510532496,462.554300089446,85.8019130033314,131.940290667925,40.1560301534303,213.49230065467,261.808320324878,0.007668936247896395,0.06253868205447033,-0.11116416228594034,0.047479005021854676,0.14424026898654643,0.10697605669940095,-0.155204208288117,0.5245180838548432,0.14285316153891514,0.005692756717587813,-0.14674780016141792,0.09084808055850113,0.31251813107996435,0.4368160143759134,0.09564949652740716,-0.16479696192909404,-0.003019213659205832,0.06425779089869164,0.3644492631346712,0.45544909863766325,0.06773096095647449,0.11354391423027556,0.00794670609805592,-0.2153364958427182,-0.15255905450855745,-0.029463775868756405,0.17896463369397156,-0.00868039579156391,-0.02147646724352284,0.2134363247355311,-0.21319603804951254,0.2704026791019861,-0.3427089657587384,-0.16245463828763426,0.15475106934883498,0.035445750163286396,-0.1625605368079293,0.1841982465215377,-0.2845192076646387,-0.15136553025800079,-0.5280259789660505,0.9249137835584648,-0.014109117377999504,-0.059082805163525084,-0.07783661409939942,-0.1309048963580999,0.1785250303272826,0.13951606106568426,-0.1294827929033631,6.92,22.48233763973681
65,-52.4076143811396,-123.435952290795,-103.127552866475,-62.9496949615094,-62.8016580078918,-69.7349430211126,256.265109575547,2.03535848386254,-7.75192023747987,-0.197685182633556,-3.83220466137355,8.52044409367621,8.65756430982518,0.0150208770536318,-34.6152525716538,-5.70934944238794,-3.27271261857054,3.98615384337044,0.422115408081131,2.74735188007263,-0.370237346190768,24.0526719838424,-12.070984291792,25.7742380543946,-10.7028057171437,-7.75871488479403,4.07051218737895,-34.7895724593872,-12.6056355249922,-12.6497486406334,1.91605995761099,49.7082332726133,15.087681656959,-2.94909078026458,6.87218816945474,-5.03791172553612,27.8210553508511,66.0644592292183,113.989449094113,179.453053806223,213.481097851102,249.080510532496,262.849170258621,135.97824796772,1.86089897317447,81.6834108041659,72.2110044306099,210.801173429579,242.536892618376,0.019343391273181562,0.06527167583437658,-0.07050415970734682,0.0382624682697655,0.05198173237940476,0.1835318306605437,-0.14752037126661768,-0.23287519151834207,-0.020662433313610094,-0.22238297704230156,-0.12401555661237225,-0.17394852901193186,-0.39649159324487954,0.11067277407699606,0.08628996282122675,0.06745181030976585,0.07225601984764447,-0.15491054195065673,0.20331140263890227,0.33358073064570054,-0.06267222346501462,-0.15305823306072647,0.07023071576626859,-0.13193453165927416,0.025902250012975466,-0.20542734830940454,0.07163073561481476,0.020242163848793487,0.23317262459874252,-0.05028511858714985,0.11178023675445051,-0.20259190867033408,-0.04514851562420928,-0.16604873678289092,-0.3463189884696715,-0.10448012831718678,0.03125578194722146,0.19345608465048594,0.2216421363067794,-0.3822440629251075,0.04222199524851141,-0.016923069261970226,0.4929422534726075,0.01386211185969649,0.05828226170246799,0.09591114767166489,-0.10326251621548657,0.05584511324510559,-0.08788890398498365,6.1875,16.212315388574844
66,-28.0489412360329,-182.01589712108,-201.68012130978,-147.509974978659,-43.616521926625,-75.9765835178227,227.089507024029,2.62630155300141,0.103969686854285,55.5324873845673,-0.455818199789927,2.35312467079152,6.17649996002877,17.7527429257897,-57.0902740127899,-44.0423216364622,15.5942286491056,5.73372995815797,-8.35709011167006,22.5231163225722,5.04659347782471,121.210974626762,184.610498077408,308.363108999769,367.823774968242,395.642089361488,92.2684093854774,-60.5049263475051,347.863740537209,19.1356341354663,11.2590766581847,55.8976323875478,77.8521944778162,26.8933498537951,80.5339415332745,151.952897540656,261.769762335637,354.263088212232,174.892926205498,178.298430926107,262.666186193727,462.554300089446,135.97824796772,1162.86224297573,404.601733715655,105.702713328499,29.469258677651,284.278855095199,226.201296438281,-0.03594665933284181,0.033932927244923826,0.08364292094142034,-0.017356373295918992,0.027149511187849813,-0.13982596791555182,0.08603434023200017,-0.015284424871288506,-0.1987683515725763,0.018136414262677706,0.04022473735888371,-0.11574245081792353,-0.042578483248940285,0.029156168355433373,-0.014678889906708481,0.32433729491668684,-0.20115913693146345,-0.011652273211722861,-0.17480291719160546,0.259619281401381,-0.08070489907064021,-0.14458469279506647,-0.06356991427053285,-0.07573210894152647,-0.06075106611017964,-0.32715713590734924,-0.1659296550743932,-0.011240908329486977,-0.0039269430033701145,0.021900258807434632,-0.15001479517583477,0.11838620564515287,-0.17233711225459802,0.0655039513412,0.159557520415711,-0.062398438373022905,0.0639843021159952,-0.08648744797666733,-0.044880273677119976,-0.24453259942816982,0.08918068450198818,-0.05590275072586022,0.0110596691926998,0.3168255034122111,-0.011021437477875927,-0.022910960691720144,0.11574725590989307,-0.22594802776858214,0.0897216451396588,10.33611111111111,34.10061939284585
67,-60.7575786262367,-103.469330264759,-82.5616426688076,-59.3716876620762,-20.1543660028736,-53.4240606970338,-59.0648928914481,1.45213317752752,-5.83320093755767,19.0906284287102,-0.209344792494091,-1.36765343498786,0.168685742196994,9.7391564274924,-30.1744015547096,-13.4431866923703,4.92942462342985,0.624969280781504,-7.92453263914392,5.98252600847644,1.33352291072494,35.2089565440015,60.8075817018792,107.218989466755,143.344479127575,164.08337279205,39.7787558941272,-43.2114523480616,137.450878278088,5.81020994074732,19.4702222325824,31.6038808435753,56.1227870519456,40.8788714086686,17.5665907895422,54.2902776506497,63.6584857771816,139.908511643359,8.6990516030021,-6.66602348675598,6.65846458646607,85.8019130033314,1.86089897317447,404.601733715655,277.623354086845,155.960294026928,161.912542073835,163.803207641069,177.95488703445,-0.09175348561408259,-0.04752362410567416,0.09499286332624626,-0.07072898780871463,-0.029872696086914192,0.12357276538267246,-0.11549012800886767,0.2288715272494545,0.09761929962614267,0.11593522952703776,-0.0965411366940482,-0.12922637524399175,0.016386029251371063,0.14533790449965547,0.17404350473105898,-0.40264235043531466,0.016704585299538117,-0.06647007267180019,-0.16825780202210933,-0.1042483419280473,-0.40437760707810466,-0.27728562739087953,0.18492519389792686,0.07814551333722812,-0.2539803654012894,-0.564138994116544,0.4445912603135875,0.11245222792901152,-0.3868927884172364,0.2020672701204011,-0.22968513945857758,-0.08189188469897422,0.1026625010639769,-0.19081945115501625,-0.0581646647304065,0.03544965190164324,0.2523494814451607,-0.35784815138616516,0.6702272287398519,0.1420632471213402,0.0053245085247469485,-0.07257905768924393,0.05102770299392262,-0.013996477714730868,1.0523085478733913,-0.2172574583076115,-0.24087559552821688,-0.028907788129904948,-0.025337810142871516,5.369444444444444,16.661733225773528
68,82.7386702190579,22.7073449281692,46.7616779888825,59.1843631745606,8.04206376529001,-24.3561438909321,-38.4039615063058,0.614348445247137,-15.3125895338593,2.41903706720172,-1.223062826743,-4.68366025323065,6.03444680047258,14.7420946444277,-10.6910884799654,-10.712339299886,-2.47300313367493,8.08824055045982,-3.38259472000874,-4.23490651928475,-7.22749901885068,0.258268370843249,-1.9067416439512,-2.92410491077077,15.5685824558657,0.0863918684652154,27.3914470884126,-42.6270192863023,-19.6837132478563,5.35594055520253,15.969681070324,35.9510645456058,56.6560512762776,47.3736790124523,8.25183513568144,-8.53439021244774,7.87513894139508,74.379509124242,53.0270616101349,109.462198184881,137.50025602198,131.940290667925,81.6834108041659,105.702713328499,155.960294026928,378.805579901022,337.716698211187,260.61872209288,353.914248961572,-0.0693073896590071,0.054055613581072234,-0.08080984659687418,0.020814111148152358,-0.0015744620326073864,0.08437469577338681,0.0793666819167875,-0.26890361540949254,-0.03951038875181535,-0.10992591966529248,-0.22036325781762856,-0.0519405407888782,0.11222116634737514,-0.1719290261831524,0.04725448578014981,0.28084904919217724,-0.0057519292499970285,-0.10594346120309443,0.05366560477980593,-0.08485983759267485,0.38267621105887756,0.10212906673846046,0.020299235523027648,0.3293267101186957,0.13438222346604425,-0.2102938640549472,0.12588980173640743,0.03035254227819915,0.38308206105209286,-0.5411797086592317,0.2078652877210363,0.23515130373556237,-0.2422219865927038,0.08539889076383037,-0.06614331088037712,0.20363840420299884,-0.0930032011284754,-0.21370794080635006,-0.021142159077300344,-0.13667302311928467,-0.07578378333831368,-0.13506904333707526,0.09453047577994493,-0.021579366347250394,-0.21684688756173537,0.7395447645135714,-0.498795995067017,0.06386753367252895,0.0006255578894640122,8.731944444444446,19.462671448211356
69,3.26659248330442,74.6517397668042,48.3268560400987,78.7697892462245,28.4538179543316,-16.7763904610975,-55.6088406725764,1.11483723948359,-21.9421145170192,-4.26382144351636,-3.79877326584701,-4.20920098746348,2.59683950644838,15.0363659164521,-26.7583124431476,-9.6041615646733,-4.07026371222602,4.3573360912055,-5.78218314841797,-7.3543252452216,-11.4586334388976,-8.04500489583443,-19.240716796806,-11.1409309890076,-13.0791159210401,-18.3192965824544,26.5518667202853,-27.2432130806966,-29.884632216217,-16.6563220648552,18.4606002735184,37.2686972104444,63.6127457687232,41.6260278445618,-11.4708790301444,-7.34098213536353,-42.4497414533273,29.6986723121694,18.1172214564326,59.4648658121766,55.6251171631921,40.1560301534303,72.2110044306099,29.469258677651,161.912542073835,337.716698211187,397.798117496807,314.22486941019,405.868614094592,0.19609039172351952,-0.07671341014660663,0.04321201466605821,0.015644502957826763,-0.026626166781022635,-0.1836514865483734,0.2299393650353612,-0.268804703809966,0.23202309553988246,0.02488736132716071,0.4181187773762341,0.054543242664795676,-0.060587485002633445,0.35754510529357036,-0.0768457050814343,-0.18508043727201484,-0.30930861864974146,-0.242784713243627,-0.08106229964221673,0.19651081790330405,-0.2988843836001515,0.1959026616451052,-0.08744270917488044,-0.2583020144256164,-0.08495271042956698,0.19750953575223218,-0.40648498001817907,-0.10090691838867885,0.03825323227687511,0.44082493757303354,-0.021440931727109952,0.05538898999834764,-0.28242158173078113,0.04528840574564302,0.24249892478887658,-0.11090866975566784,-0.10022476421968082,0.21041697839227233,-0.11298149266947498,-0.04770096250679678,-0.11445558098861136,0.18000064972551025,-0.10052922703255715,0.1149787442311884,-0.24210980841887464,-0.49524542117282633,1.0021424325802566,-0.23747416985969108,-0.1626423820018745,9.714444444444444,19.94462628120184
70,-49.3824765612093,-120.201053992868,-159.849048729607,-102.903829737822,-55.1960081575275,-69.7496239958058,331.497427959837,2.24187943626292,-21.2757243756718,-1.54027346178474,-7.60936247782492,-1.24685510418451,-0.832460885898115,31.563487199184,-46.2774129557899,-16.2502328880107,-8.64459982735338,-4.07495178555463,-11.8395193474055,-3.76437983490656,-22.5252079488507,12.9532888048221,-14.9877225992428,31.252789096901,-26.9567417998412,-5.78762863390658,14.2640619813795,-65.7961972343602,-8.75190835988409,-9.91572333386345,31.784054734109,63.2222880080494,72.5535278430567,59.262957546852,-17.9791839460744,1.30673297202027,-0.102129386804708,103.034464528943,85.6372245361145,117.909951969467,170.255196191996,213.49230065467,210.801173429579,284.278855095199,163.803207641069,260.61872209288,314.22486941019,654.470626117497,579.785572796935,-0.2695793491127344,0.05786060406421019,0.03289594348087713,0.013225934481882431,-0.12313376074850078,0.2917452594947961,-0.3669321838736196,0.1204899772010379,0.30062104178217053,-0.14162513893414572,0.07907265321845021,0.11588463820563163,0.07230824197665768,-0.19136831687796438,0.1362681044034198,0.27166326498985055,0.1575545077321801,0.08867780401316022,0.1278353611304932,0.008127058399482604,0.25026238600081896,0.04704912184214631,0.1906142032476205,-0.140511421030888,-0.007128769679786654,0.28500738067957104,0.07892686462233373,0.15510909345368445,0.13450535173832148,0.30030702493623146,0.2889456810399687,0.010012810820941735,0.05513394505821316,-0.10610595125199294,-0.02453574581378562,0.030616203980120663,-0.046998754378139725,0.007185040433018461,0.030718538695866132,0.29682902804460304,0.03665073429150662,0.1400431650314409,0.05944564851321148,-0.2212433924131724,-0.030111550889089584,0.06392728810284291,-0.23664970938787147,0.6567352265014423,-0.32467858787930515,10.467777777777776,25.582428073142257
71,-56.9092679201712,-104.143546858716,-69.0055548253141,-41.2261213722068,-63.3514393962865,-69.4425028304397,247.355585011759,-2.62682017204609,-23.4806662022504,-4.84109198565504,-10.2120473043261,-2.93605662587245,8.06426759862042,27.2118396326107,-25.3442290298293,-13.5992535904058,-12.1713896944225,3.27217455809713,-10.3626793358179,-4.23573641920995,-11.6442498834466,13.9966251266781,-8.84111062313314,27.8208973070315,-10.1762085709002,0.978540775701888,38.8871249643301,-59.580276588734,0.601878446679432,-9.26606345107371,32.2866703607563,75.60007846717,75.6145019264996,49.2677767553953,-5.49114544571411,-14.2648062724083,-11.6091015982148,125.668747986074,123.259150200379,167.934975546602,215.73207594248,261.808320324878,242.536892618376,226.201296438281,177.95488703445,353.914248961572,405.868614094592,579.785572796935,691.174455938697,0.12005177034521222,-0.026322863628646574,-0.04693487869619073,0.01313886697781847,0.12369309143928316,-0.1354692161774302,0.10477053569422207,0.3239526898613498,-0.2395464305821097,0.09288101376293142,-0.13978646838459277,-0.1082601970834643,0.002569238434804655,-0.27723166950971334,-0.12838439338407348,-0.2167897399931593,0.1615640708059443,0.049716484422889534,-0.0090832603373298,-0.034030367910225456,0.059391999989868195,-0.11611136382412697,-0.14213959732521397,0.12667453839261625,0.1919170965861762,-0.009283358966879688,-0.24970491742691683,-0.0660859856824682,-0.32167099899752044,-0.29256945449724353,-0.2916107030705578,-0.08557497891354607,0.012583695139638104,0.06145924242437818,-0.1389913277601668,-0.02085663894348189,0.15078280025046004,-0.01608438188033281,-0.11607380689679174,-0.22721831359786732,0.10675739645205654,-0.134116582086769,-0.0899296204117594,0.08663979040243042,-0.02217072844658565,-0.001049880231664751,-0.16479145143008556,-0.3251333531312879,0.4765141092961416,12.826666666666666,26.290006769468455
