,Cov_0,Cov_1,Cov_2,Cov_3,Cov_4,Cov_5,Cov_6,Cov_7,Cov_8,Cov_9,Cov_10,Cov_11,Cov_12,Cov_13,Cov_14,Cov_15,Cov_41,Cov_42,Cov_43,Cov_44,Cov_45,Cov_46,Cov_47,Cov_48,Cov_49,Cov_50,Cov_51,Cov_52,Cov_53,Cov_54,Cov_55,Cov_56,Cov_57,Cov_58,Cov_59,Cov_60,Cov_61,Cov_62,Cov_63,Cov_64,Cov_65,Cov_66,Cov_67,Cov_68,Cov_69,Cov_70,Cov_71,C_0,C_1,C_2,C_3,C_4,C_5,C_6,C_7,C_8,C_9,C_10,C_11,C_12,C_13,C_14,C_15,C_41,C_42,C_43,C_44,C_45,C_46,C_47,C_48,C_49,C_50,C_51,C_52,C_53,C_54,C_55,C_56,C_57,C_58,C_59,C_60,C_61,C_62,C_63,C_64,C_65,C_66,C_67,C_68,C_69,C_70,C_71,Mean,Std
0,7.48911877394636,5.65256609791794,3.47068152869605,6.13968745725166,3.85971766640623,0.101035807418427,-0.574334126557313,1.88773466792157,-2.49354987227995,1.41504639389543,5.03758711544588,-0.235971060761897,-2.33193380407249,-1.42120798343173,-0.411983668665681,7.45397605802475,-0.646960328600287,-0.349620960006354,-0.158491614741575,-2.80876638435108,0.884530488944755,1.20524404380827,-0.556545980541621,-0.768567022676566,1.5976322802306,0.581611075400573,0.723771085846584,5.00477242614937,5.1643278495203,1.80043626878039,0.650833908758916,1.58797715829679,1.51483113060692,2.50490568998392,1.34637803264277,1.42032506607545,0.230127730250882,0.528846366763248,-2.40298885711478,-2.86641406645399,-6.02754222896541,-3.75920394479251,0.236054729009723,2.71002795553153,2.41347778831205,2.72204546583991,-2.40350787070255,2.7353565843640357,-0.4331637880155909,0.07661915766361133,-0.3462047063335356,0.08715566615448819,0.2325112702538006,0.1033586405012706,-0.35055425539015994,0.4396258653291955,-0.14013852087231446,-0.6513935773455816,-0.16924964761743022,-0.12766826683766408,0.17137834664502793,0.19796912690849586,-0.005777036278177237,-0.05318610220284253,-0.07151690769840416,0.02105263569140759,0.20899859313953842,-0.5022918541880897,-0.3246872433909521,0.026388116756711485,-0.2059373306248119,-0.15920911516684447,-0.5147701344381634,-0.04098415783799906,-0.5005757836089484,0.25414990328048137,0.12860582721841554,0.03700149188319055,-0.06555291433755545,-0.012147233478357384,-0.06546002080625819,-0.15183660403166863,-0.21752651732752495,-0.09776755811657564,-0.013276952674511807,-0.0024074664850641725,0.15157186824539418,0.06929444275449186,0.7607985476850258,0.2885590329048291,-0.024979593765872415,-0.2958414219338125,-0.17454896396935232,0.47185703744890845,-2.6833333333333327,2.7347977574121196
1,5.65256609791794,10.0514850734355,5.65866112402103,6.65252980666223,3.85134349188251,1.18569925160641,-0.371205040103634,2.41742265755853,-0.720022673877301,1.05399922615262,3.3777759183191,-1.60770346551158,-4.43361774165639,-2.97885549775336,0.832460436214147,8.56191953244333,-0.572327787584074,-0.672443086202809,0.118569759295961,-3.88948059450397,-1.19934428115191,0.393001773267735,5.4988708721179,1.65045339711241,0.74923035523799,0.419036082226666,2.18189683001957,4.1539393826641,4.29191605887935,1.76191687223186,1.64395304814344,1.17687301796839,1.53731473535489,3.3021919032135,1.96216593138027,1.58611887739432,-0.466047566384839,-0.32721777654888,-3.87941253132555,-3.46164519059209,-0.326377864474463,-0.518868840280158,0.299951339452422,4.63398540928075,3.87949062078859,1.50953655833458,-2.26290748686056,-0.4332419555776303,1.4479592933703878,-0.3962217099503654,0.08123120987368591,-0.007799030423699976,0.12001523379567162,-0.008344521594038581,-0.042449723765807655,0.2196683104178219,-0.059649755406967625,-0.07655596496074597,0.09343464083432985,0.3461594856030403,0.014039430613236273,-0.09575647509568087,0.019896940486882113,-0.22064427771472306,-0.00787493120655659,0.20357637991562014,0.130989261057358,0.09440677029558892,-0.023249834281639126,-0.0545086828218463,-0.0010543767644586954,0.058131813095107863,0.19033003853906136,-0.342788512359868,0.21908097215144218,0.14735169847948776,-0.21583487668814663,-0.09252464290269388,0.18497866690203213,0.3497169610987631,-0.2516826873937551,-0.25315157020369145,-0.2202082686760615,-0.1091730368776417,0.07423769393737858,0.31666678583286134,0.49292212364594057,0.0283628072080701,-0.5243287602666299,0.003662221631431218,0.08996446303061463,-0.37864174538010137,-0.08238117443036864,0.3983299404673725,-1.7930555555555554,3.1688302373960497
2,3.47068152869605,5.65866112402103,24.0499702444303,25.9298855754124,4.57530361037949,0.960153951939854,1.18987622014268,3.71564721767011,1.7247299955362,3.42919151992648,-0.69240769905013,1.08174651949495,0.382905731004752,0.412101176298741,3.6880711753561,8.12915306102564,-1.25550896305713,0.362865938350989,0.113984994729035,-3.59605378349118,-2.06438293275317,-1.24211122941507,0.532558955335751,2.49797049017425,1.27372500917917,-2.04151017732148,0.138282906246759,8.51740600813661,7.65608507034066,3.37824872840051,1.86025521778936,2.65554788472427,2.30417443738089,0.197841184763791,-1.72217008719706,0.232005758218584,-2.36245074646826,-1.00184760895255,-0.587476447550108,-0.372008608103832,-2.69506632203067,2.4566550553113,1.18060913281601,19.2636048842998,5.68068551814425,-1.34698223256269,0.0871609220141023,0.07559666652134717,-0.3966146585746718,1.4444525408135875,-0.5770837916853262,-0.11204929451425782,-0.22768741964660508,-0.1325197111576604,-0.10884333229613012,0.325228284813234,-0.21904527424325668,0.7513677249214649,-0.328874818978129,-0.023369967098625086,-0.08070329822391999,-0.13378856344034115,0.0080835600735513,0.03851009037259233,-0.22871079439152464,0.04127887049912285,0.13096999040277446,0.09735816691550137,0.016398140943114935,0.051354209704909996,0.035166311613845355,-0.009985737162240294,-0.05556136524455074,-0.061205614905993744,-0.29724049900792365,-0.0404425718022626,-0.004859346211081481,-0.18031873873192164,-0.04437259344236022,0.05439223943476764,0.14955747779088077,0.2955175781997091,0.09978603973208217,-0.18094533547180677,-0.03714324358771395,0.22869209003097163,-0.04349752247843389,0.10708078106200981,-0.07012832667352725,-0.03530482850053725,-0.37990915459002383,0.03587919635405223,0.08627409271698808,-0.31579034924061544,-2.453240740740741,4.9030572344640495
3,6.13968745725166,6.65252980666223,25.9298855754124,51.1946328668228,-0.248873242700105,0.446333141171345,1.85326972319414,5.74751436181463,4.33830080260564,3.3510859173734,1.71192918927591,0.511749574760966,-0.427659380604212,2.24634876739353,2.98152152885406,1.86396313981729,-0.63669619637772,0.529303469883199,3.18655011759385,-5.2151261263179,-2.26779978228425,-3.28548358171996,-4.76020377662817,-0.736375383331585,12.9922411310231,-3.33706624629707,-2.54182043732084,2.20143809955745,2.7205517570772,-0.365645566340989,-0.83831215655529,2.83918423319888,2.01068087903598,4.30789131282404,-3.58684841503459,-3.00181665131518,-4.38506158294626,-3.36731821281874,-2.24856499868101,-1.45594803434675,2.34925953273979,3.61017185984547,2.96267124993002,7.40604203488868,0.765676761817042,-3.40595490920454,-5.06845217508645,-0.34566822048598617,0.08106494032365774,-0.5770723788479855,0.5380535610627811,0.05439200119089994,-0.020408978407616015,0.10429625809018471,-0.008148952071679563,-0.2683972067054406,0.0667448168137757,-0.31717892526367625,0.2607900048802288,-0.016904008804310214,-0.023602458478202307,0.019064098382539814,0.019220151296858376,0.19316175414415462,-0.04007840660802956,0.0049156632226550695,-0.09477339662965839,-0.1339719230374148,0.10859488032345685,-0.015092801222952848,0.031353251867966475,-0.06579115602447563,0.21723970453874406,-0.016074735881124153,0.14700995397315572,-0.04970035236071081,0.08401464338907509,0.05081805289303265,0.015874990303073523,-0.118849414404567,-0.09834698481569823,0.2362432199971845,0.009940846573658279,0.17147098814341116,-0.02516384094442241,-0.11324790727122726,-0.08028876860443088,-0.05909655828201635,-0.08517394319144471,-0.0957848021978954,0.12928886077904497,0.007317317805730037,0.038991879215765704,0.14651023381690037,-2.2495370370370367,7.154343636338889
4,3.85971766640623,3.85134349188251,4.57530361037949,-0.248873242700105,25.9647892720307,3.0655499719296,-0.213930397137949,-2.76252871926654,-1.87201115330863,9.67818924842855,15.3747828638128,4.10894921725509,-0.937017652164051,-0.52388634683224,5.81197976567581,49.1507645992587,-0.910398666031698,0.127786256109487,-1.75673950076974,-5.34477542451035,0.5829964870482,4.47332439113459,-6.66124648330556,-3.37823995287753,-6.999534282894,0.594075756336075,5.49691447474348,14.8863091970932,25.9875774718798,13.395191758104,1.9357411012826,1.87585997026029,3.17071044147224,-0.408871275543799,-0.208987027686273,0.956334478259219,0.791249832022514,3.23907558785353,-0.49969709447294,0.0010367630928304,-0.359187981349887,3.22412580329233,-3.02256743761222,2.90237106112926,5.34899304837547,2.62737524505371,1.67189710591051,0.08757469323549413,-0.007377954357618476,-0.11366300068030233,0.055583990250331464,1.3258631351550518,-0.429812257007344,-0.16893330900408554,0.17731109334101489,0.03071847055558428,-0.4060751696730161,-0.285826460047018,0.1327612145426741,-0.09423558138774722,0.019277951723941762,0.13775332932020223,-0.2466190294965422,-0.1561132076986688,0.011206263024432412,-0.14049625958309342,0.028875439787247003,0.07489898788938804,-0.4243345974576627,0.28471576102411056,0.02567061968659434,0.29369015091509953,0.33732889104292696,-0.0038907670137542628,0.2025341398100062,-0.33292898780975866,0.3455493211892188,0.024617504200169015,0.008886643650066656,-0.4810682101237181,0.002860513681509491,0.034533630725903854,-0.054192075959314426,-0.36301172404423165,0.006558898095406905,0.28566069291277435,0.11614455368594291,-0.12180480667744431,0.21552579658229812,0.16984409106440906,-0.014755924568753376,-0.47816755153848184,0.3409454670757045,-0.055972590637951666,-3.966666666666667,5.094584308069762
5,0.101035807418427,1.18569925160641,0.960153951939854,0.446333141171345,3.0655499719296,5.78398826628352,3.98622434574595,0.825641496377644,0.269413826971002,0.195755675258271,0.151677978272361,-1.90690033144601,-1.86023395878702,-0.260610539548868,-2.9771521551832,-4.6508568649539,-0.0711779207887891,0.757707469955521,1.04681819230023,-2.19877192252758,-1.94560729796626,-1.15087598012721,5.28326112190879,-1.05631986298397,-1.22011317768056,-1.04831794636252,-0.187530899149409,-1.36774733460365,-2.32345439273679,-0.598850573868118,0.526760050333159,0.883679901844734,-0.0144832689294226,-0.590725129097935,0.390964258376497,1.49331877395835,1.8737061929066,-0.833421816367593,-0.464762795879879,0.29731693571754,-0.158274636352725,-2.39003582481144,-1.15379981249934,-0.562380941950031,0.877238660910235,-0.366740394497056,-1.18694655978905,0.23160680695058602,0.11981054273493784,-0.2288178021680195,-0.019370844222721086,-0.4280790063575399,2.099510397532426,-0.7665114921068797,0.21910204683452836,0.16156363621912792,-0.058788925622423494,-0.3500418365215582,0.037881749925129965,0.11843641914571376,0.12067203264768905,-0.12918377515189627,0.16007351989032614,0.3176946206600464,0.017598329237921193,-0.409213479180835,-0.027217471524335297,0.5203615089259193,0.020109733921000142,-0.2782870408455574,0.29074144999373597,0.22006511226712255,-0.18159396705531208,0.0017506717609740432,0.019838228263614824,0.17637556804284935,-0.05831878086191732,-0.19379929453395894,-0.27852329014510757,0.003923263237148939,-0.1681910193377821,-0.02742893168926562,-0.7006315606758456,-0.1126552186459066,0.04188320822261801,-0.023876474607707473,-0.38729825219911806,-0.09760323458847457,0.03932654245542618,0.06213881560201494,0.030890330693229804,0.32419302569306674,-0.2253478598866187,0.36443431702469686,-4.3375,2.402912454976986
6,-0.574334126557313,-0.371205040103634,1.18987622014268,1.85326972319414,-0.213930397137949,3.98622434574595,8.12720945083014,6.178298572862,2.24731151482102,-0.559194233812247,-1.68621392932678,-1.14971830886269,1.52215714089607,0.751913154520744,-4.32468549131785,-6.08670954456535,-0.350530005227804,1.1965223592123,0.149567306069422,-2.87933243749279,-2.91126679825322,-4.26997685314322,3.09730145936625,-1.13076714634303,-1.05255916944513,-1.3508931287545,-1.37226402322359,-2.72842520601176,-3.20052310126835,-1.98770121127439,-1.51696582359718,0.813124679578798,-1.65067308832848,-1.33550650148957,-0.231166181277846,-0.64476307890565,0.484922483051623,-2.68960539531583,-0.333006566496455,-0.482741430143073,-2.00009681727492,-2.63052303503076,-1.27368040627995,-3.20527687573969,-0.200463284220223,-1.38684131957989,-1.89224956370759,0.10053150822688817,-0.009987664691303844,-0.1316622847232327,0.10373586762453865,-0.16906465689089273,-0.7632131278301078,2.288246823525457,-0.7154159829460378,-0.0593413900230086,0.1853564488069776,0.0320409510581827,-0.008451697972744057,-0.6436967642355651,-0.22861636607506147,0.16616373629400613,-0.04119524721032182,0.004338786294061381,-0.19395440623066634,-0.02334169524391003,0.5147861978306493,0.053156601311696965,0.48215287612607516,0.018985564378386693,0.010409401284951504,0.1743739370568454,0.5522501241094608,0.20103849293575243,-0.1392459795882228,0.17847512311554156,-0.042096474525456846,0.021403887293898645,-0.0629886480961129,0.0605539980627201,-0.018704674196989297,-0.32721626689876004,-0.05650944585754243,0.014294732095656803,0.4951378007274237,-0.10467092036130037,-0.09309509573042776,0.0457647536548153,-0.03001233031904642,0.08332811132360865,0.22460865646659947,0.05073051584443093,-0.13647765448590318,0.10104095695051478,-3.738888888888889,2.849071682290591
7,1.88773466792157,2.41742265755853,3.71564721767011,5.74751436181463,-2.76252871926654,0.825641496377644,6.178298572862,12.7521076787995,3.79942414255147,-1.83919829563259,-2.42346466638501,-2.0210355154507,1.23723344689765,-0.493443833318968,-2.45128151561887,-6.80523205283497,-1.21310984237268,0.923689403089831,0.171912530136533,-1.75732105692261,-4.11858412292675,-3.35638403012286,2.85860120923008,0.390402876667056,-1.61566947220034,0.775496478703678,-1.56335494126116,-4.71815462415693,-3.61496034094401,-2.95650265679952,-3.69991509204624,1.40539427190643,-3.2998498383219,-1.91173168570544,-1.00670991774195,-1.02106664085485,-0.0271502851147486,-1.91467903682364,-0.878311948601017,-3.88109253529377,-1.0240542535697,-3.55886758472866,-0.798463802197134,3.27765420875077,2.17250984348635,-0.691646582275825,-2.59914078206607,-0.34928716168057444,-0.042329346312078006,-0.10937679211626374,-0.00743616402896348,0.17729386355980725,0.21751776559349104,-0.7152646563388368,1.5262463175219754,-0.499501215181803,0.06573057361515726,0.18583432298991112,-0.06348221807775885,0.028590538393351093,0.2676134740538149,0.1687247128965161,-0.13172532204643808,0.24474130134471614,-0.47841878078831773,0.13435037418604673,-0.18941607801251764,0.37549317028477447,-0.06277982839615476,0.11027215283913978,-0.08786790125527218,0.10560506512432963,-0.1450570184132292,0.06404172243352647,0.13081170426037103,-0.1814671176843743,0.21891148953857734,0.3890830245843481,-0.3654359015901497,0.4234936076628356,-0.18934791282156593,-0.09677032312258589,0.20791459192592218,-0.12139087263023232,0.07224897602710453,-0.08592953253806195,0.5002867591020113,-0.17138358373650828,0.3018725912952028,0.008671856486369303,-0.15336757093760395,0.03482771356332086,-0.15683456826479783,0.03073715277511167,-2.923611111111111,3.5696088971762
8,-2.49354987227995,-0.720022673877301,1.7247299955362,4.33830080260564,-1.87201115330863,0.269413826971002,2.24731151482102,3.79942414255147,8.45766922094508,1.12949311672155,-2.04082163190669,-1.85463711278852,-0.88998565238235,2.30252820488335,2.61879881566299,-2.24997677932308,-0.501174187000583,0.938162708263741,0.339248368634039,-2.33007519101715,-3.28539933954419,-0.913929244988013,1.40353352118345,1.52858620729223,-1.17576474738781,0.981202459918625,0.348912318473686,-1.29473371751172,-0.897954811951352,1.55916465725768,0.111379403100802,-0.0486290767026665,-2.09393693977138,-1.44084722435478,-2.10130189888781,-1.89672928311718,-0.0196495044587627,-2.14527590534338,-1.29839819862524,-0.20823567971273,-1.39801667156041,-0.519849033605324,-1.03533340488981,-3.97288837422352,-1.13297862938548,-3.52409105680862,-0.470487045482768,0.43851525231484406,0.22019463212278412,0.32633880821287214,-0.26850815736520156,0.03069677774165052,0.16181337521892508,-0.059701457249118677,-0.5002647489766189,1.7234050630466844,0.08400433764395314,-0.14300294370895145,0.37313825720822474,0.38728307600787343,-0.3589261506149522,-0.3976073474316588,-0.03238351384025023,0.010102602191675612,-0.04238842838173228,0.012526447002650374,0.2691694715559659,0.21054802560424987,-0.1511232239294735,0.025269128570256937,-0.3112875689091672,0.13205875241304518,-0.08622621796352381,-0.1083864189290446,-0.05167370281236593,0.13781573678299983,-0.07507531116839955,-0.34828444509114787,-0.155503197603307,0.29033981048731267,0.00399297053354898,0.010450000489887219,0.19922129887450454,-0.2072093324934171,0.29743492894130913,0.07129612621779732,-0.12758214508468058,0.17452497804860423,-0.18635957864584285,0.2311056645027786,-0.061622270221416836,0.02845358378325605,0.5966428222586715,-0.014593712802212593,-3.261111111111111,2.9064874369150617
9,1.41504639389543,1.05399922615262,3.42919151992648,3.3510859173734,9.67818924842855,0.195755675258271,-0.559194233812247,-1.83919829563259,1.12949311672155,8.71055076628353,6.93110328204821,3.48018374149674,-0.850152693517824,1.99561840721795,2.81543196461175,21.3093356342709,0.276869857663493,1.24203023896721,-0.902482565795981,-3.59079856961472,-0.438278994571051,2.54434956282662,-0.746454366082041,0.765498486274587,0.358966287169176,-0.495450634209073,1.32422636983356,7.85780161502566,13.6251004934508,8.15537165886282,0.948867551248934,0.516226974108807,0.791192795535574,0.503233670071422,-0.8770701331227,-0.757344313799204,-0.438828151491798,0.347813682113774,0.0944881512291132,0.755840616795094,-0.596782803685325,1.71413682167082,-0.482231655932282,-2.4925056743096,0.190079554553685,-1.27579527739017,0.582206542618952,-0.14220361102682055,-0.05961212663942812,-0.2177166049087411,0.06656156178977916,-0.40723831427575996,-0.05628384696468839,0.18818832077599273,0.0651686796173618,0.08324486947329018,2.126535015000758,-0.23799826605782337,-0.9399344227936812,0.24996803077064902,0.08145496325637412,0.05395990432142917,-0.027332183438514127,-0.16888030547430746,-0.2938905912258972,-0.14432678371245464,0.18735775341796124,0.024767034853259092,-0.03806661003226901,-0.034944875085734024,-0.6416488518024271,-0.11457260064379535,0.006457169344651692,0.23735266675031427,0.11368686348926979,-0.16374983946845909,-0.4323535786263814,-0.08871048180917411,0.25207256051158516,0.2046791550769309,0.22811347936391246,0.29279519614925004,0.066142732497519,0.029745709943959277,0.17718977490686913,-0.25145057592476777,-0.07644584242465728,0.011709899074823575,0.31591487221114106,-0.034569961400399474,0.09136726905250933,0.27575124850785115,0.6718151985397064,0.28819569222983005,-3.708333333333334,2.9496696029019125
10,5.03758711544588,3.3777759183191,-0.69240769905013,1.71192918927591,15.3747828638128,0.151677978272361,-1.68621392932678,-2.42346466638501,-2.04082163190669,6.93110328204821,18.8663452967394,5.25165228842372,-1.85534618960527,2.49371230054585,4.18246182670292,43.6024164957188,-0.867421980494799,-0.157266178088802,-0.818710315457929,-6.54018005682998,0.342025464451049,3.65558180718226,-4.21644730886048,-4.80003807496818,0.66870396491704,1.88972052541685,4.17898876294062,14.0525669842515,23.4157039384692,11.2471024188562,-0.0981009627637207,0.671238269130375,1.79013381182998,2.20588139424112,0.293758125992477,-0.795684210812146,-0.855549758614696,2.00428305658356,-1.61832010983619,-1.5379830989631,1.84140096604649,4.84886738471359,-0.0948440465459233,-1.75216866114177,1.12885066969024,5.31139169787339,2.44592311090436,-0.6517562942745913,-0.07776128000504852,0.7530114954234867,-0.31762466035314363,-0.2856999079562036,-0.35090348598939386,0.031727708184809675,0.18513157582579276,-0.14294438639294618,-0.23718999572735214,1.8409732635448062,-0.4064073890714137,-0.03364044462122123,-0.1224375590658095,0.2564782030667849,-0.12443223494415366,0.12041955623420564,0.016241978329982934,-0.1328883866173539,0.2148396983364144,0.2184452925149046,-0.14540529867774574,0.03097504603205561,0.35587136383279344,-0.08906520755790388,-0.28794638892192154,0.17894020246283615,-0.13242124097135904,-0.17401445572954202,-0.07134893010484104,-0.14834414329624268,0.2871791597362286,0.4810482249323961,0.0006396549639610885,0.009212918475552329,-0.00893518458037824,-0.07759094412813711,-0.040883676123649314,0.12192455832094382,0.264679318555286,0.041179448600964334,-0.41840936438457266,-0.0019083410343689977,-0.13511957073731967,0.019133243429278548,-0.4568585335447997,-0.2395252367832927,-3.2523809523809524,4.342389353425069
11,-0.235971060761897,-1.60770346551158,1.08174651949495,0.511749574760966,4.10894921725509,-1.90690033144601,-1.14971830886269,-2.0210355154507,-1.85463711278852,3.48018374149674,5.25165228842372,7.72104986055725,3.49825126618422,2.93555893473532,3.5102975608487,20.2189532471023,0.529296088508342,0.590001561347852,0.363918324090257,0.648388469696341,1.40824600660291,2.49588709157089,-6.41446366648719,-0.99119669963202,3.1964064273666,-0.292720717767051,0.879269434653462,1.91281860248853,1.61639389664666,-0.229525549928256,-0.747613756304151,-0.197492470119632,-0.0513178877014609,1.57293478970229,0.0798261064260933,-0.89562957877808,-1.84293034033636,1.1768523255049,2.97336675176098,2.40952593665792,3.67741424833079,6.04100538998521,2.15909305260266,2.00536276952064,-0.300846891544047,0.384451112394842,2.73323187706994,-0.16804018783197502,0.09364195696838716,-0.32978294263730873,0.26145758550445786,0.1328374223085309,0.03785876072085132,-0.008079626957269768,-0.061611762367903375,0.3737165059149673,-0.9385601711974499,-0.40776826341484207,2.8246891882249137,-0.21789135837794069,-0.4176217026003247,0.10230642711322623,-0.3039766877416084,-0.05769332293497707,-0.0516070866174524,0.014733042047256603,-0.4053589167179018,0.03749693614304224,0.03174439310353838,0.07217760539449285,0.07855518405148453,-0.05532543348624672,6.0547495105217e-05,0.05874409098147643,-0.303555920447539,0.2890663980031615,0.6155109097311224,0.031205077203450667,0.16295816305028082,0.4083884889578203,-0.3549709149234703,0.08507943797505643,0.3387274433169768,0.23794246358578663,0.11331268342478011,-0.509446056740111,-0.1105804662780372,0.09186014345729504,-0.3056496374492189,-0.1835665478767223,-0.05753504963093679,0.15489149391885493,0.12840390117619677,-0.20743671431125216,-5.365873015873016,2.776877717969816
12,-2.33193380407249,-4.43361774165639,0.382905731004752,-0.427659380604212,-0.937017652164051,-1.86023395878702,1.52215714089607,1.23723344689765,-0.88998565238235,-0.850152693517824,-1.85534618960527,3.49825126618422,10.7683756874397,1.59942704968372,2.5525046331157,-3.30424969722043,0.0518315084497478,0.222557774091019,1.8203440432984,6.54509465405011,0.895827953118865,1.10595353880062,-8.61503126592916,0.0822044484627013,2.83229252167104,0.0081912602609391,-1.83834711983895,-4.68975694152821,-3.97601837455917,-3.30811932122032,-2.62457316181112,0.106657809463355,-2.58713728461478,-2.72473590433494,-1.35388048075075,-0.443286276024273,-1.6821969383985,-2.08263921060891,0.774739573755189,0.55637102949615,0.244851139360957,3.70718881600864,-0.464492522101944,1.43521205295979,-0.261443259108824,-1.84504866966861,0.97084482208729,-0.12562315962999912,0.3458814596305101,-0.02334776214358278,-0.01650655444671015,-0.09469243366846285,0.11918105570714642,-0.6440326786398368,0.02671296345003999,0.3862738041182572,0.25059600849463814,-0.03396046757357702,-0.2150555842951394,1.4798025395992052,0.09182475156124631,-0.15439323040242725,0.0531847060074176,0.24723080042375062,0.007132738068810056,0.1274365372816163,-0.15548431081470077,-0.1347325485341973,-0.20393450267723554,0.14158179164649778,-0.3670728086454192,-0.1282433965956253,-0.11551526534788668,0.18810434225439912,-0.010163579833675766,0.012468011925324771,0.049848692648166805,0.5232366279223726,-0.007023899307036376,0.13694083948388172,0.3570431203418664,-0.004579535900981612,-0.2496046201497409,0.20822380936942095,0.009871712341023044,0.11235256745633448,0.14104364108920564,0.2997295215014285,-0.7177735759593801,0.3211727646624614,0.05299111909869961,-0.06688916138188802,0.3777603463812245,-0.11084558079173724,-5.512698412698413,3.2799962938149374
13,-1.42120798343173,-2.97885549775336,0.412101176298741,2.24634876739353,-0.52388634683224,-0.260610539548868,0.751913154520744,-0.493443833318968,2.30252820488335,1.99561840721795,2.49371230054585,2.93555893473532,1.59942704968372,10.2992773477207,1.11586023676846,-0.760422571785981,0.49459604199967,1.90444913398912,0.780409459906647,2.68898057248742,-0.426867240240086,-0.116449273990867,-7.83740720890329,-0.710901537685286,3.45294820130983,0.974686725982344,-0.539040217690875,2.25845980675205,3.68849121653256,3.04161166084301,-0.892805383972135,0.0732670656489776,-1.58962529347161,-0.343225602355188,-0.158624146926623,0.535832407888185,0.0715868241275731,-1.46081099965208,1.04485062090278,1.68179336469851,2.95546310728717,1.72775024826867,0.64068575708818,-1.84098836144906,-1.85641152636073,-0.431742474153856,0.538122733973788,0.1716316213111704,0.013546728919515869,-0.08067801967126095,-0.023566042469938,0.018840076805606062,0.1211791230151806,-0.2288740116609727,0.26757202094789945,-0.3583350093603121,0.08103370310427475,-0.12308063509553248,-0.41771993210061115,0.09171826760210834,0.8112438152582935,0.021831028258257987,0.0632645081150896,-0.21507039360099164,-0.24272462621945892,0.06911487897975978,-0.09746016670954882,-0.0010747216417062906,0.028720930656896338,0.08065518131052125,0.10390657741266195,-0.013548336776578655,-0.12397384548263433,0.15168057083771688,-0.19923079878129965,0.03569999174570816,-0.1033133050007953,0.2991507052603535,-0.0023870976577205156,0.2339285175583181,-0.02589218852712206,0.02682801858745605,-0.33965773317752196,0.06463816986294314,-0.02341992767413603,0.19788626779731333,-0.03593165781633078,-0.1256099269928933,0.2617397351241095,-0.19592067468029659,0.03504628790688029,-0.13195121077932642,-0.06280459170108492,-0.06154237712096929,-3.4961904761904763,3.2076903447372684
14,-0.411983668665681,0.832460436214147,3.6880711753561,2.98152152885406,5.81197976567581,-2.9771521551832,-4.32468549131785,-2.45128151561887,2.61879881566299,2.81543196461175,4.18246182670292,3.5102975608487,2.5525046331157,1.11586023676846,16.8611436542689,28.7255245235438,-0.924208940303292,-1.28155815001855,2.35701979553768,1.70795765045371,-0.231405631387875,3.3353293868139,-11.974491050526,0.0525837267737625,4.68545536081241,0.615291146702478,3.05397074101317,6.92370740901438,10.0554099338145,6.01446219551172,0.274089487160237,0.306372688877346,0.364847263423501,1.51598044863752,-0.122833665219813,0.12737312563816,-0.503070389278814,2.75474958201787,0.689903530633029,0.332971897226082,-1.67422233936881,5.05868555335279,0.296764361030314,2.15079400224194,1.44657478745172,0.801645967643047,0.360556940645564,0.19769783704269822,-0.09513342304398081,-0.13352148143609738,0.018945596257214148,0.13794638984056448,-0.12997490679174215,0.16568982074910965,0.1687698259351761,-0.39633663950687753,0.05417934080352898,0.2562301465197722,0.10254308876271569,-0.15477600741862801,0.0220359555704278,1.1142583747683616,-0.2755752969719439,0.08609563050153471,0.40653005480114685,-0.5977153653545537,-0.07433392724882262,0.11468815455259893,-0.30817000261076843,0.17790309607159477,-0.22764106149786653,-0.058351796228510396,0.05793276519525698,0.004689278798805124,-0.1909916927598127,0.07344383469522768,-0.12470501626508555,0.25381507655489216,0.4853271884244759,0.21237379431341047,-0.12998551875743095,0.08414322049564654,-0.12593262695467242,-0.12575094753160565,-0.15763179941147576,-0.10408176435290573,0.17510379423832206,0.08293422644871062,-0.034647116302345106,0.17766152108407987,-0.06850480706525917,0.13604223781453778,-0.16492095819963173,0.29120418659705516,-4.189126984126984,4.105014452382459
15,7.45397605802475,8.56191953244333,8.12915306102564,1.86396313981729,49.1507645992587,-4.6508568649539,-6.08670954456535,-6.80523205283497,-2.24997677932308,21.3093356342709,43.6024164957188,20.2189532471023,-3.30424969722043,-0.760422571785981,28.7255245235438,188.369387639986,-3.4379020485437,-2.95985929978456,-4.09966014653405,-15.7962465053722,4.44673393289381,5.5463474913473,-8.36644354362241,-8.07948493190886,-3.48321839480369,2.03781646709471,22.1175003992535,45.6279414963489,68.7744040983728,35.6325162425376,3.62578859110361,6.80012676448302,6.10339618759122,0.580649561001534,0.0353846245150048,-1.48377602612802,-5.00819220577428,9.49610650877014,1.74002549578546,2.06770682506732,8.10557399685802,21.4967470985862,-0.171328588823207,2.27602530525555,10.6536091251088,12.7785952647806,11.4196267863239,-0.005758945371657061,0.019778460929063095,0.007940287068097658,0.019010659176117026,-0.246447219858086,0.16032483847583165,-0.04138183165790211,-0.13197193047422615,-0.032566231125479045,-0.027197157386365904,-0.1242550513008365,-0.30442725245868874,0.05309892616055096,0.06310666822201559,-0.275389282527891,0.35319365423186605,0.07204216069122744,0.061134489685195616,0.009652522206260363,0.1083536436299434,-0.19290040564245753,0.13944893014855217,-0.09099634349675269,0.07390870776513689,0.0038504563895272494,0.04632552181996015,-0.2665500905152065,0.020343359237286772,-0.046911130283443465,-0.052475351871232714,-0.055160793069415834,-0.3309547767273171,0.04197666921195709,0.04198789789881246,-0.005744090376091267,0.0009454804671589024,0.21852655091457268,-0.1521565325457165,-0.01101483947797418,-0.1233836787848568,-0.008770463014409827,-0.09237761062277053,-0.17059848252798,0.11236022096657715,-0.12405276007135396,-0.14154197737080992,-0.04500145555469656,-0.6681746031746031,13.724408462297593
41,-0.646960328600287,-0.572327787584074,-1.25550896305713,-0.63669619637772,-0.910398666031698,-0.0711779207887891,-0.350530005227804,-1.21310984237268,-0.501174187000583,0.276869857663493,-0.867421980494799,0.529296088508342,0.0518315084497478,0.49459604199967,-0.924208940303292,-3.4379020485437,1.20220945083014,-0.0975976623737019,0.232539694358335,0.472963148376155,0.599195861454343,0.655709056865261,-0.0230365961272242,0.625104091493649,2.35946418854597,-0.697587117261483,-0.692300115483669,-1.95932117956983,-2.74798943303884,-1.65491279192731,-0.284305707285717,0.130608479965292,-0.117727226434379,0.19956718611877,0.0645455447806548,0.0089947053637425,0.0181862648804619,-0.793853836172803,0.643466072288586,1.26421392330079,3.95040785600979,1.10288554852314,0.238289437777591,-0.591705494058882,-0.895697032106341,-0.56516838126337,-0.533583667050713,-0.053049190123329155,-0.2205259788368112,0.03837775597775828,0.1934072890987798,-0.16325528240596462,0.3221989922906054,0.004682864114439883,0.2433130466736625,0.011091142617896881,-0.1653260187298525,0.12019794509204862,-0.057188720226806745,0.24599222901377113,-0.21528739333354047,0.08268228004385264,0.07403741423028874,4.339025621100809,0.11789703506945508,0.2889336380641846,0.06240296250749582,-0.2034658144008023,-0.3882731537295562,-0.0035319449026210248,0.015941106217385904,-0.2247376043908785,0.6305190498416446,0.0064732702348517055,-0.021756804775075453,0.051809851128962324,0.13507875037450076,0.17253788143368054,-0.028124069486381565,-0.0028133584363060726,0.007085505909959625,0.27474322679723673,0.16213369478486958,0.013610416054367752,0.6644167834501098,-0.3367457694988721,-0.3552326624022919,-0.24765688584632461,0.0015038180908723232,0.1831279999069508,0.0035501518763078415,-0.04219705458533418,-0.03086702261886702,0.4496735451979803,-2.722222222222222,1.0918834419617052
42,-0.349620960006354,-0.672443086202809,0.362865938350989,0.529303469883199,0.127786256109487,0.757707469955521,1.1965223592123,0.923689403089831,0.938162708263741,1.24203023896721,-0.157266178088802,0.590001561347852,0.222557774091019,1.90444913398912,-1.28155815001855,-2.95985929978456,-0.0975976623737019,2.11751117496807,0.159903344299752,0.62901507426597,-0.144196565509239,0.322804890716151,-1.15903917764399,0.0429204227054501,-0.860549254441697,0.0612060200441068,-0.683946398037884,-0.177361497127604,0.0204922062234574,1.44010497848592,0.211464362971228,-0.0758837090906128,-0.102481414136498,1.04181663901716,0.902605565152349,0.171641550318375,-0.0800071271743329,0.0941925874814673,1.19980354556967,0.636633688382396,-0.270205220372034,-0.118814966020773,-0.0969601231873934,-0.682645663245935,-0.529224157994384,-1.48477529393858,0.0222556589834601,-0.07100419502680612,-0.007716237876628635,-0.227777603460788,-0.04060640314800437,0.01120403122033388,0.01589853730243526,-0.1974371403843215,-0.4779086042342047,-0.04298152133029931,-0.29230129195309645,0.01886887957618518,-0.051500624517258155,0.007197955005137541,-0.24230807186439518,0.40460628386560876,0.061805534335933006,0.11951531301693163,3.0425525316571402,-0.630427774924603,-0.025499704882956636,-0.10230292525515285,-0.37454355716004606,0.029086430588752835,0.009853793249641217,0.03966765684740538,-0.023847480365653123,-0.050839900625391364,0.2485520758090399,0.1853229890730516,-0.8063881070548908,-0.0472289901303369,0.38998963324073405,-0.004725425872567433,-0.06587793425074319,-0.7402890821359009,-0.009038484032642234,0.05322931299266392,-0.0939397856005643,-0.4279532383192396,-0.24832445791006255,0.045362292043235636,0.019774943358108657,0.06164655570264652,0.18416136034466365,-0.06542474635983447,0.10495057246915977,-0.5344224975062876,-1.5305555555555552,1.4517269629541472
43,-0.158491614741575,0.118569759295961,0.113984994729035,3.18655011759385,-1.75673950076974,1.04681819230023,0.149567306069422,0.171912530136533,0.339248368634039,-0.902482565795981,-0.818710315457929,0.363918324090257,1.8203440432984,0.780409459906647,2.35701979553768,-4.09966014653405,0.232539694358335,0.159903344299752,6.77184546615581,3.34438106518051,-0.707698344620135,0.120440905952492,-1.23140938826505,-0.753611132835482,8.01671594551674,0.0991130166355219,-0.660514215514407,-6.98090446433121,-8.69830452924061,-3.89007000786726,-0.543801141898296,1.20317341544693,-1.20253081215304,-1.33197387598501,-0.7595236874524,0.243759713300786,-1.9705838888426,-4.27300175602894,-2.70213366396488,-1.31690150803508,0.960809677920992,-0.288166821846876,0.808540539521385,0.328837182509078,0.877425578493294,-0.578930719131255,-0.835722629575419,0.020858307947052762,0.2035815229025319,0.0426354653433784,0.0037705865127278136,-0.13866378500177,-0.4059951755595138,-0.023637782271829267,0.13571018730144843,0.012173574864751019,-0.1436829109370807,-0.13135140810757284,0.014728308392478531,0.1286379783836339,0.06870367167838291,-0.5967882089765899,0.009770893358952856,0.2894545683792986,-0.6299512281025004,2.1635705202058513,-0.2388711142100248,-0.19971161391611222,0.23464895680946907,-0.04529445158321761,0.3355290003448135,-0.5463507751019496,-0.036181950207368835,0.016731117666725488,0.26262064187291917,0.31021279055758183,-0.20740992239853648,-0.10497483944912045,0.13750998185050453,-0.1983926500801339,0.05118811407422997,-0.09585660585784897,0.10825757407517853,0.19522602324477148,0.44229910655545274,0.1281287379697287,0.6744741797508058,-0.1270682108931108,0.26069902152439356,0.1742595241701077,-0.20303958058820898,-0.008264707255103898,0.0226781098385628,-0.221584908949353,-1.5944444444444446,2.6003548731193997
44,-2.80876638435108,-3.88948059450397,-3.59605378349118,-5.2151261263179,-5.34477542451035,-2.19877192252758,-2.87933243749279,-1.75732105692261,-2.33007519101715,-3.59079856961472,-6.54018005682998,0.648388469696341,6.54509465405011,2.68898057248742,1.70795765045371,-15.7962465053722,0.472963148376155,0.62901507426597,3.34438106518051,16.5424393358876,4.1014884497483,0.832757514063218,-8.77792998523628,2.08221059174946,0.70076341203518,0.644501877400469,-1.28949848029289,-6.88917047919615,-7.73665490890846,-2.79304706807648,0.717272858946233,0.590020539787081,-2.47051332168866,-2.71007442277866,0.645058506274363,3.29706920705441,-0.932160813222585,-2.41922451148409,0.612608599348538,0.582549730120547,2.46331355526033,0.747532823564084,-1.04538894149369,0.851718387754664,0.605193276991671,-0.769297425708372,-0.016660690881056,0.20828529116297148,0.1305607763361475,0.13145714320487395,-0.0945547569901697,0.029319060605923507,-0.02625229753800444,0.5142150949820734,-0.19037595333095658,0.2691263197282976,0.18739361570816937,0.21479111654746122,-0.4055279119018191,-0.15524058802460125,-0.09738128202301469,-0.07413324074673698,0.10803720473814553,0.06298853986559359,-0.025720177995199486,-0.23932968779590338,0.9375429054060765,-0.05852613094265721,-0.013596832393432626,0.07386917988199011,-0.02356421188372694,0.15330016808496383,0.1610355629260182,-0.0817539275194864,0.10659720895693808,-0.19445419060877683,0.02850769866080541,-0.27782124144967973,-0.22882689159491282,0.3192010470765957,-0.1166716656066943,-0.03663417429393405,-0.4378936092739527,0.04816737897832304,0.21693956322630162,-0.11798907736683623,0.1078906371047257,-0.005562690649113209,-0.029689493454604247,0.12794689444450305,0.1786754962268645,-0.4048886322502859,-0.004063549196663826,-0.03731388874497049,-3.961111111111111,4.066010247882759
45,0.884530488944755,-1.19934428115191,-2.06438293275317,-2.26779978228425,0.5829964870482,-1.94560729796626,-2.91126679825322,-4.11858412292675,-3.28539933954419,-0.438278994571051,0.342025464451049,1.40824600660291,0.895827953118865,-0.426867240240086,-0.231405631387875,4.44673393289381,0.599195861454343,-0.144196565509239,-0.707698344620135,4.1014884497483,8.98586206896552,1.55551334689475,-5.98396618257658,0.0508038721763055,-5.12400345754805,0.683517194044013,0.833851505198499,0.604483446517628,-0.197013169483544,0.473256001871873,2.44430972377369,0.100633827961105,0.479153305114267,0.0356726858143923,1.09230153463677,1.90254998763179,-0.21383383381865,0.180499875869558,0.888164182641081,1.36747046650042,4.13712394528982,2.10039003064221,-0.337701951970296,1.38655202141668,-2.71011641479993,1.42954390430231,0.754965239405204,-0.5033421206549222,0.09429014913215789,0.09649724307591488,-0.1330014427707603,0.07376245113380216,0.5188199448669333,0.05342106880397255,0.37641317956359105,0.21030430457301347,0.02499242994310473,0.2179532165680561,0.03644363827177281,-0.13442362373547706,-0.0005692702800136467,0.11474652743428637,-0.19320112700861086,-0.20388820537812238,-0.10043481977255334,-0.1988375328285671,-0.059031999547238714,1.5288297554618955,-0.05898669356188247,0.0615208929662827,0.16112377063809458,0.4269487946796351,0.246332322588526,0.05064585933170508,0.036344629444065635,0.08844287047004405,-0.010129536395030758,-0.2000000439565407,-0.19732873232006334,0.037195193525492054,0.13113994920617097,-0.36771954587751715,-0.3659814782887745,-0.12071284938502302,0.19680521149058608,0.09414067488059003,0.08767897389331408,-0.10820646807973422,0.05808378580000503,0.27047602244697017,-0.17284730016063973,0.8447191767147169,0.05979250184787594,0.043404824897761936,-3.2,2.995974310464881
46,1.20524404380827,0.393001773267735,-1.24211122941507,-3.28548358171996,4.47332439113459,-1.15087598012721,-4.26997685314322,-3.35638403012286,-0.913929244988013,2.54434956282662,3.65558180718226,2.49588709157089,1.10595353880062,-0.116449273990867,3.3353293868139,5.5463474913473,0.655709056865261,0.322804890716151,0.120440905952492,0.832757514063218,1.55551334689475,8.91488505747127,-1.33887779400335,1.21418510285285,-0.416874711764716,0.674397905264155,-0.212704362505903,0.237643837591969,0.937352506539565,0.754315959986742,0.467406304036716,-0.284909651286335,0.578529093729262,2.2641696281722,-0.201457478717905,0.567051200781913,-0.652709690514276,0.867595505254266,-0.29213262774008,0.406363555537456,-1.8642349692909,1.74138892042224,1.19486277789682,3.00796094505437,-0.172375665767681,0.645405188780072,1.9694553163155,-0.325557322675033,-0.02430148755010606,0.01645509373393587,0.10807832116326108,-0.42445900056470115,0.021396778319100144,0.4824757412980234,-0.06210939746044491,-0.15123119016513356,-0.03769881701924214,-0.1457620550503781,0.030660913546546535,-0.20342637598866442,0.028418692959154335,-0.30655877982996843,0.1389994292283122,-0.38842961604574017,-0.37486369196421765,0.23479384492124403,-0.013613443970601958,-0.05906835621291902,1.1868215204186743,-0.1284870182761508,-0.09137257522431447,-0.014211195503226694,-0.07393623980681825,0.0704703230111811,0.20202631699276807,0.12076837640723093,-0.1471360586431701,0.18528624959813056,-0.3839801490236535,-0.06519158370323942,-0.4357323464387472,0.31466597242140265,-0.014733016806030747,-0.04551723904894767,0.08735577220816161,0.050259017011092706,-0.23482634588876683,0.10551237551122082,-0.13723903365590623,0.020881944265841647,-0.03654125281582038,0.1838008839043348,-0.2591223528628248,-0.36145061168265347,-2.0166666666666666,2.9841054032106946
47,-0.556545980541621,5.4988708721179,0.532558955335751,-4.76020377662817,-6.66124648330556,5.28326112190879,3.09730145936625,2.85860120923008,1.40353352118345,-0.746454366082041,-4.21644730886048,-6.41446366648719,-8.61503126592916,-7.83740720890329,-11.974491050526,-8.36644354362241,-0.0230365961272242,-1.15903917764399,-1.23140938826505,-8.77792998523628,-5.98396618257658,-1.33887779400335,53.3042289272031,6.04146275784378,-4.95211499006181,-2.769888611121,1.84519782700121,-1.86801608427734,-5.85711862284774,-2.98733580695346,0.0488951582718171,1.23569828986877,-1.44362143251747,-5.31678166812491,-3.22706084927504,0.243890842832615,-0.0698109081656546,-5.46637852841034,-5.43201265539689,-4.41329374822372,-2.03384100568666,-5.70718748334607,0.21978087207261,0.602426229859016,3.42217785120989,-0.142657379131807,5.19207930217857,0.026134642013852634,-0.05398301469991118,0.051246126880294764,-0.015149694382455422,0.28486156853410427,-0.2788047188447452,0.0186505154212693,0.1099835202403911,0.02509308016388184,-0.03464870815792839,0.030888248404649474,0.07251258059588865,0.14119887491460237,0.0809757197731583,0.1774722337534873,-0.09109011250944428,-0.004150806179693493,0.028896215479352762,-0.04545499899881193,0.07372535697163429,0.06190575845754071,-0.12828355854055926,0.3771127985314476,-0.1644895624281047,0.05888341839609128,0.25921027820334325,-0.004387368130527691,-0.0736541253201739,-0.027974865971090057,0.06393085675989428,0.25335482215383387,-0.027908642442576334,0.15538530064433012,-0.0057668684690072355,0.017946756476656597,-0.08391553857194765,0.03524269262623049,0.046245584887280644,0.08259067503898232,0.13344262559728298,-0.00045082987844630433,0.05494984343570116,0.12267378562499037,-0.018456887634267144,-0.10986995179671982,0.1922220452350511,-0.2621363528253662,-0.575,7.300289646801904
48,-0.768567022676566,1.65045339711241,2.49797049017425,-0.736375383331585,-3.37823995287753,-1.05631986298397,-1.13076714634303,0.390402876667056,1.52858620729223,0.765498486274587,-4.80003807496818,-0.99119669963202,0.0822044484627013,-0.710901537685286,0.0525837267737625,-8.07948493190886,0.625104091493649,0.0429204227054501,-0.753611132835482,2.08221059174946,0.0508038721763055,1.21418510285285,6.04146275784378,8.04950351213282,-0.669555933384265,-0.459682781345783,-1.40613898045568,-0.218374439829657,-3.07958444253593,-0.36906181111908,2.68746636348659,0.650167753178011,-0.277629083801881,-0.253131637980072,0.540409949518095,1.47695557645496,-1.20375991051936,-1.41693919102576,-1.01954855732519,0.100471138138013,4.47741778566351,1.42404115846009,0.442907279205036,5.02855669673536,1.25506900655551,-1.44154951092385,0.337321661932881,-0.20431178421985233,-0.003311748306697818,0.03413347650131614,0.03141595387456024,0.025164386649851402,0.28942388235223204,0.010445175354510668,-0.08859909572561124,-0.3107276157673239,-0.6409154533272726,0.3565079596883601,0.07846307379144478,-0.36708737078481785,0.10390368195142316,-0.2272176868663385,0.07369423140222316,0.014305076369102462,0.010008678493448145,0.3350151835063976,-0.023467864507305144,0.15991847661553082,-0.08945380602475216,-0.16552614608406993,1.4035039503027962,0.03871447749155496,0.029322823039472434,0.17526117498191474,-0.15359772323326293,0.043369008031853125,0.08555313566109345,-0.5179025880168052,0.18323142517404667,-0.011764331597488284,0.08803423930013353,-0.17858882016288802,-0.46444955051690623,0.1900754314593425,0.039743185777497164,0.17725518275085467,-0.03160738965272106,-0.31172911790946617,0.12124938066772448,-0.41561498973896244,0.03649429375871834,-0.1561529131841828,-0.20881221433454347,0.004570247881702807,-1.8305555555555555,2.8354018255148286
49,1.5976322802306,0.74923035523799,1.27372500917917,12.9922411310231,-6.999534282894,-1.22011317768056,-1.05255916944513,-1.61566947220034,-1.17576474738781,0.358966287169176,0.66870396491704,3.1964064273666,2.83229252167104,3.45294820130983,4.68545536081241,-3.48321839480369,2.35946418854597,-0.860549254441697,8.01671594551674,0.70076341203518,-5.12400345754805,-0.416874711764716,-4.95211499006181,-0.669555933384265,34.1815455158223,-3.68736247912735,-2.99289929651686,-4.02124513496198,-6.82466699326353,-5.83447903602582,-3.44834365949571,3.88955447421889,0.449170630398693,5.13233008479002,2.53369831823883,-0.315420429487141,-1.16206387297965,-3.31057103898755,-1.36867058045247,1.57624182604872,5.30339026702627,3.70681838844974,4.63459478894511,-4.37726374056292,-0.798163535335841,-2.16633636471435,-4.79821123896536,-0.1590808213424184,0.05789405325480274,-0.011386729202569607,-0.06491763293411738,0.29324540637870633,0.21823954551893762,0.17403710079673196,0.10532969477961177,0.13178261488420479,-0.11461005809690239,-0.08959272242013662,-0.05581438321292724,-0.1281905543254381,-0.013761223431994313,-0.05836239050315009,0.0034956964823573324,-0.22487354782663424,0.040100775941573144,-0.5460051497682284,0.15325738328125832,0.4269227221023654,-0.014032710342218705,0.05871060964632779,0.038630043286731974,0.7390954867279167,0.29246736468956613,0.06382987130118,-0.036588914313472394,-0.0822196815795031,0.1607727690853703,0.14308332221869038,-0.5009748210551189,-0.027746358507332435,0.05024909168121734,-0.3652186624682084,-0.016779174617959976,-0.2747054925377442,0.10144560141579675,0.22056508723829335,-0.23588756657349794,-0.05769041363030995,-0.07262346279701508,-0.21924878087855162,0.1309575863608549,-0.10972892612549544,0.07762125785240043,0.07022002299582272,-0.6824074074074072,5.845643293583891
50,0.581611075400573,0.419036082226666,-2.04151017732148,-3.33706624629707,0.594075756336075,-1.04831794636252,-1.3508931287545,0.775496478703678,0.981202459918625,-0.495450634209073,1.88972052541685,-0.292720717767051,0.0081912602609391,0.974686725982344,0.615291146702478,2.03781646709471,-0.697587117261483,0.0612060200441068,0.0991130166355219,0.644501877400469,0.683517194044013,0.674397905264155,-2.769888611121,-0.459682781345783,-3.68736247912735,3.8954619430254,2.39753612822266,0.422280947829912,1.22652628643922,1.28628212754805,-0.299713458607683,-0.667962522789814,-0.71528495737144,-1.45580045718624,-0.540429041410186,0.125531868160263,0.0019543687876323,-0.62754653054289,-1.37502568434644,-1.5500008616518,1.65266787677832,0.28585395779165,-0.767435187105419,-0.100726859849591,0.100922345185272,0.455746916046865,1.07283203735388,-0.5138715140165276,0.1902518523579345,-0.055465907530041186,0.21710721259835833,0.33698729413393597,-0.18377116593962853,0.5517742364833423,-0.14520315019296695,-0.08446895053739235,0.006379982635124334,-0.2901518655461132,0.00026383212970405986,-0.11351233221979133,-0.12481544780878945,0.05756451484170021,0.04586100193468503,0.6309452614784615,-0.024180640594555432,-0.03699077349985231,0.15985412436824734,0.24504065551321813,-0.07336755964458203,0.26004642693521757,0.02947226513980896,0.292464954621093,2.0956886891972397,-0.7197284505660099,-0.03559535741010965,0.15508980605904182,-0.17596332397603806,0.22815180670060595,-0.09920716181333447,0.0014066152746498332,0.08295243689279796,0.027896364653980526,-0.07606402208881735,0.21201333106396858,-0.03782459319480329,0.4573684081246949,0.07485689195191952,-0.22723214320508248,0.06964313932269885,0.03876103833719909,-0.03350175566642707,0.06838687963063197,0.3682688699682225,-0.01619838913867899,-2.4384259259259258,1.9711575134994668
51,0.723771085846584,2.18189683001957,0.138282906246759,-2.54182043732084,5.49691447474348,-0.187530899149409,-1.37226402322359,-1.56335494126116,0.348912318473686,1.32422636983356,4.17898876294062,0.879269434653462,-1.83834711983895,-0.539040217690875,3.05397074101317,22.1175003992535,-0.692300115483669,-0.683946398037884,-0.660514215514407,-1.28949848029289,0.833851505198499,-0.212704362505903,1.84519782700121,-1.40613898045568,-2.99289929651686,2.39753612822266,7.11770114942529,6.2844004237756,8.08276345720072,4.28160632198427,0.58421844356488,0.145913295514621,0.670810633830017,-1.5630812298629,-0.137782491574737,0.924330708110981,0.864943750503985,-0.553020568987018,-1.02522267215395,-0.103443732413083,0.533184431514796,1.60221406109308,-0.874953190389665,-2.23582923717608,1.45896621459673,1.11694816319707,2.34368999465314,-0.040953001859380674,-0.3434002055117598,-0.061030922778163396,-0.01639284686564787,-0.0037007685327906797,0.004111436981928568,0.2014736034754395,0.06348094857251178,-0.10898215372290214,0.23709704556723524,0.1794127524095667,0.0586838766570288,0.18734681457846578,0.15204847966781385,0.0048792396825570366,-0.2668552335024042,0.006519337031429712,-0.05013087777689714,0.017369742393820633,-0.080915048106505,0.0517399259269851,0.07001243588024873,-0.004502206123792634,0.17358972863687935,0.06384217406455724,-0.7191992192839773,1.832380604398385,-0.17622857527046898,-0.021068502913300684,0.1576423436814182,0.34410054874705626,0.40584468797963663,-0.24238681864703332,0.22086656483515418,-0.21105540545285192,-0.43940404057811977,-0.36529227199822867,0.6719741789197359,-0.10318677278727599,-0.40685328294910905,0.048536540467002245,-0.0489564930012973,-0.025784796733691735,0.17969608874265666,-0.14842555325928874,0.22887522796942456,-0.3158986898663504,-0.85,2.6660272221838412
52,5.00477242614937,4.1539393826641,8.51740600813661,2.20143809955745,14.8863091970932,-1.36774733460365,-2.72842520601176,-4.71815462415693,-1.29473371751172,7.85780161502566,14.0525669842515,1.91281860248853,-4.68975694152821,2.25845980675205,6.92370740901438,45.6279414963489,-1.95932117956983,-0.177361497127604,-6.98090446433121,-6.88917047919615,0.604483446517628,0.237643837591969,-1.86801608427734,-0.218374439829657,-4.02124513496198,0.422280947829912,6.2844004237756,37.5686733361714,46.1380408923472,25.0699141085703,4.84345898683605,2.17936694636728,8.25083466682043,6.90012927108057,4.52667498760101,1.39930289088087,0.266178302033804,4.54586135379303,0.706234805144641,-0.622056148816547,-3.83270566359394,5.31072495782799,-2.40249101120866,4.77264392702593,2.9222193671544,4.14686118696526,2.65736438398486,-0.4996261665204318,0.2185010920324514,-0.2976123809953412,0.14702855103614537,0.20287749639933095,0.02024439296703855,-0.13796573669622628,0.13087150238016837,-0.05323198754433914,0.1130175251166307,-0.13124393739203388,-0.3030663829952102,-0.010226569986974236,-0.1986501952522643,-0.19075680249829932,0.020188327972237373,-0.02086183670639324,0.247783282901484,0.26170441304060366,0.10676849588637896,0.0370165849359015,0.2022012186267087,-0.07364322742314026,-0.15299431441689662,-0.03662340524227752,-0.03564657894669935,-0.17668146443824326,1.2699149287570295,-0.4298241314617817,-0.20338377893496623,-0.396762800005542,-0.19983895443056815,-0.6575181916473177,-0.3051915638208415,0.06027715794854486,0.02447190562493229,-0.3450389828807295,0.15800847644685337,-0.22826228209304647,0.22588856850204164,0.03929752074957971,-0.10538175566941131,0.42871937023431267,0.012413117482031848,-0.03693518376354418,-0.09925161092093474,-0.24268322507605658,-0.03037037037037029,6.12851314236752
53,5.1643278495203,4.29191605887935,7.65608507034066,2.7205517570772,25.9875774718798,-2.32345439273679,-3.20052310126835,-3.61496034094401,-0.897954811951352,13.6251004934508,23.4157039384692,1.61639389664666,-3.97601837455917,3.68849121653256,10.0554099338145,68.7744040983728,-2.74798943303884,0.0204922062234574,-8.69830452924061,-7.73665490890846,-0.197013169483544,0.937352506539565,-5.85711862284774,-3.07958444253593,-6.82466699326353,1.22652628643922,8.08276345720072,46.1380408923472,73.9816255498794,38.7124253177598,2.04811962328827,2.2071192662791,7.72846393240579,5.13722105202316,3.56323006046265,0.23892521170375,-0.892311202236393,4.2001336023997,-1.38579876365095,-2.55385095593513,-4.14675914820742,6.82919072115049,-4.735777570375,1.61181041265757,3.02391202324325,5.86775997916919,2.16770251779806,0.2537200617319846,0.14638347473441182,-0.03974693830357612,-0.05014470232691663,-0.33231270145596364,0.17687027503103112,0.17806270376753983,-0.1798459888147174,0.13798583870277578,-0.1630729895558663,-0.17456656221632735,0.28943110811635864,0.011669357999774529,0.035859895799788453,0.07351153511188019,-0.04717082578615594,0.05154837606499098,0.18557133702693712,0.31085911009831396,-0.19499271036972862,0.08750918007205166,0.1207059558279811,-0.02756706236728119,0.043507027598086195,-0.08253357186974807,0.15550800925844552,-0.021193550905890444,-0.43019979925709745,0.9028915213588355,-0.6614373631775475,0.4117205945320837,0.28039908346869824,0.1644386175715616,-0.025309067734032402,-0.2676014179746123,0.02580734071131426,-0.0026101723695056804,0.09351869155930766,0.26871621257725936,0.0022068620872345945,0.03526938057722015,-0.021113095336991503,0.01919553660803882,-0.10792044839227467,0.27416591153413744,-0.10242424048572174,0.12171998921699527,0.2531481481481483,8.60067587750401
54,1.80043626878039,1.76191687223186,3.37824872840051,-0.365645566340989,13.395191758104,-0.598850573868118,-1.98770121127439,-2.95650265679952,1.55916465725768,8.15537165886282,11.2471024188562,-0.229525549928256,-3.30811932122032,3.04161166084301,6.01446219551172,35.6325162425376,-1.65491279192731,1.44010497848592,-3.89007000786726,-2.79304706807648,0.473256001871873,0.754315959986742,-2.98733580695346,-0.36906181111908,-5.83447903602582,1.28628212754805,4.28160632198427,25.0699141085703,38.7124253177598,24.1165533205619,3.4319060985406,1.93172326228031,4.10963802874509,1.92766648026602,2.09386208832436,0.835432259175496,-0.616368015372061,2.30471170144718,-0.454099345321764,-0.745481823543206,-2.15509921897594,3.04434648244623,-3.72473121915056,-0.590453752231862,1.92751727537444,2.05469035167574,1.28843328755405,0.1304801253089118,-0.2155536006223038,-0.004257267478375718,0.08431647419374264,0.3457549982690553,-0.060611366214020204,-0.04232172542308868,0.2171151088512404,-0.07455547328539348,-0.4330958168030852,-0.07079862343772779,0.6141410510578845,0.05109085720521048,-0.10406908277922963,-0.12460304720442604,-0.052201162193782034,0.13526822196689647,-0.8062326332456394,-0.20695250938636933,0.029432984197919846,-0.01025005427661795,-0.1471713396283332,0.06400746441482441,0.08481588241907659,0.16060797427735377,-0.17663584140763192,0.15766484612041423,-0.20323366674320242,-0.6621021715946687,1.7228794756759034,-0.1836239557432393,-0.5309928564886648,-0.09771849885778647,0.24794478758699623,0.07753425745442853,-0.1308986793481517,0.37334321926718694,-0.11762186397131473,-0.30247687637290166,0.03777160393184445,0.015553381386886878,-0.10524166393506884,0.08496973878691157,0.12802955068358712,-0.11363195195204917,0.026127027886920895,0.0591934993762024,-1.1694444444444443,4.909842494475962
55,0.650833908758916,1.64395304814344,1.86025521778936,-0.83831215655529,1.9357411012826,0.526760050333159,-1.51696582359718,-3.69991509204624,0.111379403100802,0.948867551248934,-0.0981009627637207,-0.747613756304151,-2.62457316181112,-0.892805383972135,0.274089487160237,3.62578859110361,-0.284305707285717,0.211464362971228,-0.543801141898296,0.717272858946233,2.44430972377369,0.467406304036716,0.0488951582718171,2.68746636348659,-3.44834365949571,-0.299713458607683,0.58421844356488,4.84345898683605,2.04811962328827,3.4319060985406,5.9536242816092,0.811958748230158,2.15230605788667,1.30295210573752,1.61557260983988,1.56369311226434,-0.861683399859816,0.157782915303132,-1.47945342969298,0.966345909468381,-2.18027781021988,0.0917331601929854,-0.425586216003319,2.09279474545609,1.13386714286276,0.55710717913486,0.702681579626457,0.03685017722580916,-0.09217227349106626,-0.1802732290719291,0.05040385349059652,0.0256076565266931,-0.19403694512177322,0.021376801553815,0.3896673261127647,-0.3484344564320829,-0.08828290182152693,-0.1494123456951305,0.031139269540470672,0.5221108395946856,0.29898430544543464,0.2536492618942699,-0.05559966485846478,0.17260993713182401,-0.04738879211494533,-0.10454533185527567,-0.27787799921473305,-0.199035680690149,0.18491548778471725,0.25404720153525345,-0.5185729225445358,0.14404331435123455,0.22793006744100694,0.3442941747292505,-0.3957806407689254,0.411282830205011,-0.18429575493077616,2.02170060421011,-0.23608721098299343,0.046813583334149804,0.008990450009880666,-0.28965361714660287,0.0006966850331841313,0.01795842189775464,-0.05741535247526306,0.5629142362631034,-0.25934257656127657,0.1632731207635495,-0.22171377694886374,0.22682753825421897,0.05291760066389559,-0.06378774666481322,-0.07392873803088443,-0.3417312205058013,-3.470833333333333,2.437954938387745
56,1.58797715829679,1.17687301796839,2.65554788472427,2.83918423319888,1.87585997026029,0.883679901844734,0.813124679578798,1.40539427190643,-0.0486290767026665,0.516226974108807,0.671238269130375,-0.197492470119632,0.106657809463355,0.0732670656489776,0.306372688877346,6.80012676448302,0.130608479965292,-0.0758837090906128,1.20317341544693,0.590020539787081,0.100633827961105,-0.284909651286335,1.23569828986877,0.650167753178011,3.88955447421889,-0.667962522789814,0.145913295514621,2.17936694636728,2.2071192662791,1.93172326228031,0.811958748230158,3.70460408684547,0.217050058164723,-0.917468512292831,0.632818302374947,1.5443280021041,-0.153649648426079,-1.07248164403393,-0.676995241832718,0.0715156592144099,1.89453546659702,0.196499691572076,-0.58321296610829,3.64134345319659,2.55289698876644,0.383249234852613,-1.00484606190919,-0.06573058472556222,0.18527572944182366,-0.043469821866991804,0.015382958858205798,0.008893781652600314,-0.2776959423915337,-0.06165528597531456,-0.3656963528393332,-0.1534489080596232,0.2531798650329776,0.28649772648468363,0.16633358072148735,-0.009098739368970685,-0.0020984037498937057,0.48422405828288795,-0.3308928138160782,-0.028252076819604316,0.3902425252191815,0.1366198877418782,-0.22934434528757583,-0.1979515192311633,-0.3846911180348615,-0.028269924214121767,0.18372608441034483,-0.5006516461154977,-0.09884599898494228,0.40563653050106957,-0.2007459650109679,0.2805144346510876,-0.53132872561036,-0.23691944112235905,2.246852857335727,-0.10015947762401527,0.09746034351202054,0.2582447940611766,-0.39924023414093607,-0.15300483919833743,0.11170097091004762,0.07882592889511807,0.07590065331261442,-0.047356815108099644,0.052876623192562935,0.03241658759337648,-0.1555320765384411,-0.09696633055198145,0.23251678853844449,0.3171854590708155,-3.111111111111111,1.922135293585097
57,1.51483113060692,1.53731473535489,2.30417443738089,2.01068087903598,3.17071044147224,-0.0144832689294226,-1.65067308832848,-3.2998498383219,-2.09393693977138,0.791192795535574,1.79013381182998,-0.0513178877014609,-2.58713728461478,-1.58962529347161,0.364847263423501,6.10339618759122,-0.117727226434379,-0.102481414136498,-1.20253081215304,-2.47051332168866,0.479153305114267,0.578529093729262,-1.44362143251747,-0.277629083801881,0.449170630398693,-0.71528495737144,0.670810633830017,8.25083466682043,7.72846393240579,4.10963802874509,2.15230605788667,0.217050058164723,5.20823794699872,5.61422781263169,2.69061860008844,0.0372756861711301,-1.4131425151284,1.69475293333851,0.541167739779192,0.443565839844608,-0.879701504689725,1.53852241280109,0.75860004513495,2.58106116156541,0.71659521533603,0.410057745788858,-0.199525766326016,-0.012545654236911225,0.3499696130202182,0.054616664393958146,-0.11911589353189532,-0.48230002925511134,0.003934842644098531,0.059126614314359144,0.4238897579903397,0.29075821527144546,0.20468783083887335,0.4813410492612497,0.40781213806801625,0.13627658475909624,0.23302904225925963,0.2130080914875736,0.04178782771210555,-0.0026589935374219257,-0.0024994808961894964,-0.19691394117565678,0.31873751271262646,0.03739521770768113,-0.06568719657217617,0.15460419736779313,-0.011381999538830102,-0.02821175794784795,0.0014067544900763377,-0.24192373995316904,-0.6571093481075237,0.16481636636973646,-0.09755285110541702,0.04718110592877233,-0.10062565225924686,2.7055228304190093,-0.6779954931140865,-0.04293764727489028,0.0904241253739076,0.5518960658971257,0.04344219667917258,-0.24850370402677333,0.26676187538307405,-0.10059161718111526,0.12008168411506359,-0.4001344788413873,0.04963231138150674,-0.32782797511519857,0.04814731428820182,-0.14584538482814555,-2.448611111111111,2.2799644617841577
58,2.50490568998392,3.3021919032135,0.197841184763791,4.30789131282404,-0.408871275543799,-0.590725129097935,-1.33550650148957,-1.91173168570544,-1.44084722435478,0.503233670071422,2.20588139424112,1.57293478970229,-2.72473590433494,-0.343225602355188,1.51598044863752,0.580649561001534,0.19956718611877,1.04181663901716,-1.33197387598501,-2.71007442277866,0.0356726858143923,2.2641696281722,-5.31678166812491,-0.253131637980072,5.13233008479002,-1.45580045718624,-1.5630812298629,6.90012927108057,5.13722105202316,1.92766648026602,1.30295210573752,-0.917468512292831,5.61422781263169,13.9062714630339,6.36530057962388,-0.303932429662861,-1.9711292447098,3.09758016823936,1.55061161742552,0.552273476725199,-1.47607389361657,3.10546676110404,3.02343131575211,-0.731463597009256,-2.6003964771673,-1.16546843633068,-2.89548462662283,-0.06601509465574718,-0.2526518369941796,0.15034476542936998,-0.09797853089206689,0.0031712634910346627,-0.16877496457285618,-0.018550032095839563,-0.18891109431784336,0.003580903532961555,0.22853740750581536,0.0007492516752724667,-0.35379367951896523,0.3576480000982408,-0.02598602927899796,-0.13026672510936257,0.041883909245097675,0.007337450959910609,-0.06530726458409289,0.05082429170706273,-0.11616327427330443,0.13043285570421345,-0.43615066815871145,-0.005372610184847372,0.0876329154449491,0.05016105611900494,0.08302688745447186,0.22091508809866217,-0.30476588327387333,-0.025619702434190466,0.24797785439155054,0.008797240229297834,0.09713460554387959,-0.678005842995036,1.666450183243769,-0.8383910895589317,0.09509787259696993,0.368180337559138,-0.15770661286585463,-0.05485025037551523,0.12599196841371998,0.12121796707703546,-0.328640921622783,-0.29368699471474613,0.09693310312595076,0.4017610866374901,0.31830558354926203,0.3784960871057073,0.2351851851851852,3.7277703071720922
59,1.34637803264277,1.96216593138027,-1.72217008719706,-3.58684841503459,-0.208987027686273,0.390964258376497,-0.231166181277846,-1.00670991774195,-2.10130189888781,-0.8770701331227,0.293758125992477,0.0798261064260933,-1.35388048075075,-0.158624146926623,-0.122833665219813,0.0353846245150048,0.0645455447806548,0.902605565152349,-0.7595236874524,0.645058506274363,1.09230153463677,-0.201457478717905,-3.22706084927504,0.540409949518095,2.53369831823883,-0.540429041410186,-0.137782491574737,4.52667498760101,3.56323006046265,2.09386208832436,1.61557260983988,0.632818302374947,2.69061860008844,6.36530057962388,6.01078402156946,2.30143360672627,0.27892536609003,2.35054661286526,1.5507436343475,1.22288735198311,1.18616297262234,1.42538746757385,0.646862039245562,2.57899996394416,0.178146755815951,0.0594649119914046,-1.92852151063985,-0.1524499879574784,-0.2509935830514475,0.29655408284568113,0.23554518429361848,0.035108437915429586,-0.02753477962226262,-0.3264137387852393,-0.09824835271694238,0.010427707490493144,0.29199380995597907,0.009129560550394824,0.08253803924368502,-0.004643701469934857,0.026149593688284175,0.0849156980294375,-0.005786349181778289,0.27505758937638225,-0.7420587115393392,-0.09598251344734782,-0.03681984177511988,-0.3677911013023053,0.31432067381633355,0.018246275872255392,-0.1783419540788733,-0.3650047424608835,0.027807777723047662,-0.20949985289916964,0.061279556807036,-0.26860468596804316,0.07793891578745742,-0.28811127946671633,0.2594656292060701,-0.04302287763781834,-0.8385433960822859,2.522706829990005,-0.4825553268150673,-0.020694105109728165,-0.2807818341427167,0.04080989520409338,-0.38804352087217137,0.026796707472787982,-0.0662628482836106,0.05100033114546465,-0.25644828202481196,-0.08253200350659304,0.21489011647813178,0.1126705953566662,-1.7648148148148148,2.449649775288186
60,1.42032506607545,1.58611887739432,0.232005758218584,-3.00181665131518,0.956334478259219,1.49331877395835,-0.64476307890565,-1.02106664085485,-1.89672928311718,-0.757344313799204,-0.795684210812146,-0.89562957877808,-0.443286276024273,0.535832407888185,0.12737312563816,-1.48377602612802,0.0089947053637425,0.171641550318375,0.243759713300786,3.29706920705441,1.90254998763179,0.567051200781913,0.243890842832615,1.47695557645496,-0.315420429487141,0.125531868160263,0.924330708110981,1.39930289088087,0.23892521170375,0.835432259175496,1.56369311226434,1.5443280021041,0.0372756861711301,-0.303932429662861,2.30143360672627,4.07888480913864,2.02971699676391,0.591528997501672,0.0884339057032233,0.491312285786255,0.557744181133966,-1.19751082680647,-0.425818118054184,3.78482274669057,1.68318851684736,1.06768121776274,-0.639079435293582,-0.2184560104453443,-0.21938102791362363,0.10043419087653062,0.00902086930770453,-0.05402885786531294,-0.7006899075728303,-0.05597333366252046,0.20649823452832372,0.2019640924658876,0.0656066864480278,-0.009891902675988358,0.3409015448362629,-0.24559184646414928,-0.3409583999643806,-0.12555923171064254,0.0006213095830215648,0.16300440633132704,-0.007296764616128756,0.10663341022834036,-0.4378799094603809,-0.36568157687669456,-0.01471762323510071,-0.08332575627679861,-0.4671955413701515,-0.01600356115325406,-0.07762779798265068,-0.4345810642777434,0.025121590139042343,0.02657984061767876,-0.13149388281107344,0.0026925043318522554,-0.4000280992833351,0.0869597878454641,0.0957745043193771,-0.481698420860385,2.7321277690381054,-0.587779604309044,-0.04913800925999316,-0.061374532933972714,-0.055895759573562985,-0.0015389081307731766,0.19358275987996584,-0.583724478790721,-0.17970030184088503,-0.02996686867964674,-0.04254425323391009,0.15705146442397705,-3.073148148148148,2.017147691454109
61,0.230127730250882,-0.466047566384839,-2.36245074646826,-4.38506158294626,0.791249832022514,1.8737061929066,0.484922483051623,-0.0271502851147486,-0.0196495044587627,-0.438828151491798,-0.855549758614696,-1.84293034033636,-1.6821969383985,0.0715868241275731,-0.503070389278814,-5.00819220577428,0.0181862648804619,-0.0800071271743329,-1.9705838888426,-0.932160813222585,-0.21383383381865,-0.652709690514276,-0.0698109081656546,-1.20375991051936,-1.16206387297965,0.0019543687876323,0.864943750503985,0.266178302033804,-0.892311202236393,-0.616368015372061,-0.861683399859816,-0.153649648426079,-1.4131425151284,-1.9711292447098,0.27892536609003,2.02971699676391,7.10841865332766,4.24801682356503,2.64657572888162,0.737239842547106,0.345323432516496,-3.04331153065188,-1.8208373098089,-4.57720685882642,-1.05680479357469,-0.344579595154745,-0.819681389568602,-0.0968739663656676,-0.10881013747729912,-0.18094204553120788,0.1714102977635626,-0.3631395278865246,-0.11146038471430197,0.014579072868439163,-0.12084845702117139,-0.20778029872597722,0.02972784067018187,-0.07727911705704281,0.23675206702680857,0.20749227432463718,0.06456123420194408,-0.12506416619618616,0.21857961507473095,0.013746464489535003,0.05444150449395283,0.1963096675606433,0.04926891314882725,-0.11949207944188726,-0.045927802818525994,0.0350888196802819,0.192486650873659,-0.2748100924692278,0.21316265852019028,-0.3655709388736114,-0.34502761546194,-0.003206640075942276,0.3742360644998424,0.01815760494221396,-0.15212299464503387,0.5525088220001849,0.36846256036313685,-0.020646233487493972,-0.5878396276679501,1.8801511336709462,-0.6106195577104431,-0.39762258127278766,0.13863677427145096,-0.06915721362355609,0.1335085529296988,0.14280042641825508,0.17189408720215568,0.4178339143750241,0.10324499401602648,-0.26013003440957216,-3.6101851851851854,2.6642857679550174
62,0.528846366763248,-0.32721777654888,-1.00184760895255,-3.36731821281874,3.23907558785353,-0.833421816367593,-2.68960539531583,-1.91467903682364,-2.14527590534338,0.347813682113774,2.00428305658356,1.1768523255049,-2.08263921060891,-1.46081099965208,2.75474958201787,9.49610650877014,-0.793853836172803,0.0941925874814673,-4.27300175602894,-2.41922451148409,0.180499875869558,0.867595505254266,-5.46637852841034,-1.41693919102576,-3.31057103898755,-0.62754653054289,-0.553020568987018,4.54586135379303,4.2001336023997,2.30471170144718,0.157782915303132,-1.07248164403393,1.69475293333851,3.09758016823936,2.35054661286526,0.591528997501672,4.24801682356503,10.9389768695899,6.31528283046542,2.02201613776893,0.587010785969628,1.06992545980833,0.0383082249684912,1.67634630160385,0.624318318601475,0.95082221142002,0.273844435062119,-0.013096071893684755,0.07297218229058479,-0.0365729546266936,-0.02523665877878864,0.007470777255545282,0.040663526926597415,0.49551840353422116,0.07223765464779604,0.29740227540751435,0.17751636362575915,-0.04050623613450459,0.11394958075203905,0.00951195580278845,-0.02355145378905894,-0.15756310410518923,-0.15244499779308354,0.6641499829575958,-0.09382928744138759,0.442802521253525,0.21652904074055232,0.1950351403655648,0.08650907224866483,0.047006510337644324,0.037665852272235976,0.10096932752494511,-0.037158146898791815,0.670863052174603,0.15769577146554725,0.09317048658213857,-0.11700854357701514,-0.057593286619342154,0.11144354323872342,0.042923223537327804,-0.15748688242691017,-0.2811825857332003,-0.049306091532943346,-0.610958640740769,1.4185404933128263,-0.4080487430795302,0.03305081250927599,-0.03559501713746418,0.0490684664138654,0.027014360998344592,0.06198019656233325,-0.2616953411921315,0.16836496842966509,-0.08149585618802366,-1.925925925925926,3.305900311502133
63,-2.40298885711478,-3.87941253132555,-0.587476447550108,-2.24856499868101,-0.49969709447294,-0.464762795879879,-0.333006566496455,-0.878311948601017,-1.29839819862524,0.0944881512291132,-1.61832010983619,2.97336675176098,0.774739573755189,1.04485062090278,0.689903530633029,1.74002549578546,0.643466072288586,1.19980354556967,-2.70213366396488,0.612608599348538,0.888164182641081,-0.29213262774008,-5.43201265539689,-1.01954855732519,-1.36867058045247,-1.37502568434644,-1.02522267215395,0.706234805144641,-1.38579876365095,-0.454099345321764,-1.47945342969298,-0.676995241832718,0.541167739779192,1.55061161742552,1.5507436343475,0.0884339057032233,2.64657572888162,6.31528283046542,8.55511139491982,4.3455123307154,6.75603080157293,3.4808330058878,0.0639062144412566,2.78605358567132,-0.897953154033778,-1.13030311878836,0.580533390424209,-0.0020885036520819703,0.3171899928998916,0.22811862566859814,-0.1130012230716858,0.28625994539409727,-0.024293377601282456,-0.10497255910939676,-0.08625594821544642,0.07112649126380563,-0.2512980174573058,0.12051480159142794,-0.5096114602728121,0.11229105671679208,0.19797152505887405,-0.1039951137538803,-0.011238026301483179,-0.3366459595982426,-0.4300365550032134,0.12733241834397138,-0.11825460951490144,0.09383776407339046,0.050892790714392,0.08211287930067356,0.17762228231974359,0.2212984260191343,0.45683800260644325,-0.10350669149770815,-0.2281820250125532,0.2682563793997118,-0.30260259646247173,0.5617614758797018,0.07906449570702982,-0.24796858999713406,-0.054655711054430435,0.041802136528010514,-0.061022785692787365,-0.3980946257251031,-0.408296724046841,1.7614871003994244,-0.33413697674748755,-0.136060210170859,0.0021747542078829215,0.026615160917758052,-0.1692703046120788,-0.17399499617482453,0.03944709340142206,0.017235119993467347,-1.8574074074074074,2.923202250088048
64,-2.86641406645399,-3.46164519059209,-0.372008608103832,-1.45594803434675,0.0010367630928304,0.29731693571754,-0.482741430143073,-3.88109253529377,-0.20823567971273,0.755840616795094,-1.5379830989631,2.40952593665792,0.55637102949615,1.68179336469851,0.332971897226082,2.06770682506732,1.26421392330079,0.636633688382396,-1.31690150803508,0.582549730120547,1.36747046650042,0.406363555537456,-4.41329374822372,0.100471138138013,1.57624182604872,-1.5500008616518,-0.103443732413083,-0.622056148816547,-2.55385095593513,-0.745481823543206,0.966345909468381,0.0715156592144099,0.443565839844608,0.552273476725199,1.22288735198311,0.491312285786255,0.737239842547106,2.02201613776893,4.3455123307154,5.90796101177806,4.16757572939241,3.31346536915399,0.58572490000871,1.2144159414386,-1.19197426240267,-1.25176558762794,0.465323103492766,0.15294316392930019,0.49266073774671465,-0.04324954097890266,-0.08018660687389419,0.11768041289861134,-0.38682125144297097,-0.09236625985391281,0.5009290502559277,-0.12671150871308123,-0.07505003646359712,0.26398843237253905,-0.1089068164690592,0.14302787196237157,-0.03495345583190294,0.1755799242119688,-0.12373280006779808,-0.3550476221760998,-0.24923047237191734,0.6734101737094165,0.1087680615216316,0.08794244752124379,-0.23414494905365046,0.13409724268206547,-0.03125664782306927,-0.23604686512362402,0.07475370271015949,-0.40635850360125525,0.2257371277087437,0.002375466812152693,0.03819382598333401,-0.2588161696415529,0.07618804419598828,0.26660394461932063,0.1251849422302227,-0.3873238087740911,-0.05652776227200571,0.1384512940534137,0.03284521637356474,-0.33439232138970343,1.8547983302279327,0.06919177432680189,-0.16074409497874434,0.25476463039301067,-0.14389064436592888,-0.005416623400511122,-0.16604185214786474,0.2752143188569651,-2.3509259259259263,2.428571804945874
65,-6.02754222896541,-0.326377864474463,-2.69506632203067,2.34925953273979,-0.359187981349887,-0.158274636352725,-2.00009681727492,-1.0240542535697,-1.39801667156041,-0.596782803685325,1.84140096604649,3.67741424833079,0.244851139360957,2.95546310728717,-1.67422233936881,8.10557399685802,3.95040785600979,-0.270205220372034,0.960809677920992,2.46331355526033,4.13712394528982,-1.8642349692909,-2.03384100568666,4.47741778566351,5.30339026702627,1.65266787677832,0.533184431514796,-3.83270566359394,-4.14675914820742,-2.15509921897594,-2.18027781021988,1.89453546659702,-0.879701504689725,-1.47607389361657,1.18616297262234,0.557744181133966,0.345323432516496,0.587010785969628,6.75603080157293,4.16757572939241,57.890619412516,22.2453953553216,-1.02606670089357,7.80693768404041,-1.94526717641461,-1.43163046149556,1.68834774686019,0.06821399992068239,0.027871001004089718,0.10780602531117894,-0.059083498481001535,-0.12085450888249878,-0.09823379657179783,0.04547924980660195,-0.1706178044799001,0.17420225641972803,0.011829580110302898,0.04141539809146555,0.09277466374454489,0.2992809835918865,-0.12608512711247447,0.0826364590733804,-0.008723890996774132,-0.24698450601684313,0.04446535003209783,-0.1272528951193178,-0.005847613961208921,-0.1083328971896585,0.10494045532426759,-0.00025717276476314643,-0.312485612291087,-0.05733957672248414,-0.22766466353630171,0.04778289723347033,0.040001586633675285,0.03495400645375258,0.015421298031048511,0.16306325376006947,-0.04799208466338072,-0.10024129111833083,0.12124924618495461,0.025780373586529938,-0.0011988553411264786,-0.06911308359103609,-0.03560911444729524,-0.13627672294997245,0.06917421713083169,0.47737224794807875,-0.6247766284123625,0.19785967631083237,-0.009605977377969532,0.08816510638639695,-0.058547154048292,0.0391510645048464,-0.12222222222222216,7.607931349093258
66,-3.75920394479251,-0.518868840280158,2.4566550553113,3.61017185984547,3.22412580329233,-2.39003582481144,-2.63052303503076,-3.55886758472866,-0.519849033605324,1.71413682167082,4.84886738471359,6.04100538998521,3.70718881600864,1.72775024826867,5.05868555335279,21.4967470985862,1.10288554852314,-0.118814966020773,-0.288166821846876,0.747532823564084,2.10039003064221,1.74138892042224,-5.70718748334607,1.42404115846009,3.70681838844974,0.28585395779165,1.60221406109308,5.31072495782799,6.82919072115049,3.04434648244623,0.0917331601929854,0.196499691572076,1.53852241280109,3.10546676110404,1.42538746757385,-1.19751082680647,-3.04331153065188,1.06992545980833,3.4808330058878,3.31346536915399,22.2453953553216,16.5188521711367,1.01267017989773,6.61870972692837,-0.895874673999236,-0.96577789164681,3.6209146925402,0.7609131097087974,-0.5228174882439318,-0.07110632961762578,-0.08517312811013725,0.21374692223503794,0.042069243132893716,-0.02991638980477084,0.30242775065651134,-0.18676063900495007,0.3149044117028442,-0.419087887524201,-0.3065218079491289,-0.7172731833925092,0.26324902967489816,-0.03490803998076511,-0.09220482800670589,0.001202277719460883,0.02010690897423288,0.26223704800072883,-0.029874238939086143,0.058222559829847566,-0.13659877070444187,0.054344461469571066,0.12332321453488536,-0.07304595148395597,0.06957416975074517,-0.04723015524608847,-0.10778531252796311,-0.021189302113654655,-0.10441378741552508,-0.2217852391990208,0.052938861939189924,0.120191240197734,-0.3279866411695736,-0.06444531844746261,0.1944255646863719,0.13335299468781234,0.049223392557904644,0.002427998042913478,-0.16105267652460956,-0.6251820607491225,2.0511454214100064,0.015073456134134426,-0.15903570667930564,0.12706322686100727,0.2853312393494467,-0.34935118178166225,-1.4194444444444445,4.063108683155873
67,0.236054729009723,0.299951339452422,1.18060913281601,2.96267124993002,-3.02256743761222,-1.15379981249934,-1.27368040627995,-0.798463802197134,-1.03533340488981,-0.482231655932282,-0.0948440465459233,2.15909305260266,-0.464492522101944,0.64068575708818,0.296764361030314,-0.171328588823207,0.238289437777591,-0.0969601231873934,0.808540539521385,-1.04538894149369,-0.337701951970296,1.19486277789682,0.21978087207261,0.442907279205036,4.63459478894511,-0.767435187105419,-0.874953190389665,-2.40249101120866,-4.735777570375,-3.72473121915056,-0.425586216003319,-0.58321296610829,0.75860004513495,3.02343131575211,0.646862039245562,-0.425818118054184,-1.8208373098089,0.0383082249684912,0.0639062144412566,0.58572490000871,-1.02606670089357,1.01267017989773,4.08535121328225,2.39708753160386,-1.06886317489558,0.63958336608321,0.83865929588356,0.2869163112679532,0.0037027741349708212,-0.035398218661238004,-0.095156500104023,0.16952286100612252,0.06145121056598953,0.08579303100984395,0.008717361433324073,0.2304468431523075,-0.03424296483482391,-0.0013961396566690226,-0.18188360822985045,0.3221937933620543,-0.19579967930816197,0.17651525905942975,-0.17027790218603178,0.183954289297449,0.06107160162770796,0.1736883160318506,0.12832636237491862,0.27072407627129075,0.021559318462232815,0.12321394118668369,-0.41568073685095674,-0.21826457922487155,0.0367749950344957,-0.025881465487569266,0.4287027026333429,0.01828974298366087,0.08477839264005423,0.22721882935105153,0.032089987472038804,-0.39956248152157275,-0.2929213157831845,0.04887832390897545,-0.5839389749675085,0.14192293220554159,0.028152003146144293,0.02675937207520406,0.25386398526061565,0.19936519755733276,0.015004434527165452,2.0894238619581236,-0.18782216965283735,0.5699384432704351,-0.13576715323712865,-0.4559988111962187,-2.944444444444444,2.0187499135064373
68,2.71002795553153,4.63398540928075,19.2636048842998,7.40604203488868,2.90237106112926,-0.562380941950031,-3.20527687573969,3.27765420875077,-3.97288837422352,-2.4925056743096,-1.75216866114177,2.00536276952064,1.43521205295979,-1.84098836144906,2.15079400224194,2.27602530525555,-0.591705494058882,-0.682645663245935,0.328837182509078,0.851718387754664,1.38655202141668,3.00796094505437,0.602426229859016,5.02855669673536,-4.37726374056292,-0.100726859849591,-2.23582923717608,4.77264392702593,1.61181041265757,-0.590453752231862,2.09279474545609,3.64134345319659,2.58106116156541,-0.731463597009256,2.57899996394416,3.78482274669057,-4.57720685882642,1.67634630160385,2.78605358567132,1.2144159414386,7.80693768404041,6.61870972692837,2.39708753160386,48.6870833333333,11.4976634541717,4.07130193503098,3.07860684525465,-0.025031599052194507,0.08977659914207987,-0.3800322229228973,0.12930630870715504,-0.014642194554532997,0.03113465856858142,0.22391104272349507,-0.15361783951732919,-0.061934210858945835,0.09108948794078947,-0.13434786512096422,-0.0577603103831813,0.052560077749330684,0.03489589511134499,-0.06841692014439046,0.11222478483208147,0.003637153596414986,0.18429535194672936,-0.20264847705715763,0.17882108884117398,-0.17233461602505434,-0.0365929701026788,-0.01848447721101768,0.036149069947619024,0.13060968836490705,-0.032895080531178685,0.1790728687518459,0.012986072700025717,-0.10774719281090264,0.12817441723722953,0.052864763400506616,-0.1555767966070625,0.04956267236847857,0.09669717541453618,-0.2565589537988473,-0.17977686188097516,0.1719560167595482,0.06190612500980188,-0.16937058846029462,-0.14362187023757098,-0.009568103403365445,-0.1592324415442662,-0.18758537713315354,0.4902712394759661,-0.3686669765842135,-0.05721147921031146,-0.004990329560385561,-0.4583333333333333,6.976896396918426
69,2.41347778831205,3.87949062078859,5.68068551814425,0.765676761817042,5.34899304837547,0.877238660910235,-0.200463284220223,2.17250984348635,-1.13297862938548,0.190079554553685,1.12885066969024,-0.300846891544047,-0.261443259108824,-1.85641152636073,1.44657478745172,10.6536091251088,-0.895697032106341,-0.529224157994384,0.877425578493294,0.605193276991671,-2.71011641479993,-0.172375665767681,3.42217785120989,1.25506900655551,-0.798163535335841,0.100922345185272,1.45896621459673,2.9222193671544,3.02391202324325,1.92751727537444,1.13386714286276,2.55289698876644,0.71659521533603,-2.6003964771673,0.178146755815951,1.68318851684736,-1.05680479357469,0.624318318601475,-0.897953154033778,-1.19197426240267,-1.94526717641461,-0.895874673999236,-1.06886317489558,11.4976634541717,8.39263090676884,1.81870319548585,0.433228535057913,-0.298023270333038,-0.37963444299737514,0.03644342094660513,0.007296909104017494,-0.48026330833057146,0.3247826819254972,0.05121966258911485,0.03628161024503112,0.02912051038932751,0.2755045505446138,0.018981982454487227,0.15418587896324246,-0.06593040200269876,-0.13188699615994448,0.1355712169367356,-0.12340646385666666,-0.043780656800672016,-0.0618919965297684,-0.007762847582914093,-0.40481801138695916,0.8442710309455295,0.1839563425436129,-0.10971277423499534,-0.15563838987223563,-0.11000981981705939,0.06750353159444723,-0.1485367620721614,-0.03702037389932191,0.2740978725997558,-0.11351777103954748,-0.06360096475495824,-0.09776936172852171,-0.32732781781944087,0.401935812800356,-0.08237015030570419,-0.02996878845238521,0.41862107992816233,-0.2610596074443712,-0.17394933728040607,-0.006538745254251873,0.08860801367829821,0.1275737079660301,0.5707285540536482,-0.36884833738625167,2.009376487395418,-0.015335863209054513,0.03819556869756391,-1.577777777777778,2.8952773453969542
70,2.72204546583991,1.50953655833458,-1.34698223256269,-3.40595490920454,2.62737524505371,-0.366740394497056,-1.38684131957989,-0.691646582275825,-3.52409105680862,-1.27579527739017,5.31139169787339,0.384451112394842,-1.84504866966861,-0.431742474153856,0.801645967643047,12.7785952647806,-0.56516838126337,-1.48477529393858,-0.578930719131255,-0.769297425708372,1.42954390430231,0.645405188780072,-0.142657379131807,-1.44154951092385,-2.16633636471435,0.455746916046865,1.11694816319707,4.14686118696526,5.86775997916919,2.05469035167574,0.55710717913486,0.383249234852613,0.410057745788858,-1.16546843633068,0.0594649119914046,1.06768121776274,-0.344579595154745,0.95082221142002,-1.13030311878836,-1.25176558762794,-1.43163046149556,-0.96577789164681,0.63958336608321,4.07130193503098,1.81870319548585,6.91233876117497,1.47024425287356,-0.17514130387469953,-0.08172464853074762,0.08734728400702468,0.03885261074849198,0.341382686701466,-0.22614437986954952,-0.1364076499464866,-0.15704427507576862,0.5964667622514997,0.6715650181525641,-0.4569487537628831,0.1291871018043985,0.37786544171129516,-0.06362683330348484,-0.1647686712604751,-0.1421849168458298,-0.03101789061615418,0.10551982524244126,0.022599422598556147,-0.004900890914879934,0.06005290767455665,-0.26023812471612334,0.1925434893163496,-0.20929105066028245,0.07780925542951786,0.36855979750627854,0.22916087810753716,-0.09900762973035981,-0.1029133841297693,0.026467271330901217,-0.07421440784740273,0.23233375415123994,0.048300949201745526,0.318984893113585,0.2142585980436202,-0.04209385058221589,0.10261031850621671,0.16802524841891472,0.03954120164790352,-0.16581900382982734,-0.05850101806212514,0.28527012407962166,-0.1359415109860293,-0.05733952069081312,-0.015459285830778505,1.5925643966288114,-0.23959223200913543,-2.6527777777777777,2.6272302451774125
71,-2.40350787070255,-2.26290748686056,0.0871609220141023,-5.06845217508645,1.67189710591051,-1.18694655978905,-1.89224956370759,-2.59914078206607,-0.470487045482768,0.582206542618952,2.44592311090436,2.73323187706994,0.97084482208729,0.538122733973788,0.360556940645564,11.4196267863239,-0.533583667050713,0.0222556589834601,-0.835722629575419,-0.016660690881056,0.754965239405204,1.9694553163155,5.19207930217857,0.337321661932881,-4.79821123896536,1.07283203735388,2.34368999465314,2.65736438398486,2.16770251779806,1.28843328755405,0.702681579626457,-1.00484606190919,-0.199525766326016,-2.89548462662283,-1.92852151063985,-0.639079435293582,-0.819681389568602,0.273844435062119,0.580533390424209,0.465323103492766,1.68834774686019,3.6209146925402,0.83865929588356,3.07860684525465,0.433228535057913,1.47024425287356,6.54024425287356,0.47087951159493324,0.3998604705150946,-0.31614371255041684,0.1472085971948958,-0.05511712088532833,0.3648985681872647,0.10067199987750941,0.03262374286810949,-0.014770253964845208,0.28826031301841204,-0.240027899840661,-0.20941431333949137,-0.1114104220136465,-0.06037355255667289,0.291484918913541,-0.04483038450467366,0.4481421505023001,-0.5345791123345669,-0.22217244066895508,-0.03706390344616296,0.04301155462724177,-0.3624801002822309,-0.26137622633832724,0.004625202990975462,0.07079881817486058,-0.014938695103058555,-0.3160255593559037,-0.2420800826829886,0.12190803642341609,0.05900625952366509,-0.34054964579752045,0.31725984664227863,-0.14573369164183408,0.37720947381001707,0.11329414113822131,0.1566717421246501,-0.26184525457889557,-0.08152433088867382,0.01705125234496125,0.2762365426598438,0.03820233903786865,-0.34908457450963953,-0.45632657790141234,-0.00438883660612258,0.037639685014686605,-0.23999805542959454,2.1101092211036785,-2.691666666666667,2.5554342591570545
